epoch,time,train/box_loss,train/seg_loss,train/cls_loss,train/l1_loss,train/sem_loss,metrics/precision(B),metrics/recall(B),metrics/mAP50(B),metrics/mAP50-95(B),metrics/precision(M),metrics/recall(M),metrics/mAP50(M),metrics/mAP50-95(M),val/box_loss,val/seg_loss,val/cls_loss,val/l1_loss,val/sem_loss,lr/pg0,lr/pg1,lr/pg2
1,12.4741,2.88825,5.55662,9.94165,0.01998,12.8919,0,0,0,0,0.0002,0.02857,7e-05,6e-05,2.32062,5.48961,8.70972,0.01166,0,0.000269333,0.000269333,0.000269333
2,13.8913,3.15309,5.76597,9.94559,0.01771,12.9524,0.00034,0.02857,8e-05,2e-05,0.00034,0.02857,8e-05,6e-05,2.3945,5.34206,8.70559,0.01227,0,0.000571861,0.000571861,0.000571861
3,15.0805,3.02086,5.45854,9.94274,0.02053,12.8404,0,0,0,0,0,0,0,0,2.49552,5.29751,8.71561,0.01344,0,0.000873889,0.000873889,0.000873889
4,16.2325,1.93802,5.45723,7.73335,0.01131,12.4711,0.0085,0.09354,0.00617,0.00307,9e-05,0.01361,1e-05,1e-05,2.00846,6.7328,7.40694,0.01139,0,0.00090675,0.00090675,0.00090675
5,17.6987,1.76056,5.40498,7.631,0.00823,12.3515,0.01308,0.17442,0.00597,0.00251,0.00269,0.05493,0.00029,0.00012,1.91175,5.88988,7.28537,0.00989,0,0.000906,0.000906,0.000906
6,18.9214,2.75516,5.41233,9.88527,0.01656,12.1617,0.01697,0.09895,0.01315,0.00178,0.01305,0.04749,0.0146,0.0045,2.6448,6.10242,8.38112,0.01306,0,0.00090525,0.00090525,0.00090525
7,20.2187,2.77202,5.12709,9.1175,0.01619,11.7719,0.00514,0.07627,0.00467,0.00189,0.00377,0.04572,0.00435,0.00193,1.79398,5.10783,7.60567,0.00899,0,0.0009045,0.0009045,0.0009045
8,21.4595,1.6547,4.83942,7.89581,0.00758,11.3558,0.00594,0.10894,0.00481,0.00201,0.00051,0.01276,0.00322,0.00129,1.74,4.80297,7.59679,0.0078,0,0.000903751,0.000903751,0.000903751
9,22.7257,1.56681,5.09997,7.48578,0.00743,10.9645,0.01035,0.20892,0.02171,0.00733,0.00199,0.06144,0.00357,0.00131,1.50215,5.74432,7.22957,0.00686,0,0.000903001,0.000903001,0.000903001
10,24.237,1.43114,5.04896,7.55862,0.00708,10.643,0.01509,0.35217,0.04097,0.01861,0.00365,0.06563,0.00747,0.00486,1.33772,4.92364,7.09407,0.00551,0,0.000902251,0.000902251,0.000902251
11,25.7617,1.35776,4.26054,7.17388,0.00645,10.2565,0.0249,0.33638,0.03749,0.01856,0.00891,0.13694,0.0078,0.0027,1.42688,4.65753,7.16764,0.00599,0,0.000901501,0.000901501,0.000901501
12,27.0156,1.36047,4.27835,6.56333,0.00669,9.85459,0.0249,0.33638,0.03749,0.01856,0.00891,0.13694,0.0078,0.0027,1.42688,4.65753,7.16764,0.00599,0,0.000900751,0.000900751,0.000900751
13,28.3525,1.45574,4.12156,7.05557,0.00664,9.50347,0.01833,0.38826,0.03466,0.01516,0.00656,0.16551,0.01296,0.00376,1.51183,4.56589,7.06444,0.00659,0,0.000900001,0.000900001,0.000900001
14,29.946,1.32875,4.17588,7.17309,0.0063,9.21346,0.02577,0.44546,0.04133,0.01955,0.0086,0.1765,0.01039,0.00634,1.53774,4.27877,6.91886,0.007,0,0.000899251,0.000899251,0.000899251
15,31.4317,1.30356,4.02814,6.36733,0.0063,8.87743,0.02631,0.44104,0.04476,0.02368,0.00794,0.1765,0.00677,0.00423,1.43483,4.68543,6.8267,0.00592,0,0.000898501,0.000898501,0.000898501
16,33.2223,1.20073,4.07015,6.17952,0.00518,8.59473,0.02513,0.54129,0.05926,0.02834,0.00849,0.18748,0.00882,0.00497,1.40913,4.44363,6.57468,0.00599,0,0.000897751,0.000897751,0.000897751
17,34.7914,1.24469,3.99713,6.65476,0.00631,8.30343,0.02734,0.63719,0.08563,0.03961,0.00702,0.20956,0.00897,0.0057,1.38522,3.97939,6.37573,0.00618,0,0.000897001,0.000897001,0.000897001
18,36.3079,1.22015,4.05265,6.43814,0.00622,8.05888,0.02365,0.64817,0.10125,0.05063,0.0042,0.19435,0.02101,0.0169,1.32279,4.36404,6.24403,0.00645,0,0.000896251,0.000896251,0.000896251
19,37.9744,1.29993,4.09584,6.59772,0.00623,7.81111,0.02327,0.64981,0.09906,0.05508,0.00705,0.21718,0.03043,0.02531,1.33106,4.00501,6.11413,0.00547,0,0.000895501,0.000895501,0.000895501
20,39.563,1.22333,4.03259,6.16419,0.00488,7.57969,0.35815,0.17964,0.09047,0.04915,0.00785,0.22994,0.02547,0.01952,1.31539,3.86361,5.91422,0.00546,0,0.000894751,0.000894751,0.000894751
21,41.0351,1.264,3.95941,6.15513,0.00625,7.37774,0.02905,0.72516,0.095,0.05186,0.0105,0.26467,0.03331,0.02636,1.30774,3.74171,5.81674,0.00564,0,0.000894001,0.000894001,0.000894001
22,42.442,1.30236,3.82275,6.27355,0.0056,7.14231,0.02905,0.72516,0.095,0.05186,0.0105,0.26467,0.03331,0.02636,1.30774,3.74171,5.81674,0.00564,0,0.000893252,0.000893252,0.000893252
23,44.2994,1.12417,3.7509,6.02831,0.00438,6.9156,0.0266,0.7058,0.08857,0.05247,0.00996,0.24773,0.03076,0.02672,1.22248,3.70066,5.73419,0.00515,0,0.000892502,0.000892502,0.000892502
24,45.8903,1.12269,3.52854,6.98724,0.00479,6.70778,0.05916,0.53129,0.10441,0.05555,0.00929,0.24077,0.02944,0.02657,1.18583,3.70771,5.70195,0.00515,0,0.000891752,0.000891752,0.000891752
25,47.3924,1.15047,3.7526,5.57035,0.00455,6.51123,0.39176,0.2088,0.0987,0.05916,0.01049,0.26697,0.02382,0.01943,1.16851,3.60855,5.61803,0.0051,0,0.000891002,0.000891002,0.000891002
26,48.9148,1.12258,3.68636,5.57585,0.00473,6.35637,0.38789,0.20613,0.1134,0.06148,0.00963,0.27541,0.0222,0.01697,1.15338,3.53872,5.52801,0.00455,0,0.000890252,0.000890252,0.000890252
27,50.6602,1.13767,3.61827,5.83972,0.00504,6.14572,0.25617,0.28588,0.12835,0.07332,0.01187,0.34459,0.02685,0.01809,1.14258,3.5835,5.41415,0.00411,0,0.000889502,0.000889502,0.000889502
28,52.2225,1.0281,3.57041,5.59458,0.00454,5.98287,0.06091,0.62413,0.12828,0.07492,0.01917,0.2333,0.02501,0.01893,1.09911,3.52186,5.27811,0.00433,0,0.000888752,0.000888752,0.000888752
29,53.9549,1.11044,3.56315,5.65879,0.00463,5.77943,0.10805,0.46827,0.149,0.08514,0.03835,0.1598,0.02102,0.01622,1.3087,3.45477,5.25944,0.00537,0,0.000888002,0.000888002,0.000888002
30,55.4965,1.16529,3.47023,5.25462,0.00506,5.62561,0.23665,0.30835,0.13952,0.07824,0.03234,0.14261,0.0213,0.01486,1.1888,3.55627,5.13954,0.00483,0,0.000887252,0.000887252,0.000887252
31,57.0865,1.15905,3.78246,5.26817,0.00498,5.46627,0.23933,0.18567,0.14359,0.08333,0.02855,0.18925,0.02057,0.01559,1.14972,3.50747,5.05501,0.0043,0,0.000886502,0.000886502,0.000886502
32,58.6564,1.08554,3.49289,5.24531,0.00438,5.31254,0.23933,0.18567,0.14359,0.08333,0.02855,0.18925,0.02057,0.01559,1.14972,3.50747,5.05501,0.0043,0,0.000885752,0.000885752,0.000885752
33,60.1929,1.05174,3.44831,4.85702,0.0038,5.16677,0.13242,0.2316,0.14025,0.0818,0.01586,0.35423,0.02217,0.01652,1.14209,3.48741,4.96268,0.00415,0,0.000885002,0.000885002,0.000885002
34,61.589,1.03957,3.3983,5.46121,0.00401,5.05331,0.1188,0.28948,0.14526,0.09042,0.0279,0.28668,0.02479,0.01839,1.11765,3.42688,4.87001,0.0041,0,0.000884252,0.000884252,0.000884252
35,63.2059,0.94786,3.41947,5.09912,0.00384,4.91358,0.10353,0.20335,0.14696,0.09056,0.03165,0.20971,0.02321,0.01734,1.07416,3.43424,4.83854,0.00372,0,0.000883503,0.000883503,0.000883503
36,64.8155,0.98259,3.3352,4.85053,0.00405,4.79304,0.11329,0.2744,0.14967,0.0962,0.03811,0.08502,0.02214,0.0166,1.12151,3.35877,4.78501,0.00393,0,0.000882753,0.000882753,0.000882753
37,66.3988,1.01677,3.22424,4.84255,0.00441,4.67517,0.10643,0.2996,0.14438,0.09632,0.02683,0.06823,0.02256,0.01582,1.05649,3.29583,4.69224,0.00404,0,0.000882003,0.000882003,0.000882003
38,67.8088,1.00647,3.12946,4.89763,0.00444,4.57976,0.11173,0.26097,0.17554,0.10835,0.02779,0.15819,0.02456,0.01758,0.99146,3.22181,4.64135,0.00364,0,0.000881253,0.000881253,0.000881253
39,69.3633,1.04979,3.24721,4.71244,0.00432,4.45311,0.11773,0.20783,0.18451,0.10306,0.02325,0.05236,0.02655,0.01922,1.13282,3.26721,4.61825,0.00467,0,0.000880503,0.000880503,0.000880503
40,71.163,1.17481,3.15035,4.74818,0.00586,4.34071,0.1253,0.19943,0.17737,0.10725,0.25884,0.02198,0.03298,0.02669,1.11035,3.177,4.53709,0.00492,0,0.000879753,0.000879753,0.000879753
41,72.8297,1.16749,3.03712,4.65775,0.00536,4.24879,0.14908,0.23913,0.18156,0.09767,0.10651,0.02198,0.03519,0.0273,1.23365,3.04827,4.60817,0.00571,0,0.000879003,0.000879003,0.000879003
42,74.3542,1.33447,3.13733,5.00482,0.00564,4.1227,0.14908,0.23913,0.18156,0.09767,0.10651,0.02198,0.03519,0.0273,1.23365,3.04827,4.60817,0.00571,0,0.000878253,0.000878253,0.000878253
43,75.8771,1.24365,3.17219,4.68343,0.00481,4.03529,0.1872,0.24188,0.21333,0.1199,0.03995,0.04396,0.05115,0.03633,1.22756,3.05264,4.55346,0.00507,0,0.000877503,0.000877503,0.000877503
44,77.6026,1.17034,2.87386,4.66656,0.00581,3.96014,0.1393,0.2948,0.21024,0.129,0.0309,0.35054,0.04008,0.0283,1.1337,2.94864,4.46246,0.00398,0,0.000876753,0.000876753,0.000876753
45,79.1782,1.18649,2.96984,4.53633,0.00594,3.88432,0.11242,0.25405,0.19795,0.12108,0.02153,0.43548,0.03886,0.02725,1.16829,3.05843,4.3793,0.00443,0,0.000876003,0.000876003,0.000876003
46,80.6103,1.21349,3.40331,4.72185,0.00569,3.81249,0.12177,0.2619,0.19021,0.11473,0.01509,0.44388,0.03551,0.0276,1.26005,2.97201,4.36343,0.00547,0,0.000875253,0.000875253,0.000875253
47,82.0794,1.25923,3.49663,4.4947,0.00551,3.75686,0.1684,0.26938,0.2193,0.12876,0.01338,0.47358,0.03471,0.02619,1.30309,3.00644,4.34691,0.00596,0,0.000874503,0.000874503,0.000874503
48,83.7549,1.21284,3.08308,4.566,0.00527,3.68039,0.15966,0.25816,0.2097,0.12666,0.03826,0.31628,0.02883,0.02037,1.23886,3.11358,4.33727,0.00481,0,0.000873754,0.000873754,0.000873754
49,85.2411,1.04818,3.22646,4.4382,0.00422,3.61113,0.14988,0.29542,0.2171,0.13483,0.02838,0.32308,0.02899,0.02201,1.21958,3.1315,4.2338,0.00446,0,0.000873004,0.000873004,0.000873004
50,86.7835,1.06246,3.19548,4.27136,0.00421,3.58824,0.15306,0.42171,0.19474,0.11861,0.04591,0.17727,0.04169,0.03215,1.22107,2.94183,4.19735,0.00447,0,0.000872254,0.000872254,0.000872254
51,88.3206,1.06026,2.94279,4.27202,0.00436,3.51624,0.18134,0.27206,0.23751,0.12603,0.06073,0.17821,0.04911,0.03535,1.17969,2.90123,4.16102,0.00422,0,0.000871504,0.000871504,0.000871504
52,90.2363,1.13565,3.06702,4.21757,0.004,3.46718,0.18134,0.27206,0.23751,0.12603,0.06073,0.17821,0.04911,0.03535,1.17969,2.90123,4.16102,0.00422,0,0.000870754,0.000870754,0.000870754
53,91.7824,1.05318,2.86253,4.14362,0.00432,3.40505,0.23614,0.38176,0.23725,0.15046,0.0883,0.14011,0.06162,0.04879,1.20683,2.90732,4.03166,0.00444,0,0.000870004,0.000870004,0.000870004
54,93.2311,1.02585,2.73036,4.28597,0.00401,3.37188,0.23667,0.34538,0.20329,0.13934,0.13316,0.13904,0.07404,0.05589,1.05008,2.81619,4.08916,0.00365,0,0.000869254,0.000869254,0.000869254
55,94.6226,1.03639,2.73357,4.39154,0.0039,3.33685,0.21982,0.3709,0.18677,0.12702,0.1476,0.19258,0.08228,0.05143,1.03724,2.84059,4.09472,0.0037,0,0.000868504,0.000868504,0.000868504
56,96.1021,1.04779,2.7749,4.21779,0.00359,3.30848,0.18615,0.32732,0.18599,0.12428,0.08117,0.18877,0.05392,0.03831,0.96902,2.78208,4.04013,0.00346,0,0.000867754,0.000867754,0.000867754
57,97.8935,1.00844,2.75274,4.23267,0.00389,3.27091,0.16581,0.29562,0.21043,0.12801,0.07677,0.20215,0.05893,0.03028,0.99335,2.77686,3.95682,0.00356,0,0.000867004,0.000867004,0.000867004
58,99.4899,1.00653,2.66119,3.92158,0.00446,3.24981,0.16684,0.28821,0.23203,0.1414,0.05754,0.24776,0.03978,0.02404,1.02373,2.66388,3.98166,0.00377,0,0.000866254,0.000866254,0.000866254
59,100.919,1.03891,2.81642,3.91156,0.004,3.23464,0.1629,0.32657,0.23894,0.14563,0.07494,0.289,0.05155,0.02379,1.03674,2.66084,3.92348,0.0037,0,0.000865504,0.000865504,0.000865504
60,102.515,1.09116,2.63511,3.82493,0.00403,3.20182,0.15163,0.31489,0.2367,0.14068,0.06222,0.23612,0.04275,0.02507,1.00988,2.61234,3.89351,0.00364,0,0.000864754,0.000864754,0.000864754
61,104.114,1.03796,2.64296,3.92286,0.00386,3.1833,0.1586,0.45894,0.23971,0.1511,0.05641,0.22643,0.0437,0.02622,1.10788,2.63736,3.81681,0.00386,0,0.000864004,0.000864004,0.000864004
62,105.593,1.00655,2.68692,3.7291,0.00422,3.17115,0.1586,0.45894,0.23971,0.1511,0.05641,0.22643,0.0437,0.02622,1.10788,2.63736,3.81681,0.00386,0,0.000863255,0.000863255,0.000863255
63,107.012,1.0458,2.53518,3.78168,0.00385,3.15053,0.15152,0.30302,0.25805,0.17076,0.06709,0.17583,0.05978,0.03447,1.00958,2.62018,3.80382,0.00366,0,0.000862505,0.000862505,0.000862505
64,108.5,1.07807,2.62722,3.73599,0.00397,3.14494,0.1969,0.3812,0.26646,0.17069,0.10075,0.25238,0.0703,0.03945,1.2339,2.55825,3.71195,0.00404,0,0.000861755,0.000861755,0.000861755
65,110.248,1.07103,2.66497,3.59726,0.00365,3.11425,0.20555,0.35844,0.28035,0.18131,0.1001,0.21778,0.07293,0.0425,1.09923,2.59162,3.70372,0.00374,0,0.000861005,0.000861005,0.000861005
66,111.939,0.97456,2.56667,3.6198,0.00356,3.11386,0.21106,0.47954,0.27916,0.18108,0.10237,0.24444,0.06769,0.04418,1.11689,2.62498,3.64055,0.00392,0,0.000860255,0.000860255,0.000860255
67,113.415,0.97817,2.58471,3.64576,0.00389,3.07807,0.22752,0.50914,0.24819,0.16777,0.12579,0.31012,0.0847,0.04578,1.09152,2.70139,3.59109,0.00403,0,0.000859505,0.000859505,0.000859505
68,114.806,1.00509,2.50558,3.42634,0.00374,3.07154,0.26053,0.4525,0.29276,0.19918,0.14677,0.2445,0.0888,0.05581,1.1159,2.53018,3.49906,0.00387,0,0.000858755,0.000858755,0.000858755
69,116.446,0.98589,2.4892,3.6728,0.00348,3.06789,0.25496,0.40288,0.29977,0.20635,0.1477,0.24283,0.12234,0.07027,0.9846,2.56974,3.56429,0.00339,0,0.000858005,0.000858005,0.000858005
70,117.98,1.01881,2.44528,3.50933,0.00367,3.01079,0.38495,0.31558,0.31044,0.20279,0.29884,0.21002,0.15135,0.08743,1.18851,2.51205,3.58015,0.00391,0,0.000857255,0.000857255,0.000857255
71,119.507,1.01869,2.45866,3.61231,0.00387,3.02317,0.39416,0.27023,0.30022,0.2053,0.36275,0.1667,0.1752,0.10431,1.14781,2.48416,3.57513,0.00374,0,0.000856505,0.000856505,0.000856505
72,120.986,0.9572,2.53287,3.41227,0.00346,3.01987,0.39416,0.27023,0.30022,0.2053,0.36275,0.1667,0.1752,0.10431,1.14781,2.48416,3.57513,0.00374,0,0.000855755,0.000855755,0.000855755
73,122.868,1.01196,2.44656,3.51925,0.0034,2.97969,0.41667,0.27367,0.29879,0.20819,0.41386,0.17265,0.18229,0.1055,1.11446,2.48173,3.54378,0.00371,0,0.000855005,0.000855005,0.000855005
74,124.39,1.02669,2.56851,3.29352,0.00393,2.99694,0.41017,0.33425,0.32039,0.21523,0.36341,0.1745,0.16472,0.1053,1.11471,2.65773,3.47408,0.00368,0,0.000854255,0.000854255,0.000854255
75,125.952,0.99765,3.00306,3.31833,0.00442,2.97071,0.30916,0.40522,0.32126,0.21512,0.20949,0.29013,0.16101,0.10292,1.12743,2.94095,3.46181,0.00376,0,0.000853506,0.000853506,0.000853506
76,127.45,1.03738,2.87215,3.33165,0.00393,2.95373,0.2034,0.43264,0.32714,0.21681,0.11192,0.32019,0.14689,0.0998,1.08683,2.71528,3.39532,0.00381,0,0.000852756,0.000852756,0.000852756
77,128.991,1.00124,3.038,3.19223,0.00344,2.9047,0.3395,0.43726,0.33304,0.21257,0.09373,0.3085,0.13231,0.09096,1.17217,2.60226,3.28878,0.00418,0,0.000852006,0.000852006,0.000852006
78,130.622,1.02733,2.84509,3.15244,0.00409,2.89287,0.3284,0.37527,0.3353,0.20633,0.25424,0.21345,0.13988,0.0926,1.08032,2.56191,3.34828,0.00389,0,0.000851256,0.000851256,0.000851256
79,132.205,1.02458,2.83623,3.25475,0.00377,2.89168,0.34135,0.41441,0.3027,0.18646,0.23955,0.20693,0.12992,0.07519,1.00333,2.34783,3.45376,0.00366,0,0.000850506,0.000850506,0.000850506
80,133.573,1.03113,2.38165,3.10379,0.00414,2.84003,0.22876,0.43358,0.29889,0.18201,0.2892,0.27555,0.13537,0.08173,1.18551,2.31911,3.38529,0.00441,0,0.000849756,0.000849756,0.000849756
81,135.014,1.1247,2.48298,3.09783,0.00469,2.8122,0.25592,0.40522,0.2925,0.17511,0.13977,0.26825,0.13142,0.07302,1.21512,2.43601,3.40749,0.00449,0,0.000849006,0.000849006,0.000849006
82,136.762,1.10982,2.36713,3.08146,0.00448,2.77124,0.25592,0.40522,0.2925,0.17511,0.13977,0.26825,0.13142,0.07302,1.21512,2.43601,3.40749,0.00449,0,0.000848256,0.000848256,0.000848256
83,138.188,1.05155,2.71491,3.04213,0.00361,2.71804,0.39449,0.39854,0.31314,0.1901,0.16739,0.24298,0.13324,0.06431,1.13894,2.64748,3.32819,0.00402,0,0.000847506,0.000847506,0.000847506
84,139.605,1.02308,2.52828,2.99721,0.00399,2.70487,0.2762,0.37725,0.27652,0.17015,0.19022,0.23182,0.13996,0.06524,1.08706,2.60455,3.29904,0.00404,0,0.000846756,0.000846756,0.000846756
85,141.17,1.08449,2.60558,3.04896,0.00395,2.65422,0.25962,0.41692,0.30247,0.19006,0.19198,0.26562,0.13763,0.07832,1.10606,2.4412,3.17167,0.00404,0,0.000846006,0.000846006,0.000846006
86,142.804,1.087,2.8348,2.89994,0.00445,2.64547,0.30698,0.4879,0.36931,0.22309,0.18675,0.29014,0.17095,0.09201,1.18318,2.64733,3.10109,0.00425,0,0.000845256,0.000845256,0.000845256
87,144.379,1.12473,2.68321,3.03493,0.0041,2.61006,0.26379,0.42391,0.30937,0.19481,0.14712,0.26843,0.11642,0.06793,1.08874,2.55829,3.16522,0.00406,0,0.000844506,0.000844506,0.000844506
88,145.826,1.05761,2.71426,2.8664,0.00409,2.60276,0.25342,0.39109,0.29219,0.18893,0.16011,0.29466,0.13678,0.0665,1.08463,2.67365,3.22847,0.0042,0,0.000843757,0.000843757,0.000843757
89,147.19,1.06,2.73129,2.92295,0.00396,2.52375,0.29581,0.41453,0.36203,0.23471,0.17197,0.3217,0.16021,0.08287,1.0542,2.6334,3.06378,0.00407,0,0.000843007,0.000843007,0.000843007
90,148.814,1.01365,2.63512,2.83169,0.00348,2.5325,0.31405,0.48883,0.36328,0.22655,0.23669,0.3637,0.19976,0.10051,1.1827,2.37339,3.0395,0.00452,0,0.000842257,0.000842257,0.000842257
91,150.683,1.18579,2.3803,2.92723,0.00443,2.53106,0.34916,0.49127,0.3907,0.24124,0.21463,0.295,0.18293,0.09489,1.15617,2.40391,3.0453,0.00426,0,0.000841507,0.000841507,0.000841507
92,152.301,1.10303,2.35611,2.87702,0.0042,2.44423,0.34916,0.49127,0.3907,0.24124,0.21463,0.295,0.18293,0.09489,1.15617,2.40391,3.0453,0.00426,0,0.000840757,0.000840757,0.000840757
93,153.844,1.03634,2.77231,2.76136,0.00334,2.40722,0.29136,0.45599,0.35787,0.23669,0.11311,0.29306,0.11927,0.06665,1.05776,2.72034,3.14087,0.00361,0,0.000840007,0.000840007,0.000840007
94,155.36,0.95548,2.26364,2.75227,0.00367,2.39737,0.35562,0.48291,0.3809,0.25803,0.18483,0.3072,0.18066,0.10678,1.01593,2.49727,3.06741,0.00364,0,0.000839257,0.000839257,0.000839257
95,157.639,1.03995,2.16823,2.87314,0.00375,2.34127,0.39141,0.54602,0.43095,0.28931,0.29615,0.38347,0.25264,0.14077,1.03817,2.43273,3.00235,0.00386,0,0.000838507,0.000838507,0.000838507
96,159.099,0.9549,2.094,2.82611,0.00384,2.30096,0.36746,0.51308,0.40729,0.27489,0.2118,0.35969,0.21463,0.1406,1.06587,2.43777,2.95468,0.00369,0,0.000837757,0.000837757,0.000837757
97,160.674,0.99279,2.15949,2.57198,0.00345,2.19343,0.3761,0.55647,0.43019,0.29515,0.25799,0.37648,0.23777,0.16899,1.03698,2.25731,2.91011,0.00373,0,0.000837007,0.000837007,0.000837007
98,162.348,0.9895,2.03882,2.80544,0.00415,2.1922,0.42764,0.50929,0.46946,0.31351,0.31423,0.35906,0.28485,0.17038,1.02704,2.41511,2.87909,0.0038,0,0.000836257,0.000836257,0.000836257
99,163.998,1.00087,2.26194,2.73844,0.0038,2.11444,0.39243,0.43498,0.438,0.29345,0.23874,0.27784,0.23003,0.1485,1.09175,2.53724,2.88753,0.00382,0,0.000835507,0.000835507,0.000835507
100,165.587,0.98154,2.37335,2.57331,0.00357,2.10152,0.35664,0.41479,0.40607,0.27084,0.21148,0.253,0.21775,0.1347,1.10306,2.58994,2.92296,0.00375,0,0.000834757,0.000834757,0.000834757
101,166.982,1.02867,2.31068,2.54877,0.00368,2.0788,0.3771,0.39576,0.39498,0.25793,0.20514,0.3052,0.24032,0.13474,1.05989,2.3642,2.91377,0.00389,0,0.000834007,0.000834007,0.000834007
102,168.435,1.11052,2.477,2.58225,0.00399,2.05073,0.3771,0.39576,0.39498,0.25793,0.20514,0.3052,0.24032,0.13474,1.05989,2.3642,2.91377,0.00389,0,0.000833258,0.000833258,0.000833258
103,169.884,1.00762,2.33681,2.55857,0.00365,1.97022,0.37306,0.4502,0.41847,0.27612,0.26643,0.31949,0.26345,0.14592,1.0196,2.44916,2.78733,0.00383,0,0.000832508,0.000832508,0.000832508
104,171.632,0.97964,2.23131,2.49774,0.00387,1.99643,0.40328,0.52206,0.44175,0.29124,0.26221,0.39217,0.25089,0.1499,1.01589,2.40879,2.75603,0.00376,0,0.000831758,0.000831758,0.000831758
105,173.098,1.04037,2.0918,2.57433,0.00408,1.92555,0.40842,0.55635,0.45741,0.30063,0.29366,0.41994,0.2498,0.14877,1.06953,2.33403,2.70146,0.00405,0,0.000831008,0.000831008,0.000831008
106,174.601,1.04099,2.11846,2.38918,0.00401,1.8918,0.45386,0.51983,0.49852,0.30543,0.28739,0.36631,0.26077,0.15184,1.19939,2.24513,2.63806,0.00433,0,0.000830258,0.000830258,0.000830258
107,176.122,0.99861,2.17627,2.32482,0.00375,1.87113,0.45839,0.5522,0.51469,0.32317,0.28297,0.34179,0.2651,0.14769,1.13218,2.34424,2.60044,0.00392,0,0.000829508,0.000829508,0.000829508
108,177.682,0.98952,2.1184,2.33671,0.00357,1.82435,0.34098,0.55551,0.46663,0.29132,0.23761,0.40506,0.26717,0.14135,1.01012,2.35974,2.71301,0.00349,0,0.000828758,0.000828758,0.000828758
109,179.044,0.9502,2.09371,2.30508,0.00374,1.81066,0.57701,0.44403,0.50143,0.31975,0.35619,0.34748,0.29076,0.16518,1.09951,2.36391,2.57981,0.00381,0,0.000828008,0.000828008,0.000828008
110,180.722,0.98552,2.0442,2.43605,0.00361,1.77719,0.50794,0.50794,0.51606,0.33678,0.35915,0.37458,0.30045,0.1757,1.13792,2.37258,2.49222,0.00387,0,0.000827258,0.000827258,0.000827258
111,182.489,0.97668,2.02513,2.39841,0.00388,1.76232,0.54388,0.47453,0.52028,0.34235,0.36021,0.34528,0.31023,0.19084,1.04933,2.18163,2.53198,0.0037,0,0.000826508,0.000826508,0.000826508
112,184.361,0.96674,1.99778,2.27022,0.00351,1.73131,0.54388,0.47453,0.52028,0.34235,0.36021,0.34528,0.31023,0.19084,1.04933,2.18163,2.53198,0.0037,0,0.000825758,0.000825758,0.000825758
113,185.909,1.00313,2.07583,2.27906,0.00392,1.74462,0.47092,0.496,0.47245,0.3113,0.3165,0.37267,0.27196,0.16124,0.9928,2.38364,2.596,0.00371,0,0.000825008,0.000825008,0.000825008
114,187.372,1.05117,2.043,2.13728,0.00372,1.67709,0.50556,0.50002,0.48319,0.31574,0.33604,0.37699,0.30722,0.17171,1.0441,2.23592,2.60508,0.00378,0,0.000824258,0.000824258,0.000824258
115,188.792,1.02869,2.08409,2.25753,0.00386,1.63902,0.42714,0.50265,0.42961,0.27873,0.23929,0.37559,0.24992,0.14577,0.9997,2.17463,2.69414,0.00368,0,0.000823509,0.000823509,0.000823509
116,190.398,0.94919,1.96504,2.24271,0.00389,1.64725,0.36887,0.5089,0.44167,0.29426,0.29063,0.37824,0.29323,0.16629,0.95325,2.14339,2.64637,0.00367,0,0.000822759,0.000822759,0.000822759
117,191.987,0.93442,2.0368,2.27887,0.00352,1.60546,0.37896,0.51548,0.47696,0.33555,0.31834,0.39266,0.31598,0.18573,0.9629,2.24467,2.50021,0.00378,0,0.000822009,0.000822009,0.000822009
118,193.44,0.97695,1.95712,2.11685,0.00364,1.60936,0.43321,0.54758,0.48309,0.34866,0.36141,0.32373,0.29817,0.19069,0.95158,2.25742,2.43973,0.00367,0,0.000821259,0.000821259,0.000821259
119,195.021,0.93715,2.16967,2.16969,0.0034,1.5966,0.47301,0.4537,0.47386,0.33152,0.27902,0.32585,0.32065,0.19889,0.94857,2.1623,2.48236,0.00361,0,0.000820509,0.000820509,0.000820509
120,196.608,0.92162,1.94661,2.14571,0.00346,1.59705,0.45848,0.43722,0.45475,0.31407,0.32778,0.3204,0.32535,0.20765,1.00634,2.15458,2.59031,0.00373,0,0.000819759,0.000819759,0.000819759
121,198.075,1.00179,2.09511,2.15407,0.0035,1.55967,0.42465,0.47688,0.49178,0.34739,0.32297,0.36455,0.35125,0.21443,0.9867,2.03466,2.52933,0.00398,0,0.000819009,0.000819009,0.000819009
122,199.588,0.91362,1.82465,2.16062,0.00364,1.56452,0.42465,0.47688,0.49178,0.34739,0.32297,0.36455,0.35125,0.21443,0.9867,2.03466,2.52933,0.00398,0,0.000818259,0.000818259,0.000818259
123,201.338,0.91918,2.06886,2.06236,0.00336,1.51886,0.55397,0.47361,0.51021,0.35926,0.37591,0.35634,0.31527,0.19669,0.93442,2.03904,2.38091,0.00365,0,0.000817509,0.000817509,0.000817509
124,202.886,0.93128,1.9427,2.23654,0.00344,1.62553,0.5997,0.43655,0.53956,0.38076,0.46679,0.37066,0.36172,0.19106,0.92506,2.04307,2.3899,0.00335,0,0.000816759,0.000816759,0.000816759
125,204.601,0.88838,1.93227,2.13588,0.00349,1.55288,0.59453,0.51112,0.52572,0.36977,0.49503,0.41174,0.3868,0.20961,0.95619,1.99945,2.34852,0.00367,0,0.000816009,0.000816009,0.000816009
126,206.199,0.92003,1.93308,2.15694,0.00344,1.50752,0.50492,0.47393,0.47804,0.33496,0.46895,0.41282,0.3562,0.19276,0.95916,2.03183,2.37697,0.00348,0,0.000815259,0.000815259,0.000815259
127,207.884,0.90496,1.92799,2.13002,0.00327,1.535,0.37484,0.41057,0.43133,0.28884,0.3192,0.30175,0.27767,0.16637,0.96372,1.95435,2.51691,0.00343,0,0.000814509,0.000814509,0.000814509
128,209.367,0.91772,1.96488,2.00229,0.00343,1.52488,0.29094,0.50478,0.40081,0.2612,0.22649,0.37487,0.26312,0.14795,1.02903,2.01549,2.54355,0.00393,0,0.00081376,0.00081376,0.00081376
129,210.805,0.91442,1.93482,2.15015,0.00318,1.46586,0.33698,0.54203,0.4467,0.29114,0.28035,0.46007,0.34208,0.18674,1.07308,2.04056,2.39124,0.00431,0,0.00081301,0.00081301,0.00081301
130,212.289,0.9265,1.77167,2.04775,0.00393,1.39465,0.4349,0.52711,0.50187,0.33089,0.34449,0.49357,0.35729,0.20327,1.07711,1.99468,2.2759,0.00426,0,0.00081226,0.00081226,0.00081226
131,214.041,0.95388,1.79287,1.92598,0.0039,1.35292,0.38517,0.47296,0.46391,0.32108,0.2565,0.48909,0.31384,0.19305,0.96,1.93071,2.3475,0.00362,0,0.00081151,0.00081151,0.00081151
132,215.556,0.94861,1.87138,2.01943,0.00364,1.40033,0.38517,0.47296,0.46391,0.32108,0.2565,0.48909,0.31384,0.19305,0.96,1.93071,2.3475,0.00362,0,0.00081076,0.00081076,0.00081076
133,216.992,0.91872,1.76854,1.94725,0.00336,1.37361,0.38163,0.57064,0.47481,0.33907,0.26819,0.49406,0.33288,0.20718,0.9553,2.00221,2.33838,0.00343,0,0.00081001,0.00081001,0.00081001
134,218.535,0.87477,1.71882,2.02744,0.00327,1.3401,0.40706,0.54102,0.46493,0.33622,0.35249,0.46543,0.35466,0.21881,0.97727,1.96049,2.41735,0.00369,0,0.00080926,0.00080926,0.00080926
135,220.002,0.88865,1.8858,1.95188,0.00343,1.28991,0.3902,0.511,0.46486,0.33671,0.3384,0.46747,0.32747,0.21203,1.02027,2.05358,2.42441,0.00401,0,0.00080851,0.00080851,0.00080851
136,221.656,0.90319,1.86763,1.9014,0.00338,1.27253,0.39661,0.57079,0.48436,0.34965,0.3613,0.48514,0.3831,0.22913,1.0204,2.06998,2.32225,0.00404,0,0.00080776,0.00080776,0.00080776
137,223.148,0.86985,1.76129,2.008,0.00317,1.2648,0.41217,0.58626,0.51851,0.37804,0.34516,0.49206,0.40763,0.24065,1.02125,1.93452,2.23926,0.0041,0,0.00080701,0.00080701,0.00080701
138,224.829,0.90216,1.6582,1.9025,0.0034,1.23956,0.34168,0.57448,0.47404,0.34467,0.28549,0.39701,0.34974,0.22056,1.04824,1.85725,2.19512,0.00404,0,0.00080626,0.00080626,0.00080626
139,226.457,0.90894,1.79517,1.88039,0.00332,1.23835,0.39973,0.5879,0.52649,0.38734,0.38903,0.37379,0.37828,0.22737,0.95847,1.90821,2.13185,0.00347,0,0.00080551,0.00080551,0.00080551
140,228.239,0.91094,1.88373,1.82871,0.00345,1.21365,0.42077,0.59921,0.57469,0.41991,0.28961,0.58229,0.45204,0.24436,0.95232,1.99058,2.11967,0.00347,0,0.00080476,0.00080476,0.00080476
141,229.811,0.95954,1.68375,2.0154,0.00366,1.14927,0.429,0.65499,0.58675,0.42238,0.35854,0.54466,0.46417,0.24346,0.9634,1.92779,2.15288,0.00368,0,0.00080401,0.00080401,0.00080401
142,231.295,0.9002,1.66272,1.82852,0.00333,1.15706,0.429,0.65499,0.58675,0.42238,0.35854,0.54466,0.46417,0.24346,0.9634,1.92779,2.15288,0.00368,0,0.000803261,0.000803261,0.000803261
143,232.774,0.97097,1.93928,1.74258,0.00381,1.19385,0.47303,0.61044,0.58372,0.41461,0.39184,0.46785,0.42781,0.23096,1.0261,2.00364,2.09408,0.00371,0,0.000802511,0.000802511,0.000802511
144,234.64,0.83878,1.65395,1.80656,0.00327,1.16432,0.46117,0.61131,0.53455,0.39189,0.38148,0.49376,0.39795,0.21816,0.97679,2.01755,2.08455,0.00372,0,0.000801761,0.000801761,0.000801761
145,236.158,0.90264,1.76875,1.74678,0.00343,1.16399,0.43114,0.60738,0.53001,0.38779,0.36503,0.53264,0.43507,0.25013,0.94928,1.97829,2.15724,0.00362,0,0.000801011,0.000801011,0.000801011
146,237.643,0.86603,1.65628,1.78048,0.00352,1.18134,0.52482,0.56354,0.56669,0.40248,0.4609,0.50608,0.48093,0.26284,0.98489,1.98681,2.05325,0.00388,0,0.000800261,0.000800261,0.000800261
147,239.141,0.90369,1.73256,1.72503,0.00352,1.15801,0.50086,0.57419,0.5814,0.40623,0.46107,0.53052,0.46719,0.24729,1.01352,2.10956,2.06284,0.00382,0,0.000799511,0.000799511,0.000799511
148,240.558,0.9045,1.777,1.67452,0.00329,1.1682,0.47513,0.64761,0.5784,0.41702,0.40952,0.55581,0.45469,0.24327,0.97537,2.11555,2.03603,0.00337,0,0.000798761,0.000798761,0.000798761
149,242.208,0.87193,1.81563,1.81837,0.00309,1.17011,0.43451,0.58065,0.54076,0.39528,0.39966,0.54273,0.42744,0.24367,0.98191,1.98874,2.03565,0.0035,0,0.000798011,0.000798011,0.000798011
150,243.658,0.89843,1.68633,1.69621,0.00354,1.13611,0.42631,0.56546,0.547,0.4007,0.37623,0.50332,0.41544,0.24615,1.03148,2.08002,2.03105,0.00383,0,0.000797261,0.000797261,0.000797261
151,245.069,0.91102,1.74767,1.68985,0.00341,1.13648,0.5483,0.43207,0.55064,0.40323,0.48547,0.39577,0.41027,0.24058,1.06117,1.9616,2.057,0.00394,0,0.000796511,0.000796511,0.000796511
152,246.467,0.89297,1.80856,1.67496,0.0033,1.0922,0.5483,0.43207,0.55064,0.40323,0.48547,0.39577,0.41027,0.24058,1.06117,1.9616,2.057,0.00394,0,0.000795761,0.000795761,0.000795761
153,248.087,0.8614,1.63189,1.66365,0.00364,1.1122,0.5402,0.44544,0.54436,0.4031,0.48204,0.44143,0.46586,0.269,1.01263,1.81725,2.09721,0.00364,0,0.000795011,0.000795011,0.000795011
154,249.969,0.87485,1.52141,1.68997,0.00333,1.09741,0.40133,0.54441,0.54421,0.39788,0.41277,0.44481,0.46876,0.26573,0.97008,1.86943,2.06348,0.00329,0,0.000794261,0.000794261,0.000794261
155,251.603,0.89718,1.67326,1.62768,0.00331,1.12559,0.4477,0.59853,0.55904,0.4045,0.41211,0.52418,0.47956,0.26773,0.99363,1.87749,1.95472,0.00349,0,0.000793512,0.000793512,0.000793512
156,253.328,0.86492,1.57177,1.56807,0.00353,1.07812,0.47063,0.6044,0.5894,0.43837,0.41327,0.53181,0.51465,0.28387,0.99678,1.85878,1.88067,0.00372,0,0.000792762,0.000792762,0.000792762
157,255.092,0.86775,1.47203,1.68744,0.00359,1.11133,0.52644,0.58349,0.60975,0.45934,0.45117,0.4998,0.50773,0.28457,0.98673,1.87724,1.83199,0.00387,0,0.000792012,0.000792012,0.000792012
158,256.89,0.91831,1.80845,1.57855,0.00335,1.08988,0.51188,0.6186,0.61177,0.45246,0.47608,0.55293,0.51409,0.29885,1.0019,1.79063,1.83659,0.00405,0,0.000791262,0.000791262,0.000791262
159,258.482,0.8754,1.65758,1.58115,0.00355,1.06143,0.50545,0.60816,0.61492,0.44593,0.44033,0.52199,0.49496,0.27978,0.99867,1.80159,1.83021,0.00386,0,0.000790512,0.000790512,0.000790512
160,259.924,0.90484,1.75792,1.55583,0.00341,1.08632,0.52853,0.57028,0.61611,0.45391,0.43039,0.50984,0.48029,0.28267,0.94563,1.88465,1.81396,0.00349,0,0.000789762,0.000789762,0.000789762
161,261.327,0.90693,1.83692,1.54241,0.00356,1.12728,0.48431,0.62311,0.60387,0.4329,0.41195,0.53468,0.47437,0.2799,0.99659,1.99934,1.82307,0.00374,0,0.000789012,0.000789012,0.000789012
162,262.944,1.02392,1.74777,1.52727,0.00389,1.06468,0.48431,0.62311,0.60387,0.4329,0.41195,0.53468,0.47437,0.2799,0.99659,1.99934,1.82307,0.00374,0,0.000788262,0.000788262,0.000788262
163,264.528,0.94601,1.68734,1.53292,0.00362,1.07325,0.53449,0.5814,0.61362,0.43242,0.42633,0.57798,0.49726,0.28289,1.05005,1.9583,1.75832,0.00381,0,0.000787512,0.000787512,0.000787512
164,266.045,0.90317,1.54447,1.4962,0.00363,1.07261,0.55701,0.59045,0.63031,0.45231,0.48706,0.50747,0.54285,0.30626,1.01478,1.98417,1.75331,0.00364,0,0.000786762,0.000786762,0.000786762
165,267.753,0.94591,1.8135,1.53668,0.00339,1.05417,0.57303,0.58298,0.63157,0.47186,0.44771,0.58309,0.52557,0.29026,0.95539,2.134,1.75558,0.00331,0,0.000786012,0.000786012,0.000786012
166,269.414,0.88281,1.68196,1.54585,0.00358,1.09515,0.71082,0.52506,0.63276,0.48057,0.54374,0.54702,0.55579,0.31097,0.92159,2.02223,1.74561,0.00338,0,0.000785262,0.000785262,0.000785262
167,271.069,0.86098,1.58808,1.4659,0.00308,1.04807,0.64792,0.5738,0.63278,0.45899,0.60212,0.54646,0.56197,0.31636,0.99552,1.94421,1.78994,0.00365,0,0.000784512,0.000784512,0.000784512
168,272.501,0.87385,1.58051,1.43448,0.00344,1.04483,0.64855,0.53299,0.6447,0.45581,0.51734,0.57219,0.53722,0.29989,1.02192,1.94745,1.82823,0.00367,0,0.000783763,0.000783763,0.000783763
169,273.944,0.87043,1.48421,1.508,0.00346,1.05136,0.60366,0.53334,0.59305,0.44457,0.54592,0.52586,0.54296,0.30334,0.93924,1.81678,1.84267,0.00334,0,0.000783013,0.000783013,0.000783013
170,275.536,0.82264,1.44641,1.48349,0.00333,1.04766,0.60851,0.5192,0.5945,0.44645,0.54662,0.5008,0.51696,0.32447,0.9501,1.79661,1.80098,0.0033,0,0.000782263,0.000782263,0.000782263
171,277.091,0.83938,1.43433,1.40756,0.00307,1.02468,0.55094,0.54876,0.62989,0.47054,0.51001,0.48674,0.55054,0.33341,1.0101,1.93267,1.72641,0.00328,0,0.000781513,0.000781513,0.000781513
172,278.728,0.82937,1.61707,1.43656,0.00307,1.02402,0.55094,0.54876,0.62989,0.47054,0.51001,0.48674,0.55054,0.33341,1.0101,1.93267,1.72641,0.00328,0,0.000780763,0.000780763,0.000780763
173,280.367,0.81438,1.38982,1.50789,0.00344,1.11202,0.62663,0.54625,0.65633,0.47911,0.56231,0.51662,0.55514,0.33038,0.99969,1.87816,1.68946,0.00351,0,0.000780013,0.000780013,0.000780013
174,282.306,0.85256,1.43666,1.42047,0.0036,1.02811,0.69508,0.47611,0.63382,0.4724,0.63287,0.44681,0.56732,0.34124,0.97979,1.86259,1.65666,0.00343,0,0.000779263,0.000779263,0.000779263
175,283.827,0.85579,1.45807,1.46575,0.00366,1.02667,0.68428,0.47366,0.61811,0.46229,0.48685,0.55065,0.55068,0.32135,0.99804,1.73762,1.78579,0.00383,0,0.000778513,0.000778513,0.000778513
176,285.293,0.81315,1.48922,1.48246,0.0034,1.0297,0.71021,0.44387,0.63309,0.47146,0.46026,0.54112,0.53952,0.31466,0.98373,1.59347,1.80459,0.00379,0,0.000777763,0.000777763,0.000777763
177,286.88,0.80822,1.51126,1.45247,0.00343,1.06829,0.57094,0.5436,0.65956,0.50198,0.51295,0.48982,0.56024,0.33325,0.9168,1.68005,1.68828,0.00338,0,0.000777013,0.000777013,0.000777013
178,288.42,0.77291,1.5537,1.42915,0.0028,1.01855,0.59466,0.59005,0.67713,0.52061,0.51061,0.50882,0.54632,0.3294,0.89622,1.70667,1.62708,0.00332,0,0.000776263,0.000776263,0.000776263
179,290.222,0.81347,1.59019,1.37799,0.00303,0.99877,0.52773,0.70582,0.68321,0.50223,0.58017,0.48631,0.57042,0.31098,0.95177,1.77029,1.62373,0.00355,0,0.000775513,0.000775513,0.000775513
180,291.722,0.85357,1.47361,1.38382,0.00328,0.98839,0.63959,0.5791,0.68298,0.51078,0.58864,0.52569,0.56739,0.33738,0.87241,1.6875,1.63565,0.00328,0,0.000774763,0.000774763,0.000774763
181,293.182,0.83538,1.51187,1.41958,0.00311,1.0464,0.57735,0.63617,0.66916,0.50963,0.54443,0.59561,0.58854,0.34457,0.87781,1.72602,1.57136,0.00322,0,0.000774013,0.000774013,0.000774013
182,294.773,0.88411,1.60781,1.40964,0.00325,0.93259,0.57735,0.63617,0.66916,0.50963,0.54443,0.59561,0.58854,0.34457,0.87781,1.72602,1.57136,0.00322,0,0.000773264,0.000773264,0.000773264
183,296.524,0.78017,1.31807,1.33517,0.00316,0.90124,0.58831,0.61455,0.64602,0.49647,0.59962,0.54006,0.56834,0.3362,0.85333,1.77212,1.60619,0.00308,0,0.000772514,0.000772514,0.000772514
184,298.119,0.80645,1.60021,1.36139,0.00306,0.91696,0.562,0.67025,0.65594,0.4938,0.60312,0.56155,0.56539,0.33806,0.95578,1.83014,1.60408,0.00364,0,0.000771764,0.000771764,0.000771764
185,299.584,0.8709,1.47037,1.40293,0.00317,0.9315,0.54672,0.68329,0.65517,0.48524,0.6091,0.56673,0.5544,0.34258,1.00372,1.77964,1.61607,0.00404,0,0.000771014,0.000771014,0.000771014
186,301.144,0.82836,1.48265,1.35801,0.00329,0.98215,0.66847,0.63348,0.67689,0.51306,0.61324,0.58539,0.57641,0.35825,0.95528,1.85499,1.56704,0.00364,0,0.000770264,0.000770264,0.000770264
187,303.003,0.81038,1.43903,1.36205,0.00332,0.90467,0.61628,0.62233,0.69893,0.5322,0.56397,0.51359,0.55355,0.34092,0.95521,2.07606,1.49554,0.00355,0,0.000769514,0.000769514,0.000769514
188,304.657,0.81103,1.46014,1.33245,0.00305,0.88579,0.63926,0.67672,0.68112,0.52112,0.57442,0.56062,0.55815,0.33238,0.90338,2.13998,1.45908,0.0034,0,0.000768764,0.000768764,0.000768764
189,306.253,0.74493,1.36554,1.34869,0.0031,0.89748,0.62839,0.69732,0.70943,0.54625,0.53534,0.60597,0.58221,0.3387,0.87576,1.88255,1.45146,0.00317,0,0.000768014,0.000768014,0.000768014
190,307.767,0.76776,1.66144,1.25044,0.00278,0.92125,0.7116,0.65219,0.70088,0.54503,0.63593,0.60294,0.63043,0.36383,0.86518,1.74433,1.43442,0.00309,0,0.000767264,0.000767264,0.000767264
191,309.645,0.78494,1.56112,1.31205,0.0029,0.87894,0.70091,0.59617,0.70587,0.54243,0.54141,0.59429,0.61044,0.34713,0.84339,1.92193,1.45685,0.003,0,0.000766514,0.000766514,0.000766514
192,311.199,0.77311,1.51,1.36681,0.00321,0.89886,0.70091,0.59617,0.70587,0.54243,0.54141,0.59429,0.61044,0.34713,0.84339,1.92193,1.45685,0.003,0,0.000765764,0.000765764,0.000765764
193,312.629,0.79278,1.43643,1.23408,0.00273,0.86442,0.68699,0.61534,0.69651,0.53404,0.59758,0.57711,0.63025,0.3558,0.89245,1.86159,1.45002,0.00333,0,0.000765014,0.000765014,0.000765014
194,314.062,0.7326,1.29423,1.39745,0.00292,0.85184,0.62656,0.67142,0.71142,0.55128,0.53969,0.62453,0.64242,0.3687,0.88341,1.73071,1.48927,0.00307,0,0.000764264,0.000764264,0.000764264
195,315.831,0.78587,1.51281,1.23103,0.00278,0.83818,0.77376,0.57464,0.71797,0.5479,0.70246,0.52319,0.61236,0.38956,0.91729,1.64465,1.47322,0.00334,0,0.000763515,0.000763515,0.000763515
196,317.532,0.77032,1.35463,1.25609,0.00334,0.85702,0.80918,0.57143,0.73954,0.5541,0.70889,0.49105,0.59259,0.37144,0.94638,1.9814,1.45679,0.00353,0,0.000762765,0.000762765,0.000762765
197,318.963,0.81282,1.54916,1.20117,0.00306,0.80895,0.78801,0.56376,0.73756,0.55881,0.69284,0.46808,0.5835,0.37319,0.91905,1.96872,1.44126,0.00337,0,0.000762015,0.000762015,0.000762015
198,320.379,0.76125,1.52365,1.2538,0.00279,0.8297,0.80688,0.56215,0.76677,0.57493,0.5049,0.66124,0.65005,0.41009,0.92937,1.65886,1.44872,0.00354,0,0.000761265,0.000761265,0.000761265
199,322.355,0.79466,1.64324,1.28647,0.00301,0.83078,0.63924,0.68634,0.7849,0.59298,0.57509,0.64074,0.71942,0.42032,0.90495,1.55336,1.42401,0.00341,0,0.000760515,0.000760515,0.000760515
200,323.812,0.77477,1.52684,1.22543,0.00296,0.7746,0.80221,0.58402,0.7795,0.58704,0.62688,0.63263,0.73117,0.41597,0.88388,1.6988,1.42982,0.0033,0,0.000759765,0.000759765,0.000759765
201,325.246,0.75841,1.33285,1.16533,0.00305,0.75783,0.71029,0.68467,0.7896,0.5944,0.63281,0.70877,0.75874,0.4356,0.91133,1.73621,1.38891,0.00336,0,0.000759015,0.000759015,0.000759015
202,326.772,0.76915,1.29607,1.15916,0.00299,0.80122,0.71029,0.68467,0.7896,0.5944,0.63281,0.70877,0.75874,0.4356,0.91133,1.73621,1.38891,0.00336,0,0.000758265,0.000758265,0.000758265
203,328.234,0.82537,1.26478,1.14471,0.00305,0.75192,0.72342,0.69101,0.79498,0.58799,0.70209,0.62334,0.72704,0.42633,0.98664,1.65007,1.40676,0.00347,0,0.000757515,0.000757515,0.000757515
204,329.82,0.77748,1.51107,1.14509,0.00257,0.74721,0.69424,0.72041,0.77374,0.58852,0.6414,0.66541,0.69658,0.4139,0.89624,1.65349,1.39609,0.00307,0,0.000756765,0.000756765,0.000756765
205,331.281,0.76622,1.37215,1.18518,0.00287,0.74358,0.67341,0.71553,0.75774,0.5824,0.66359,0.67468,0.70243,0.38986,0.89361,1.72521,1.36783,0.00305,0,0.000756015,0.000756015,0.000756015
206,332.719,0.74408,1.34922,1.1873,0.00307,0.72899,0.71186,0.70776,0.76771,0.56504,0.6201,0.63608,0.64899,0.37653,0.9636,1.71428,1.38382,0.00334,0,0.000755265,0.000755265,0.000755265
207,334.081,0.77768,1.39617,1.09005,0.00275,0.6969,0.67139,0.68815,0.75597,0.56783,0.64314,0.67964,0.66537,0.40745,0.9361,1.74112,1.32985,0.00348,0,0.000754515,0.000754515,0.000754515
208,335.638,0.79218,1.27163,1.21759,0.00335,0.72141,0.7717,0.61979,0.74899,0.55498,0.60128,0.68102,0.69466,0.40272,0.98493,1.86743,1.41569,0.00343,0,0.000753766,0.000753766,0.000753766
209,337.066,0.86272,1.25419,1.17612,0.00314,0.65996,0.77373,0.59918,0.73917,0.56194,0.63494,0.67922,0.70829,0.40112,0.94756,1.71958,1.40175,0.0033,0,0.000753016,0.000753016,0.000753016
210,338.464,0.79555,1.32797,1.15104,0.00273,0.69291,0.73969,0.68518,0.78867,0.59052,0.67702,0.64006,0.7256,0.43717,0.92764,1.58545,1.3389,0.00322,0,0.000752266,0.000752266,0.000752266
211,339.948,0.76734,1.29246,1.11375,0.00308,0.69239,0.75747,0.66762,0.7876,0.58946,0.72064,0.63553,0.74793,0.429,0.93536,1.58797,1.33742,0.00318,0,0.000751516,0.000751516,0.000751516
212,341.608,0.75182,1.22881,1.13154,0.00273,0.67113,0.75747,0.66762,0.7876,0.58946,0.72064,0.63553,0.74793,0.429,0.93536,1.58797,1.33742,0.00318,0,0.000750766,0.000750766,0.000750766
213,343.061,0.71718,1.1613,1.0976,0.00279,0.64424,0.76047,0.66783,0.77461,0.59503,0.75066,0.63569,0.71684,0.42353,0.90627,1.66911,1.30568,0.00318,0,0.000750016,0.000750016,0.000750016
214,344.503,0.73881,1.17684,1.09416,0.00269,0.65248,0.75728,0.60174,0.74784,0.57064,0.71755,0.58451,0.7029,0.4111,0.94189,1.79812,1.32887,0.00349,0,0.000749266,0.000749266,0.000749266
215,345.977,0.76278,1.17531,1.06303,0.00319,0.6154,0.7173,0.63414,0.75688,0.56716,0.7472,0.58264,0.69592,0.39623,0.95186,1.67141,1.39266,0.00364,0,0.000748516,0.000748516,0.000748516
216,347.432,0.81146,1.36958,1.04635,0.00288,0.59938,0.71648,0.63658,0.76167,0.57588,0.68143,0.60087,0.69404,0.4013,0.87537,1.5958,1.4638,0.00322,0,0.000747766,0.000747766,0.000747766
217,349.279,0.80674,1.25525,1.05108,0.00336,0.66132,0.6698,0.68011,0.76295,0.57382,0.65609,0.62839,0.68968,0.40496,0.92558,1.6792,1.39383,0.00354,0,0.000747016,0.000747016,0.000747016
218,350.85,0.82308,1.19812,1.09234,0.00328,0.63517,0.67042,0.68351,0.76307,0.56738,0.66366,0.6107,0.70831,0.41409,0.91338,1.66894,1.38876,0.00329,0,0.000746266,0.000746266,0.000746266
219,352.24,0.79116,1.20959,1.07975,0.00338,0.61211,0.65674,0.67556,0.77667,0.59761,0.68118,0.62626,0.70767,0.41753,0.86516,1.52066,1.35729,0.00309,0,0.000745516,0.000745516,0.000745516
220,353.687,0.81111,1.17895,1.10235,0.00335,0.5904,0.70867,0.71722,0.80199,0.61544,0.65308,0.67263,0.72189,0.42271,0.89183,1.53071,1.33579,0.0031,0,0.000744766,0.000744766,0.000744766
221,355.452,0.73185,1.05481,1.17382,0.00311,0.61098,0.8312,0.57388,0.77188,0.59555,0.638,0.65173,0.722,0.43965,0.85604,1.62824,1.34591,0.00306,0,0.000744016,0.000744016,0.000744016
222,356.894,0.78237,1.18684,1.0282,0.00294,0.5704,0.8312,0.57388,0.77188,0.59555,0.638,0.65173,0.722,0.43965,0.85604,1.62824,1.34591,0.00306,0,0.000743267,0.000743267,0.000743267
223,358.552,0.74385,1.17695,0.99054,0.00283,0.56218,0.78987,0.61949,0.77858,0.59789,0.7508,0.58604,0.72123,0.43601,0.8688,1.57462,1.31028,0.00313,0,0.000742517,0.000742517,0.000742517
224,360.108,0.77956,1.18248,1.09224,0.00343,0.56458,0.84395,0.60651,0.77092,0.59158,0.80363,0.57282,0.68995,0.43072,0.91429,1.53617,1.31069,0.00306,0,0.000741767,0.000741767,0.000741767
225,361.611,0.80125,1.11494,1.03359,0.00335,0.54691,0.79898,0.62037,0.78339,0.60858,0.76399,0.58648,0.73754,0.43851,0.86097,1.40596,1.25813,0.00318,0,0.000741017,0.000741017,0.000741017
226,363.217,0.7959,1.02933,0.98368,0.00333,0.51363,0.85792,0.61671,0.78941,0.59989,0.76087,0.63717,0.77303,0.45233,0.9277,1.64892,1.25737,0.00334,0,0.000740267,0.000740267,0.000740267
227,364.731,0.77765,1.0237,1.08742,0.00309,0.53735,0.76921,0.65352,0.75621,0.57999,0.73626,0.63757,0.72369,0.4407,0.85709,1.52629,1.27834,0.00296,0,0.000739517,0.000739517,0.000739517
228,366.173,0.78404,1.09576,0.97848,0.0032,0.55082,0.7819,0.67344,0.79071,0.58573,0.74942,0.63787,0.74585,0.4566,0.94007,1.48764,1.33724,0.00358,0,0.000738767,0.000738767,0.000738767
229,367.647,0.81684,1.06409,0.99813,0.00316,0.55059,0.68774,0.69235,0.75971,0.57274,0.66396,0.67074,0.72835,0.44629,0.90964,1.55158,1.35255,0.00334,0,0.000738017,0.000738017,0.000738017
230,369.449,0.77088,1.06485,0.96362,0.00312,0.49917,0.68255,0.67073,0.75097,0.5767,0.68161,0.68007,0.72041,0.431,0.85053,1.74184,1.34179,0.00309,0,0.000737267,0.000737267,0.000737267
231,371.036,0.77643,1.11069,1.0042,0.00319,0.49985,0.78574,0.56801,0.75363,0.56483,0.72055,0.63115,0.72394,0.43489,0.89624,1.75346,1.36499,0.00315,0,0.000736517,0.000736517,0.000736517
232,372.463,0.77477,1.15563,0.9798,0.00279,0.49758,0.78574,0.56801,0.75363,0.56483,0.72055,0.63115,0.72394,0.43489,0.89624,1.75346,1.36499,0.00315,0,0.000735767,0.000735767,0.000735767
233,373.95,0.75951,0.99216,0.9794,0.00345,0.47943,0.66386,0.64483,0.75858,0.54968,0.73512,0.64622,0.74518,0.43253,0.97234,1.65387,1.37558,0.00403,0,0.000735017,0.000735017,0.000735017
234,375.646,0.82825,1.10811,0.9594,0.00347,0.48829,0.70607,0.63984,0.76651,0.55417,0.72216,0.63724,0.74155,0.42627,0.98674,1.61918,1.40536,0.00431,0,0.000734267,0.000734267,0.000734267
235,377.118,0.75682,1.17557,0.9143,0.00293,0.47007,0.72418,0.62272,0.75951,0.57233,0.72552,0.62843,0.73822,0.43524,0.89497,1.54111,1.31087,0.00376,0,0.000733518,0.000733518,0.000733518
236,378.605,0.74491,1.11495,0.95651,0.00302,0.44974,0.7069,0.64705,0.76263,0.59027,0.71561,0.64591,0.74513,0.43939,0.82038,1.53047,1.30914,0.00324,0,0.000732768,0.000732768,0.000732768
237,380.005,0.75092,1.0938,1.0113,0.00309,0.45576,0.79784,0.5646,0.75081,0.58942,0.64521,0.62978,0.72918,0.4403,0.80992,1.47119,1.28823,0.00307,0,0.000732018,0.000732018,0.000732018
238,381.838,0.74003,1.06713,0.96254,0.00299,0.47175,0.70163,0.66474,0.75649,0.58007,0.65251,0.67768,0.72958,0.43417,0.86824,1.51027,1.33987,0.00331,0,0.000731268,0.000731268,0.000731268
239,383.342,0.70586,1.03093,0.97909,0.00276,0.4633,0.60902,0.74334,0.74874,0.57267,0.62333,0.72014,0.74178,0.43471,0.8539,1.55456,1.35293,0.00318,0,0.000730518,0.000730518,0.000730518
240,384.741,0.72514,1.06446,0.92679,0.00292,0.44276,0.6053,0.75358,0.75205,0.58251,0.59879,0.71396,0.7114,0.41426,0.84537,1.59299,1.32323,0.00324,0,0.000729768,0.000729768,0.000729768
241,386.19,0.7192,1.12392,0.91952,0.00299,0.48062,0.81351,0.60662,0.7604,0.57936,0.77525,0.57616,0.71526,0.42852,0.89343,1.43428,1.3202,0.00344,0,0.000729018,0.000729018,0.000729018
242,387.794,0.73392,1.06495,0.92421,0.00305,0.44106,0.81351,0.60662,0.7604,0.57936,0.77525,0.57616,0.71526,0.42852,0.89343,1.43428,1.3202,0.00344,0,0.000728268,0.000728268,0.000728268
243,389.271,0.70824,1.08223,0.96841,0.00271,0.47271,0.77604,0.61832,0.75501,0.57544,0.76904,0.60991,0.73572,0.4335,0.88314,1.46163,1.37667,0.00328,0,0.000727518,0.000727518,0.000727518
244,390.749,0.74319,1.16275,0.90247,0.00278,0.45248,0.79384,0.5888,0.74449,0.56525,0.74459,0.54513,0.69698,0.42568,0.85152,1.47795,1.40784,0.00328,0,0.000726768,0.000726768,0.000726768
245,392.377,0.73257,1.03003,0.92458,0.003,0.473,0.73454,0.60739,0.73796,0.55597,0.6598,0.56378,0.67887,0.41415,0.90079,1.61869,1.3879,0.00377,0,0.000726018,0.000726018,0.000726018
246,393.899,0.7714,1.24628,0.95279,0.00274,0.48077,0.71601,0.67401,0.76999,0.58137,0.64378,0.67587,0.71902,0.42541,0.88282,1.60287,1.3124,0.0035,0,0.000725268,0.000725268,0.000725268
247,395.622,0.76738,1.1677,0.91738,0.00295,0.44858,0.78487,0.66374,0.77709,0.6125,0.7502,0.59431,0.71157,0.42965,0.78596,1.56207,1.28977,0.00298,0,0.000724518,0.000724518,0.000724518
248,397.074,0.75988,1.20548,0.90877,0.00278,0.47499,0.72334,0.71697,0.77867,0.59669,0.71131,0.70648,0.75576,0.43391,0.86565,1.50454,1.26236,0.00307,0,0.000723769,0.000723769,0.000723769
249,398.505,0.81696,1.12746,0.9088,0.00288,0.44896,0.76196,0.72275,0.78962,0.60229,0.76219,0.72318,0.79147,0.46242,0.86666,1.50731,1.23745,0.00303,0,0.000723019,0.000723019,0.000723019
250,400.087,0.73087,1.05164,0.81274,0.00279,0.44261,0.78629,0.72358,0.78702,0.61104,0.78649,0.73365,0.78145,0.48419,0.80759,1.43039,1.25548,0.00313,0,0.000722269,0.000722269,0.000722269
251,401.736,0.75525,1.03925,0.87101,0.003,0.44527,0.7539,0.70286,0.76506,0.59782,0.77813,0.69572,0.7714,0.47758,0.78703,1.46239,1.29473,0.00291,0,0.000721519,0.000721519,0.000721519
252,403.154,0.7028,1.10156,0.92148,0.003,0.4525,0.7539,0.70286,0.76506,0.59782,0.77813,0.69572,0.7714,0.47758,0.78703,1.46239,1.29473,0.00291,0,0.000720769,0.000720769,0.000720769
253,404.75,0.65464,0.95251,0.85929,0.00279,0.43746,0.73649,0.65646,0.74145,0.59124,0.75125,0.67826,0.76449,0.46913,0.7957,1.42609,1.26756,0.00302,0,0.000720019,0.000720019,0.000720019
254,406.309,0.69128,1.07275,0.88081,0.00267,0.43467,0.73524,0.67234,0.75246,0.60041,0.72033,0.67186,0.73947,0.4648,0.78514,1.41241,1.27999,0.00287,0,0.000719269,0.000719269,0.000719269
255,408.028,0.71354,1.10824,0.86254,0.00293,0.44937,0.7862,0.66693,0.77495,0.61103,0.68469,0.6791,0.74557,0.4725,0.87111,1.35114,1.22676,0.00324,0,0.000718519,0.000718519,0.000718519
256,409.438,0.71678,1.17677,0.85979,0.0027,0.46101,0.76956,0.70619,0.7856,0.61588,0.74339,0.6769,0.75197,0.48189,0.8667,1.37053,1.22466,0.0032,0,0.000717769,0.000717769,0.000717769
257,410.964,0.68918,1.11162,0.88931,0.0028,0.45499,0.79362,0.71781,0.78356,0.61409,0.78525,0.71238,0.75275,0.47638,0.85708,1.35841,1.21378,0.00312,0,0.000717019,0.000717019,0.000717019
258,412.415,0.68132,1.01275,0.84156,0.00288,0.42405,0.79683,0.69946,0.80706,0.62861,0.81458,0.70691,0.8052,0.4782,0.83042,1.43021,1.15151,0.00298,0,0.000716269,0.000716269,0.000716269
259,413.949,0.70407,1.12502,0.84997,0.00253,0.45923,0.7513,0.75272,0.80756,0.62534,0.75472,0.75531,0.78809,0.46627,0.86072,1.54074,1.15162,0.00308,0,0.000715519,0.000715519,0.000715519
260,415.778,0.71516,1.08999,0.84286,0.00306,0.41922,0.7447,0.77686,0.82249,0.62755,0.747,0.78261,0.80001,0.46992,0.85489,1.7353,1.18203,0.00304,0,0.000714769,0.000714769,0.000714769
261,417.214,0.67774,1.11295,0.87009,0.00292,0.41874,0.78098,0.71083,0.80413,0.62204,0.73652,0.75828,0.77741,0.47461,0.86102,1.82362,1.15583,0.00303,0,0.000714019,0.000714019,0.000714019
262,418.832,0.6969,1.35545,0.8732,0.00284,0.44436,0.78098,0.71083,0.80413,0.62204,0.73652,0.75828,0.77741,0.47461,0.86102,1.82362,1.15583,0.00303,0,0.00071327,0.00071327,0.00071327
263,420.292,0.71512,1.148,0.89213,0.00303,0.43331,0.79073,0.71257,0.79531,0.60154,0.77983,0.71502,0.76374,0.45238,0.87161,1.84166,1.18308,0.00319,0,0.00071252,0.00071252,0.00071252
264,421.805,0.69751,1.18348,0.81581,0.00261,0.41451,0.80508,0.71865,0.80063,0.61667,0.80949,0.71954,0.7888,0.4635,0.85878,1.66522,1.18167,0.00315,0,0.00071177,0.00071177,0.00071177
265,423.635,0.71994,1.10336,0.84502,0.00278,0.44872,0.81018,0.72744,0.79572,0.62048,0.82281,0.72954,0.79311,0.47985,0.8411,1.48159,1.18965,0.00302,0,0.00071102,0.00071102,0.00071102
266,425.217,0.69134,1.0932,0.78518,0.00275,0.40502,0.81176,0.72262,0.8051,0.61806,0.77761,0.70035,0.74562,0.45469,0.83412,1.5992,1.14692,0.00285,0,0.00071027,0.00071027,0.00071027
267,426.651,0.67965,1.1294,0.85022,0.00281,0.43905,0.84235,0.70276,0.78519,0.6064,0.80926,0.69401,0.75339,0.45122,0.84467,1.60322,1.13466,0.00284,0,0.00070952,0.00070952,0.00070952
268,428.12,0.69388,1.03562,0.73877,0.00246,0.38788,0.74202,0.75914,0.78429,0.60582,0.73373,0.74422,0.75405,0.45832,0.83288,1.47593,1.15014,0.00284,0,0.00070877,0.00070877,0.00070877
269,429.848,0.68187,1.05648,0.84469,0.00298,0.41717,0.83671,0.60752,0.76309,0.5985,0.69301,0.68612,0.74325,0.44217,0.78751,1.47235,1.20856,0.00278,0,0.00070802,0.00070802,0.00070802
270,431.328,0.67836,0.91426,0.81188,0.00328,0.4652,0.75696,0.66199,0.75013,0.56531,0.75988,0.66457,0.74103,0.43617,0.90105,1.56549,1.29313,0.00332,0,0.00070727,0.00070727,0.00070727
271,432.81,0.75593,1.07765,0.86374,0.00294,0.51111,0.71899,0.68283,0.75972,0.58008,0.73799,0.69267,0.78278,0.45431,0.89973,1.75398,1.22926,0.00332,0,0.00070652,0.00070652,0.00070652
272,434.237,0.78864,1.15621,0.8347,0.00333,0.39379,0.71899,0.68283,0.75972,0.58008,0.73799,0.69267,0.78278,0.45431,0.89973,1.75398,1.22926,0.00332,0,0.00070577,0.00070577,0.00070577
273,435.991,0.69989,1.10519,0.85306,0.00294,0.43548,0.76543,0.62768,0.77388,0.59274,0.7737,0.63867,0.77714,0.45644,0.8711,1.41789,1.21292,0.00327,0,0.00070502,0.00070502,0.00070502
274,437.559,0.68692,0.91874,0.77811,0.00285,0.44002,0.79233,0.62969,0.78285,0.59297,0.81527,0.62686,0.77427,0.46399,0.96919,1.6237,1.16089,0.00391,0,0.00070427,0.00070427,0.00070427
275,439.025,0.68861,0.89521,0.89223,0.00323,0.43755,0.68772,0.70801,0.78199,0.5975,0.69344,0.70966,0.76741,0.46438,0.91641,1.81847,1.12028,0.00365,0,0.000703521,0.000703521,0.000703521
276,440.539,0.68248,1.00601,0.78002,0.00289,0.41139,0.67748,0.72663,0.76186,0.58712,0.68205,0.72747,0.75676,0.45794,0.83906,1.74349,1.22944,0.00313,0,0.000702771,0.000702771,0.000702771
277,442.095,0.73209,1.12568,0.85842,0.0026,0.42188,0.61994,0.68087,0.71153,0.55387,0.62628,0.69186,0.70382,0.44226,0.82752,1.56158,1.46298,0.00282,0,0.000702021,0.000702021,0.000702021
278,443.805,0.72569,0.9812,0.84899,0.00263,0.51568,0.65162,0.64936,0.72582,0.57226,0.65717,0.66162,0.72289,0.4467,0.78266,1.46992,1.43891,0.0027,0,0.000701271,0.000701271,0.000701271
279,445.258,0.67129,0.96341,0.79597,0.00275,0.38705,0.78639,0.61632,0.76215,0.60336,0.78056,0.6105,0.76118,0.47813,0.77289,1.46798,1.23504,0.00277,0,0.000700521,0.000700521,0.000700521
280,446.842,0.63588,0.96343,0.77863,0.0023,0.40503,0.83205,0.69483,0.79614,0.6223,0.82794,0.67928,0.78685,0.49203,0.77633,1.52482,1.15601,0.00288,0,0.000699771,0.000699771,0.000699771
281,448.372,0.67086,1.07807,0.72687,0.00273,0.41098,0.81362,0.73579,0.82503,0.6432,0.83375,0.72235,0.81934,0.48347,0.81377,1.59769,1.08648,0.00294,0,0.000699021,0.000699021,0.000699021
282,450.083,0.71468,1.09868,0.79534,0.00278,0.40076,0.81362,0.73579,0.82503,0.6432,0.83375,0.72235,0.81934,0.48347,0.81377,1.59769,1.08648,0.00294,0,0.000698271,0.000698271,0.000698271
283,451.662,0.69144,1.06255,0.80081,0.00256,0.36706,0.77092,0.75844,0.82675,0.64741,0.75807,0.74595,0.79888,0.4612,0.81748,1.59107,1.06815,0.00289,0,0.000697521,0.000697521,0.000697521
284,453.083,0.75079,1.09761,0.77893,0.00289,0.34707,0.87414,0.67588,0.81232,0.62359,0.83464,0.68409,0.81841,0.48849,0.84966,1.6527,1.04614,0.003,0,0.000696771,0.000696771,0.000696771
285,454.676,0.74325,1.14914,0.7878,0.00277,0.34944,0.84813,0.68409,0.83049,0.62232,0.81795,0.6793,0.81487,0.49874,0.87967,1.53794,1.13207,0.00323,0,0.000696021,0.000696021,0.000696021
286,456.26,0.72739,1.02203,0.79389,0.00298,0.30883,0.82891,0.70473,0.82543,0.62196,0.7599,0.78339,0.81733,0.51043,0.87386,1.60505,1.18183,0.00329,0,0.000695271,0.000695271,0.000695271
287,457.867,0.65829,1.02216,0.76792,0.00254,0.31482,0.78941,0.74974,0.82496,0.61707,0.78941,0.74974,0.82323,0.50854,0.87279,1.5713,1.25595,0.00319,0,0.000694521,0.000694521,0.000694521
288,459.367,0.6813,1.08955,0.77045,0.0024,0.31587,0.80691,0.72674,0.81237,0.61249,0.81798,0.73714,0.82316,0.4896,0.84741,1.55384,1.20752,0.00322,0,0.000693772,0.000693772,0.000693772
289,460.888,0.68515,1.02459,0.78624,0.00267,0.34458,0.76084,0.75762,0.81487,0.63252,0.771,0.76738,0.81304,0.48827,0.84917,1.48964,1.08205,0.00314,0,0.000693022,0.000693022,0.000693022
290,462.298,0.72755,1.04609,0.75427,0.00253,0.28149,0.79372,0.7774,0.81951,0.65228,0.76787,0.76224,0.80314,0.51043,0.81346,1.41488,1.03456,0.00283,0,0.000692272,0.000692272,0.000692272
291,464.108,0.69614,0.98397,0.79347,0.00258,0.28734,0.85593,0.72267,0.81315,0.64441,0.85509,0.72838,0.83295,0.51688,0.82279,1.4136,1.02604,0.00282,0,0.000691522,0.000691522,0.000691522
292,465.466,0.65411,0.99,0.75199,0.00256,0.31615,0.85593,0.72267,0.81315,0.64441,0.85509,0.72838,0.83295,0.51688,0.82279,1.4136,1.02604,0.00282,0,0.000690772,0.000690772,0.000690772
293,466.89,0.68263,0.94292,0.82477,0.00256,0.29568,0.84251,0.67836,0.80683,0.63453,0.86383,0.68502,0.81643,0.51732,0.83334,1.49945,1.0502,0.00296,0,0.000690022,0.000690022,0.000690022
294,468.256,0.67202,0.95441,0.70295,0.00273,0.25762,0.84277,0.6849,0.80922,0.63824,0.83489,0.71629,0.80285,0.50058,0.83036,1.51802,1.03643,0.00295,0,0.000689272,0.000689272,0.000689272
295,469.996,0.64939,0.95548,0.80769,0.00269,0.27694,0.75817,0.76979,0.81252,0.63549,0.77077,0.7795,0.79842,0.49188,0.79149,1.4017,1.04616,0.00283,0,0.000688522,0.000688522,0.000688522
296,471.525,0.61784,0.93278,0.73543,0.00251,0.20486,0.77629,0.71935,0.78702,0.61656,0.79172,0.74191,0.79331,0.49247,0.76855,1.51395,1.10836,0.0028,0,0.000687772,0.000687772,0.000687772
297,473.046,0.68337,0.97221,0.79748,0.00275,0.19533,0.73756,0.77955,0.79764,0.6236,0.74287,0.77603,0.79243,0.49626,0.83809,1.54485,1.08786,0.00296,0,0.000687022,0.000687022,0.000687022
298,474.489,0.68295,0.95524,0.76111,0.00275,0.23208,0.81747,0.66631,0.78289,0.60231,0.81256,0.68521,0.77764,0.49713,0.87043,1.66915,1.1606,0.00324,0,0.000686272,0.000686272,0.000686272
299,476.204,0.72298,1.01507,0.80099,0.00274,0.20657,0.67552,0.74891,0.79023,0.61029,0.69875,0.76371,0.79375,0.50242,0.85472,1.64971,1.10143,0.00309,0,0.000685522,0.000685522,0.000685522
300,477.687,0.73602,1.00814,0.7774,0.00295,0.20825,0.84679,0.69172,0.81099,0.62521,0.70549,0.75469,0.80613,0.49865,0.84398,1.59746,1.10869,0.00301,0,0.000684772,0.000684772,0.000684772
301,479.061,0.69456,1.04376,0.7697,0.00257,0.17852,0.8653,0.69609,0.8101,0.62545,0.85602,0.69716,0.82852,0.50318,0.9095,1.49185,1.11094,0.00334,0,0.000684022,0.000684022,0.000684022
302,480.452,0.68069,0.8767,0.71404,0.00321,0.15151,0.8653,0.69609,0.8101,0.62545,0.85602,0.69716,0.82852,0.50318,0.9095,1.49185,1.11094,0.00334,0,0.000683273,0.000683273,0.000683273
303,481.865,0.69726,0.96368,0.73353,0.00244,0.18975,0.79545,0.73228,0.81169,0.61562,0.80449,0.75896,0.82112,0.51473,0.88278,1.50752,1.18094,0.0031,0,0.000682523,0.000682523,0.000682523
304,483.635,0.72884,1.11961,0.79124,0.00251,0.20636,0.80618,0.72304,0.81789,0.62126,0.78869,0.77318,0.81779,0.5181,0.87494,1.42165,1.10796,0.003,0,0.000681773,0.000681773,0.000681773
305,485.127,0.67734,0.92316,0.69258,0.00255,0.135,0.77804,0.77069,0.83265,0.6431,0.79103,0.77854,0.82045,0.51478,0.86872,1.4576,1.03323,0.00314,0,0.000681023,0.000681023,0.000681023
306,486.588,0.79206,0.90747,0.70127,0.00345,0.10169,0.84091,0.75536,0.83817,0.6536,0.80525,0.79387,0.84262,0.51162,0.89824,1.35579,1.0157,0.00343,0,0.000680273,0.000680273,0.000680273
307,488.355,0.79872,0.85873,0.75519,0.00364,0.09481,0.82779,0.76788,0.85362,0.66683,0.91725,0.69639,0.84455,0.49678,0.83835,1.39218,0.99283,0.00304,0,0.000679523,0.000679523,0.000679523
308,489.82,0.81837,0.98313,0.71326,0.00307,0.10581,0.88556,0.69865,0.83557,0.61015,0.87517,0.68384,0.8415,0.50349,0.95101,1.39012,1.07844,0.00342,0,0.000678773,0.000678773,0.000678773
309,491.377,0.82965,1.17088,0.87735,0.00329,0.17116,0.8957,0.70746,0.84256,0.59647,0.88753,0.68206,0.83631,0.50155,0.94183,1.57003,1.10854,0.00338,0,0.000678023,0.000678023,0.000678023
310,492.719,0.72047,1.00573,0.78357,0.00288,0.19086,0.90919,0.72481,0.85666,0.6391,0.86355,0.68608,0.83478,0.51098,0.88116,1.41791,1.06601,0.00313,0,0.000677273,0.000677273,0.000677273
311,494.139,0.7006,1.04622,0.69799,0.0026,0.09459,0.90407,0.72939,0.85437,0.64074,0.87244,0.70438,0.84265,0.52738,0.87493,1.4481,1.07962,0.00311,0,0.000676523,0.000676523,0.000676523
312,495.662,0.73006,0.93548,0.70471,0.00269,0.09258,0.90407,0.72939,0.85437,0.64074,0.87244,0.70438,0.84265,0.52738,0.87493,1.4481,1.07962,0.00311,0,0.000675773,0.000675773,0.000675773
313,497.421,0.75396,1.09434,0.71117,0.00271,0.09593,0.86373,0.75709,0.85203,0.64198,0.8244,0.75372,0.84028,0.53009,0.8395,1.33918,1.05613,0.0029,0,0.000675023,0.000675023,0.000675023
314,499.074,0.77129,1.21965,0.78113,0.0027,0.12159,0.88621,0.75244,0.83325,0.63246,0.86862,0.73857,0.82379,0.50792,0.8769,1.41857,1.03429,0.0032,0,0.000674273,0.000674273,0.000674273
315,500.525,0.67996,0.99872,0.71307,0.00241,0.10271,0.92257,0.69374,0.84174,0.65196,0.77357,0.76944,0.8126,0.51361,0.87535,1.41773,0.94801,0.00308,0,0.000673524,0.000673524,0.000673524
316,502.008,0.69989,0.94043,0.69907,0.0031,0.11613,0.91292,0.69151,0.83397,0.63118,0.90883,0.70317,0.81607,0.5297,0.97965,1.38298,1.00682,0.0038,0,0.000672774,0.000672774,0.000672774
317,503.801,0.78191,1.07131,0.77566,0.00317,0.09051,0.86628,0.7388,0.84483,0.62208,0.89471,0.72034,0.83659,0.52175,1.05127,1.37591,1.03932,0.00443,0,0.000672024,0.000672024,0.000672024
318,505.198,0.75521,0.99352,0.73942,0.00305,0.10153,0.79356,0.75935,0.83556,0.64326,0.87499,0.66649,0.78997,0.51089,0.91933,1.31722,1.02602,0.00368,0,0.000671274,0.000671274,0.000671274
319,506.674,0.67503,1.02258,0.68786,0.00277,0.09248,0.78658,0.78389,0.85416,0.66703,0.881,0.67313,0.79659,0.53026,0.83399,1.34992,0.99053,0.00295,0,0.000670524,0.000670524,0.000670524
320,508.159,0.66939,0.91361,0.70735,0.00275,0.09892,0.79399,0.76427,0.83622,0.66937,0.83825,0.71694,0.80882,0.5434,0.83464,1.43255,0.96999,0.00297,0,0.000669774,0.000669774,0.000669774
321,509.63,0.68333,0.91785,0.70586,0.00272,0.08153,0.81829,0.73411,0.83189,0.66697,0.82938,0.74454,0.84842,0.54637,0.83539,1.39047,1.01412,0.00315,0,0.000669024,0.000669024,0.000669024
322,511.35,0.68834,0.98292,0.73444,0.0029,0.10634,0.81829,0.73411,0.83189,0.66697,0.82938,0.74454,0.84842,0.54637,0.83539,1.39047,1.01412,0.00315,0,0.000668274,0.000668274,0.000668274
323,512.905,0.72694,0.8587,0.67571,0.0029,0.07427,0.83744,0.70343,0.82754,0.64643,0.84964,0.71402,0.8448,0.55187,0.83662,1.44251,1.06833,0.00306,0,0.000667524,0.000667524,0.000667524
324,514.338,0.6936,0.85153,0.69867,0.00283,0.0653,0.82709,0.72461,0.83235,0.6485,0.83949,0.73541,0.84442,0.54127,0.84402,1.45376,1.03385,0.00306,0,0.000666774,0.000666774,0.000666774
325,515.821,0.71768,0.89154,0.73194,0.00289,0.06389,0.82463,0.7665,0.83931,0.65758,0.81145,0.75192,0.8091,0.5189,0.84594,1.28821,0.95269,0.00317,0,0.000666024,0.000666024,0.000666024
326,517.642,0.73847,1.13583,0.75741,0.0027,0.07579,0.84855,0.74544,0.83787,0.65633,0.83359,0.71543,0.80489,0.49155,0.85133,1.34163,0.91068,0.00304,0,0.000665274,0.000665274,0.000665274
327,519.033,0.67702,0.89458,0.64998,0.0024,0.06425,0.82875,0.76284,0.84773,0.65813,0.80919,0.74634,0.81704,0.48974,0.84368,1.32829,0.94488,0.00308,0,0.000664524,0.000664524,0.000664524
328,520.723,0.68255,0.91219,0.66116,0.00245,0.06313,0.84973,0.71535,0.8539,0.66366,0.84663,0.70072,0.82451,0.51755,0.84739,1.36074,0.89452,0.00297,0,0.000663775,0.000663775,0.000663775
329,522.204,0.69781,0.93752,0.63721,0.00268,0.06109,0.87949,0.73561,0.84972,0.66031,0.86902,0.72499,0.83952,0.53008,0.84713,1.4658,0.93104,0.00297,0,0.000663025,0.000663025,0.000663025
330,523.829,0.65033,0.9215,0.65987,0.00257,0.05792,0.82436,0.73733,0.8403,0.65926,0.79785,0.71333,0.82215,0.52484,0.84885,1.49056,0.99058,0.00307,0,0.000662275,0.000662275,0.000662275
331,525.266,0.63236,0.83928,0.67811,0.00256,0.07556,0.8382,0.77071,0.84857,0.6628,0.83666,0.77564,0.84872,0.53724,0.85411,1.51555,0.99042,0.003,0,0.000661525,0.000661525,0.000661525
332,526.71,0.66394,1.00464,0.70058,0.00256,0.06094,0.8382,0.77071,0.84857,0.6628,0.83666,0.77564,0.84872,0.53724,0.85411,1.51555,0.99042,0.003,0,0.000660775,0.000660775,0.000660775
333,528.153,0.63404,0.88339,0.65352,0.00255,0.05658,0.85017,0.76409,0.84243,0.63998,0.85011,0.76913,0.84365,0.53343,0.89678,1.44196,0.98236,0.00307,0,0.000660025,0.000660025,0.000660025
334,529.905,0.67833,0.99713,0.66385,0.00221,0.05102,0.84408,0.75646,0.83953,0.63251,0.85288,0.76744,0.85178,0.53912,0.90994,1.48976,0.9724,0.00308,0,0.000659275,0.000659275,0.000659275
335,531.507,0.65872,1.00054,0.66013,0.00215,0.05893,0.81369,0.78867,0.85913,0.64851,0.79553,0.76649,0.84629,0.54059,0.90326,1.50213,0.97562,0.00318,0,0.000658525,0.000658525,0.000658525
336,532.899,0.64549,0.95179,0.66503,0.00247,0.0588,0.85108,0.78445,0.859,0.66158,0.83087,0.78182,0.84502,0.53582,0.88587,1.31386,0.892,0.00317,0,0.000657775,0.000657775,0.000657775
337,534.429,0.65609,0.92296,0.74508,0.00242,0.0818,0.84404,0.75789,0.84647,0.66276,0.82025,0.77835,0.82925,0.51987,0.85703,1.30044,0.91563,0.00308,0,0.000657025,0.000657025,0.000657025
338,536.22,0.70927,1.01137,0.68371,0.00303,0.10009,0.86426,0.77964,0.85292,0.66706,0.80131,0.77739,0.8329,0.52079,0.83892,1.26493,0.90216,0.00295,0,0.000656275,0.000656275,0.000656275
339,537.68,0.70082,0.95227,0.6532,0.00281,0.04767,0.82342,0.8093,0.85341,0.65964,0.78136,0.79571,0.82183,0.51678,0.85611,1.42887,0.92337,0.00318,0,0.000655525,0.000655525,0.000655525
340,539.118,0.70041,0.89045,0.6642,0.00341,0.08566,0.87072,0.75918,0.85462,0.67262,0.84534,0.73415,0.84391,0.53121,0.83248,1.27799,0.89809,0.00284,0,0.000654775,0.000654775,0.000654775
341,540.555,0.63356,0.93433,0.62676,0.00234,0.05226,0.87357,0.75826,0.84875,0.66243,0.84838,0.73343,0.84146,0.55216,0.86485,1.44198,0.90881,0.00313,0,0.000654025,0.000654025,0.000654025
342,542.229,0.67417,0.99289,0.68888,0.00259,0.06822,0.87357,0.75826,0.84875,0.66243,0.84838,0.73343,0.84146,0.55216,0.86485,1.44198,0.90881,0.00313,0,0.000653276,0.000653276,0.000653276
343,543.749,0.68567,0.93647,0.64406,0.00282,0.0586,0.73524,0.80017,0.84403,0.6496,0.72675,0.79195,0.8172,0.55303,0.9252,1.54927,0.91009,0.00378,0,0.000652526,0.000652526,0.000652526
344,545.276,0.6592,0.86821,0.62156,0.00258,0.0979,0.72477,0.82257,0.83404,0.64228,0.71714,0.79591,0.80581,0.54009,0.88732,1.58813,0.8941,0.00338,0,0.000651776,0.000651776,0.000651776
345,546.83,0.66704,0.98056,0.64258,0.00253,0.08801,0.74247,0.76251,0.81197,0.63079,0.75528,0.76957,0.82067,0.5376,0.84991,1.53281,0.94559,0.00308,0,0.000651026,0.000651026,0.000651026
346,548.476,0.61739,0.87366,0.6171,0.00255,0.05231,0.77208,0.76475,0.79817,0.62671,0.78604,0.77726,0.8032,0.51726,0.85234,1.50398,0.92743,0.00301,0,0.000650276,0.000650276,0.000650276
347,549.851,0.61458,0.89898,0.59614,0.00256,0.04673,0.77422,0.75224,0.79235,0.63135,0.79506,0.77301,0.81682,0.5124,0.79515,1.63513,0.94804,0.00273,0,0.000649526,0.000649526,0.000649526
348,551.315,0.68538,0.93241,0.64908,0.00255,0.05841,0.70863,0.78734,0.79877,0.61878,0.69927,0.78069,0.78566,0.50309,0.82506,1.72674,0.98686,0.00296,0,0.000648776,0.000648776,0.000648776
349,552.674,0.67005,0.98425,0.65116,0.00255,0.06813,0.71771,0.80828,0.81071,0.63386,0.71122,0.78263,0.79269,0.5195,0.85054,1.40081,1.00261,0.00306,0,0.000648026,0.000648026,0.000648026
350,554.025,0.65198,0.98317,0.65077,0.0025,0.08134,0.72448,0.80255,0.80906,0.63325,0.72097,0.78653,0.80648,0.53899,0.84174,1.2516,0.95826,0.00287,0,0.000647276,0.000647276,0.000647276
351,555.666,0.62595,0.80421,0.62388,0.00261,0.04843,0.71032,0.82067,0.81084,0.63815,0.72797,0.83921,0.83842,0.55093,0.8065,1.37101,0.96095,0.00286,0,0.000646526,0.000646526,0.000646526
352,557.074,0.6555,0.90548,0.63379,0.00253,0.04794,0.71032,0.82067,0.81084,0.63815,0.72797,0.83921,0.83842,0.55093,0.8065,1.37101,0.96095,0.00286,0,0.000645776,0.000645776,0.000645776
353,558.56,0.67303,0.87272,0.65468,0.00285,0.0875,0.78815,0.74686,0.83188,0.6359,0.78815,0.74686,0.83948,0.55258,0.82604,1.39631,0.98599,0.00291,0,0.000645026,0.000645026,0.000645026
354,560.086,0.74347,0.92881,0.68807,0.00297,0.07846,0.78364,0.794,0.8513,0.62305,0.77537,0.7714,0.83772,0.53865,0.9418,1.31765,0.96837,0.00332,0,0.000644276,0.000644276,0.000644276
355,561.695,0.76078,0.88605,0.65263,0.00279,0.07271,0.82626,0.81872,0.86684,0.64577,0.81617,0.80402,0.85556,0.54743,0.96394,1.35775,0.93373,0.00339,0,0.000643527,0.000643527,0.000643527
356,563.317,0.71878,1.05212,0.60564,0.00251,0.04506,0.79306,0.81882,0.8614,0.65367,0.79306,0.81882,0.86686,0.55171,0.85269,1.37821,0.99147,0.00305,0,0.000642777,0.000642777,0.000642777
357,564.813,0.68663,0.91771,0.65689,0.00261,0.04645,0.87852,0.74193,0.85647,0.6596,0.88371,0.7487,0.85305,0.53804,0.83325,1.44778,0.94539,0.00294,0,0.000642027,0.000642027,0.000642027
358,566.329,0.67727,0.95616,0.6072,0.00261,0.04546,0.8426,0.76871,0.86366,0.68239,0.80915,0.78375,0.83974,0.53406,0.8224,1.32457,0.86278,0.00311,0,0.000641277,0.000641277,0.000641277
359,568.035,0.69612,0.96385,0.62893,0.00258,0.06416,0.85951,0.7184,0.85196,0.67667,0.80017,0.75226,0.82787,0.53036,0.80195,1.33527,0.91995,0.00303,0,0.000640527,0.000640527,0.000640527
360,569.577,0.72378,0.98857,0.65907,0.00305,0.06286,0.82506,0.74287,0.84239,0.65546,0.82261,0.73504,0.84307,0.53684,0.83075,1.40325,0.93609,0.00296,0,0.000639777,0.000639777,0.000639777
361,571.081,0.70344,0.83886,0.58714,0.00305,0.04133,0.83272,0.76076,0.82397,0.63675,0.84252,0.75524,0.83413,0.53851,0.84888,1.42043,0.99434,0.0031,0,0.000639027,0.000639027,0.000639027
362,572.574,0.76404,1.0762,0.65821,0.00272,0.04429,0.83272,0.76076,0.82397,0.63675,0.84252,0.75524,0.83413,0.53851,0.84888,1.42043,0.99434,0.0031,0,0.000638277,0.000638277,0.000638277
363,574.234,0.64887,0.94162,0.61538,0.00245,0.03878,0.85068,0.74874,0.83924,0.67014,0.85864,0.75009,0.83326,0.54888,0.83473,1.4409,0.86862,0.00301,0,0.000637527,0.000637527,0.000637527
364,575.758,0.62929,0.86353,0.58037,0.00262,0.04539,0.85013,0.76287,0.83821,0.66285,0.86172,0.75207,0.82435,0.55751,0.85335,1.33661,0.91586,0.00321,0,0.000636777,0.000636777,0.000636777
365,577.421,0.67389,0.98869,0.61762,0.00247,0.04554,0.84677,0.7417,0.82139,0.65317,0.85331,0.76257,0.82576,0.55705,0.79818,1.42181,0.98294,0.00291,0,0.000636027,0.000636027,0.000636027
366,578.982,0.61839,0.79352,0.56739,0.00243,0.04486,0.82664,0.74232,0.82617,0.65866,0.83852,0.7672,0.83488,0.54829,0.80195,1.39889,0.95131,0.00275,0,0.000635277,0.000635277,0.000635277
367,580.425,0.6758,0.96988,0.62888,0.00258,0.0429,0.82545,0.74411,0.82912,0.66281,0.81171,0.74318,0.82691,0.53833,0.80903,1.3245,0.95264,0.00282,0,0.000634527,0.000634527,0.000634527
368,582.132,0.67764,0.85901,0.576,0.00267,0.04141,0.81911,0.74782,0.83361,0.67263,0.78278,0.73565,0.82455,0.54087,0.81131,1.33147,0.91551,0.00281,0,0.000633778,0.000633778,0.000633778
369,583.58,0.73606,0.97454,0.61866,0.00269,0.04961,0.82343,0.73366,0.82547,0.653,0.82471,0.73424,0.82402,0.51942,0.83077,1.37284,0.94583,0.00293,0,0.000633028,0.000633028,0.000633028
370,585.191,0.67049,0.89584,0.57016,0.0024,0.04154,0.86133,0.73985,0.83023,0.65263,0.82925,0.73591,0.82418,0.51242,0.81146,1.54293,0.97315,0.0029,0,0.000632278,0.000632278,0.000632278
371,586.773,0.65337,0.91215,0.57211,0.00246,0.05434,0.8584,0.70998,0.83402,0.66282,0.81029,0.74327,0.83997,0.54277,0.81942,1.51259,0.95573,0.00294,0,0.000631528,0.000631528,0.000631528
372,588.349,0.62776,0.76812,0.61985,0.00251,0.04096,0.8584,0.70998,0.83402,0.66282,0.81029,0.74327,0.83997,0.54277,0.81942,1.51259,0.95573,0.00294,0,0.000630778,0.000630778,0.000630778
373,589.777,0.65419,0.89464,0.58308,0.00258,0.04381,0.8981,0.67761,0.82887,0.65177,0.84742,0.69421,0.82982,0.54408,0.8182,1.52052,0.96742,0.00296,0,0.000630028,0.000630028,0.000630028
374,591.183,0.59481,0.83777,0.57184,0.00235,0.0401,0.88872,0.68402,0.82883,0.66013,0.86871,0.6938,0.84251,0.53928,0.78257,1.51875,1.00188,0.00284,0,0.000629278,0.000629278,0.000629278
375,592.601,0.62231,0.88041,0.57158,0.00249,0.0633,0.79348,0.74492,0.844,0.67777,0.86979,0.71961,0.85447,0.53186,0.76709,1.38995,0.98562,0.00274,0,0.000628528,0.000628528,0.000628528
376,594.069,0.63473,0.94115,0.59787,0.0023,0.03898,0.78621,0.76962,0.85796,0.68754,0.78999,0.7661,0.86133,0.55489,0.76521,1.20343,0.93936,0.0027,0,0.000627778,0.000627778,0.000627778
377,595.781,0.62324,0.81658,0.56068,0.00226,0.03901,0.80704,0.76873,0.85476,0.68285,0.81005,0.76521,0.85372,0.55116,0.78725,1.2772,0.90822,0.00272,0,0.000627028,0.000627028,0.000627028
378,597.39,0.66049,0.97819,0.60409,0.00238,0.0359,0.81043,0.74809,0.84469,0.66892,0.82385,0.75531,0.85294,0.53386,0.81226,1.3672,0.94877,0.00277,0,0.000626278,0.000626278,0.000626278
379,598.889,0.61326,0.88684,0.55269,0.00236,0.04664,0.82809,0.72692,0.85976,0.67703,0.73947,0.78464,0.85375,0.54312,0.85874,1.21623,0.84354,0.00289,0,0.000625528,0.000625528,0.000625528
380,600.334,0.66102,0.90737,0.5683,0.00252,0.03981,0.87157,0.73029,0.86194,0.68985,0.84291,0.72417,0.84816,0.56491,0.84374,1.19855,0.84779,0.00289,0,0.000624778,0.000624778,0.000624778
381,602.111,0.65762,0.85245,0.56434,0.0027,0.04734,0.84043,0.73894,0.85888,0.68729,0.83535,0.73206,0.85346,0.56657,0.81657,1.38508,0.86922,0.00282,0,0.000624028,0.000624028,0.000624028
382,603.574,0.68191,0.92671,0.59604,0.0025,0.03567,0.84043,0.73894,0.85888,0.68729,0.83535,0.73206,0.85346,0.56657,0.81657,1.38508,0.86922,0.00282,0,0.000623279,0.000623279,0.000623279
383,605.1,0.67153,0.89515,0.60193,0.00279,0.03761,0.8585,0.73265,0.83922,0.66217,0.85526,0.72518,0.83678,0.53997,0.80288,1.46128,0.95569,0.0029,0,0.000622529,0.000622529,0.000622529
384,606.546,0.60706,0.82937,0.58716,0.00235,0.04296,0.87045,0.75218,0.85034,0.67802,0.85673,0.7411,0.83545,0.54332,0.82078,1.40113,0.86412,0.00292,0,0.000621779,0.000621779,0.000621779
385,608.317,0.61665,0.85506,0.59095,0.00225,0.03775,0.83852,0.74441,0.85978,0.6771,0.82332,0.72807,0.84014,0.5591,0.83823,1.42271,0.83254,0.00294,0,0.000621029,0.000621029,0.000621029
386,609.819,0.62746,0.8414,0.53037,0.00216,0.04644,0.83463,0.737,0.8504,0.66653,0.82097,0.71734,0.83558,0.55722,0.84191,1.41572,0.87231,0.00294,0,0.000620279,0.000620279,0.000620279
387,611.254,0.64529,0.94012,0.59322,0.00221,0.07668,0.83214,0.74845,0.85956,0.66757,0.82073,0.73367,0.83353,0.54609,0.82528,1.43867,0.9285,0.003,0,0.000619529,0.000619529,0.000619529
388,612.649,0.62776,0.89041,0.57233,0.00236,0.03256,0.81118,0.80419,0.87266,0.67966,0.79739,0.79014,0.84935,0.55145,0.83381,1.4248,0.93955,0.003,0,0.000618779,0.000618779,0.000618779
389,614.299,0.60458,0.83406,0.53445,0.00224,0.0324,0.79903,0.81891,0.86908,0.69732,0.78631,0.80086,0.84759,0.56363,0.81533,1.40495,0.79862,0.00284,0,0.000618029,0.000618029,0.000618029
390,616.087,0.62881,0.89883,0.56612,0.00242,0.03611,0.83046,0.79163,0.87264,0.70587,0.82173,0.77401,0.85169,0.56448,0.79389,1.32792,0.80503,0.0028,0,0.000617279,0.000617279,0.000617279
391,617.55,0.5986,0.84168,0.52599,0.00221,0.0518,0.82348,0.77657,0.86397,0.68452,0.79703,0.75134,0.8359,0.53786,0.80832,1.35261,0.8281,0.00285,0,0.000616529,0.000616529,0.000616529
392,618.936,0.6871,0.905,0.58838,0.00238,0.03749,0.82348,0.77657,0.86397,0.68452,0.79703,0.75134,0.8359,0.53786,0.80832,1.35261,0.8281,0.00285,0,0.000615779,0.000615779,0.000615779
393,620.363,0.57425,0.82945,0.58156,0.00218,0.03618,0.83441,0.77412,0.86185,0.68203,0.81006,0.7474,0.8249,0.50366,0.82174,1.50921,0.84002,0.00282,0,0.000615029,0.000615029,0.000615029
394,621.901,0.64438,0.90872,0.60006,0.00225,0.05717,0.82062,0.78369,0.86279,0.66874,0.78544,0.74587,0.81487,0.52572,0.88685,1.38314,0.83923,0.00296,0,0.000614279,0.000614279,0.000614279
395,623.313,0.62257,0.9205,0.54579,0.00246,0.0379,0.85105,0.75962,0.85938,0.65756,0.86253,0.75013,0.85345,0.55006,0.87519,1.44537,0.80023,0.00289,0,0.00061353,0.00061353,0.00061353
396,624.733,0.62268,0.91756,0.59691,0.00227,0.05073,0.82897,0.71268,0.83447,0.64774,0.8301,0.71718,0.83711,0.55165,0.87318,1.39792,0.84159,0.00299,0,0.00061278,0.00061278,0.00061278
397,626.143,0.5899,0.81191,0.51882,0.00233,0.03803,0.87995,0.74995,0.86511,0.66282,0.86331,0.7356,0.84863,0.53059,0.86836,1.37135,0.85961,0.00295,0,0.00061203,0.00061203,0.00061203
398,627.84,0.61261,0.84379,0.57453,0.00241,0.0495,0.84413,0.72847,0.84651,0.65933,0.84699,0.7441,0.84553,0.54817,0.89295,1.27322,0.88145,0.00296,0,0.00061128,0.00061128,0.00061128
399,629.267,0.64182,0.81558,0.59514,0.0025,0.0646,0.85845,0.72997,0.83944,0.65014,0.86848,0.7383,0.83777,0.55675,0.871,1.33679,0.92513,0.00294,0,0.00061053,0.00061053,0.00061053
400,630.811,0.62953,0.82793,0.53103,0.00231,0.05363,0.87849,0.69484,0.81193,0.62901,0.89023,0.71206,0.83563,0.55887,0.82642,1.39608,1.00924,0.00293,0,0.00060978,0.00060978,0.00060978
401,632.352,0.66101,0.89332,0.57839,0.0025,0.03528,0.88719,0.67363,0.81202,0.62916,0.87312,0.69438,0.83855,0.55453,0.8231,1.37104,1.00405,0.00288,0,0.00060903,0.00060903,0.00060903
402,633.822,0.64008,0.87865,0.53788,0.0023,0.04087,0.88719,0.67363,0.81202,0.62916,0.87312,0.69438,0.83855,0.55453,0.8231,1.37104,1.00405,0.00288,0,0.00060828,0.00060828,0.00060828
403,635.538,0.63246,0.89916,0.56608,0.00241,0.0357,0.84366,0.71235,0.8211,0.64123,0.88933,0.65345,0.79302,0.53435,0.87733,1.50908,0.94492,0.00293,0,0.00060753,0.00060753,0.00060753
404,637.113,0.63239,0.87203,0.6014,0.0023,0.03832,0.87128,0.69072,0.82277,0.63257,0.86386,0.68268,0.82685,0.55234,0.90927,1.32979,0.92749,0.00294,0,0.00060678,0.00060678,0.00060678
405,638.54,0.61886,0.83224,0.56593,0.00251,0.06514,0.87143,0.71392,0.81713,0.63681,0.86389,0.7059,0.82425,0.55618,0.89129,1.36792,0.92597,0.00285,0,0.00060603,0.00060603,0.00060603
406,639.897,0.57874,0.75573,0.55166,0.0025,0.04162,0.87236,0.71247,0.82624,0.63987,0.82371,0.67467,0.80025,0.54901,0.86578,1.31343,0.96105,0.00284,0,0.00060528,0.00060528,0.00060528
407,641.493,0.61446,0.81895,0.61202,0.00261,0.04614,0.81451,0.7407,0.8311,0.65337,0.82031,0.76284,0.84537,0.54413,0.87528,1.30279,0.87433,0.00296,0,0.00060453,0.00060453,0.00060453
408,643.111,0.62473,0.80238,0.54789,0.00283,0.0321,0.7971,0.77109,0.85187,0.6715,0.81873,0.78955,0.87474,0.58079,0.86581,1.21762,0.85986,0.00296,0,0.000603781,0.000603781,0.000603781
409,644.591,0.62016,0.75244,0.49175,0.00243,0.03422,0.82131,0.77852,0.8613,0.65958,0.84933,0.79507,0.88128,0.56924,0.8355,1.19787,0.89943,0.00277,0,0.000603031,0.000603031,0.000603031
410,646.122,0.66382,0.91381,0.57012,0.00238,0.03442,0.7938,0.79803,0.86382,0.65722,0.78975,0.79632,0.85031,0.54687,0.8376,1.21396,0.90256,0.00291,0,0.000602281,0.000602281,0.000602281
411,647.786,0.68079,0.86884,0.56827,0.00294,0.06703,0.80462,0.80773,0.8651,0.67081,0.83306,0.83381,0.89392,0.54801,0.81203,1.22146,0.84851,0.00277,0,0.000601531,0.000601531,0.000601531
412,649.304,0.67335,0.95433,0.5414,0.0024,0.04685,0.80462,0.80773,0.8651,0.67081,0.83306,0.83381,0.89392,0.54801,0.81203,1.22146,0.84851,0.00277,0,0.000600781,0.000600781,0.000600781
413,650.964,0.64697,0.90784,0.54264,0.00257,0.04718,0.79516,0.85136,0.87973,0.69647,0.77724,0.83298,0.85876,0.56198,0.7974,1.1431,0.77852,0.00275,0,0.000600031,0.000600031,0.000600031
414,652.392,0.60477,0.77676,0.52423,0.00259,0.04257,0.79881,0.83859,0.88164,0.70855,0.74916,0.8252,0.84763,0.55373,0.78013,1.17581,0.76959,0.00264,0,0.000599281,0.000599281,0.000599281
415,653.901,0.58955,0.7858,0.51694,0.00234,0.04093,0.83759,0.77372,0.8899,0.70984,0.83975,0.77667,0.86386,0.55269,0.78365,1.2058,0.81012,0.00278,0,0.000598531,0.000598531,0.000598531
416,655.492,0.63079,0.81812,0.53536,0.00242,0.039,0.81178,0.78576,0.88164,0.70503,0.78925,0.77349,0.84216,0.55703,0.79126,1.22645,0.81816,0.0028,0,0.000597781,0.000597781,0.000597781
417,656.926,0.59379,0.76654,0.497,0.00264,0.04159,0.85661,0.77386,0.88055,0.70536,0.83203,0.79196,0.86326,0.55221,0.78324,1.23491,0.82585,0.00276,0,0.000597031,0.000597031,0.000597031
418,658.583,0.60875,0.82482,0.50697,0.00215,0.04088,0.823,0.77165,0.87123,0.69033,0.82169,0.8032,0.86601,0.5477,0.76729,1.31309,0.83706,0.0027,0,0.000596281,0.000596281,0.000596281
419,660.37,0.61162,0.88312,0.54063,0.00225,0.03526,0.7976,0.7811,0.87783,0.68759,0.81813,0.79894,0.87089,0.5462,0.7619,1.39653,0.83897,0.00269,0,0.000595531,0.000595531,0.000595531
420,661.951,0.68028,1.01602,0.54341,0.00236,0.03415,0.82368,0.76887,0.8726,0.69235,0.85565,0.79503,0.86954,0.54533,0.76951,1.31808,0.83651,0.00269,0,0.000594781,0.000594781,0.000594781
421,663.334,0.6076,0.88112,0.60555,0.00215,0.04272,0.81483,0.76236,0.86903,0.69361,0.84082,0.7721,0.84877,0.52871,0.79724,1.26965,0.78143,0.00283,0,0.000594031,0.000594031,0.000594031
422,664.797,0.59796,0.81166,0.49974,0.00248,0.03515,0.81483,0.76236,0.86903,0.69361,0.84082,0.7721,0.84877,0.52871,0.79724,1.26965,0.78143,0.00283,0,0.000593282,0.000593282,0.000593282
423,666.531,0.57893,0.79691,0.50198,0.00227,0.03795,0.77762,0.7808,0.86477,0.68988,0.79603,0.79458,0.8534,0.52956,0.80009,1.30311,0.80652,0.00274,0,0.000592532,0.000592532,0.000592532
424,668.143,0.55861,0.71371,0.5023,0.00227,0.05197,0.80879,0.79657,0.85992,0.68391,0.81439,0.80436,0.85075,0.53615,0.80006,1.34665,0.86229,0.00272,0,0.000591782,0.000591782,0.000591782
425,669.666,0.53166,0.72511,0.4775,0.00217,0.04102,0.78769,0.7527,0.84641,0.67802,0.79196,0.75386,0.83754,0.55426,0.81277,1.31298,0.85428,0.00279,0,0.000591032,0.000591032,0.000591032
426,671.132,0.58552,0.77278,0.54192,0.00229,0.03878,0.85039,0.74197,0.84559,0.66531,0.85711,0.74685,0.8363,0.5558,0.8242,1.27075,0.87599,0.00279,0,0.000590282,0.000590282,0.000590282
427,672.693,0.6318,0.8599,0.54026,0.00248,0.06231,0.81483,0.74172,0.85091,0.66635,0.82138,0.74661,0.83513,0.53829,0.83466,1.29821,0.86631,0.00282,0,0.000589532,0.000589532,0.000589532
428,674.255,0.59927,0.89654,0.52941,0.00232,0.04221,0.87492,0.68861,0.82929,0.63501,0.87995,0.69349,0.81235,0.53127,0.8396,1.23769,0.89515,0.00292,0,0.000588782,0.000588782,0.000588782
429,675.759,0.58095,0.80556,0.53038,0.00225,0.10422,0.82315,0.7446,0.83149,0.63898,0.83378,0.75262,0.81199,0.53328,0.81186,1.24715,0.86409,0.00293,0,0.000588032,0.000588032,0.000588032
430,677.138,0.61959,0.82885,0.55555,0.00232,0.06492,0.84198,0.70908,0.83941,0.65588,0.85145,0.71655,0.8202,0.54135,0.7976,1.25534,0.85195,0.00278,0,0.000587282,0.000587282,0.000587282
431,678.748,0.56487,0.80557,0.50583,0.00238,0.03511,0.81462,0.72745,0.87491,0.68513,0.82147,0.73197,0.8424,0.54301,0.81469,1.19471,0.83467,0.00276,0,0.000586532,0.000586532,0.000586532
432,680.329,0.60168,0.78445,0.52106,0.00238,0.06341,0.81462,0.72745,0.87491,0.68513,0.82147,0.73197,0.8424,0.54301,0.81469,1.19471,0.83467,0.00276,0,0.000585782,0.000585782,0.000585782
433,681.752,0.56985,0.76057,0.5345,0.00252,0.03423,0.8055,0.80236,0.86587,0.6743,0.77459,0.77962,0.81666,0.51829,0.82895,1.16673,0.84939,0.00288,0,0.000585032,0.000585032,0.000585032
434,683.157,0.58331,0.78217,0.5217,0.00241,0.03712,0.74177,0.78658,0.83117,0.65379,0.75839,0.8001,0.83019,0.51311,0.83191,1.25005,0.96996,0.00299,0,0.000584282,0.000584282,0.000584282
435,684.809,0.61744,0.92274,0.55585,0.00217,0.04726,0.77238,0.7389,0.80675,0.64307,0.74728,0.7879,0.80475,0.50537,0.83266,1.29702,1.00935,0.00284,0,0.000583533,0.000583533,0.000583533
436,686.288,0.6401,0.85692,0.55753,0.00242,0.05918,0.75819,0.82313,0.80285,0.63421,0.7559,0.8251,0.80641,0.51352,0.83784,1.25187,1.00064,0.00279,0,0.000582783,0.000582783,0.000582783
437,687.882,0.60283,0.82688,0.50554,0.00233,0.0366,0.77356,0.80313,0.80129,0.64192,0.80255,0.80698,0.82772,0.54199,0.81174,1.20123,0.97608,0.00283,0,0.000582033,0.000582033,0.000582033
438,689.449,0.62414,0.97602,0.54423,0.0022,0.04619,0.78571,0.76008,0.81839,0.65052,0.83702,0.7816,0.82227,0.53988,0.82904,1.24066,0.88519,0.00297,0,0.000581283,0.000581283,0.000581283
439,690.796,0.59827,0.80105,0.55162,0.00243,0.04052,0.75711,0.79151,0.8271,0.66973,0.78417,0.81838,0.83932,0.55692,0.80022,1.33144,0.88689,0.00286,0,0.000580533,0.000580533,0.000580533
440,692.447,0.58034,0.82248,0.48423,0.00196,0.03499,0.82583,0.70792,0.82094,0.66297,0.76794,0.78216,0.83642,0.55682,0.79069,1.20387,0.84791,0.00286,0,0.000579783,0.000579783,0.000579783
441,693.775,0.61799,0.97042,0.55211,0.00239,0.03866,0.82245,0.72205,0.82413,0.65532,0.81319,0.75266,0.8422,0.55287,0.79393,1.2367,0.86008,0.00289,0,0.000579033,0.000579033,0.000579033
442,695.085,0.60279,0.79804,0.49892,0.00236,0.05522,0.82245,0.72205,0.82413,0.65532,0.81319,0.75266,0.8422,0.55287,0.79393,1.2367,0.86008,0.00289,0,0.000578283,0.000578283,0.000578283
443,696.369,0.63754,0.84327,0.58294,0.00245,0.05732,0.85475,0.7311,0.83688,0.65981,0.87403,0.74697,0.84661,0.54829,0.79903,1.21765,0.88229,0.00277,0,0.000577533,0.000577533,0.000577533
444,697.894,0.58642,0.85799,0.51326,0.00224,0.03827,0.77615,0.77268,0.83061,0.65562,0.78458,0.7826,0.8343,0.54429,0.82684,1.23015,0.91197,0.00292,0,0.000576783,0.000576783,0.000576783
445,699.161,0.62813,0.95593,0.56016,0.00193,0.07514,0.71249,0.73237,0.8097,0.63695,0.88063,0.64083,0.82603,0.56284,0.83912,1.23739,0.97364,0.00294,0,0.000576033,0.000576033,0.000576033
446,700.558,0.61358,0.86603,0.55287,0.00217,0.04284,0.88865,0.68946,0.83797,0.65497,0.89288,0.69237,0.84825,0.572,0.82249,1.45027,0.93075,0.0028,0,0.000575283,0.000575283,0.000575283
447,702.459,0.61005,0.86732,0.51142,0.00244,0.04361,0.81972,0.79977,0.85789,0.67117,0.84202,0.82351,0.86774,0.58572,0.84151,1.26186,0.8592,0.00284,0,0.000574533,0.000574533,0.000574533
448,704.508,0.61128,0.83635,0.55083,0.00225,0.04295,0.82582,0.82783,0.85803,0.68249,0.83344,0.83275,0.8713,0.58765,0.83594,1.21091,0.84379,0.00277,0,0.000573784,0.000573784,0.000573784
449,705.905,0.60563,0.82021,0.5188,0.00217,0.04457,0.84174,0.83432,0.86067,0.67765,0.85932,0.85078,0.8778,0.59556,0.85158,1.20748,0.817,0.00284,0,0.000573034,0.000573034,0.000573034
450,707.24,0.56415,0.77138,0.46874,0.00205,0.03561,0.88073,0.80738,0.86521,0.68263,0.90002,0.81996,0.87658,0.59009,0.82299,1.35605,0.80871,0.00279,0,0.000572284,0.000572284,0.000572284
451,708.542,0.60103,0.78479,0.53774,0.00225,0.0566,0.84841,0.83309,0.85749,0.67812,0.86196,0.8411,0.87149,0.57375,0.81507,1.38543,0.80227,0.00279,0,0.000571534,0.000571534,0.000571534
452,709.847,0.58425,0.75265,0.49316,0.00207,0.04716,0.84841,0.83309,0.85749,0.67812,0.86196,0.8411,0.87149,0.57375,0.81507,1.38543,0.80227,0.00279,0,0.000570784,0.000570784,0.000570784
453,711.194,0.60185,0.79416,0.50388,0.00231,0.05764,0.82273,0.79714,0.86856,0.6897,0.80787,0.85394,0.88001,0.56444,0.80305,1.49154,0.8338,0.00281,0,0.000570034,0.000570034,0.000570034
454,712.439,0.5804,0.75504,0.50126,0.00212,0.04412,0.80599,0.79081,0.87141,0.68329,0.82091,0.82322,0.88417,0.56796,0.82387,1.38374,0.83878,0.00288,0,0.000569284,0.000569284,0.000569284
455,713.859,0.66089,0.85153,0.6028,0.00251,0.05287,0.84546,0.79247,0.87804,0.67126,0.8033,0.83375,0.86952,0.56083,0.91123,1.36943,0.75593,0.00326,0,0.000568534,0.000568534,0.000568534
456,715.268,0.63099,0.75216,0.48898,0.0028,0.04309,0.81154,0.82765,0.88404,0.67787,0.80705,0.81674,0.86535,0.55232,0.9117,1.40039,0.77226,0.00328,0,0.000567784,0.000567784,0.000567784
457,716.596,0.65672,0.80169,0.50241,0.00252,0.0421,0.82798,0.81866,0.8831,0.68146,0.82277,0.80714,0.85984,0.56404,0.8771,1.28565,0.85336,0.00303,0,0.000567034,0.000567034,0.000567034
458,717.991,0.65373,0.7936,0.5308,0.00242,0.04863,0.84084,0.76878,0.87675,0.6912,0.8544,0.76311,0.85785,0.5627,0.85124,1.24979,0.8023,0.00287,0,0.000566284,0.000566284,0.000566284
459,719.288,0.60293,0.76142,0.4685,0.00232,0.0759,0.84916,0.77288,0.87346,0.69655,0.84873,0.76979,0.84949,0.56072,0.85219,1.24886,0.75752,0.00302,0,0.000565534,0.000565534,0.000565534
460,720.648,0.61385,0.79755,0.49645,0.0026,0.04021,0.78183,0.84821,0.88993,0.71436,0.85271,0.74549,0.85587,0.56863,0.81297,1.35098,0.75655,0.00281,0,0.000564784,0.000564784,0.000564784
461,722.766,0.57394,0.83924,0.5186,0.00217,0.0299,0.73433,0.86471,0.89123,0.7077,0.80064,0.7507,0.83559,0.5749,0.80374,1.25816,0.77301,0.00276,0,0.000564034,0.000564034,0.000564034
462,724.41,0.56833,0.76907,0.5165,0.00219,0.03043,0.73433,0.86471,0.89123,0.7077,0.80064,0.7507,0.83559,0.5749,0.80374,1.25816,0.77301,0.00276,0,0.000563285,0.000563285,0.000563285
463,725.921,0.61242,0.74865,0.52381,0.00263,0.03679,0.91854,0.71944,0.88872,0.69679,0.89551,0.70018,0.86265,0.58717,0.82795,1.28402,0.72374,0.00302,0,0.000562535,0.000562535,0.000562535
464,727.468,0.65967,0.79127,0.55636,0.00261,0.03596,0.87585,0.72003,0.86693,0.6826,0.87437,0.71675,0.8463,0.57249,0.87233,1.32836,0.77782,0.00334,0,0.000561785,0.000561785,0.000561785
465,728.861,0.68423,0.81694,0.58748,0.00277,0.07038,0.73795,0.83926,0.86508,0.6744,0.73896,0.83979,0.84603,0.56978,0.88568,1.31825,0.80619,0.0034,0,0.000561035,0.000561035,0.000561035
466,730.637,0.6068,0.71829,0.52374,0.00283,0.08847,0.83732,0.73938,0.86137,0.67785,0.83207,0.74012,0.84583,0.56916,0.85941,1.33533,0.78092,0.00317,0,0.000560285,0.000560285,0.000560285
467,732.184,0.66355,0.91746,0.5784,0.00244,0.03975,0.83978,0.71499,0.84503,0.66758,0.74166,0.80821,0.83857,0.55244,0.84622,1.33805,0.77557,0.00291,0,0.000559535,0.000559535,0.000559535
468,733.781,0.64832,0.82299,0.47694,0.00244,0.03633,0.929,0.65388,0.83005,0.64314,0.73364,0.79719,0.83095,0.53444,0.87787,1.3382,0.82173,0.003,0,0.000558785,0.000558785,0.000558785
469,735.363,0.63126,0.75004,0.49674,0.00245,0.03367,0.75592,0.82716,0.87757,0.67565,0.77465,0.84467,0.8733,0.56096,0.87349,1.41652,0.82398,0.00293,0,0.000558035,0.000558035,0.000558035
470,737.002,0.63023,0.80021,0.49074,0.00216,0.02642,0.87943,0.72191,0.88027,0.68624,0.75657,0.861,0.87996,0.5733,0.83253,1.3894,0.81852,0.00289,0,0.000557285,0.000557285,0.000557285
471,738.417,0.57626,0.7484,0.50828,0.00218,0.03279,0.76872,0.82347,0.87607,0.69501,0.77622,0.85576,0.87573,0.57977,0.7978,1.38064,0.79711,0.00277,0,0.000556535,0.000556535,0.000556535
472,739.915,0.64382,0.82856,0.55154,0.00217,0.05407,0.76872,0.82347,0.87607,0.69501,0.77622,0.85576,0.87573,0.57977,0.7978,1.38064,0.79711,0.00277,0,0.000555785,0.000555785,0.000555785
473,741.432,0.66128,0.83347,0.5156,0.00231,0.0271,0.78557,0.82596,0.86773,0.69458,0.79832,0.8402,0.87694,0.57782,0.80307,1.27222,0.75362,0.0029,0,0.000555035,0.000555035,0.000555035
474,743.303,0.59806,0.72176,0.50413,0.00229,0.02763,0.88338,0.77385,0.8839,0.71366,0.88254,0.77033,0.8631,0.56758,0.76802,1.31427,0.75917,0.00268,0,0.000554285,0.000554285,0.000554285
475,744.765,0.60052,0.78173,0.5011,0.00219,0.03276,0.8881,0.77858,0.86704,0.7061,0.88656,0.77506,0.86655,0.5635,0.77107,1.30825,0.75517,0.00269,0,0.000553536,0.000553536,0.000553536
476,746.199,0.5399,0.70096,0.47742,0.00223,0.03119,0.89253,0.7943,0.89566,0.71147,0.87923,0.77362,0.86492,0.57398,0.8034,1.29796,0.7374,0.00284,0,0.000552786,0.000552786,0.000552786
477,747.783,0.57941,0.7306,0.4638,0.00226,0.0263,0.82502,0.82194,0.86669,0.68916,0.83504,0.82958,0.8729,0.57245,0.81256,1.357,0.72827,0.00288,0,0.000552036,0.000552036,0.000552036
478,749.424,0.57272,0.74553,0.48517,0.00232,0.02656,0.82139,0.84654,0.88578,0.70183,0.83162,0.85401,0.87472,0.56529,0.80662,1.37946,0.71635,0.00283,0,0.000551286,0.000551286,0.000551286
479,750.872,0.60596,0.84452,0.52174,0.00214,0.02894,0.83307,0.79689,0.87229,0.68924,0.84326,0.80436,0.86488,0.58185,0.81362,1.36022,0.77065,0.00283,0,0.000550536,0.000550536,0.000550536
480,752.24,0.59198,0.71018,0.4905,0.00213,0.02989,0.82947,0.79919,0.87112,0.67456,0.84472,0.82293,0.86263,0.59912,0.82869,1.31692,0.783,0.00287,0,0.000549786,0.000549786,0.000549786
481,753.704,0.60326,0.79787,0.48153,0.00242,0.03034,0.84048,0.77095,0.88628,0.68104,0.79291,0.82818,0.85986,0.59056,0.8346,1.23733,0.76045,0.00294,0,0.000549036,0.000549036,0.000549036
482,755.065,0.55633,0.7262,0.44985,0.00227,0.03855,0.84048,0.77095,0.88628,0.68104,0.79291,0.82818,0.85986,0.59056,0.8346,1.23733,0.76045,0.00294,0,0.000548286,0.000548286,0.000548286
483,756.747,0.60635,0.80091,0.51733,0.00223,0.04572,0.78375,0.8085,0.86513,0.6772,0.7866,0.83037,0.85601,0.56539,0.77999,1.32874,0.7776,0.00271,0,0.000547536,0.000547536,0.000547536
484,758.17,0.60471,0.85907,0.52601,0.0022,0.0377,0.82462,0.75878,0.86472,0.68454,0.82569,0.75778,0.85133,0.55169,0.79099,1.36807,0.78234,0.00272,0,0.000546786,0.000546786,0.000546786
485,759.737,0.61226,0.84026,0.51168,0.00223,0.03589,0.74755,0.86601,0.86201,0.68708,0.75086,0.86279,0.85399,0.56199,0.78952,1.34223,0.80345,0.00272,0,0.000546036,0.000546036,0.000546036
486,761.258,0.60148,0.83114,0.52492,0.00227,0.03473,0.77736,0.83007,0.86546,0.68095,0.77965,0.82727,0.84658,0.56622,0.80099,1.25571,0.82879,0.00278,0,0.000545286,0.000545286,0.000545286
487,762.795,0.58324,0.78938,0.49319,0.00207,0.03117,0.82603,0.78662,0.8576,0.66117,0.83795,0.79409,0.85115,0.55009,0.82577,1.25665,0.79981,0.00281,0,0.000544536,0.000544536,0.000544536
488,764.495,0.58562,0.73734,0.45723,0.00212,0.0278,0.80495,0.81099,0.85578,0.66242,0.80071,0.83974,0.85781,0.55323,0.83467,1.30861,0.80352,0.00283,0,0.000543787,0.000543787,0.000543787
489,765.974,0.60814,0.80874,0.49539,0.00233,0.02877,0.82301,0.83299,0.88197,0.69475,0.83556,0.84046,0.87385,0.58099,0.82119,1.24132,0.76807,0.00275,0,0.000543037,0.000543037,0.000543037
490,767.591,0.57356,0.81199,0.53317,0.00214,0.02965,0.82276,0.83472,0.86832,0.68637,0.84635,0.85936,0.87287,0.58874,0.80608,1.25836,0.75161,0.00273,0,0.000542287,0.000542287,0.000542287
491,769.051,0.54188,0.73771,0.45191,0.00215,0.0284,0.82282,0.83964,0.88253,0.69655,0.83589,0.84689,0.87744,0.58464,0.80671,1.25519,0.74681,0.00279,0,0.000541537,0.000541537,0.000541537
492,770.858,0.60044,0.80384,0.48113,0.002,0.02557,0.82282,0.83964,0.88253,0.69655,0.83589,0.84689,0.87744,0.58464,0.80671,1.25519,0.74681,0.00279,0,0.000540787,0.000540787,0.000540787
493,772.295,0.59831,0.75244,0.49383,0.00244,0.02732,0.85271,0.80283,0.88454,0.69113,0.86176,0.81089,0.87423,0.57443,0.83115,1.25592,0.7559,0.00303,0,0.000540037,0.000540037,0.000540037
494,773.755,0.59436,0.73712,0.49635,0.00246,0.02642,0.83891,0.79217,0.88504,0.69726,0.84781,0.81205,0.87471,0.56105,0.82186,1.27988,0.77815,0.00295,0,0.000539287,0.000539287,0.000539287
495,775.326,0.60577,0.76147,0.49283,0.00238,0.0272,0.76923,0.82497,0.87836,0.69217,0.78119,0.83244,0.87016,0.5693,0.7901,1.28605,0.786,0.00274,0,0.000538537,0.000538537,0.000538537
496,776.713,0.5654,0.71338,0.45692,0.00219,0.02686,0.81,0.76843,0.86543,0.68117,0.83624,0.79482,0.87816,0.56389,0.7511,1.29313,0.88635,0.00261,0,0.000537787,0.000537787,0.000537787
497,778.284,0.62087,0.89533,0.48311,0.00228,0.04952,0.82861,0.78038,0.87402,0.69501,0.84653,0.79605,0.88098,0.55709,0.747,1.34363,0.82797,0.00263,0,0.000537037,0.000537037,0.000537037
498,779.762,0.55693,0.72489,0.44567,0.00224,0.03275,0.81239,0.77424,0.87465,0.68606,0.84372,0.79847,0.88403,0.55612,0.7989,1.36996,0.81113,0.00273,0,0.000536287,0.000536287,0.000536287
499,781.378,0.56974,0.80741,0.46978,0.00211,0.02688,0.82181,0.74715,0.86787,0.68323,0.85213,0.77521,0.87869,0.56936,0.80007,1.33139,0.83985,0.00275,0,0.000535537,0.000535537,0.000535537
500,782.774,0.55671,0.76107,0.4487,0.00191,0.03082,0.81031,0.75079,0.86542,0.68089,0.84815,0.78806,0.89053,0.5711,0.78132,1.29451,0.82126,0.00267,0,0.000534787,0.000534787,0.000534787
501,784.331,0.58729,0.77442,0.45882,0.00221,0.02932,0.86568,0.72494,0.86894,0.68359,0.90014,0.77518,0.90002,0.58579,0.8,1.27486,0.79525,0.00276,0,0.000534037,0.000534037,0.000534037
502,785.845,0.58134,0.85073,0.51102,0.00196,0.02718,0.86568,0.72494,0.86894,0.68359,0.90014,0.77518,0.90002,0.58579,0.8,1.27486,0.79525,0.00276,0,0.000533288,0.000533288,0.000533288
503,787.483,0.55767,0.73321,0.47957,0.00236,0.02744,0.8727,0.73489,0.87365,0.68189,0.89829,0.76214,0.88718,0.59039,0.8008,1.28795,0.78779,0.00274,0,0.000532538,0.000532538,0.000532538
504,788.981,0.57973,0.82978,0.48487,0.00212,0.0275,0.87704,0.74032,0.87302,0.68754,0.89838,0.75861,0.88855,0.59147,0.77997,1.26385,0.79418,0.00269,0,0.000531788,0.000531788,0.000531788
505,790.623,0.51861,0.6964,0.42723,0.00208,0.02391,0.82096,0.78066,0.87893,0.69816,0.84956,0.80988,0.89499,0.59968,0.76281,1.25291,0.79275,0.00265,0,0.000531038,0.000531038,0.000531038
506,792.187,0.53471,0.70122,0.39227,0.002,0.02444,0.85278,0.77972,0.87026,0.69938,0.86268,0.78818,0.87798,0.60747,0.75376,1.23481,0.7745,0.0025,0,0.000530288,0.000530288,0.000530288
507,793.841,0.57656,0.75608,0.46935,0.002,0.0232,0.85054,0.77576,0.86617,0.70187,0.86413,0.79313,0.87675,0.60776,0.74557,1.21205,0.80033,0.0025,0,0.000529538,0.000529538,0.000529538
508,795.618,0.59388,0.87578,0.47259,0.00196,0.02782,0.86643,0.75468,0.87652,0.70305,0.86037,0.74303,0.86319,0.58719,0.76051,1.22769,0.7936,0.00253,0,0.000528788,0.000528788,0.000528788
509,797.13,0.52963,0.7071,0.44524,0.00214,0.02811,0.85725,0.76707,0.87673,0.71282,0.86938,0.77476,0.8806,0.56986,0.74753,1.24722,0.78366,0.00256,0,0.000528038,0.000528038,0.000528038
510,798.556,0.57391,0.8234,0.45598,0.00211,0.02513,0.88482,0.71485,0.86832,0.70734,0.84326,0.74725,0.86128,0.5735,0.758,1.28692,0.75502,0.00267,0,0.000527288,0.000527288,0.000527288
511,800.117,0.58183,0.83897,0.46151,0.00203,0.02405,0.85134,0.73877,0.86857,0.70646,0.86365,0.74624,0.86438,0.59388,0.75514,1.23824,0.76577,0.00261,0,0.000526538,0.000526538,0.000526538
512,801.857,0.53018,0.72234,0.45334,0.00208,0.02579,0.85134,0.73877,0.86857,0.70646,0.86365,0.74624,0.86438,0.59388,0.75514,1.23824,0.76577,0.00261,0,0.000525788,0.000525788,0.000525788
513,803.427,0.53035,0.68478,0.44905,0.0021,0.03276,0.83692,0.72992,0.8514,0.69605,0.85945,0.74789,0.85961,0.59383,0.76113,1.27382,0.77988,0.00265,0,0.000525038,0.000525038,0.000525038
514,804.924,0.55388,0.76132,0.45751,0.00193,0.02717,0.83296,0.74461,0.84817,0.68335,0.85649,0.75929,0.86631,0.59306,0.74809,1.17484,0.81107,0.00251,0,0.000524288,0.000524288,0.000524288
515,806.501,0.55088,0.78736,0.44396,0.00205,0.02409,0.80173,0.76512,0.83898,0.68095,0.82172,0.78358,0.83929,0.57182,0.745,1.19002,0.8168,0.00255,0,0.000523539,0.000523539,0.000523539
516,807.957,0.56561,0.83122,0.48209,0.00197,0.02945,0.80618,0.76044,0.84552,0.69158,0.81821,0.76791,0.85523,0.57744,0.75924,1.16944,0.8171,0.00262,0,0.000522789,0.000522789,0.000522789
517,809.517,0.5689,0.80127,0.47979,0.00196,0.02749,0.74481,0.81675,0.8482,0.69186,0.74902,0.81323,0.84899,0.5678,0.72451,1.20458,0.86925,0.00248,0,0.000522039,0.000522039,0.000522039
518,810.969,0.56259,0.84642,0.46737,0.00206,0.02408,0.81193,0.80257,0.86114,0.69442,0.82425,0.81004,0.86712,0.57621,0.72225,1.24383,0.85074,0.00254,0,0.000521289,0.000521289,0.000521289
519,812.403,0.54328,0.74889,0.4377,0.00219,0.02206,0.82537,0.79489,0.84974,0.68044,0.84564,0.81335,0.8584,0.56809,0.73932,1.24173,0.80303,0.00264,0,0.000520539,0.000520539,0.000520539
520,813.868,0.55239,0.7195,0.412,0.00226,0.02456,0.8237,0.80214,0.85607,0.69425,0.83608,0.80961,0.85724,0.56092,0.76304,1.2153,0.77201,0.00267,0,0.000519789,0.000519789,0.000519789
521,815.58,0.54143,0.69936,0.40348,0.0022,0.03222,0.86621,0.74547,0.84403,0.68055,0.86611,0.75629,0.84056,0.55987,0.7821,1.21648,0.8031,0.00272,0,0.000519039,0.000519039,0.000519039
522,816.934,0.56571,0.7275,0.46045,0.00221,0.02724,0.86621,0.74547,0.84403,0.68055,0.86611,0.75629,0.84056,0.55987,0.7821,1.21648,0.8031,0.00272,0,0.000518289,0.000518289,0.000518289
523,818.389,0.6069,0.75351,0.47039,0.00241,0.02638,0.85503,0.76213,0.85459,0.67256,0.8629,0.78274,0.86421,0.56811,0.83066,1.21817,0.81507,0.00292,0,0.000517539,0.000517539,0.000517539
524,819.818,0.60468,0.74379,0.45414,0.00251,0.02365,0.85423,0.77964,0.85451,0.67203,0.86001,0.79611,0.86477,0.57547,0.82486,1.19698,0.84057,0.003,0,0.000516789,0.000516789,0.000516789
525,821.377,0.58488,0.74834,0.44983,0.00229,0.02551,0.86804,0.76376,0.8574,0.68358,0.86595,0.78518,0.86999,0.57638,0.79207,1.25077,0.81903,0.00284,0,0.000516039,0.000516039,0.000516039
526,822.783,0.554,0.71301,0.43411,0.00235,0.02894,0.90279,0.74937,0.85739,0.68949,0.91473,0.76153,0.87937,0.57914,0.8039,1.29027,0.82587,0.00282,0,0.000515289,0.000515289,0.000515289
527,824.173,0.55853,0.63106,0.43982,0.00231,0.02675,0.88744,0.75991,0.86545,0.69816,0.89995,0.76738,0.88567,0.59711,0.7861,1.20206,0.77163,0.00278,0,0.000514539,0.000514539,0.000514539
528,825.576,0.55699,0.67662,0.40232,0.00233,0.0214,0.86987,0.75404,0.86577,0.71096,0.89148,0.76031,0.87518,0.58249,0.79163,1.2449,0.71342,0.0028,0,0.00051379,0.00051379,0.00051379
529,827.03,0.57596,0.77041,0.46896,0.00214,0.0243,0.89777,0.75595,0.86955,0.71023,0.90552,0.75576,0.8731,0.5856,0.79222,1.24743,0.71499,0.00294,0,0.00051304,0.00051304,0.00051304
530,828.623,0.55659,0.66344,0.44143,0.00216,0.02351,0.89092,0.76262,0.86802,0.70615,0.90526,0.78338,0.87707,0.57555,0.77841,1.35138,0.73557,0.00284,0,0.00051229,0.00051229,0.00051229
531,830.017,0.53863,0.69154,0.45218,0.00209,0.02097,0.8776,0.75408,0.85904,0.69722,0.91249,0.78353,0.8842,0.57408,0.75143,1.28146,0.76016,0.00266,0,0.00051154,0.00051154,0.00051154
532,831.608,0.58317,0.75346,0.46102,0.00232,0.0308,0.8776,0.75408,0.85904,0.69722,0.91249,0.78353,0.8842,0.57408,0.75143,1.28146,0.76016,0.00266,0,0.00051079,0.00051079,0.00051079
533,833.083,0.55044,0.72039,0.44907,0.00192,0.02394,0.89083,0.75283,0.87452,0.70692,0.91691,0.77114,0.88785,0.59097,0.77395,1.35929,0.734,0.00266,0,0.00051004,0.00051004,0.00051004
534,834.93,0.52498,0.71419,0.4218,0.00202,0.02357,0.88637,0.76139,0.86766,0.70286,0.90953,0.77959,0.8806,0.58602,0.75184,1.25986,0.72684,0.00265,0,0.00050929,0.00050929,0.00050929
535,836.415,0.5589,0.77285,0.46896,0.00178,0.02747,0.8539,0.75549,0.85298,0.68514,0.8894,0.78349,0.8777,0.57159,0.76457,1.26304,0.76891,0.00255,0,0.00050854,0.00050854,0.00050854
536,837.866,0.57961,0.70087,0.46445,0.00213,0.0337,0.89895,0.72862,0.84554,0.67583,0.93727,0.75338,0.85084,0.56415,0.78383,1.29435,0.74959,0.00266,0,0.00050779,0.00050779,0.00050779
537,839.464,0.62466,0.71518,0.4414,0.0027,0.02283,0.87491,0.74016,0.86458,0.6976,0.87971,0.76495,0.87318,0.58032,0.78149,1.22523,0.73554,0.00287,0,0.00050704,0.00050704,0.00050704
538,841.082,0.64134,0.73609,0.48567,0.0027,0.02264,0.81884,0.785,0.86244,0.69532,0.83921,0.80321,0.86949,0.57595,0.79254,1.19718,0.71841,0.00281,0,0.00050629,0.00050629,0.00050629
539,842.472,0.60736,0.61893,0.43306,0.00279,0.02199,0.93586,0.70355,0.85597,0.69078,0.95711,0.73469,0.87977,0.5756,0.77274,1.23984,0.82157,0.00275,0,0.00050554,0.00050554,0.00050554
540,843.961,0.56635,0.70591,0.4129,0.00217,0.02126,0.85227,0.75962,0.86262,0.68951,0.85491,0.78424,0.86506,0.57357,0.79533,1.22391,0.82467,0.00293,0,0.00050479,0.00050479,0.00050479
541,845.434,0.5932,0.83481,0.48959,0.00217,0.02607,0.83638,0.77397,0.85474,0.68564,0.84855,0.78647,0.85307,0.57564,0.78474,1.19001,0.80858,0.00284,0,0.00050404,0.00050404,0.00050404
542,846.824,0.53217,0.67979,0.47092,0.00211,0.02302,0.83638,0.77397,0.85474,0.68564,0.84855,0.78647,0.85307,0.57564,0.78474,1.19001,0.80858,0.00284,0,0.000503291,0.000503291,0.000503291
543,848.444,0.5421,0.66967,0.41663,0.00218,0.02964,0.92311,0.71446,0.85131,0.68914,0.92414,0.729,0.85147,0.58339,0.76166,1.15487,0.81532,0.00266,0,0.000502541,0.000502541,0.000502541
544,849.965,0.54811,0.65886,0.45716,0.00229,0.02277,0.85457,0.76723,0.86103,0.69078,0.86668,0.77937,0.85879,0.5898,0.75788,1.12653,0.8188,0.00269,0,0.000501791,0.000501791,0.000501791
545,851.431,0.54035,0.68157,0.44622,0.00219,0.03279,0.86095,0.74774,0.87046,0.70612,0.86383,0.74422,0.85859,0.59796,0.76043,1.0695,0.78554,0.00272,0,0.000501041,0.000501041,0.000501041
546,852.989,0.52363,0.64497,0.41814,0.00207,0.02458,0.75708,0.83672,0.87394,0.71461,0.76224,0.84465,0.88002,0.60073,0.76605,1.05987,0.7691,0.00274,0,0.000500291,0.000500291,0.000500291
547,854.763,0.52786,0.65706,0.43296,0.00205,0.02291,0.76604,0.79232,0.83722,0.67627,0.76155,0.82936,0.88359,0.59692,0.77237,1.16455,0.80589,0.00263,0,0.000499541,0.000499541,0.000499541
548,856.383,0.57872,0.67558,0.41924,0.0023,0.02173,0.83256,0.75239,0.84662,0.67639,0.83457,0.7491,0.87898,0.59261,0.81547,1.14692,0.75915,0.00288,0,0.000498791,0.000498791,0.000498791
549,857.927,0.54972,0.64833,0.38916,0.00221,0.02486,0.83627,0.72939,0.8444,0.6744,0.76233,0.83714,0.87129,0.58698,0.81237,1.13966,0.76334,0.0029,0,0.000498041,0.000498041,0.000498041
550,859.463,0.5726,0.66635,0.4157,0.00211,0.02466,0.85516,0.76221,0.85131,0.68831,0.86272,0.75693,0.87988,0.59624,0.76841,1.19447,0.74219,0.00275,0,0.000497291,0.000497291,0.000497291
551,861.101,0.55765,0.7437,0.45093,0.00206,0.023,0.87804,0.76834,0.84885,0.68599,0.88369,0.76457,0.87899,0.59463,0.76502,1.19664,0.73289,0.00266,0,0.000496541,0.000496541,0.000496541
552,862.541,0.53192,0.69911,0.43928,0.00201,0.02285,0.87804,0.76834,0.84885,0.68599,0.88369,0.76457,0.87899,0.59463,0.76502,1.19664,0.73289,0.00266,0,0.000495791,0.000495791,0.000495791
553,864.18,0.56921,0.78917,0.43792,0.0019,0.02232,0.87029,0.76079,0.83731,0.68506,0.87907,0.76369,0.88123,0.60055,0.75433,1.19783,0.76017,0.00248,0,0.000495041,0.000495041,0.000495041
554,865.687,0.57874,0.65601,0.43449,0.00216,0.02167,0.86812,0.77334,0.83307,0.67452,0.87749,0.7946,0.88358,0.60643,0.77749,1.19113,0.7711,0.00265,0,0.000494291,0.000494291,0.000494291
555,867.414,0.58484,0.7831,0.46201,0.00224,0.02208,0.88126,0.76018,0.84834,0.67214,0.84401,0.82882,0.88671,0.59921,0.81199,1.21546,0.74282,0.00271,0,0.000493542,0.000493542,0.000493542
556,868.919,0.56228,0.66748,0.41532,0.00226,0.02369,0.86964,0.75766,0.82827,0.65403,0.82047,0.83652,0.87383,0.58711,0.78857,1.17766,0.7603,0.00263,0,0.000492792,0.000492792,0.000492792
557,870.366,0.59398,0.68432,0.43389,0.00224,0.02309,0.84491,0.78322,0.82561,0.66037,0.84463,0.84245,0.85821,0.57811,0.795,1.22842,0.77955,0.00267,0,0.000492042,0.000492042,0.000492042
558,871.906,0.62846,0.85597,0.49452,0.0022,0.02276,0.83802,0.81702,0.86211,0.68746,0.85395,0.78404,0.82692,0.56061,0.79223,1.21097,0.76928,0.00274,0,0.000491292,0.000491292,0.000491292
559,873.308,0.55322,0.77047,0.43139,0.00243,0.03189,0.83241,0.83338,0.86446,0.69552,0.83451,0.83981,0.86089,0.5776,0.80223,1.14758,0.76539,0.00285,0,0.000490542,0.000490542,0.000490542
560,874.928,0.56974,0.73218,0.48028,0.00245,0.02528,0.84167,0.79585,0.84951,0.68368,0.85928,0.81445,0.86119,0.56901,0.7664,1.14583,0.78579,0.00268,0,0.000489792,0.000489792,0.000489792
561,876.327,0.53796,0.79815,0.41321,0.00194,0.02514,0.8516,0.80176,0.84967,0.68085,0.86704,0.81889,0.85519,0.57359,0.75713,1.14754,0.77902,0.00262,0,0.000489042,0.000489042,0.000489042
562,877.743,0.51565,0.6648,0.40059,0.00203,0.02642,0.8516,0.80176,0.84967,0.68085,0.86704,0.81889,0.85519,0.57359,0.75713,1.14754,0.77902,0.00262,0,0.000488292,0.000488292,0.000488292
563,879.283,0.5339,0.71536,0.43586,0.0019,0.02233,0.86406,0.80546,0.85524,0.68758,0.86598,0.81437,0.85082,0.58526,0.75818,1.15546,0.77955,0.00259,0,0.000487542,0.000487542,0.000487542
564,880.84,0.52561,0.68834,0.42992,0.00191,0.02269,0.85074,0.81176,0.85015,0.69339,0.85545,0.82073,0.84183,0.58014,0.74711,1.14646,0.79671,0.00249,0,0.000486792,0.000486792,0.000486792
565,882.241,0.50541,0.72591,0.40576,0.00193,0.02561,0.86404,0.79798,0.85346,0.6988,0.86271,0.79883,0.84467,0.57544,0.73444,1.12992,0.78823,0.00247,0,0.000486042,0.000486042,0.000486042
566,883.783,0.55304,0.84213,0.45298,0.00198,0.02335,0.85571,0.80659,0.86256,0.69732,0.85541,0.80807,0.84889,0.58162,0.75211,1.15757,0.76898,0.00263,0,0.000485292,0.000485292,0.000485292
567,885.337,0.53432,0.68804,0.40852,0.00192,0.02237,0.8525,0.82468,0.87168,0.69554,0.85836,0.82619,0.85817,0.5991,0.76484,1.16432,0.7783,0.00281,0,0.000484542,0.000484542,0.000484542
568,887.062,0.52764,0.77526,0.42489,0.00211,0.02483,0.85499,0.82375,0.87104,0.69711,0.86724,0.83164,0.86063,0.59515,0.79437,1.20163,0.76958,0.00287,0,0.000483793,0.000483793,0.000483793
569,888.491,0.56094,0.75404,0.41563,0.00195,0.02192,0.83963,0.82021,0.8682,0.69754,0.84203,0.82087,0.85462,0.5951,0.77685,1.22324,0.75877,0.00267,0,0.000483043,0.000483043,0.000483043
570,889.951,0.52796,0.65161,0.3946,0.00217,0.02338,0.82882,0.82437,0.86914,0.69343,0.82551,0.82161,0.84166,0.5784,0.77599,1.21973,0.74641,0.00262,0,0.000482293,0.000482293,0.000482293
571,891.436,0.5758,0.7041,0.44836,0.00219,0.02281,0.8185,0.82809,0.87222,0.69878,0.8243,0.82874,0.85157,0.58846,0.75985,1.22939,0.76094,0.00257,0,0.000481543,0.000481543,0.000481543
572,893.119,0.51041,0.67794,0.41039,0.00189,0.02509,0.8185,0.82809,0.87222,0.69878,0.8243,0.82874,0.85157,0.58846,0.75985,1.22939,0.76094,0.00257,0,0.000480793,0.000480793,0.000480793
573,894.613,0.56392,0.71879,0.41734,0.00204,0.02409,0.81292,0.82825,0.86946,0.69399,0.81992,0.82822,0.85233,0.59316,0.77817,1.25042,0.75656,0.00274,0,0.000480043,0.000480043,0.000480043
574,896.116,0.58879,0.72938,0.4579,0.00234,0.026,0.88637,0.76245,0.86995,0.69913,0.80822,0.84187,0.85888,0.59888,0.77175,1.2556,0.7439,0.00278,0,0.000479293,0.000479293,0.000479293
575,897.62,0.53142,0.75378,0.41907,0.00203,0.02036,0.87004,0.75821,0.8643,0.68783,0.86917,0.76722,0.8565,0.57985,0.76883,1.25647,0.75481,0.00274,0,0.000478543,0.000478543,0.000478543
576,899.333,0.56799,0.72342,0.42431,0.0022,0.02454,0.8501,0.78192,0.8645,0.68127,0.85599,0.78883,0.8532,0.5738,0.7809,1.20271,0.7598,0.00273,0,0.000477793,0.000477793,0.000477793
577,900.962,0.51623,0.64541,0.40382,0.00226,0.02522,0.77872,0.83207,0.86736,0.69618,0.82932,0.78852,0.85183,0.57316,0.77145,1.24291,0.77195,0.00266,0,0.000477043,0.000477043,0.000477043
578,902.51,0.53021,0.67312,0.39913,0.00197,0.02204,0.77096,0.855,0.86131,0.6879,0.77198,0.86497,0.85166,0.5888,0.78677,1.24487,0.78641,0.00267,0,0.000476293,0.000476293,0.000476293
579,903.944,0.54028,0.72972,0.43905,0.00194,0.0202,0.76509,0.8625,0.86176,0.67483,0.78636,0.87882,0.86185,0.58669,0.78724,1.25783,0.78022,0.00261,0,0.000475543,0.000475543,0.000475543
580,905.615,0.51329,0.72548,0.44102,0.00183,0.02254,0.76686,0.85604,0.86367,0.67611,0.79118,0.8745,0.8649,0.59105,0.77499,1.22712,0.771,0.0026,0,0.000474793,0.000474793,0.000474793
581,907.046,0.47571,0.63791,0.39746,0.00168,0.0211,0.79435,0.83548,0.86163,0.68863,0.82101,0.83599,0.85212,0.58366,0.77724,1.18107,0.76047,0.00267,0,0.000474043,0.000474043,0.000474043
582,908.573,0.54071,0.68846,0.42695,0.00201,0.03879,0.79435,0.83548,0.86163,0.68863,0.82101,0.83599,0.85212,0.58366,0.77724,1.18107,0.76047,0.00267,0,0.000473294,0.000473294,0.000473294
583,909.951,0.5348,0.74298,0.39559,0.00189,0.02063,0.7983,0.84192,0.86218,0.69467,0.81207,0.84964,0.85699,0.58275,0.76618,1.17547,0.76434,0.00265,0,0.000472544,0.000472544,0.000472544
584,911.341,0.55831,0.77831,0.40294,0.00193,0.02429,0.79683,0.84405,0.86461,0.69329,0.80941,0.85229,0.85694,0.57812,0.78364,1.1699,0.76225,0.00267,0,0.000471794,0.000471794,0.000471794
585,912.918,0.55692,0.75054,0.4364,0.00202,0.02565,0.7966,0.83917,0.87705,0.698,0.79891,0.84756,0.86148,0.5727,0.78876,1.1361,0.78662,0.00272,0,0.000471044,0.000471044,0.000471044
586,914.299,0.55445,0.77276,0.42642,0.00191,0.02436,0.82329,0.82989,0.87129,0.69356,0.82125,0.83484,0.85272,0.56898,0.77447,1.11655,0.78022,0.00271,0,0.000470294,0.000470294,0.000470294
587,915.926,0.55232,0.66761,0.39062,0.00219,0.02134,0.82061,0.81593,0.86565,0.69115,0.82837,0.82118,0.85242,0.58576,0.78596,1.13826,0.79005,0.00271,0,0.000469544,0.000469544,0.000469544
588,917.319,0.51853,0.60883,0.39819,0.00228,0.02088,0.80608,0.82198,0.86441,0.67102,0.81997,0.83037,0.85079,0.58413,0.80181,1.16889,0.78459,0.00273,0,0.000468794,0.000468794,0.000468794
589,918.753,0.53244,0.73552,0.44344,0.00185,0.01993,0.79502,0.8154,0.85567,0.67257,0.80873,0.82323,0.85173,0.58582,0.78946,1.20491,0.78656,0.00267,0,0.000468044,0.000468044,0.000468044
590,920.575,0.53459,0.75667,0.41035,0.00205,0.0208,0.76947,0.82413,0.85616,0.67756,0.7816,0.8316,0.84971,0.58241,0.78268,1.21949,0.79907,0.00257,0,0.000467294,0.000467294,0.000467294
591,921.982,0.52529,0.66293,0.42769,0.00207,0.03023,0.7566,0.82521,0.85873,0.68815,0.75088,0.83898,0.84963,0.58097,0.78439,1.20733,0.77378,0.00264,0,0.000466544,0.000466544,0.000466544
592,923.367,0.55109,0.7083,0.41892,0.00237,0.02369,0.7566,0.82521,0.85873,0.68815,0.75088,0.83898,0.84963,0.58097,0.78439,1.20733,0.77378,0.00264,0,0.000465794,0.000465794,0.000465794
593,924.798,0.53383,0.7269,0.3991,0.00202,0.02422,0.80823,0.80082,0.86347,0.69112,0.80309,0.81421,0.85922,0.57668,0.75816,1.13739,0.77503,0.00261,0,0.000465044,0.000465044,0.000465044
594,926.598,0.54736,0.63777,0.39948,0.00222,0.02254,0.81885,0.8103,0.8648,0.69408,0.81269,0.80629,0.85742,0.58078,0.77486,1.19933,0.78399,0.00261,0,0.000464294,0.000464294,0.000464294
595,928.208,0.53891,0.70767,0.40706,0.00213,0.02431,0.81934,0.83159,0.8657,0.68347,0.80252,0.82888,0.85918,0.57777,0.77129,1.23538,0.77439,0.0027,0,0.000463545,0.000463545,0.000463545
596,929.792,0.5349,0.66482,0.39729,0.00229,0.02683,0.81195,0.84175,0.86208,0.69064,0.80811,0.82411,0.85804,0.57781,0.76211,1.2542,0.7929,0.00264,0,0.000462795,0.000462795,0.000462795
597,931.266,0.51046,0.66939,0.39071,0.002,0.02531,0.77509,0.83145,0.85624,0.68091,0.79155,0.84567,0.85669,0.58327,0.76907,1.22274,0.80541,0.00271,0,0.000462045,0.000462045,0.000462045
598,932.931,0.50956,0.62071,0.38324,0.00209,0.0282,0.76827,0.83769,0.86283,0.68652,0.76827,0.83769,0.85655,0.58145,0.76079,1.21242,0.80209,0.00264,0,0.000461295,0.000461295,0.000461295
599,934.307,0.52982,0.74072,0.43819,0.00177,0.02395,0.80315,0.83758,0.87507,0.6966,0.79465,0.84154,0.86102,0.58676,0.77319,1.18186,0.7943,0.00267,0,0.000460545,0.000460545,0.000460545
600,935.679,0.53829,0.73784,0.40271,0.00179,0.02445,0.80811,0.84563,0.87287,0.6989,0.81126,0.83475,0.86311,0.59655,0.80065,1.18699,0.77377,0.00277,0,0.000459795,0.000459795,0.000459795
601,937.079,0.51134,0.7218,0.41222,0.00185,0.02316,0.81938,0.83779,0.87768,0.70332,0.83878,0.82469,0.86538,0.58839,0.77567,1.18196,0.80261,0.00262,0,0.000459045,0.000459045,0.000459045
602,938.503,0.49516,0.72344,0.41263,0.00185,0.02361,0.81938,0.83779,0.87768,0.70332,0.83878,0.82469,0.86538,0.58839,0.77567,1.18196,0.80261,0.00262,0,0.000458295,0.000458295,0.000458295
603,940.203,0.51224,0.68468,0.42127,0.00171,0.02571,0.81429,0.83019,0.87626,0.70537,0.79278,0.84306,0.87047,0.59606,0.77878,1.15865,0.79431,0.00256,0,0.000457545,0.000457545,0.000457545
604,941.632,0.51194,0.64699,0.39809,0.00199,0.02571,0.83188,0.79012,0.86486,0.70549,0.81464,0.82263,0.86819,0.59096,0.76909,1.14388,0.75664,0.00255,0,0.000456795,0.000456795,0.000456795
605,943.254,0.51986,0.66174,0.41673,0.00189,0.02767,0.843,0.78564,0.85796,0.69793,0.84699,0.79456,0.85816,0.59879,0.75788,1.1387,0.76303,0.00253,0,0.000456045,0.000456045,0.000456045
606,944.956,0.54351,0.74482,0.4472,0.00191,0.06963,0.84028,0.77464,0.86948,0.70891,0.82186,0.81313,0.87076,0.60434,0.77527,1.16162,0.73586,0.00265,0,0.000455295,0.000455295,0.000455295
607,946.494,0.5041,0.6773,0.44532,0.00195,0.03991,0.82863,0.78548,0.86747,0.70175,0.83758,0.80778,0.8678,0.60221,0.77003,1.21853,0.75845,0.00265,0,0.000454545,0.000454545,0.000454545
608,947.995,0.5217,0.67406,0.40595,0.002,0.03216,0.81288,0.79949,0.86263,0.70028,0.8315,0.81536,0.86941,0.60087,0.76541,1.21198,0.75429,0.00271,0,0.000453796,0.000453796,0.000453796
609,949.575,0.52224,0.72189,0.44753,0.00179,0.02717,0.7938,0.82557,0.86955,0.70879,0.81235,0.8345,0.87328,0.6112,0.75561,1.16927,0.71609,0.00266,0,0.000453046,0.000453046,0.000453046
610,951.05,0.47348,0.62103,0.37179,0.00179,0.02815,0.87184,0.75225,0.88528,0.72312,0.8614,0.78233,0.87787,0.6082,0.76342,1.16124,0.70607,0.00277,0,0.000452296,0.000452296,0.000452296
611,952.706,0.47388,0.64645,0.40605,0.00185,0.02258,0.87486,0.75363,0.87332,0.70714,0.886,0.76699,0.87505,0.5958,0.75542,1.17564,0.76113,0.00282,0,0.000451546,0.000451546,0.000451546
612,954.046,0.51984,0.66031,0.38381,0.00201,0.02246,0.87486,0.75363,0.87332,0.70714,0.886,0.76699,0.87505,0.5958,0.75542,1.17564,0.76113,0.00282,0,0.000450796,0.000450796,0.000450796
613,955.609,0.54665,0.81705,0.43944,0.00194,0.03427,0.8797,0.77494,0.87618,0.70535,0.89075,0.78327,0.87779,0.5923,0.75975,1.18131,0.75886,0.00277,0,0.000450046,0.000450046,0.000450046
614,957.132,0.53182,0.70874,0.41974,0.00171,0.03065,0.8278,0.81685,0.87756,0.71144,0.84724,0.83272,0.89001,0.59979,0.78227,1.23852,0.75143,0.00279,0,0.000449296,0.000449296,0.000449296
615,958.849,0.49115,0.68502,0.40161,0.0017,0.02165,0.85212,0.82298,0.88051,0.71467,0.86759,0.83207,0.88832,0.61283,0.7645,1.16738,0.72707,0.00269,0,0.000448546,0.000448546,0.000448546
616,960.337,0.53052,0.69204,0.42827,0.00182,0.04715,0.84286,0.82358,0.88671,0.72693,0.86341,0.84949,0.88994,0.60349,0.73276,1.18851,0.67948,0.00254,0,0.000447796,0.000447796,0.000447796
617,961.864,0.53403,0.70395,0.42358,0.00207,0.02829,0.85319,0.80942,0.88975,0.73099,0.8387,0.84613,0.88999,0.59412,0.73751,1.21328,0.66753,0.00259,0,0.000447046,0.000447046,0.000447046
618,963.449,0.49585,0.63512,0.36932,0.00186,0.02159,0.85905,0.82893,0.88853,0.72576,0.85489,0.83659,0.87918,0.59277,0.75703,1.22795,0.68055,0.00258,0,0.000446296,0.000446296,0.000446296
619,965.13,0.52717,0.69556,0.38846,0.00186,0.02309,0.85685,0.83597,0.88725,0.72162,0.8521,0.84543,0.89402,0.60313,0.76177,1.28907,0.69975,0.00261,0,0.000445546,0.000445546,0.000445546
620,966.622,0.54088,0.65723,0.42386,0.00212,0.02314,0.83199,0.84749,0.88631,0.71563,0.83575,0.84697,0.88346,0.60041,0.76154,1.30782,0.6972,0.00257,0,0.000444796,0.000444796,0.000444796
621,968.055,0.48866,0.62333,0.36199,0.00199,0.03929,0.87038,0.79371,0.87569,0.7102,0.82656,0.85407,0.88662,0.60099,0.7698,1.24024,0.70264,0.00262,0,0.000444046,0.000444046,0.000444046
622,969.549,0.53053,0.72432,0.40639,0.00201,0.02281,0.87038,0.79371,0.87569,0.7102,0.82656,0.85407,0.88662,0.60099,0.7698,1.24024,0.70264,0.00262,0,0.000443297,0.000443297,0.000443297
623,971.195,0.52817,0.75063,0.42925,0.00189,0.03482,0.82825,0.81755,0.87487,0.71514,0.81692,0.84364,0.88648,0.60679,0.78569,1.23531,0.70293,0.00269,0,0.000442547,0.000442547,0.000442547
624,972.722,0.48874,0.62083,0.36946,0.00197,0.03086,0.85523,0.77336,0.87331,0.70579,0.85655,0.77595,0.88816,0.60967,0.78637,1.33528,0.66951,0.00269,0,0.000441797,0.000441797,0.000441797
625,974.098,0.47873,0.63547,0.3834,0.00196,0.02113,0.91892,0.72219,0.87043,0.70919,0.90534,0.73664,0.88539,0.61452,0.81208,1.31772,0.6682,0.00282,0,0.000441047,0.000441047,0.000441047
626,975.58,0.49014,0.616,0.36256,0.00206,0.02639,0.90941,0.73124,0.87305,0.70447,0.90916,0.73411,0.88807,0.61304,0.81275,1.29583,0.67111,0.00284,0,0.000440297,0.000440297,0.000440297
627,977.23,0.48916,0.62233,0.3971,0.00188,0.0436,0.87612,0.76222,0.87194,0.70979,0.87795,0.76481,0.88697,0.59656,0.78049,1.31796,0.68393,0.00268,0,0.000439547,0.000439547,0.000439547
628,978.646,0.53326,0.70863,0.40689,0.00195,0.02292,0.88589,0.75223,0.86566,0.70203,0.88978,0.7684,0.88506,0.60074,0.77824,1.31726,0.69777,0.00266,0,0.000438797,0.000438797,0.000438797
629,980.046,0.52711,0.72269,0.40239,0.00205,0.02163,0.85265,0.74913,0.86733,0.70874,0.81657,0.80924,0.88669,0.59729,0.76396,1.29327,0.68611,0.00264,0,0.000438047,0.000438047,0.000438047
630,981.569,0.48594,0.68409,0.40207,0.00178,0.03211,0.8309,0.78189,0.87164,0.71438,0.85168,0.8,0.88772,0.58916,0.76707,1.27619,0.69413,0.00268,0,0.000437297,0.000437297,0.000437297
631,983.184,0.50583,0.76835,0.41199,0.00191,0.02113,0.88207,0.74279,0.8727,0.70947,0.8915,0.76355,0.88851,0.59121,0.76915,1.23824,0.68536,0.00268,0,0.000436547,0.000436547,0.000436547
632,984.641,0.49019,0.66004,0.39807,0.0019,0.03142,0.88207,0.74279,0.8727,0.70947,0.8915,0.76355,0.88851,0.59121,0.76915,1.23824,0.68536,0.00268,0,0.000435797,0.000435797,0.000435797
633,986.108,0.53607,0.78335,0.422,0.00182,0.02443,0.88463,0.75177,0.87166,0.7099,0.8992,0.78825,0.89017,0.60688,0.76674,1.23552,0.70945,0.00281,0,0.000435047,0.000435047,0.000435047
634,987.605,0.4839,0.67216,0.39579,0.00179,0.02989,0.87324,0.76069,0.87059,0.70847,0.89039,0.78128,0.88959,0.60608,0.77201,1.2425,0.7046,0.00285,0,0.000434297,0.000434297,0.000434297
635,989.333,0.48627,0.72241,0.39058,0.00171,0.02392,0.89074,0.75422,0.87556,0.70993,0.91482,0.77452,0.8956,0.60055,0.7594,1.29089,0.72627,0.00269,0,0.000433548,0.000433548,0.000433548
636,991.054,0.47643,0.63228,0.40651,0.00188,0.03257,0.89338,0.75916,0.87289,0.70994,0.89961,0.77205,0.8855,0.5944,0.75481,1.30467,0.74404,0.00266,0,0.000432798,0.000432798,0.000432798
637,992.519,0.49845,0.6825,0.38564,0.00185,0.05562,0.8899,0.78059,0.87261,0.71026,0.88476,0.77477,0.88406,0.58675,0.7514,1.3109,0.75943,0.00262,0,0.000432048,0.000432048,0.000432048
638,994.123,0.47692,0.69238,0.40146,0.00174,0.02966,0.87581,0.77467,0.86662,0.69234,0.8625,0.76299,0.87025,0.59258,0.77909,1.33559,0.77245,0.00266,0,0.000431298,0.000431298,0.000431298
639,995.722,0.49763,0.66206,0.38767,0.00195,0.02401,0.89282,0.69126,0.85718,0.68851,0.72149,0.84559,0.85933,0.58509,0.79466,1.33224,0.76986,0.00266,0,0.000430548,0.000430548,0.000430548
640,997.367,0.50802,0.739,0.42942,0.00176,0.02673,0.74346,0.84456,0.85927,0.69712,0.75647,0.8535,0.86409,0.59115,0.7799,1.27313,0.76108,0.00266,0,0.000429798,0.000429798,0.000429798
641,998.798,0.4831,0.59446,0.38128,0.00194,0.03316,0.74109,0.83726,0.86372,0.70091,0.75321,0.84718,0.87175,0.59706,0.77394,1.2781,0.75111,0.00262,0,0.000429048,0.000429048,0.000429048
642,1000.2,0.48766,0.64736,0.39658,0.00187,0.02274,0.74109,0.83726,0.86372,0.70091,0.75321,0.84718,0.87175,0.59706,0.77394,1.2781,0.75111,0.00262,0,0.000428298,0.000428298,0.000428298
643,1001.62,0.55282,0.78956,0.44636,0.00187,0.0348,0.83646,0.7345,0.86049,0.69635,0.73136,0.82235,0.8673,0.59994,0.7673,1.25544,0.7489,0.00262,0,0.000427548,0.000427548,0.000427548
644,1003.25,0.53338,0.66485,0.41238,0.00196,0.02957,0.91291,0.67125,0.86233,0.70488,0.80946,0.75519,0.87359,0.60325,0.77485,1.2366,0.75061,0.00271,0,0.000426798,0.000426798,0.000426798
645,1004.69,0.53286,0.67069,0.39433,0.00174,0.04845,0.92188,0.673,0.86138,0.70003,0.81293,0.75384,0.85228,0.59139,0.76587,1.20665,0.75589,0.00263,0,0.000426048,0.000426048,0.000426048
646,1006.32,0.51672,0.71591,0.4043,0.00179,0.03447,0.78128,0.78261,0.86644,0.71266,0.78593,0.79039,0.88113,0.60305,0.74887,1.22404,0.73566,0.00256,0,0.000425298,0.000425298,0.000425298
647,1007.8,0.47707,0.6498,0.36959,0.0018,0.02007,0.77737,0.81661,0.86455,0.70392,0.77855,0.80096,0.87433,0.60748,0.76052,1.25249,0.7394,0.00271,0,0.000424548,0.000424548,0.000424548
648,1009.46,0.51833,0.64015,0.39275,0.00208,0.02782,0.79893,0.80444,0.86773,0.70598,0.80848,0.81523,0.88429,0.60315,0.76541,1.29835,0.73422,0.00272,0,0.000423799,0.000423799,0.000423799
649,1011.05,0.47229,0.61819,0.3771,0.00199,0.02217,0.81226,0.81316,0.8696,0.70707,0.81491,0.81606,0.87776,0.60081,0.77846,1.32496,0.73568,0.00272,0,0.000423049,0.000423049,0.000423049
650,1012.47,0.53262,0.64768,0.39762,0.00218,0.0231,0.80733,0.8211,0.87132,0.70415,0.80993,0.82442,0.87799,0.59313,0.78475,1.30136,0.7403,0.00275,0,0.000422299,0.000422299,0.000422299
651,1014.04,0.50377,0.61944,0.4173,0.002,0.03154,0.8133,0.83088,0.881,0.71784,0.8163,0.82848,0.87001,0.5837,0.77367,1.27836,0.72847,0.00269,0,0.000421549,0.000421549,0.000421549
652,1015.61,0.5035,0.59593,0.39081,0.00197,0.02546,0.8133,0.83088,0.881,0.71784,0.8163,0.82848,0.87001,0.5837,0.77367,1.27836,0.72847,0.00269,0,0.000420799,0.000420799,0.000420799
653,1017.38,0.51715,0.59546,0.37215,0.00213,0.02649,0.81755,0.82494,0.87014,0.7158,0.81796,0.82471,0.86444,0.58331,0.78007,1.26029,0.72895,0.00277,0,0.000420049,0.000420049,0.000420049
654,1018.77,0.51834,0.70756,0.39848,0.00182,0.03553,0.81023,0.81382,0.86333,0.70467,0.81924,0.82481,0.86392,0.58349,0.77514,1.21713,0.72724,0.00276,0,0.000419299,0.000419299,0.000419299
655,1020.2,0.49105,0.66068,0.36967,0.00185,0.04122,0.79709,0.82028,0.86322,0.70395,0.79092,0.81188,0.86273,0.59075,0.75976,1.24086,0.72824,0.00264,0,0.000418549,0.000418549,0.000418549
656,1021.51,0.48854,0.62126,0.4002,0.00189,0.02932,0.803,0.82191,0.86485,0.71028,0.803,0.82191,0.86524,0.59606,0.77508,1.29264,0.71178,0.00265,0,0.000417799,0.000417799,0.000417799
657,1023.07,0.49292,0.60897,0.41525,0.00185,0.02512,0.75087,0.81202,0.86027,0.70584,0.77505,0.82701,0.8651,0.59912,0.76962,1.21772,0.73212,0.00274,0,0.000417049,0.000417049,0.000417049
658,1024.52,0.52536,0.70564,0.43714,0.00186,0.02418,0.75032,0.79665,0.86573,0.70213,0.78442,0.81286,0.8667,0.59321,0.75964,1.2233,0.73697,0.00268,0,0.000416299,0.000416299,0.000416299
659,1026.18,0.52024,0.68669,0.45024,0.00198,0.03829,0.78472,0.77495,0.8716,0.70522,0.81564,0.80155,0.87126,0.59128,0.74815,1.24002,0.72862,0.00259,0,0.000415549,0.000415549,0.000415549
660,1027.62,0.5133,0.68082,0.38151,0.00206,0.02332,0.81645,0.7902,0.86958,0.71215,0.82742,0.80147,0.87192,0.59371,0.75544,1.26479,0.71881,0.00264,0,0.000414799,0.000414799,0.000414799
661,1029.35,0.51411,0.66908,0.3994,0.00184,0.02529,0.80564,0.81785,0.88346,0.71353,0.81138,0.80849,0.87434,0.59252,0.76066,1.28961,0.7041,0.00274,0,0.000414049,0.000414049,0.000414049
662,1030.98,0.48124,0.60115,0.37233,0.00197,0.02511,0.80564,0.81785,0.88346,0.71353,0.81138,0.80849,0.87434,0.59252,0.76066,1.28961,0.7041,0.00274,0,0.0004133,0.0004133,0.0004133
663,1032.53,0.51646,0.73688,0.3898,0.00175,0.01859,0.78566,0.84872,0.88787,0.72449,0.85441,0.83516,0.89278,0.59986,0.74594,1.33961,0.69004,0.00263,0,0.00041255,0.00041255,0.00041255
664,1033.96,0.50607,0.69837,0.37296,0.00172,0.02349,0.84558,0.81793,0.90291,0.72499,0.86862,0.84019,0.90076,0.60918,0.75788,1.256,0.67614,0.00269,0,0.0004118,0.0004118,0.0004118
665,1035.86,0.47871,0.61245,0.38466,0.00189,0.02262,0.80109,0.87448,0.90321,0.72643,0.8223,0.89561,0.90349,0.61448,0.79623,1.25166,0.66478,0.00273,0,0.00041105,0.00041105,0.00041105
666,1037.4,0.47274,0.62438,0.36843,0.0019,0.02213,0.82235,0.8929,0.90621,0.72462,0.84046,0.88,0.89813,0.61406,0.80155,1.28215,0.67498,0.0027,0,0.0004103,0.0004103,0.0004103
667,1038.72,0.46416,0.59518,0.34813,0.00199,0.02281,0.76003,0.87593,0.88675,0.7185,0.82798,0.88365,0.89951,0.60478,0.81229,1.29235,0.67373,0.00278,0,0.00040955,0.00040955,0.00040955
668,1040.16,0.49687,0.68467,0.39783,0.00178,0.02202,0.75243,0.88914,0.8868,0.7162,0.84312,0.87057,0.90016,0.5901,0.79396,1.27297,0.68644,0.00275,0,0.0004088,0.0004088,0.0004088
669,1041.7,0.52628,0.67418,0.38974,0.00209,0.02505,0.77529,0.86131,0.89079,0.71606,0.84096,0.85569,0.9057,0.59973,0.76407,1.19791,0.6726,0.00272,0,0.00040805,0.00040805,0.00040805
670,1043.38,0.50339,0.62347,0.38043,0.00191,0.02253,0.81873,0.85367,0.89042,0.71858,0.846,0.87782,0.91126,0.61844,0.76541,1.20702,0.67024,0.00276,0,0.0004073,0.0004073,0.0004073
671,1044.85,0.5293,0.61119,0.38537,0.0022,0.02165,0.80426,0.86658,0.89528,0.73613,0.82859,0.88335,0.91244,0.62997,0.72985,1.20575,0.6406,0.00257,0,0.00040655,0.00040655,0.00040655
672,1046.51,0.51178,0.67217,0.36181,0.00186,0.02059,0.80426,0.86658,0.89528,0.73613,0.82859,0.88335,0.91244,0.62997,0.72985,1.20575,0.6406,0.00257,0,0.0004058,0.0004058,0.0004058
673,1048.4,0.52335,0.70906,0.38919,0.00187,0.01877,0.88158,0.81129,0.8982,0.73615,0.90548,0.82975,0.91017,0.63198,0.72393,1.23799,0.65352,0.0025,0,0.00040505,0.00040505,0.00040505
674,1050.16,0.53434,0.78863,0.41258,0.00177,0.02263,0.89094,0.82558,0.90205,0.72786,0.91576,0.84063,0.90921,0.62533,0.73219,1.22491,0.64849,0.00253,0,0.0004043,0.0004043,0.0004043
675,1051.74,0.54128,0.72417,0.42076,0.00178,0.01958,0.90232,0.80613,0.89569,0.72153,0.92683,0.82459,0.90564,0.60567,0.74204,1.23101,0.65189,0.00253,0,0.000403551,0.000403551,0.000403551
676,1053.23,0.49031,0.70309,0.3805,0.00162,0.02104,0.91679,0.79895,0.9037,0.72743,0.89877,0.80761,0.89673,0.6003,0.76044,1.22818,0.67553,0.00255,0,0.000402801,0.000402801,0.000402801
677,1054.75,0.47568,0.58055,0.35395,0.00188,0.02002,0.8947,0.77514,0.88061,0.71178,0.88832,0.81397,0.89521,0.60885,0.80971,1.18327,0.65443,0.00263,0,0.000402051,0.000402051,0.000402051
678,1056.38,0.52234,0.62662,0.38546,0.00182,0.0221,0.86419,0.83068,0.90207,0.72949,0.85763,0.8341,0.88898,0.61118,0.79776,1.20406,0.66327,0.00262,0,0.000401301,0.000401301,0.000401301
679,1057.81,0.49214,0.60124,0.38257,0.00185,0.01843,0.91704,0.80541,0.89929,0.73292,0.84756,0.82368,0.88818,0.60387,0.74388,1.23547,0.66412,0.00257,0,0.000400551,0.000400551,0.000400551
680,1059.28,0.51263,0.71533,0.39964,0.00178,0.02429,0.88062,0.75964,0.88741,0.72294,0.74455,0.86443,0.87356,0.59026,0.74159,1.22598,0.67103,0.00252,0,0.000399801,0.000399801,0.000399801
681,1060.97,0.48372,0.6171,0.37768,0.00185,0.01928,0.90145,0.75629,0.88372,0.71661,0.88079,0.7378,0.87762,0.60132,0.748,1.24825,0.70278,0.00256,0,0.000399051,0.000399051,0.000399051
682,1062.79,0.48551,0.68799,0.38652,0.00177,0.01993,0.90145,0.75629,0.88372,0.71661,0.88079,0.7378,0.87762,0.60132,0.748,1.24825,0.70278,0.00256,0,0.000398301,0.000398301,0.000398301
683,1064.37,0.48714,0.68877,0.3698,0.00189,0.02045,0.91082,0.74918,0.88071,0.70441,0.83594,0.7606,0.87682,0.60281,0.78825,1.24301,0.71037,0.00262,0,0.000397551,0.000397551,0.000397551
684,1066.01,0.45497,0.59837,0.37343,0.00177,0.02186,0.85098,0.77163,0.84929,0.68786,0.87465,0.78981,0.87832,0.59404,0.78265,1.23704,0.71808,0.00258,0,0.000396801,0.000396801,0.000396801
685,1067.48,0.47752,0.60103,0.37447,0.00193,0.01959,0.83169,0.77484,0.83626,0.68227,0.88561,0.78019,0.87932,0.59463,0.76682,1.22532,0.71707,0.00258,0,0.000396051,0.000396051,0.000396051
686,1068.98,0.51918,0.67963,0.38552,0.00191,0.01989,0.86282,0.76663,0.84352,0.69152,0.88382,0.78454,0.86621,0.58738,0.77064,1.23074,0.71445,0.00271,0,0.000395301,0.000395301,0.000395301
687,1070.56,0.48614,0.70032,0.38489,0.00186,0.01841,0.888,0.75122,0.8431,0.68941,0.8873,0.78577,0.87071,0.58942,0.77498,1.23236,0.71403,0.00271,0,0.000394551,0.000394551,0.000394551
688,1072.09,0.47494,0.62869,0.35972,0.00189,0.02066,0.90153,0.75041,0.84616,0.69006,0.89778,0.78726,0.87249,0.59323,0.77757,1.21215,0.71893,0.00265,0,0.000393802,0.000393802,0.000393802
689,1073.54,0.54021,0.81357,0.37206,0.00211,0.02409,0.84281,0.76103,0.8484,0.68747,0.84082,0.79984,0.86962,0.59269,0.78886,1.27596,0.73434,0.0027,0,0.000393052,0.000393052,0.000393052
690,1074.98,0.52192,0.64749,0.35886,0.0025,0.01982,0.82306,0.77413,0.84982,0.68385,0.83097,0.80228,0.86168,0.58468,0.80239,1.23289,0.73204,0.00274,0,0.000392302,0.000392302,0.000392302
691,1076.55,0.5159,0.72093,0.41688,0.002,0.02316,0.81002,0.76607,0.849,0.68554,0.81056,0.80352,0.86136,0.58219,0.78347,1.19928,0.72376,0.00275,0,0.000391552,0.000391552,0.000391552
692,1077.95,0.47312,0.5982,0.35918,0.0021,0.02329,0.81002,0.76607,0.849,0.68554,0.81056,0.80352,0.86136,0.58219,0.78347,1.19928,0.72376,0.00275,0,0.000390802,0.000390802,0.000390802
693,1079.38,0.50916,0.74432,0.38924,0.00176,0.02128,0.8167,0.78258,0.86212,0.70372,0.81986,0.78516,0.86304,0.58531,0.75973,1.19683,0.72002,0.00272,0,0.000390052,0.000390052,0.000390052
694,1080.77,0.48625,0.77518,0.39623,0.0017,0.02919,0.78758,0.7916,0.85376,0.6969,0.81292,0.79838,0.86754,0.59212,0.76279,1.22711,0.72981,0.00269,0,0.000389302,0.000389302,0.000389302
695,1082.16,0.46941,0.63575,0.35481,0.00172,0.0233,0.8144,0.787,0.85636,0.69569,0.83686,0.80546,0.87694,0.59313,0.75971,1.26372,0.7401,0.00263,0,0.000388552,0.000388552,0.000388552
696,1083.81,0.48509,0.64214,0.35062,0.00186,0.02308,0.81633,0.78473,0.85009,0.68925,0.83915,0.80232,0.87487,0.59401,0.769,1.26152,0.73482,0.00261,0,0.000387802,0.000387802,0.000387802
697,1085.45,0.48782,0.66481,0.36524,0.00187,0.02111,0.78818,0.79968,0.85521,0.68885,0.8003,0.80715,0.86076,0.58864,0.77275,1.25905,0.73041,0.00265,0,0.000387052,0.000387052,0.000387052
698,1087.01,0.45982,0.66233,0.3628,0.00182,0.02655,0.77831,0.80625,0.86134,0.68955,0.78954,0.81386,0.86548,0.59433,0.78753,1.25377,0.72263,0.00272,0,0.000386302,0.000386302,0.000386302
699,1088.46,0.45671,0.61942,0.34868,0.00169,0.0197,0.80129,0.79064,0.86843,0.70341,0.82213,0.80886,0.88314,0.60197,0.7804,1.24164,0.70536,0.0027,0,0.000385552,0.000385552,0.000385552
700,1090.08,0.462,0.57961,0.3437,0.002,0.02341,0.78556,0.7925,0.87198,0.70913,0.80642,0.81059,0.88713,0.59906,0.76256,1.26156,0.70978,0.00262,0,0.000384802,0.000384802,0.000384802
701,1091.59,0.47897,0.72179,0.35368,0.00173,0.01903,0.79822,0.80308,0.87984,0.72254,0.8178,0.82154,0.89057,0.60141,0.76204,1.2994,0.69652,0.0026,0,0.000384052,0.000384052,0.000384052
702,1093.09,0.50391,0.70709,0.39614,0.00197,0.02347,0.79822,0.80308,0.87984,0.72254,0.8178,0.82154,0.89057,0.60141,0.76204,1.2994,0.69652,0.0026,0,0.000383303,0.000383303,0.000383303
703,1094.58,0.49304,0.72433,0.39565,0.0018,0.02091,0.75458,0.86893,0.88634,0.71803,0.7795,0.87722,0.8906,0.60207,0.7654,1.30505,0.68807,0.00265,0,0.000382553,0.000382553,0.000382553
704,1096.37,0.43701,0.56312,0.34108,0.00184,0.02127,0.781,0.86705,0.88484,0.72514,0.80798,0.87606,0.88815,0.60717,0.75437,1.32113,0.68604,0.00265,0,0.000381803,0.000381803,0.000381803
705,1097.79,0.47778,0.71701,0.37516,0.00174,0.02077,0.79632,0.84636,0.88247,0.71824,0.8105,0.85082,0.87392,0.60152,0.76826,1.31427,0.68022,0.00263,0,0.000381053,0.000381053,0.000381053
706,1099.36,0.4879,0.59871,0.35871,0.0018,0.02231,0.80551,0.84937,0.87896,0.71708,0.81951,0.84592,0.87136,0.60317,0.76713,1.29813,0.68328,0.00259,0,0.000380303,0.000380303,0.000380303
707,1100.94,0.48787,0.6149,0.33923,0.00201,0.02045,0.81553,0.84511,0.87621,0.70825,0.81874,0.83984,0.86851,0.59445,0.76206,1.28378,0.69824,0.00255,0,0.000379553,0.000379553,0.000379553
708,1102.66,0.479,0.68341,0.36448,0.00171,0.01741,0.81022,0.83709,0.87505,0.70989,0.83081,0.84328,0.8789,0.59536,0.75522,1.29657,0.69541,0.00252,0,0.000378803,0.000378803,0.000378803
709,1104.1,0.45799,0.68674,0.4005,0.00169,0.02222,0.80769,0.85772,0.88025,0.71629,0.82935,0.84824,0.88183,0.60587,0.75905,1.30899,0.68357,0.00258,0,0.000378053,0.000378053,0.000378053
710,1105.61,0.4527,0.56705,0.32769,0.00183,0.01992,0.83342,0.84244,0.8854,0.7138,0.85174,0.84567,0.88872,0.61273,0.76094,1.32459,0.6859,0.00262,0,0.000377303,0.000377303,0.000377303
711,1107,0.47213,0.62746,0.36221,0.00181,0.0188,0.86777,0.7973,0.88711,0.70445,0.88218,0.8313,0.89657,0.60687,0.75894,1.30095,0.68024,0.00259,0,0.000376553,0.000376553,0.000376553
712,1108.6,0.48912,0.67681,0.40785,0.00161,0.02008,0.86777,0.7973,0.88711,0.70445,0.88218,0.8313,0.89657,0.60687,0.75894,1.30095,0.68024,0.00259,0,0.000375803,0.000375803,0.000375803
713,1109.99,0.46857,0.57751,0.31973,0.00176,0.01894,0.86011,0.80622,0.88387,0.69675,0.86258,0.82973,0.88831,0.60261,0.7562,1.21469,0.71222,0.00258,0,0.000375053,0.000375053,0.000375053
714,1111.41,0.48129,0.64799,0.36835,0.00166,0.01778,0.85582,0.80195,0.88005,0.69622,0.8597,0.82441,0.87944,0.59411,0.77265,1.26982,0.69089,0.00257,0,0.000374303,0.000374303,0.000374303
715,1112.93,0.45754,0.58779,0.34743,0.00182,0.02127,0.85246,0.8116,0.87913,0.69314,0.84509,0.83594,0.87805,0.59476,0.78381,1.25424,0.69699,0.00263,0,0.000373554,0.000373554,0.000373554
716,1114.4,0.475,0.60036,0.35329,0.00201,0.02179,0.84601,0.83257,0.88193,0.69744,0.83676,0.84347,0.87979,0.59904,0.78094,1.27106,0.69045,0.00266,0,0.000372804,0.000372804,0.000372804
717,1116.03,0.44753,0.62495,0.35868,0.00166,0.01772,0.83443,0.82882,0.88134,0.70401,0.8335,0.83294,0.87658,0.60183,0.77521,1.284,0.70212,0.00267,0,0.000372054,0.000372054,0.000372054
718,1117.57,0.46022,0.64472,0.3732,0.00156,0.01993,0.82215,0.84268,0.88,0.70469,0.83309,0.86468,0.87893,0.60738,0.77023,1.25267,0.7176,0.00273,0,0.000371304,0.000371304,0.000371304
719,1119.03,0.48391,0.5957,0.37843,0.0019,0.01845,0.76546,0.86929,0.87062,0.70071,0.78364,0.88516,0.8718,0.60245,0.74683,1.25182,0.71986,0.00267,0,0.000370554,0.000370554,0.000370554
720,1120.44,0.48582,0.68182,0.3976,0.0018,0.022,0.76491,0.8688,0.87047,0.69854,0.78291,0.8932,0.87253,0.59971,0.74385,1.2749,0.7208,0.00258,0,0.000369804,0.000369804,0.000369804
721,1122.05,0.42291,0.66435,0.34967,0.00163,0.01869,0.8266,0.79143,0.87388,0.70562,0.84555,0.80699,0.87966,0.60242,0.74125,1.314,0.71496,0.00256,0,0.000369054,0.000369054,0.000369054
722,1123.47,0.45046,0.61324,0.32075,0.00172,0.02034,0.8266,0.79143,0.87388,0.70562,0.84555,0.80699,0.87966,0.60242,0.74125,1.314,0.71496,0.00256,0,0.000368304,0.000368304,0.000368304
723,1125.1,0.4275,0.6415,0.35171,0.00157,0.01912,0.8299,0.79371,0.87567,0.7057,0.84752,0.80991,0.88152,0.60867,0.74324,1.33743,0.71346,0.00253,0,0.000367554,0.000367554,0.000367554
724,1126.56,0.45128,0.63558,0.31022,0.00156,0.0166,0.76839,0.85503,0.87329,0.69882,0.78505,0.87546,0.88172,0.60778,0.74884,1.46722,0.73609,0.00252,0,0.000366804,0.000366804,0.000366804
725,1128.32,0.44202,0.61908,0.33947,0.00165,0.01768,0.79562,0.81128,0.86727,0.6954,0.83451,0.82292,0.88997,0.61181,0.75224,1.41538,0.73618,0.00252,0,0.000366054,0.000366054,0.000366054
726,1129.87,0.45105,0.63417,0.36063,0.00164,0.01877,0.72881,0.8529,0.86161,0.69744,0.74511,0.86878,0.8851,0.61243,0.75704,1.2395,0.72843,0.00258,0,0.000365304,0.000365304,0.000365304
727,1131.27,0.48306,0.63825,0.33427,0.00186,0.01919,0.76225,0.81388,0.85962,0.68993,0.77901,0.82976,0.88691,0.61581,0.78401,1.24304,0.72148,0.00269,0,0.000364554,0.000364554,0.000364554
728,1132.76,0.46855,0.65015,0.35184,0.00185,0.02011,0.78587,0.81564,0.8607,0.69071,0.79441,0.82032,0.87827,0.61196,0.76354,1.26826,0.7199,0.00263,0,0.000363805,0.000363805,0.000363805
729,1134.43,0.49359,0.76378,0.40999,0.00159,0.02229,0.77687,0.84276,0.8644,0.69808,0.79383,0.85668,0.88333,0.61296,0.76823,1.42158,0.71026,0.00258,0,0.000363055,0.000363055,0.000363055
730,1136.06,0.46792,0.65875,0.34224,0.00178,0.02042,0.79676,0.84467,0.86618,0.69952,0.81327,0.85988,0.88031,0.61121,0.77221,1.35402,0.71592,0.00263,0,0.000362305,0.000362305,0.000362305
731,1137.57,0.47479,0.71676,0.38683,0.0017,0.01914,0.80629,0.84443,0.86403,0.6984,0.82308,0.86009,0.88735,0.59052,0.78418,1.20254,0.69362,0.0027,0,0.000361555,0.000361555,0.000361555
732,1138.97,0.46923,0.63918,0.36003,0.00166,0.01912,0.80629,0.84443,0.86403,0.6984,0.82308,0.86009,0.88735,0.59052,0.78418,1.20254,0.69362,0.0027,0,0.000360805,0.000360805,0.000360805
733,1140.63,0.49473,0.71916,0.3664,0.00171,0.02475,0.80147,0.81842,0.86389,0.6933,0.82905,0.84504,0.88891,0.58476,0.78183,1.24521,0.7268,0.00266,0,0.000360055,0.000360055,0.000360055
734,1142.25,0.50163,0.61442,0.36109,0.00202,0.02085,0.83016,0.80751,0.8805,0.69916,0.85709,0.8338,0.90032,0.59469,0.79001,1.23801,0.70602,0.00266,0,0.000359305,0.000359305,0.000359305
735,1143.84,0.51496,0.77531,0.39725,0.00172,0.01682,0.83487,0.82012,0.88966,0.71296,0.85297,0.83574,0.89931,0.61662,0.77698,1.23472,0.70088,0.00267,0,0.000358555,0.000358555,0.000358555
736,1145.21,0.47469,0.64723,0.38606,0.00185,0.03158,0.89265,0.80716,0.89078,0.71769,0.86358,0.81768,0.88329,0.60968,0.77796,1.23687,0.69958,0.00272,0,0.000357805,0.000357805,0.000357805
737,1146.77,0.44217,0.62529,0.34693,0.00177,0.02427,0.85917,0.83113,0.88833,0.71933,0.85988,0.82813,0.88257,0.6094,0.75982,1.24915,0.69211,0.00263,0,0.000357055,0.000357055,0.000357055
738,1148.41,0.44055,0.59191,0.31293,0.0017,0.01986,0.85952,0.83672,0.88657,0.71595,0.86833,0.80276,0.88682,0.61457,0.73333,1.25955,0.72842,0.00255,0,0.000356305,0.000356305,0.000356305
739,1149.89,0.43895,0.59767,0.3239,0.00184,0.02987,0.8708,0.83789,0.89153,0.71978,0.85364,0.81101,0.88527,0.61247,0.74438,1.26406,0.71663,0.00256,0,0.000355555,0.000355555,0.000355555
740,1151.34,0.5197,0.80603,0.4059,0.00163,0.04766,0.87951,0.83193,0.89057,0.72142,0.86409,0.80754,0.88129,0.6099,0.75792,1.28771,0.69714,0.00259,0,0.000354805,0.000354805,0.000354805
741,1152.97,0.49945,0.75689,0.41854,0.00172,0.01993,0.88005,0.83374,0.88848,0.71338,0.86013,0.80858,0.8798,0.60967,0.75181,1.30023,0.70077,0.0026,0,0.000354055,0.000354055,0.000354055
742,1154.57,0.45712,0.62385,0.34175,0.00172,0.01653,0.88005,0.83374,0.88848,0.71338,0.86013,0.80858,0.8798,0.60967,0.75181,1.30023,0.70077,0.0026,0,0.000353306,0.000353306,0.000353306
743,1156.16,0.50133,0.74443,0.36782,0.00153,0.02083,0.86974,0.83704,0.88436,0.70381,0.86447,0.81648,0.88129,0.60707,0.75303,1.27341,0.7305,0.00252,0,0.000352556,0.000352556,0.000352556
744,1157.75,0.48128,0.6856,0.35467,0.00171,0.02244,0.87722,0.83913,0.88763,0.69817,0.86433,0.81959,0.88711,0.60704,0.77111,1.25425,0.72098,0.00263,0,0.000351806,0.000351806,0.000351806
745,1159.1,0.48713,0.69031,0.376,0.00179,0.02131,0.92545,0.7629,0.87946,0.69473,0.85624,0.81542,0.8767,0.59843,0.79215,1.22595,0.71797,0.00268,0,0.000351056,0.000351056,0.000351056
746,1160.76,0.46202,0.7165,0.37261,0.00164,0.02043,0.92074,0.74703,0.87627,0.69359,0.76999,0.84632,0.8543,0.58918,0.79387,1.21016,0.7306,0.00271,0,0.000350306,0.000350306,0.000350306
747,1162.14,0.51823,0.80708,0.42743,0.00154,0.02054,0.87488,0.77123,0.86647,0.69728,0.87153,0.77055,0.86774,0.58326,0.76887,1.21897,0.75778,0.00258,0,0.000349556,0.000349556,0.000349556
748,1163.6,0.4426,0.59728,0.30668,0.00179,0.01829,0.86451,0.77831,0.86102,0.69789,0.87828,0.78624,0.8768,0.58669,0.75587,1.20462,0.77972,0.00254,0,0.000348806,0.000348806,0.000348806
749,1165.03,0.46541,0.66217,0.32769,0.00176,0.02357,0.85936,0.78899,0.85844,0.68866,0.87588,0.80559,0.87558,0.58502,0.75778,1.18279,0.8023,0.00255,0,0.000348056,0.000348056,0.000348056
750,1166.76,0.49475,0.64972,0.34344,0.00173,0.02492,0.89061,0.77795,0.86141,0.6933,0.87222,0.78652,0.88302,0.59339,0.75383,1.16051,0.75968,0.00255,0,0.000347306,0.000347306,0.000347306
751,1168.29,0.45445,0.65784,0.36257,0.00175,0.0194,0.8848,0.79269,0.86653,0.69651,0.88966,0.79454,0.89133,0.59301,0.75757,1.16178,0.72815,0.00259,0,0.000346556,0.000346556,0.000346556
752,1169.73,0.41325,0.62224,0.3353,0.00153,0.02089,0.8848,0.79269,0.86653,0.69651,0.88966,0.79454,0.89133,0.59301,0.75757,1.16178,0.72815,0.00259,0,0.000345806,0.000345806,0.000345806
753,1171.19,0.46366,0.66528,0.32338,0.00171,0.01741,0.86791,0.81984,0.87317,0.69618,0.87576,0.82828,0.90243,0.60898,0.75842,1.13737,0.71373,0.00262,0,0.000345056,0.000345056,0.000345056
754,1172.66,0.45367,0.65879,0.33659,0.00165,0.02017,0.86274,0.82152,0.87687,0.70114,0.87461,0.82899,0.89658,0.61394,0.75672,1.11719,0.71239,0.0026,0,0.000344306,0.000344306,0.000344306
755,1174.42,0.40962,0.59726,0.33091,0.00149,0.01669,0.885,0.8114,0.87831,0.70388,0.89661,0.81887,0.89464,0.61562,0.7615,1.13357,0.7055,0.0026,0,0.000343557,0.000343557,0.000343557
756,1175.89,0.46539,0.64268,0.36128,0.00167,0.01734,0.86121,0.8423,0.88024,0.71052,0.87207,0.8507,0.89961,0.61674,0.76117,1.14917,0.67856,0.00262,0,0.000342807,0.000342807,0.000342807
757,1177.35,0.44149,0.65008,0.32712,0.00145,0.01888,0.86457,0.82564,0.88313,0.71208,0.87495,0.83319,0.90403,0.60329,0.77271,1.17384,0.67166,0.00268,0,0.000342057,0.000342057,0.000342057
758,1178.8,0.42789,0.56325,0.30113,0.0017,0.01755,0.86209,0.80426,0.88096,0.70531,0.87079,0.81189,0.89906,0.61338,0.78157,1.24711,0.66991,0.00274,0,0.000341307,0.000341307,0.000341307
759,1180.46,0.43089,0.55013,0.32338,0.00167,0.01897,0.89478,0.78893,0.87475,0.70946,0.90574,0.7964,0.89446,0.6178,0.77866,1.26941,0.69404,0.00269,0,0.000340557,0.000340557,0.000340557
760,1181.86,0.46128,0.54015,0.34108,0.00179,0.02043,0.90744,0.78436,0.86564,0.69864,0.91839,0.79183,0.88625,0.61239,0.7867,1.2619,0.69663,0.0027,0,0.000339807,0.000339807,0.000339807
761,1183.24,0.50545,0.64686,0.36575,0.00181,0.01978,0.89858,0.78404,0.86862,0.70273,0.9094,0.79151,0.88787,0.60907,0.79951,1.25806,0.68622,0.00272,0,0.000339057,0.000339057,0.000339057
762,1184.8,0.48626,0.60001,0.35651,0.00185,0.01763,0.89858,0.78404,0.86862,0.70273,0.9094,0.79151,0.88787,0.60907,0.79951,1.25806,0.68622,0.00272,0,0.000338307,0.000338307,0.000338307
763,1186.41,0.46782,0.65095,0.33504,0.0016,0.01839,0.90988,0.76458,0.86938,0.71041,0.92064,0.77325,0.89029,0.60928,0.79243,1.25028,0.69352,0.0027,0,0.000337557,0.000337557,0.000337557
764,1187.91,0.49633,0.7281,0.39206,0.00168,0.01832,0.90765,0.75367,0.86699,0.70137,0.91865,0.76094,0.88509,0.60327,0.77957,1.23361,0.69609,0.00264,0,0.000336807,0.000336807,0.000336807
765,1189.36,0.44805,0.59681,0.36111,0.00176,0.01812,0.91222,0.75875,0.87125,0.70124,0.92282,0.76622,0.8855,0.60546,0.76382,1.22661,0.70041,0.00258,0,0.000336057,0.000336057,0.000336057
766,1190.92,0.44788,0.62565,0.34686,0.00169,0.01776,0.91,0.76217,0.86431,0.69534,0.92082,0.76964,0.88475,0.60824,0.77266,1.20985,0.71338,0.00259,0,0.000335307,0.000335307,0.000335307
767,1192.38,0.48607,0.69259,0.39611,0.0017,0.0187,0.88344,0.7659,0.86268,0.69794,0.89518,0.77337,0.88262,0.59746,0.77188,1.21584,0.72988,0.00257,0,0.000334557,0.000334557,0.000334557
768,1193.97,0.48773,0.74735,0.37597,0.00159,0.01928,0.86271,0.76099,0.86681,0.69407,0.87514,0.76815,0.88398,0.60159,0.77035,1.2243,0.72511,0.00259,0,0.000333808,0.000333808,0.000333808
769,1195.49,0.47175,0.60372,0.33243,0.00176,0.01866,0.80222,0.84571,0.87424,0.7003,0.81207,0.85261,0.89174,0.60598,0.76665,1.21761,0.72403,0.00257,0,0.000333058,0.000333058,0.000333058
770,1196.92,0.43457,0.62374,0.34378,0.00163,0.01912,0.79859,0.84529,0.87472,0.70675,0.80985,0.84857,0.89043,0.61575,0.76014,1.21749,0.72531,0.00259,0,0.000332308,0.000332308,0.000332308
771,1198.51,0.48178,0.63152,0.35091,0.00178,0.01783,0.80157,0.85404,0.87354,0.70716,0.81079,0.85987,0.89518,0.61856,0.77307,1.22548,0.72081,0.0027,0,0.000331558,0.000331558,0.000331558
772,1200.11,0.46819,0.64471,0.37678,0.00184,0.025,0.80157,0.85404,0.87354,0.70716,0.81079,0.85987,0.89518,0.61856,0.77307,1.22548,0.72081,0.0027,0,0.000330808,0.000330808,0.000330808
773,1201.61,0.4618,0.64453,0.36983,0.00183,0.01917,0.80929,0.85649,0.87512,0.70252,0.8195,0.86161,0.89872,0.61643,0.75633,1.2364,0.71769,0.00265,0,0.000330058,0.000330058,0.000330058
774,1203.24,0.43775,0.60149,0.34977,0.00166,0.01682,0.81894,0.85925,0.87538,0.70186,0.83066,0.86648,0.89898,0.61082,0.74824,1.24398,0.72126,0.00262,0,0.000329308,0.000329308,0.000329308
775,1204.92,0.45261,0.60728,0.33926,0.00179,0.01869,0.82495,0.85191,0.8736,0.70586,0.84169,0.86882,0.9003,0.61547,0.7536,1.21467,0.71052,0.00268,0,0.000328558,0.000328558,0.000328558
776,1206.45,0.47166,0.7066,0.37032,0.0016,0.01756,0.82251,0.85191,0.87131,0.71351,0.84033,0.86804,0.89586,0.61756,0.73644,1.19899,0.71256,0.00259,0,0.000327808,0.000327808,0.000327808
777,1207.95,0.43873,0.59258,0.34265,0.00166,0.01991,0.82282,0.85594,0.87346,0.71028,0.84097,0.87181,0.89772,0.60968,0.73269,1.18787,0.70334,0.00252,0,0.000327058,0.000327058,0.000327058
778,1209.54,0.4957,0.69811,0.38318,0.00167,0.01752,0.82527,0.85453,0.87414,0.70722,0.83791,0.862,0.89657,0.60583,0.73907,1.23518,0.70603,0.00248,0,0.000326308,0.000326308,0.000326308
779,1211.39,0.46836,0.6507,0.36822,0.00172,0.01923,0.8306,0.84727,0.87823,0.70992,0.84361,0.85416,0.89867,0.60324,0.74387,1.30535,0.69983,0.00251,0,0.000325558,0.000325558,0.000325558
780,1212.79,0.4836,0.67881,0.35081,0.00169,0.01909,0.83693,0.82886,0.87756,0.7105,0.85015,0.83633,0.89658,0.6005,0.76173,1.30843,0.71955,0.00257,0,0.000324808,0.000324808,0.000324808
781,1214.26,0.43751,0.60962,0.32844,0.00163,0.01792,0.85424,0.79778,0.87223,0.69979,0.85708,0.79426,0.87958,0.6006,0.77269,1.27158,0.72736,0.00257,0,0.000324058,0.000324058,0.000324058
782,1215.67,0.46176,0.60442,0.3669,0.00154,0.01688,0.85424,0.79778,0.87223,0.69979,0.85708,0.79426,0.87958,0.6006,0.77269,1.27158,0.72736,0.00257,0,0.000323309,0.000323309,0.000323309
783,1217.33,0.4971,0.6868,0.37035,0.00178,0.02627,0.8741,0.78975,0.87534,0.69593,0.85705,0.79777,0.88434,0.61232,0.78433,1.25553,0.71567,0.0026,0,0.000322559,0.000322559,0.000322559
784,1218.89,0.45265,0.61862,0.34628,0.00177,0.01898,0.88672,0.77821,0.87357,0.69418,0.85411,0.82311,0.89319,0.61186,0.77467,1.22664,0.71879,0.00263,0,0.000321809,0.000321809,0.000321809
785,1220.3,0.48253,0.68263,0.34492,0.00164,0.0181,0.89998,0.79266,0.87519,0.70703,0.87586,0.79452,0.88386,0.61917,0.74819,1.22816,0.71956,0.00255,0,0.000321059,0.000321059,0.000321059
786,1221.94,0.48613,0.70101,0.37974,0.00168,0.01783,0.89558,0.8018,0.88048,0.71116,0.85901,0.78142,0.87388,0.62316,0.75539,1.19087,0.69182,0.00257,0,0.000320309,0.000320309,0.000320309
787,1223.46,0.48473,0.5204,0.31841,0.00209,0.01817,0.892,0.78798,0.87891,0.70885,0.86747,0.76263,0.87112,0.6239,0.7638,1.20728,0.69171,0.00265,0,0.000319559,0.000319559,0.000319559
788,1224.85,0.51815,0.71585,0.39365,0.00172,0.01866,0.77912,0.84668,0.8722,0.70116,0.7704,0.83759,0.87066,0.60884,0.75549,1.27642,0.70269,0.0026,0,0.000318809,0.000318809,0.000318809
789,1226.26,0.45462,0.57293,0.33358,0.00168,0.01911,0.77574,0.8551,0.86955,0.69108,0.77663,0.85081,0.88014,0.60127,0.75297,1.26599,0.68473,0.00256,0,0.000318059,0.000318059,0.000318059
790,1227.65,0.51144,0.61798,0.37032,0.00177,0.01813,0.79349,0.82267,0.85842,0.67745,0.81683,0.81282,0.87677,0.59768,0.75515,1.31075,0.72343,0.00256,0,0.000317309,0.000317309,0.000317309
791,1229.38,0.53329,0.60512,0.33816,0.00181,0.01613,0.8128,0.8235,0.86795,0.68834,0.82172,0.82851,0.8834,0.60179,0.76094,1.25073,0.69623,0.00255,0,0.000316559,0.000316559,0.000316559
792,1230.78,0.47536,0.67408,0.33695,0.00163,0.01546,0.8128,0.8235,0.86795,0.68834,0.82172,0.82851,0.8834,0.60179,0.76094,1.25073,0.69623,0.00255,0,0.000315809,0.000315809,0.000315809
793,1232.24,0.47665,0.58478,0.33455,0.00193,0.01934,0.81682,0.83856,0.87706,0.70315,0.83212,0.85443,0.89604,0.60235,0.75105,1.21019,0.70184,0.00253,0,0.000315059,0.000315059,0.000315059
794,1233.8,0.48465,0.59286,0.33221,0.00203,0.01642,0.80783,0.80889,0.87601,0.70083,0.89906,0.76729,0.89477,0.60738,0.76874,1.1705,0.71246,0.00259,0,0.000314309,0.000314309,0.000314309
795,1235.4,0.45649,0.58706,0.30893,0.00171,0.01883,0.73677,0.86802,0.86417,0.70038,0.79197,0.78543,0.86422,0.59882,0.76677,1.17744,0.7121,0.00256,0,0.00031356,0.00031356,0.00031356
796,1237.06,0.4815,0.59908,0.34152,0.00203,0.01951,0.84014,0.80729,0.87292,0.71211,0.8426,0.80501,0.88034,0.59492,0.76063,1.20369,0.70054,0.00255,0,0.00031281,0.00031281,0.00031281
797,1238.61,0.46705,0.5745,0.31944,0.00193,0.01872,0.83814,0.79024,0.87832,0.70813,0.84666,0.79499,0.88969,0.60672,0.77354,1.23221,0.70196,0.00259,0,0.00031206,0.00031206,0.00031206
798,1240.07,0.46085,0.61905,0.34625,0.00176,0.01634,0.83259,0.78974,0.86965,0.70452,0.8367,0.79868,0.88273,0.60902,0.77092,1.23096,0.69461,0.00262,0,0.00031131,0.00031131,0.00031131
799,1241.52,0.4909,0.65625,0.36233,0.00167,0.01667,0.87026,0.74781,0.88308,0.70888,0.79489,0.82331,0.89035,0.61297,0.77237,1.23614,0.70536,0.00269,0,0.00031056,0.00031056,0.00031056
800,1243.11,0.51489,0.63001,0.37398,0.00196,0.02121,0.88256,0.76372,0.8812,0.71017,0.87985,0.77441,0.88804,0.60631,0.75655,1.25127,0.71457,0.00266,0,0.00030981,0.00030981,0.00030981
801,1244.57,0.5121,0.66203,0.37163,0.00187,0.01656,0.82159,0.81976,0.88272,0.69634,0.82434,0.81869,0.87834,0.6034,0.74856,1.26786,0.70932,0.00256,0,0.00030906,0.00030906,0.00030906
802,1245.94,0.45528,0.64386,0.32761,0.0016,0.01782,0.82159,0.81976,0.88272,0.69634,0.82434,0.81869,0.87834,0.6034,0.74856,1.26786,0.70932,0.00256,0,0.00030831,0.00030831,0.00030831
803,1247.32,0.48469,0.61049,0.36972,0.00185,0.01998,0.81831,0.81949,0.88058,0.69103,0.8275,0.82477,0.88846,0.59897,0.7641,1.22031,0.73905,0.00262,0,0.00030756,0.00030756,0.00030756
804,1248.97,0.48038,0.58626,0.34296,0.00193,0.01825,0.84645,0.815,0.88216,0.69488,0.85004,0.82191,0.88688,0.60034,0.76857,1.36799,0.7358,0.00263,0,0.00030681,0.00030681,0.00030681
805,1250.56,0.44276,0.56266,0.34125,0.00178,0.01687,0.85933,0.80949,0.88073,0.69851,0.85043,0.81216,0.87714,0.60014,0.7646,1.22333,0.74162,0.00257,0,0.00030606,0.00030606,0.00030606
806,1252.04,0.44688,0.57361,0.30204,0.00167,0.02047,0.83762,0.81583,0.87859,0.69773,0.83962,0.81506,0.87198,0.5982,0.77162,1.2535,0.71701,0.00262,0,0.00030531,0.00030531,0.00030531
807,1253.47,0.48773,0.63357,0.36789,0.00169,0.01732,0.80645,0.82863,0.87706,0.69587,0.82491,0.8445,0.89134,0.60537,0.78196,1.22532,0.71757,0.00272,0,0.00030456,0.00030456,0.00030456
808,1255.01,0.45954,0.60408,0.37639,0.00178,0.0174,0.80576,0.83543,0.87937,0.7046,0.82445,0.8513,0.89339,0.60314,0.77628,1.1998,0.72787,0.00265,0,0.000303811,0.000303811,0.000303811
809,1256.69,0.45289,0.56327,0.31216,0.00175,0.01704,0.82882,0.8271,0.87653,0.70574,0.80989,0.81523,0.86394,0.58651,0.75687,1.27576,0.73316,0.00255,0,0.000303061,0.000303061,0.000303061
810,1258.13,0.4654,0.62473,0.32505,0.00156,0.01848,0.80267,0.84466,0.87678,0.70548,0.81537,0.85426,0.88127,0.59546,0.76874,1.17853,0.73202,0.00262,0,0.000302311,0.000302311,0.000302311
811,1259.56,0.44301,0.58704,0.31133,0.00187,0.01923,0.81399,0.8464,0.88248,0.7115,0.83248,0.86228,0.8967,0.60719,0.76246,1.21191,0.71577,0.00265,0,0.000301561,0.000301561,0.000301561
812,1261.22,0.46484,0.60567,0.3344,0.00171,0.01844,0.81399,0.8464,0.88248,0.7115,0.83248,0.86228,0.8967,0.60719,0.76246,1.21191,0.71577,0.00265,0,0.000300811,0.000300811,0.000300811
813,1262.68,0.44589,0.59921,0.32786,0.00192,0.01854,0.84025,0.84763,0.88615,0.71551,0.85009,0.85315,0.89094,0.62171,0.75647,1.22467,0.70171,0.0026,0,0.000300061,0.000300061,0.000300061
814,1264.09,0.44442,0.59175,0.34929,0.00169,0.01959,0.87924,0.81617,0.88628,0.7149,0.86103,0.83667,0.89647,0.61948,0.75304,1.2334,0.68795,0.00255,0,0.000299311,0.000299311,0.000299311
815,1265.54,0.43759,0.56774,0.32356,0.00164,0.01805,0.87351,0.81481,0.88562,0.71458,0.86095,0.80609,0.89462,0.62417,0.74909,1.23251,0.69425,0.00255,0,0.000298561,0.000298561,0.000298561
816,1267.13,0.41786,0.51675,0.3069,0.0017,0.01642,0.85291,0.83141,0.88313,0.70925,0.84145,0.82097,0.88835,0.6224,0.74726,1.22665,0.69188,0.00252,0,0.000297811,0.000297811,0.000297811
817,1268.87,0.4319,0.58628,0.33842,0.00155,0.01802,0.85448,0.83648,0.88147,0.71238,0.84444,0.82597,0.88477,0.61795,0.73449,1.22568,0.70878,0.0025,0,0.000297061,0.000297061,0.000297061
818,1270.32,0.43337,0.60511,0.32838,0.00159,0.02009,0.84568,0.84224,0.8783,0.70901,0.83629,0.83126,0.88564,0.61536,0.74241,1.22611,0.6956,0.00249,0,0.000296311,0.000296311,0.000296311
819,1271.84,0.39011,0.54882,0.30239,0.00151,0.01801,0.84003,0.84218,0.879,0.70971,0.82687,0.85179,0.88824,0.60829,0.74144,1.22211,0.70133,0.00249,0,0.000295561,0.000295561,0.000295561
820,1273.48,0.45473,0.65922,0.35043,0.00181,0.01742,0.84317,0.83512,0.88407,0.7136,0.83419,0.84174,0.89094,0.60617,0.74319,1.2248,0.70365,0.00251,0,0.000294811,0.000294811,0.000294811
821,1275.08,0.39394,0.57238,0.32205,0.00152,0.01583,0.84051,0.83662,0.87729,0.70691,0.83174,0.82695,0.88196,0.61452,0.74766,1.23778,0.71003,0.00258,0,0.000294061,0.000294061,0.000294061
822,1276.53,0.41425,0.51982,0.29575,0.00172,0.01869,0.84051,0.83662,0.87729,0.70691,0.83174,0.82695,0.88196,0.61452,0.74766,1.23778,0.71003,0.00258,0,0.000293312,0.000293312,0.000293312
823,1278.15,0.4119,0.62018,0.31551,0.00156,0.01914,0.84027,0.82274,0.87755,0.70317,0.81953,0.83608,0.88439,0.61356,0.75433,1.25553,0.70964,0.00254,0,0.000292562,0.000292562,0.000292562
824,1279.82,0.44198,0.6808,0.35917,0.0015,0.02026,0.84636,0.80759,0.87775,0.70238,0.83675,0.81674,0.88461,0.61211,0.75816,1.24998,0.72151,0.00251,0,0.000291812,0.000291812,0.000291812
825,1281.5,0.42999,0.64344,0.33682,0.00144,0.01881,0.85162,0.79974,0.87074,0.69283,0.83808,0.79399,0.87662,0.61251,0.76137,1.21655,0.72331,0.00252,0,0.000291062,0.000291062,0.000291062
826,1283.01,0.4032,0.55278,0.34374,0.00161,0.01912,0.76791,0.83643,0.86445,0.69386,0.75194,0.84785,0.87745,0.60592,0.75809,1.14046,0.72269,0.00253,0,0.000290312,0.000290312,0.000290312
827,1284.53,0.40713,0.53741,0.32611,0.00168,0.0186,0.77095,0.81732,0.86058,0.69135,0.73241,0.84595,0.85703,0.60672,0.74167,1.13165,0.74972,0.00254,0,0.000289562,0.000289562,0.000289562
828,1285.94,0.45935,0.63687,0.34392,0.00158,0.0171,0.78189,0.80783,0.85365,0.69103,0.74942,0.80275,0.84696,0.60227,0.7507,1.21197,0.76484,0.00254,0,0.000288812,0.000288812,0.000288812
829,1287.75,0.44802,0.68094,0.34645,0.0015,0.02044,0.79604,0.79415,0.85473,0.68917,0.77941,0.77785,0.8493,0.60192,0.75879,1.19871,0.7462,0.00256,0,0.000288062,0.000288062,0.000288062
830,1289.17,0.46233,0.63321,0.32637,0.00165,0.01884,0.80622,0.77325,0.85554,0.68877,0.79869,0.76781,0.86005,0.60444,0.76279,1.18243,0.74914,0.00257,0,0.000287312,0.000287312,0.000287312
831,1290.77,0.43453,0.57863,0.31892,0.00166,0.01664,0.7989,0.79157,0.86018,0.69176,0.787,0.80008,0.8622,0.60311,0.76086,1.17202,0.75105,0.00259,0,0.000286562,0.000286562,0.000286562
832,1292.21,0.47358,0.63204,0.36695,0.00165,0.02364,0.7989,0.79157,0.86018,0.69176,0.787,0.80008,0.8622,0.60311,0.76086,1.17202,0.75105,0.00259,0,0.000285812,0.000285812,0.000285812
833,1293.9,0.43939,0.62559,0.34847,0.00158,0.02168,0.85805,0.71933,0.85124,0.68689,0.76918,0.78401,0.85284,0.59767,0.76776,1.17343,0.75415,0.00261,0,0.000285062,0.000285062,0.000285062
834,1295.4,0.44657,0.62577,0.34254,0.00151,0.01705,0.81351,0.74952,0.85428,0.68205,0.77105,0.7969,0.8594,0.60133,0.77681,1.18004,0.74295,0.0026,0,0.000284312,0.000284312,0.000284312
835,1296.97,0.48098,0.68544,0.36153,0.0017,0.01776,0.90291,0.68802,0.84596,0.67603,0.76767,0.81285,0.85748,0.59982,0.77272,1.29239,0.73514,0.00257,0,0.000283563,0.000283563,0.000283563
836,1298.44,0.43443,0.58079,0.33371,0.00146,0.01535,0.86328,0.74378,0.84675,0.67662,0.85884,0.74105,0.85766,0.59734,0.75926,1.27842,0.7279,0.00253,0,0.000282813,0.000282813,0.000282813
837,1300.18,0.44514,0.5997,0.32978,0.00161,0.01857,0.85748,0.75362,0.84655,0.6805,0.84294,0.7396,0.85359,0.59768,0.75197,1.26765,0.72517,0.00252,0,0.000282063,0.000282063,0.000282063
838,1301.79,0.4371,0.62505,0.34098,0.00157,0.02753,0.86094,0.7536,0.85066,0.68951,0.84634,0.73936,0.85784,0.59505,0.7439,1.26728,0.72288,0.0025,0,0.000281313,0.000281313,0.000281313
839,1303.18,0.43443,0.58856,0.35415,0.00158,0.01671,0.84661,0.7578,0.85467,0.68942,0.82679,0.74967,0.86951,0.59588,0.758,1.28063,0.7282,0.00253,0,0.000280563,0.000280563,0.000280563
840,1304.67,0.4342,0.61315,0.32656,0.00159,0.01813,0.85579,0.74266,0.85447,0.69064,0.84447,0.7413,0.87903,0.60007,0.74489,1.28568,0.75362,0.00252,0,0.000279813,0.000279813,0.000279813
841,1306.28,0.41742,0.5832,0.35638,0.00156,0.01894,0.90461,0.73994,0.85862,0.69098,0.85486,0.72281,0.8703,0.60152,0.74747,1.29607,0.75544,0.00251,0,0.000279063,0.000279063,0.000279063
842,1307.67,0.4493,0.6829,0.34432,0.00159,0.02025,0.90461,0.73994,0.85862,0.69098,0.85486,0.72281,0.8703,0.60152,0.74747,1.29607,0.75544,0.00251,0,0.000278313,0.000278313,0.000278313
843,1309.22,0.39892,0.59294,0.32237,0.00154,0.01724,0.927,0.75628,0.86677,0.6962,0.8091,0.83381,0.86865,0.60433,0.74424,1.30728,0.74237,0.00251,0,0.000277563,0.000277563,0.000277563
844,1310.64,0.42738,0.60069,0.31339,0.0018,0.01975,0.84935,0.82734,0.86836,0.69501,0.83439,0.8298,0.87103,0.60762,0.76332,1.30692,0.72801,0.00262,0,0.000276813,0.000276813,0.000276813
845,1312.1,0.44827,0.62324,0.34659,0.00161,0.0159,0.86605,0.81952,0.86391,0.69221,0.84236,0.82363,0.8692,0.60871,0.77889,1.3011,0.74481,0.00265,0,0.000276063,0.000276063,0.000276063
846,1313.84,0.40428,0.50691,0.30215,0.00178,0.01951,0.84308,0.83104,0.88671,0.70934,0.8395,0.83379,0.87314,0.61473,0.78321,1.10853,0.71682,0.00261,0,0.000275313,0.000275313,0.000275313
847,1315.46,0.41361,0.60765,0.34315,0.00169,0.01882,0.94518,0.73677,0.88491,0.70756,0.83567,0.8307,0.87804,0.61604,0.77773,1.11909,0.7238,0.00264,0,0.000274563,0.000274563,0.000274563
848,1317.07,0.43505,0.54484,0.32083,0.00177,0.01953,0.93381,0.74214,0.88805,0.7079,0.83921,0.83575,0.89314,0.61254,0.7737,1.12779,0.72718,0.00268,0,0.000273814,0.000273814,0.000273814
849,1318.55,0.41933,0.5648,0.32293,0.00172,0.01703,0.93485,0.74082,0.88642,0.70937,0.8468,0.83261,0.89622,0.60939,0.7626,1.13493,0.72042,0.00261,0,0.000273064,0.000273064,0.000273064
850,1320.09,0.39576,0.52276,0.27072,0.00156,0.01647,0.84868,0.8184,0.88823,0.71393,0.85928,0.83122,0.89771,0.61389,0.77738,1.13692,0.6978,0.00262,0,0.000272314,0.000272314,0.000272314
851,1321.66,0.48249,0.67009,0.35288,0.0016,0.01847,0.85739,0.8011,0.88314,0.71271,0.86529,0.81179,0.89886,0.60511,0.78898,1.17144,0.69277,0.00267,0,0.000271564,0.000271564,0.000271564
852,1323.11,0.43833,0.6157,0.36855,0.00164,0.01743,0.85739,0.8011,0.88314,0.71271,0.86529,0.81179,0.89886,0.60511,0.78898,1.17144,0.69277,0.00267,0,0.000270814,0.000270814,0.000270814
853,1324.55,0.40849,0.62164,0.31802,0.0014,0.01782,0.8487,0.79478,0.87934,0.70691,0.85165,0.7963,0.89295,0.61125,0.76533,1.32471,0.71024,0.00261,0,0.000270064,0.000270064,0.000270064
854,1326.37,0.43973,0.61609,0.3418,0.00163,0.01916,0.8522,0.79495,0.87946,0.70123,0.85498,0.79704,0.89321,0.61168,0.76994,1.29447,0.70012,0.00261,0,0.000269314,0.000269314,0.000269314
855,1327.93,0.43252,0.5613,0.33355,0.00172,0.01706,0.87876,0.77918,0.88184,0.70683,0.88424,0.78041,0.87836,0.61549,0.76303,1.26212,0.69931,0.00258,0,0.000268564,0.000268564,0.000268564
856,1329.51,0.45892,0.6966,0.36953,0.00144,0.01629,0.88871,0.79279,0.88374,0.71747,0.89381,0.79389,0.8974,0.63334,0.74788,1.23345,0.7073,0.00253,0,0.000267814,0.000267814,0.000267814
857,1331.14,0.40426,0.55509,0.33523,0.00152,0.01664,0.88646,0.80968,0.88382,0.71589,0.89106,0.81126,0.89427,0.62546,0.74568,1.22605,0.70583,0.00253,0,0.000267064,0.000267064,0.000267064
858,1332.61,0.38781,0.52038,0.29681,0.00171,0.01792,0.8817,0.80335,0.88462,0.71861,0.87994,0.81212,0.89132,0.62654,0.75523,1.09765,0.69314,0.00253,0,0.000266314,0.000266314,0.000266314
859,1334.41,0.41596,0.61979,0.31988,0.00148,0.01696,0.92148,0.75594,0.8856,0.71892,0.86546,0.82522,0.89435,0.63693,0.7555,1.10196,0.70151,0.00255,0,0.000265564,0.000265564,0.000265564
860,1335.99,0.42143,0.52347,0.30195,0.0018,0.02003,0.92573,0.75474,0.88525,0.71532,0.87453,0.82531,0.90248,0.63351,0.76015,1.11054,0.70639,0.00255,0,0.000264814,0.000264814,0.000264814
861,1337.43,0.42956,0.62358,0.32498,0.00149,0.01758,0.92316,0.75494,0.87088,0.7019,0.86785,0.81011,0.89766,0.63062,0.77114,1.24033,0.69716,0.00257,0,0.000264064,0.000264064,0.000264064
862,1338.91,0.40998,0.55525,0.31373,0.00153,0.01683,0.92316,0.75494,0.87088,0.7019,0.86785,0.81011,0.89766,0.63062,0.77114,1.24033,0.69716,0.00257,0,0.000263315,0.000263315,0.000263315
863,1340.52,0.45088,0.67229,0.3699,0.00165,0.01844,0.92647,0.75915,0.87219,0.69997,0.88425,0.81958,0.90891,0.62289,0.78241,1.37269,0.691,0.0026,0,0.000262565,0.000262565,0.000262565
864,1341.96,0.40241,0.59858,0.30054,0.00137,0.01859,0.92447,0.74559,0.88221,0.70823,0.8835,0.79651,0.8995,0.62486,0.77949,1.25041,0.69621,0.0026,0,0.000261815,0.000261815,0.000261815
865,1343.32,0.44355,0.66097,0.38781,0.00159,0.01739,0.94578,0.74182,0.88883,0.70869,0.83906,0.80836,0.89768,0.62565,0.76941,1.14314,0.70071,0.00258,0,0.000261065,0.000261065,0.000261065
866,1344.71,0.43047,0.65151,0.33203,0.00157,0.01789,0.95617,0.73604,0.89103,0.70768,0.84051,0.81182,0.89862,0.61729,0.76167,1.17888,0.69395,0.00255,0,0.000260315,0.000260315,0.000260315
867,1346.45,0.44209,0.58828,0.32399,0.00165,0.01605,0.9544,0.72673,0.8891,0.70995,0.8543,0.81563,0.89691,0.60936,0.75828,1.16228,0.7032,0.00253,0,0.000259565,0.000259565,0.000259565
868,1348,0.377,0.54246,0.30786,0.00154,0.01819,0.86117,0.79006,0.88867,0.70665,0.86066,0.81605,0.89556,0.61479,0.76184,1.13973,0.70498,0.00255,0,0.000258815,0.000258815,0.000258815
869,1349.46,0.4661,0.67211,0.34317,0.00165,0.01945,0.84512,0.79453,0.88902,0.70989,0.861,0.8149,0.89434,0.6128,0.75353,1.12299,0.70454,0.00255,0,0.000258065,0.000258065,0.000258065
870,1350.93,0.42573,0.59605,0.31506,0.00155,0.01752,0.93768,0.73945,0.88885,0.71054,0.83416,0.83385,0.89023,0.61625,0.76076,1.24406,0.69798,0.00255,0,0.000257315,0.000257315,0.000257315
871,1352.4,0.42307,0.59244,0.33348,0.00155,0.01867,0.8205,0.83428,0.88894,0.71215,0.83667,0.84988,0.90002,0.62566,0.75956,1.2626,0.6968,0.00256,0,0.000256565,0.000256565,0.000256565
872,1354.12,0.44351,0.67006,0.33606,0.00152,0.02521,0.8205,0.83428,0.88894,0.71215,0.83667,0.84988,0.90002,0.62566,0.75956,1.2626,0.6968,0.00256,0,0.000255815,0.000255815,0.000255815
873,1355.61,0.44073,0.66131,0.3349,0.00157,0.01526,0.82512,0.83466,0.89202,0.71836,0.84209,0.84963,0.90373,0.62337,0.75552,1.28398,0.68985,0.00257,0,0.000255065,0.000255065,0.000255065
874,1357.07,0.38648,0.53409,0.28809,0.0016,0.01913,0.84441,0.84963,0.88877,0.71725,0.83051,0.86356,0.90005,0.61739,0.7472,1.30437,0.69859,0.0025,0,0.000254315,0.000254315,0.000254315
875,1358.49,0.40541,0.57186,0.31551,0.0015,0.01712,0.826,0.8685,0.88524,0.7148,0.8201,0.86301,0.88497,0.61043,0.74075,1.31434,0.69865,0.00247,0,0.000253566,0.000253566,0.000253566
876,1360.16,0.42771,0.56138,0.32395,0.00168,0.01873,0.82205,0.86002,0.88505,0.71791,0.8158,0.85447,0.88269,0.60288,0.73267,1.33752,0.72227,0.00245,0,0.000252816,0.000252816,0.000252816
877,1361.6,0.45538,0.63886,0.34917,0.0015,0.01935,0.82199,0.85835,0.88544,0.71686,0.82199,0.85835,0.89209,0.61077,0.74164,1.31467,0.71642,0.00249,0,0.000252066,0.000252066,0.000252066
878,1363.18,0.4056,0.63263,0.32912,0.00152,0.0186,0.81578,0.85622,0.88568,0.71418,0.81578,0.85622,0.89601,0.61702,0.75073,1.32604,0.71823,0.00253,0,0.000251316,0.000251316,0.000251316
879,1364.54,0.42135,0.64092,0.33986,0.00155,0.01648,0.8201,0.84519,0.88397,0.70777,0.8201,0.84519,0.8983,0.6112,0.75753,1.33901,0.71631,0.00257,0,0.000250566,0.000250566,0.000250566
880,1366.13,0.41999,0.60109,0.3318,0.00173,0.01877,0.82643,0.84581,0.88069,0.69744,0.82643,0.84581,0.89681,0.60762,0.76897,1.34968,0.7225,0.00255,0,0.000249816,0.000249816,0.000249816
881,1367.63,0.39174,0.57934,0.31508,0.00154,0.01635,0.83202,0.85109,0.87897,0.69565,0.8084,0.82683,0.87488,0.5969,0.76009,1.3565,0.72933,0.00255,0,0.000249066,0.000249066,0.000249066
882,1369.14,0.42753,0.6963,0.3669,0.00148,0.01687,0.83202,0.85109,0.87897,0.69565,0.8084,0.82683,0.87488,0.5969,0.76009,1.3565,0.72933,0.00255,0,0.000248316,0.000248316,0.000248316
883,1370.57,0.41298,0.54346,0.31433,0.00152,0.01695,0.82038,0.83981,0.87547,0.6956,0.78637,0.81822,0.87561,0.60276,0.76131,1.45444,0.72365,0.00254,0,0.000247566,0.000247566,0.000247566
884,1372.14,0.41835,0.61808,0.27685,0.00156,0.01669,0.86098,0.78094,0.88166,0.70095,0.76911,0.85045,0.88619,0.61031,0.76223,1.33609,0.73261,0.00252,0,0.000246816,0.000246816,0.000246816
885,1373.71,0.40556,0.56385,0.30058,0.00148,0.01639,0.88675,0.75441,0.88269,0.70219,0.75961,0.8449,0.88137,0.60818,0.75458,1.30417,0.74795,0.00252,0,0.000246066,0.000246066,0.000246066
886,1375.16,0.38556,0.55522,0.31339,0.00148,0.01492,0.8634,0.78196,0.86714,0.69395,0.85605,0.77385,0.89126,0.61102,0.74924,1.3493,0.76319,0.00251,0,0.000245316,0.000245316,0.000245316
887,1376.57,0.40721,0.56996,0.32697,0.00161,0.01513,0.86233,0.78871,0.86405,0.69322,0.85494,0.78049,0.88608,0.60917,0.74935,1.24831,0.79413,0.00249,0,0.000244566,0.000244566,0.000244566
888,1378.16,0.43648,0.63277,0.34194,0.0017,0.01744,0.84097,0.78908,0.86299,0.68666,0.84697,0.80455,0.89029,0.61,0.76353,1.26896,0.77344,0.00253,0,0.000243817,0.000243817,0.000243817
889,1379.77,0.42941,0.66006,0.34926,0.00153,0.01892,0.84728,0.78978,0.86076,0.68684,0.84728,0.78978,0.88667,0.593,0.76004,1.25317,0.7855,0.00252,0,0.000243067,0.000243067,0.000243067
890,1381.23,0.42167,0.62307,0.36346,0.00148,0.01653,0.83965,0.79129,0.85529,0.6821,0.83315,0.78303,0.87855,0.60101,0.75991,1.24232,0.77724,0.00255,0,0.000242317,0.000242317,0.000242317
891,1382.67,0.41227,0.55862,0.30662,0.00147,0.01739,0.81637,0.79347,0.85935,0.68942,0.81637,0.79347,0.88846,0.60735,0.75015,1.25771,0.78434,0.00256,0,0.000241567,0.000241567,0.000241567
892,1384.3,0.43733,0.67551,0.33429,0.00138,0.01861,0.81637,0.79347,0.85935,0.68942,0.81637,0.79347,0.88846,0.60735,0.75015,1.25771,0.78434,0.00256,0,0.000240817,0.000240817,0.000240817
893,1385.88,0.3914,0.53836,0.28541,0.00149,0.01675,0.83525,0.76082,0.86593,0.69469,0.83525,0.76082,0.89123,0.60773,0.75448,1.26109,0.77819,0.00262,0,0.000240067,0.000240067,0.000240067
894,1387.19,0.42968,0.58471,0.30025,0.00168,0.01808,0.88957,0.74251,0.86634,0.69586,0.88957,0.74251,0.89079,0.61494,0.74597,1.2516,0.78875,0.00266,0,0.000239317,0.000239317,0.000239317
895,1388.53,0.38818,0.54276,0.32105,0.00161,0.01856,0.85109,0.75379,0.86635,0.69452,0.85109,0.75379,0.8908,0.61337,0.76047,1.24875,0.77681,0.00268,0,0.000238567,0.000238567,0.000238567
896,1389.88,0.40974,0.59569,0.33568,0.0015,0.01778,0.84471,0.78603,0.86208,0.69137,0.83529,0.79226,0.88823,0.60187,0.75953,1.24934,0.77731,0.00262,0,0.000237817,0.000237817,0.000237817
897,1391.38,0.40739,0.60926,0.29906,0.00142,0.01848,0.90398,0.68201,0.8535,0.68163,0.82112,0.74647,0.87356,0.59102,0.76296,1.2676,0.77711,0.00258,0,0.000237067,0.000237067,0.000237067
898,1392.84,0.41637,0.58875,0.31186,0.00154,0.0179,0.8755,0.75417,0.86125,0.68443,0.80603,0.78443,0.87103,0.59611,0.75537,1.27975,0.7765,0.00256,0,0.000236317,0.000236317,0.000236317
899,1394.25,0.43217,0.63403,0.30828,0.00154,0.01919,0.87823,0.748,0.86452,0.69315,0.84969,0.74813,0.87225,0.60082,0.74629,1.29209,0.77756,0.0025,0,0.000235567,0.000235567,0.000235567
900,1396.14,0.46084,0.72855,0.37227,0.00149,0.0167,0.89297,0.74794,0.86772,0.6991,0.78586,0.81728,0.87888,0.6073,0.74185,1.29786,0.76762,0.00248,0,0.000234817,0.000234817,0.000234817
901,1398.37,0.42632,0.62741,0.34701,0.00146,0.0178,0.87476,0.74533,0.86718,0.69805,0.8544,0.73543,0.88036,0.60946,0.7365,1.2754,0.76852,0.00245,0,0.000234068,0.000234068,0.000234068
902,1399.77,0.43016,0.61525,0.3315,0.00144,0.01703,0.87476,0.74533,0.86718,0.69805,0.8544,0.73543,0.88036,0.60946,0.7365,1.2754,0.76852,0.00245,0,0.000233318,0.000233318,0.000233318
903,1401.01,0.44947,0.64567,0.3684,0.00153,0.01545,0.86173,0.77515,0.86741,0.69375,0.85069,0.76532,0.87693,0.60063,0.74085,1.27751,0.76719,0.00247,0,0.000232568,0.000232568,0.000232568
904,1402.27,0.38816,0.54126,0.29471,0.0014,0.01883,0.85682,0.77294,0.88065,0.69782,0.84731,0.76223,0.87408,0.60032,0.75059,1.19546,0.76134,0.00252,0,0.000231818,0.000231818,0.000231818
905,1403.53,0.48432,0.72839,0.34628,0.00148,0.01761,0.83031,0.82324,0.87942,0.6959,0.82101,0.81401,0.87265,0.59497,0.76734,1.21856,0.74208,0.00257,0,0.000231068,0.000231068,0.000231068
906,1404.9,0.42429,0.63513,0.33021,0.00142,0.01768,0.83703,0.83235,0.88777,0.70195,0.82824,0.82185,0.88333,0.59562,0.77053,1.25302,0.74728,0.00257,0,0.000230318,0.000230318,0.000230318
907,1406.3,0.45419,0.7029,0.33623,0.00152,0.01755,0.89692,0.74061,0.87937,0.70094,0.84046,0.82256,0.88611,0.59796,0.76753,1.34739,0.73528,0.00253,0,0.000229568,0.000229568,0.000229568
908,1407.57,0.45945,0.72284,0.35539,0.00151,0.01802,0.91587,0.73357,0.88002,0.70074,0.85773,0.8254,0.89152,0.60305,0.7627,1.30133,0.75586,0.00251,0,0.000228818,0.000228818,0.000228818
909,1408.85,0.41206,0.55709,0.3068,0.00177,0.01726,0.91163,0.7432,0.88067,0.69959,0.85262,0.82229,0.89234,0.60717,0.76704,1.29222,0.7458,0.00257,0,0.000228068,0.000228068,0.000228068
910,1410.39,0.38721,0.53398,0.30101,0.0017,0.01992,0.89272,0.7761,0.88179,0.70599,0.84907,0.83116,0.88949,0.60627,0.76367,1.2902,0.75759,0.00254,0,0.000227318,0.000227318,0.000227318
911,1411.8,0.39558,0.50235,0.28697,0.00158,0.016,0.83198,0.8291,0.88488,0.70876,0.8204,0.83139,0.88763,0.6046,0.7674,1.21679,0.7581,0.00257,0,0.000226568,0.000226568,0.000226568
912,1413.25,0.41166,0.55085,0.31747,0.00153,0.01777,0.83198,0.8291,0.88488,0.70876,0.8204,0.83139,0.88763,0.6046,0.7674,1.21679,0.7581,0.00257,0,0.000225818,0.000225818,0.000225818
913,1414.82,0.40948,0.53715,0.30392,0.00154,0.01654,0.85502,0.78679,0.87717,0.7042,0.82443,0.83026,0.89973,0.6069,0.76094,1.28093,0.77214,0.00254,0,0.000225068,0.000225068,0.000225068
914,1416.23,0.41726,0.59516,0.32561,0.00155,0.01846,0.85962,0.78177,0.87438,0.70016,0.85962,0.78177,0.89642,0.60455,0.75579,1.285,0.76667,0.00254,0,0.000224318,0.000224318,0.000224318
915,1417.58,0.42252,0.64469,0.34005,0.00155,0.01663,0.87289,0.78437,0.87326,0.69753,0.88057,0.79624,0.89946,0.61283,0.75082,1.28737,0.76031,0.00253,0,0.000223569,0.000223569,0.000223569
916,1419.1,0.3914,0.53995,0.29882,0.00135,0.01548,0.87059,0.78375,0.88476,0.70939,0.87663,0.7977,0.89764,0.6121,0.75942,1.25317,0.74364,0.00258,0,0.000222819,0.000222819,0.000222819
917,1420.39,0.41607,0.59192,0.30561,0.00147,0.0181,0.87234,0.77374,0.88509,0.70685,0.80159,0.85868,0.89699,0.61164,0.75894,1.24995,0.74295,0.00259,0,0.000222069,0.000222069,0.000222069
918,1421.91,0.41058,0.58485,0.34127,0.0015,0.01693,0.87044,0.77236,0.88612,0.71328,0.87203,0.78441,0.89676,0.6129,0.75575,1.32625,0.74198,0.00257,0,0.000221319,0.000221319,0.000221319
919,1423.31,0.42164,0.63885,0.33483,0.00146,0.01711,0.86696,0.76692,0.8689,0.70667,0.87694,0.77969,0.89266,0.60993,0.75262,1.33114,0.73975,0.00259,0,0.000220569,0.000220569,0.000220569
920,1424.89,0.40258,0.58077,0.32813,0.00143,0.01656,0.87136,0.75374,0.88727,0.71272,0.87607,0.77476,0.88834,0.61695,0.74761,1.15128,0.76816,0.0026,0,0.000219819,0.000219819,0.000219819
921,1426.38,0.42219,0.61083,0.32662,0.00155,0.01791,0.89224,0.74336,0.88535,0.71244,0.87773,0.77849,0.89324,0.61543,0.75079,1.13935,0.74951,0.00264,0,0.000219069,0.000219069,0.000219069
922,1428.06,0.44005,0.59671,0.29356,0.00161,0.01623,0.89224,0.74336,0.88535,0.71244,0.87773,0.77849,0.89324,0.61543,0.75079,1.13935,0.74951,0.00264,0,0.000218319,0.000218319,0.000218319
923,1429.5,0.44383,0.65078,0.33377,0.00144,0.01493,0.89925,0.7388,0.89218,0.72032,0.7968,0.85717,0.89708,0.62005,0.76181,1.13858,0.7492,0.00267,0,0.000217569,0.000217569,0.000217569
924,1430.95,0.44917,0.6648,0.346,0.00153,0.01889,0.79319,0.83823,0.89447,0.71721,0.80651,0.85702,0.89987,0.62127,0.77438,1.22249,0.71087,0.00268,0,0.000216819,0.000216819,0.000216819
925,1432.36,0.4106,0.5712,0.30502,0.00142,0.01522,0.8057,0.8359,0.89951,0.71752,0.81224,0.86216,0.90611,0.62254,0.77175,1.20629,0.70489,0.00261,0,0.000216069,0.000216069,0.000216069
926,1433.82,0.4143,0.58357,0.34166,0.00145,0.01688,0.91069,0.74091,0.87768,0.70822,0.80833,0.86085,0.90891,0.62619,0.76587,1.2656,0.70187,0.00256,0,0.000215319,0.000215319,0.000215319
927,1435.15,0.40031,0.54432,0.28982,0.00162,0.01601,0.9256,0.74838,0.87308,0.70791,0.82569,0.84181,0.9103,0.62924,0.75617,1.25841,0.71092,0.00251,0,0.000214569,0.000214569,0.000214569
928,1436.62,0.40575,0.56839,0.29479,0.00145,0.01387,0.92049,0.74997,0.86803,0.70183,0.91594,0.74865,0.91395,0.62699,0.75058,1.15508,0.73182,0.00249,0,0.00021382,0.00021382,0.00021382
929,1438.44,0.39642,0.58529,0.3368,0.00148,0.01678,0.93099,0.75041,0.86799,0.70396,0.92316,0.74994,0.9139,0.63131,0.74005,1.15431,0.73232,0.00247,0,0.00021307,0.00021307,0.00021307
930,1439.98,0.39932,0.56731,0.30362,0.00151,0.01551,0.90893,0.75315,0.86339,0.69474,0.83735,0.81767,0.90839,0.6299,0.75501,1.3757,0.69911,0.00252,0,0.00021232,0.00021232,0.00021232
931,1441.56,0.37982,0.51522,0.3051,0.00145,0.01391,0.91006,0.74967,0.86944,0.69351,0.83728,0.81862,0.90395,0.62466,0.75595,1.24699,0.71913,0.00251,0,0.00021157,0.00021157,0.00021157
932,1442.96,0.39671,0.59753,0.32633,0.00135,0.01685,0.91006,0.74967,0.86944,0.69351,0.83728,0.81862,0.90395,0.62466,0.75595,1.24699,0.71913,0.00251,0,0.00021082,0.00021082,0.00021082
933,1444.61,0.41942,0.60555,0.33443,0.00155,0.01871,0.93885,0.74773,0.87109,0.69936,0.82303,0.82773,0.90531,0.61774,0.75593,1.24668,0.72388,0.00254,0,0.00021007,0.00021007,0.00021007
934,1446.04,0.39271,0.56391,0.30329,0.00136,0.01901,0.89231,0.75886,0.87259,0.69693,0.83936,0.80845,0.90236,0.61588,0.76372,1.25892,0.72546,0.00255,0,0.00020932,0.00020932,0.00020932
935,1447.53,0.40672,0.55984,0.31437,0.00151,0.01727,0.883,0.77006,0.87473,0.69765,0.84922,0.8049,0.9019,0.61944,0.76174,1.27879,0.73383,0.00254,0,0.00020857,0.00020857,0.00020857
936,1449.02,0.39651,0.57703,0.31269,0.00138,0.01466,0.87677,0.75959,0.8739,0.69733,0.84332,0.82556,0.90071,0.61535,0.75575,1.28711,0.73199,0.00252,0,0.00020782,0.00020782,0.00020782
937,1450.74,0.40706,0.60433,0.29089,0.0014,0.01633,0.87131,0.77398,0.87448,0.69945,0.84052,0.81358,0.90023,0.6175,0.75055,1.27327,0.73316,0.00251,0,0.00020707,0.00020707,0.00020707
938,1452.26,0.42728,0.65118,0.33032,0.00138,0.01881,0.86623,0.77752,0.87436,0.70744,0.84799,0.79852,0.8996,0.614,0.73897,1.25987,0.73739,0.00248,0,0.00020632,0.00020632,0.00020632
939,1453.86,0.40881,0.59061,0.32824,0.00148,0.01838,0.87483,0.75371,0.87442,0.70826,0.77295,0.84706,0.89371,0.61606,0.7302,1.26239,0.74041,0.00245,0,0.00020557,0.00020557,0.00020557
940,1455.26,0.39677,0.51853,0.30817,0.00154,0.01644,0.78029,0.78627,0.86718,0.70338,0.78086,0.82641,0.88408,0.61411,0.7293,1.27079,0.74136,0.00245,0,0.00020482,0.00020482,0.00020482
941,1457.01,0.41299,0.62351,0.31578,0.00137,0.01702,0.88174,0.75318,0.87668,0.70915,0.7929,0.84481,0.89266,0.62032,0.73633,1.29511,0.73578,0.00248,0,0.00020407,0.00020407,0.00020407
942,1458.49,0.37832,0.58353,0.30609,0.00145,0.02003,0.88174,0.75318,0.87668,0.70915,0.7929,0.84481,0.89266,0.62032,0.73633,1.29511,0.73578,0.00248,0,0.000203321,0.000203321,0.000203321
943,1459.92,0.38603,0.56666,0.29006,0.00143,0.01705,0.87292,0.78249,0.87509,0.70827,0.79638,0.82712,0.88214,0.61487,0.74112,1.32733,0.7316,0.00249,0,0.000202571,0.000202571,0.000202571
944,1461.36,0.37187,0.57966,0.31456,0.00134,0.01701,0.85385,0.82903,0.88839,0.71647,0.85695,0.76996,0.88364,0.61466,0.74063,1.28691,0.74367,0.00252,0,0.000201821,0.000201821,0.000201821
945,1462.88,0.38568,0.55661,0.28246,0.00148,0.01681,0.86032,0.82355,0.8901,0.71388,0.86496,0.8009,0.89018,0.62227,0.74379,1.17293,0.74296,0.00252,0,0.000201071,0.000201071,0.000201071
946,1464.58,0.37991,0.514,0.2718,0.00146,0.01675,0.85528,0.82824,0.8883,0.71195,0.87322,0.81132,0.89792,0.61993,0.74559,1.1616,0.74037,0.00253,0,0.000200321,0.000200321,0.000200321
947,1466.06,0.42774,0.60713,0.33446,0.00144,0.01783,0.85592,0.82384,0.89034,0.71418,0.88154,0.78099,0.89996,0.61394,0.74122,1.1518,0.73989,0.00248,0,0.000199571,0.000199571,0.000199571
948,1467.54,0.40882,0.57701,0.31375,0.00146,0.01987,0.86,0.83244,0.89281,0.71856,0.83134,0.82908,0.90195,0.61411,0.74207,1.14551,0.73575,0.00249,0,0.000198821,0.000198821,0.000198821
949,1469.16,0.39126,0.61004,0.33685,0.00134,0.01607,0.85,0.82923,0.88933,0.71772,0.82879,0.83041,0.90171,0.62116,0.75082,1.14475,0.73704,0.00249,0,0.000198071,0.000198071,0.000198071
950,1470.75,0.41853,0.60302,0.30837,0.00149,0.01816,0.84101,0.83788,0.88613,0.71765,0.81199,0.83868,0.89069,0.6191,0.74954,1.15415,0.73447,0.00251,0,0.000197321,0.000197321,0.000197321
951,1472.3,0.4322,0.67297,0.32147,0.00142,0.01696,0.84672,0.82183,0.88684,0.7123,0.80624,0.85252,0.88882,0.61845,0.7557,1.18229,0.73496,0.00254,0,0.000196571,0.000196571,0.000196571
952,1473.73,0.42778,0.63295,0.32594,0.00149,0.01509,0.84672,0.82183,0.88684,0.7123,0.80624,0.85252,0.88882,0.61845,0.7557,1.18229,0.73496,0.00254,0,0.000195821,0.000195821,0.000195821
953,1475.33,0.40246,0.61767,0.30136,0.00139,0.01604,0.83598,0.83403,0.88681,0.70757,0.80683,0.85896,0.88789,0.61762,0.76057,1.20398,0.73283,0.00251,0,0.000195071,0.000195071,0.000195071
954,1477.14,0.39224,0.60301,0.30924,0.0014,0.01687,0.84053,0.82376,0.88646,0.70574,0.80904,0.85494,0.88742,0.62518,0.74763,1.20831,0.73476,0.0025,0,0.000194321,0.000194321,0.000194321
955,1478.54,0.41928,0.69384,0.35197,0.00143,0.01667,0.85587,0.80259,0.88731,0.70973,0.803,0.86383,0.8889,0.62334,0.75487,1.20689,0.73304,0.00251,0,0.000193572,0.000193572,0.000193572
956,1480.14,0.38886,0.60672,0.34637,0.00138,0.01611,0.85292,0.81283,0.88922,0.71369,0.79839,0.85612,0.88345,0.61211,0.7546,1.19931,0.727,0.0025,0,0.000192822,0.000192822,0.000192822
957,1481.61,0.39723,0.57968,0.32379,0.00147,0.01552,0.86297,0.7989,0.88359,0.71423,0.83202,0.78681,0.87538,0.61475,0.7521,1.18206,0.71454,0.00251,0,0.000192072,0.000192072,0.000192072
958,1483.04,0.37222,0.53393,0.2655,0.00136,0.01496,0.86871,0.79602,0.88219,0.71235,0.84045,0.7903,0.88107,0.61861,0.74565,1.16599,0.7185,0.0025,0,0.000191322,0.000191322,0.000191322
959,1484.57,0.39228,0.57268,0.30311,0.00145,0.01495,0.85031,0.807,0.883,0.71263,0.84118,0.79601,0.88286,0.61849,0.74055,1.15301,0.71537,0.00248,0,0.000190572,0.000190572,0.000190572
960,1486.14,0.45284,0.72175,0.3227,0.00151,0.01609,0.8505,0.81082,0.88499,0.71356,0.8505,0.81082,0.89544,0.61782,0.74718,1.13197,0.71838,0.00247,0,0.000189822,0.000189822,0.000189822
961,1487.57,0.39026,0.54948,0.30374,0.0015,0.01729,0.83864,0.81752,0.88014,0.70919,0.8329,0.80912,0.89196,0.61901,0.74492,1.11005,0.71805,0.00247,0,0.000189072,0.000189072,0.000189072
962,1489.14,0.38912,0.61041,0.32289,0.0013,0.0156,0.83864,0.81752,0.88014,0.70919,0.8329,0.80912,0.89196,0.61901,0.74492,1.11005,0.71805,0.00247,0,0.000188322,0.000188322,0.000188322
963,1490.92,0.40711,0.59054,0.32802,0.00139,0.01692,0.84147,0.81352,0.88567,0.7063,0.83543,0.80539,0.89639,0.61904,0.74909,1.10305,0.71725,0.00251,0,0.000187572,0.000187572,0.000187572
964,1492.6,0.40286,0.562,0.30567,0.00145,0.01694,0.9028,0.75107,0.88578,0.70713,0.83896,0.79392,0.88967,0.61319,0.75127,1.1044,0.71976,0.00255,0,0.000186822,0.000186822,0.000186822
965,1494.15,0.38143,0.55826,0.27995,0.00151,0.0157,0.88679,0.76484,0.87307,0.69893,0.85177,0.75969,0.87541,0.60363,0.74974,1.10508,0.72359,0.00256,0,0.000186072,0.000186072,0.000186072
966,1495.66,0.38564,0.54846,0.3005,0.00142,0.01532,0.88728,0.76377,0.87441,0.70913,0.87342,0.76671,0.88111,0.61052,0.75794,1.11121,0.73257,0.00257,0,0.000185322,0.000185322,0.000185322
967,1497.29,0.42126,0.6022,0.31415,0.00149,0.01735,0.86902,0.74234,0.86912,0.69838,0.85056,0.73731,0.87615,0.60467,0.75934,1.13084,0.74522,0.00256,0,0.000184572,0.000184572,0.000184572
968,1498.97,0.43007,0.64536,0.32759,0.00152,0.01653,0.86869,0.7458,0.86889,0.70427,0.8563,0.74161,0.8766,0.60313,0.75679,1.14889,0.75341,0.00256,0,0.000183823,0.000183823,0.000183823
969,1500.42,0.38763,0.58143,0.30752,0.00142,0.01451,0.86364,0.74582,0.864,0.69791,0.85479,0.73777,0.87664,0.60317,0.75684,1.14689,0.75463,0.00255,0,0.000183073,0.000183073,0.000183073
970,1501.96,0.39782,0.59354,0.30892,0.0015,0.01455,0.8537,0.75269,0.85987,0.69356,0.84594,0.74775,0.87688,0.615,0.75382,1.3121,0.74939,0.00251,0,0.000182323,0.000182323,0.000182323
971,1503.45,0.40804,0.57508,0.3215,0.00143,0.01672,0.8527,0.7527,0.85711,0.69267,0.84605,0.74458,0.87543,0.60996,0.75638,1.29247,0.74747,0.0025,0,0.000181573,0.000181573,0.000181573
972,1505.03,0.39162,0.60072,0.32126,0.0014,0.01664,0.8527,0.7527,0.85711,0.69267,0.84605,0.74458,0.87543,0.60996,0.75638,1.29247,0.74747,0.0025,0,0.000180823,0.000180823,0.000180823
973,1506.43,0.3986,0.61533,0.30759,0.00141,0.01414,0.84248,0.75853,0.85849,0.69379,0.8283,0.74531,0.87237,0.60259,0.75846,1.28025,0.74725,0.00248,0,0.000180073,0.000180073,0.000180073
974,1507.87,0.41691,0.55848,0.32002,0.00155,0.0164,0.79778,0.79185,0.85692,0.69406,0.78542,0.77785,0.86895,0.60364,0.7553,1.27035,0.74735,0.00247,0,0.000179323,0.000179323,0.000179323
975,1509.31,0.38236,0.54023,0.29059,0.0014,0.01652,0.79649,0.79417,0.86089,0.69858,0.78414,0.77985,0.87226,0.61198,0.75937,1.2516,0.73342,0.00247,0,0.000178573,0.000178573,0.000178573
976,1511.05,0.36833,0.59179,0.3145,0.00133,0.01566,0.7993,0.78925,0.87497,0.70544,0.79341,0.78151,0.87823,0.61894,0.74786,1.17993,0.728,0.00247,0,0.000177823,0.000177823,0.000177823
977,1512.53,0.40703,0.63554,0.33976,0.00145,0.0166,0.83143,0.76035,0.8771,0.69977,0.83143,0.76035,0.8841,0.61276,0.74359,1.1974,0.72902,0.00247,0,0.000177073,0.000177073,0.000177073
978,1514,0.40007,0.57214,0.28537,0.0014,0.01577,0.81618,0.76283,0.87639,0.70112,0.73314,0.84766,0.88594,0.60735,0.74571,1.21234,0.73061,0.00248,0,0.000176323,0.000176323,0.000176323
979,1515.33,0.38473,0.56193,0.31004,0.00137,0.01667,0.85244,0.73241,0.8768,0.70349,0.85244,0.73241,0.88295,0.60456,0.74746,1.22134,0.73565,0.00249,0,0.000175573,0.000175573,0.000175573
980,1516.74,0.40961,0.61388,0.31704,0.00131,0.01679,0.81614,0.76183,0.88163,0.70951,0.81614,0.76183,0.88179,0.61477,0.73869,1.22408,0.73596,0.00248,0,0.000174823,0.000174823,0.000174823
981,1518.27,0.37776,0.54901,0.28065,0.00134,0.01598,0.82059,0.77012,0.88041,0.70522,0.82059,0.77012,0.88888,0.61676,0.73904,1.21804,0.73828,0.00247,0,0.000174074,0.000174074,0.000174074
982,1519.63,0.39033,0.58846,0.29001,0.00151,0.01683,0.82059,0.77012,0.88041,0.70522,0.82059,0.77012,0.88888,0.61676,0.73904,1.21804,0.73828,0.00247,0,0.000173324,0.000173324,0.000173324
983,1521.05,0.41381,0.64585,0.33542,0.00145,0.01525,0.83049,0.76172,0.88201,0.70595,0.83049,0.76172,0.89012,0.61374,0.73784,1.11295,0.7462,0.00248,0,0.000172574,0.000172574,0.000172574
984,1522.45,0.41314,0.64622,0.34842,0.00133,0.01882,0.86075,0.74197,0.88223,0.70293,0.86075,0.74197,0.88516,0.61428,0.74806,1.1343,0.74432,0.00251,0,0.000171824,0.000171824,0.000171824
985,1524.16,0.37983,0.56799,0.27542,0.00142,0.01538,0.82763,0.76003,0.87975,0.70574,0.82763,0.76003,0.87731,0.60991,0.76338,1.13695,0.73054,0.00256,0,0.000171074,0.000171074,0.000171074
986,1525.7,0.41273,0.64843,0.3294,0.00155,0.01644,0.83478,0.75642,0.87954,0.70168,0.83478,0.75642,0.87797,0.61229,0.76787,1.15286,0.7372,0.00258,0,0.000170324,0.000170324,0.000170324
987,1527.19,0.39069,0.57309,0.31006,0.00134,0.01642,0.85505,0.73718,0.88363,0.70291,0.7361,0.87105,0.88712,0.62266,0.77303,1.16012,0.72805,0.00256,0,0.000169574,0.000169574,0.000169574
988,1528.62,0.42619,0.60223,0.33632,0.00148,0.01651,0.86645,0.7315,0.87697,0.69983,0.73779,0.88319,0.89893,0.63107,0.76488,1.17311,0.726,0.00253,0,0.000168824,0.000168824,0.000168824
989,1530.37,0.399,0.60288,0.31071,0.00137,0.01601,0.73991,0.85099,0.87667,0.69953,0.73643,0.88756,0.88916,0.62421,0.76226,1.1825,0.72672,0.00252,0,0.000168074,0.000168074,0.000168074
990,1531.89,0.39846,0.57165,0.29141,0.00145,0.0178,0.74447,0.8469,0.87648,0.70434,0.73886,0.88205,0.89158,0.6241,0.7584,1.18582,0.71074,0.00251,0,0.000167324,0.000167324,0.000167324
991,1533.34,0.38256,0.55855,0.31398,0.00137,0.01658,0.74353,0.85963,0.87922,0.70499,0.73671,0.8868,0.8931,0.61791,0.75621,1.19304,0.70823,0.00251,0,0.000166574,0.000166574,0.000166574
992,1534.79,0.37593,0.53211,0.30535,0.00143,0.01553,0.74353,0.85963,0.87922,0.70499,0.73671,0.8868,0.8931,0.61791,0.75621,1.19304,0.70823,0.00251,0,0.000165824,0.000165824,0.000165824
993,1536.51,0.38009,0.54296,0.27803,0.00134,0.01502,0.75454,0.87847,0.88394,0.71026,0.74804,0.88492,0.8915,0.60892,0.7551,1.20709,0.7076,0.00251,0,0.000165074,0.000165074,0.000165074
994,1537.96,0.40311,0.55785,0.29361,0.0014,0.01514,0.83437,0.82311,0.89631,0.71774,0.73276,0.84658,0.87545,0.61265,0.75855,1.21706,0.7091,0.00251,0,0.000164324,0.000164324,0.000164324
995,1539.32,0.39557,0.54777,0.29775,0.00139,0.01466,0.8692,0.78282,0.89472,0.71514,0.85573,0.74868,0.88514,0.60925,0.76221,1.22224,0.71213,0.00252,0,0.000163575,0.000163575,0.000163575
996,1540.72,0.43012,0.72159,0.36179,0.00139,0.01563,0.81382,0.83369,0.89577,0.71634,0.81382,0.83369,0.91112,0.61759,0.76,1.21499,0.71079,0.00252,0,0.000162825,0.000162825,0.000162825
997,1542.38,0.38881,0.52661,0.28757,0.00136,0.01624,0.8176,0.83765,0.89059,0.71489,0.8176,0.83765,0.90626,0.62079,0.76152,1.20831,0.71014,0.0025,0,0.000162075,0.000162075,0.000162075
998,1543.81,0.37542,0.57866,0.29216,0.00134,0.01833,0.88624,0.78636,0.89347,0.71555,0.87811,0.79488,0.90443,0.6207,0.75888,1.20284,0.70793,0.00249,0,0.000161325,0.000161325,0.000161325
999,1545.36,0.3861,0.57776,0.30115,0.00136,0.01624,0.88629,0.78815,0.88545,0.71342,0.87946,0.79001,0.90331,0.62835,0.75634,1.19533,0.70918,0.0025,0,0.000160575,0.000160575,0.000160575
1000,1546.8,0.40549,0.5795,0.29886,0.00143,0.01495,0.87858,0.78737,0.88368,0.70924,0.82,0.83664,0.89631,0.62347,0.75416,1.18106,0.71186,0.00249,0,0.000159825,0.000159825,0.000159825
1001,1548.29,0.40392,0.59523,0.32114,0.00137,0.01718,0.82688,0.83754,0.88265,0.7088,0.82688,0.83754,0.8913,0.61781,0.74997,1.18677,0.71672,0.00249,0,0.000159075,0.000159075,0.000159075
1002,1549.93,0.42294,0.62982,0.33815,0.0013,0.01593,0.82688,0.83754,0.88265,0.7088,0.82688,0.83754,0.8913,0.61781,0.74997,1.18677,0.71672,0.00249,0,0.000158325,0.000158325,0.000158325
1003,1551.37,0.39176,0.573,0.28863,0.00136,0.01486,0.82524,0.84698,0.87869,0.70682,0.82524,0.84698,0.89096,0.61267,0.74301,1.18602,0.73066,0.00246,0,0.000157575,0.000157575,0.000157575
1004,1552.91,0.43203,0.64614,0.31011,0.00139,0.01595,0.81554,0.84988,0.87871,0.70551,0.81554,0.84988,0.8898,0.60803,0.74304,1.19131,0.73392,0.00247,0,0.000156825,0.000156825,0.000156825
1005,1554.45,0.41954,0.6343,0.35328,0.00141,0.01495,0.82509,0.84588,0.88069,0.7065,0.81856,0.83768,0.88732,0.60259,0.75459,1.19489,0.73854,0.00248,0,0.000156075,0.000156075,0.000156075
1006,1556.07,0.39865,0.5892,0.31854,0.00132,0.01496,0.8528,0.80655,0.8808,0.71011,0.84608,0.79974,0.88478,0.60196,0.75829,1.19447,0.73942,0.00247,0,0.000155325,0.000155325,0.000155325
1007,1557.65,0.38795,0.62954,0.31758,0.00125,0.01687,0.85603,0.80195,0.88066,0.71,0.84669,0.7978,0.88569,0.60341,0.7504,1.18918,0.73556,0.00246,0,0.000154575,0.000154575,0.000154575
1008,1559.1,0.39204,0.59436,0.30572,0.00133,0.01606,0.89103,0.78921,0.87971,0.7129,0.90213,0.77611,0.8698,0.60552,0.74916,1.17963,0.73156,0.00247,0,0.000153826,0.000153826,0.000153826
1009,1560.7,0.38735,0.55748,0.34176,0.00144,0.01711,0.8776,0.81946,0.88198,0.71109,0.90955,0.76558,0.87142,0.60957,0.74656,1.17718,0.72875,0.00246,0,0.000153076,0.000153076,0.000153076
1010,1562.13,0.38805,0.53728,0.29804,0.00139,0.01646,0.87215,0.82643,0.88216,0.71586,0.86439,0.84209,0.8904,0.61624,0.75175,1.16789,0.72898,0.00247,0,0.000152326,0.000152326,0.000152326
1011,1563.96,0.35764,0.5021,0.25465,0.00144,0.0153,0.87527,0.83546,0.88206,0.71444,0.87382,0.83711,0.89032,0.61368,0.74814,1.16608,0.72812,0.00249,0,0.000151576,0.000151576,0.000151576
1012,1565.33,0.35829,0.48949,0.2604,0.00148,0.01324,0.87527,0.83546,0.88206,0.71444,0.87382,0.83711,0.89032,0.61368,0.74814,1.16608,0.72812,0.00249,0,0.000150826,0.000150826,0.000150826
1013,1566.93,0.40414,0.60661,0.31909,0.0014,0.01554,0.87675,0.83428,0.88419,0.71505,0.87536,0.83428,0.8924,0.62175,0.75443,1.17803,0.72529,0.00249,0,0.000150076,0.000150076,0.000150076
1014,1568.52,0.40493,0.62983,0.30067,0.00133,0.01636,0.89526,0.82234,0.88404,0.71626,0.89341,0.82331,0.89207,0.61962,0.7592,1.20337,0.72272,0.00249,0,0.000149326,0.000149326,0.000149326
1015,1570.23,0.37229,0.60736,0.29902,0.00132,0.01684,0.89589,0.81852,0.88768,0.70794,0.88984,0.82117,0.89585,0.61939,0.76809,1.2306,0.72092,0.0025,0,0.000148576,0.000148576,0.000148576
1016,1571.82,0.38795,0.56869,0.302,0.00132,0.01496,0.87854,0.81734,0.89091,0.71121,0.87854,0.81734,0.89759,0.61878,0.76591,1.24796,0.71822,0.0025,0,0.000147826,0.000147826,0.000147826
1017,1573.26,0.37843,0.56406,0.31452,0.00133,0.01511,0.87203,0.81775,0.89074,0.71161,0.87203,0.81775,0.89667,0.62082,0.77077,1.24957,0.71935,0.0025,0,0.000147076,0.000147076,0.000147076
1018,1574.9,0.37778,0.53649,0.26685,0.00137,0.01425,0.85301,0.8391,0.89056,0.71893,0.85301,0.8391,0.89516,0.61958,0.77409,1.23062,0.72669,0.00252,0,0.000146326,0.000146326,0.000146326
1019,1576.42,0.38509,0.56438,0.31966,0.00132,0.01584,0.84776,0.84611,0.88977,0.72004,0.84776,0.84611,0.89615,0.62163,0.77656,1.20538,0.72336,0.00255,0,0.000145576,0.000145576,0.000145576
1020,1577.99,0.40154,0.55972,0.3164,0.00146,0.01621,0.84526,0.86168,0.88784,0.71998,0.84169,0.86477,0.88781,0.61784,0.76943,1.19347,0.72924,0.00252,0,0.000144826,0.000144826,0.000144826
1021,1579.44,0.41934,0.67823,0.3173,0.0014,0.01584,0.84196,0.8657,0.88661,0.71471,0.84122,0.86622,0.88928,0.61689,0.76929,1.18404,0.72752,0.00251,0,0.000144077,0.000144077,0.000144077
1022,1580.87,0.41813,0.61934,0.3129,0.00137,0.01606,0.84196,0.8657,0.88661,0.71471,0.84122,0.86622,0.88928,0.61689,0.76929,1.18404,0.72752,0.00251,0,0.000143327,0.000143327,0.000143327
1023,1582.51,0.38413,0.56626,0.2854,0.00144,0.01878,0.89517,0.82251,0.88233,0.70503,0.88929,0.81656,0.88538,0.61768,0.7712,1.19573,0.72701,0.0025,0,0.000142577,0.000142577,0.000142577
1024,1583.94,0.39304,0.57333,0.30521,0.00138,0.01559,0.8952,0.81795,0.88233,0.70478,0.88933,0.81199,0.88376,0.61538,0.76739,1.2113,0.72611,0.0025,0,0.000141827,0.000141827,0.000141827
1025,1585.5,0.36883,0.53229,0.2662,0.00136,0.01532,0.8853,0.81693,0.88191,0.70735,0.8853,0.81693,0.88808,0.61838,0.74921,1.25588,0.71508,0.00248,0,0.000141077,0.000141077,0.000141077
1026,1586.94,0.39908,0.59102,0.32472,0.00148,0.01656,0.87347,0.81538,0.88445,0.70535,0.87347,0.81538,0.88895,0.61762,0.7513,1.27241,0.70948,0.00249,0,0.000140327,0.000140327,0.000140327
1027,1588.35,0.39042,0.5595,0.29622,0.00141,0.01518,0.84772,0.82879,0.87954,0.70245,0.84772,0.82879,0.88588,0.61414,0.75698,1.28886,0.71086,0.00249,0,0.000139577,0.000139577,0.000139577
1028,1589.92,0.42543,0.63128,0.34564,0.00141,0.01732,0.75778,0.86686,0.87531,0.69907,0.76237,0.86607,0.8832,0.61276,0.76377,1.29984,0.71352,0.00249,0,0.000138827,0.000138827,0.000138827
1029,1591.47,0.4014,0.59489,0.30211,0.00141,0.01533,0.7481,0.87073,0.87523,0.69555,0.75001,0.86816,0.88371,0.61081,0.76913,1.30203,0.71981,0.00253,0,0.000138077,0.000138077,0.000138077
1030,1592.91,0.38199,0.55361,0.29584,0.00151,0.0153,0.75595,0.8653,0.87592,0.69322,0.75611,0.86355,0.88368,0.60724,0.77257,1.29554,0.72308,0.00255,0,0.000137327,0.000137327,0.000137327
1031,1594.36,0.38879,0.55628,0.33871,0.00139,0.01512,0.75143,0.86566,0.87509,0.70208,0.75143,0.86566,0.88222,0.60821,0.7716,1.28779,0.7274,0.00254,0,0.000136577,0.000136577,0.000136577
1032,1596.14,0.37856,0.51902,0.28291,0.00139,0.01421,0.75143,0.86566,0.87509,0.70208,0.75143,0.86566,0.88222,0.60821,0.7716,1.28779,0.7274,0.00254,0,0.000135827,0.000135827,0.000135827
1033,1597.57,0.40258,0.58809,0.28929,0.0015,0.01719,0.75816,0.85861,0.87689,0.70722,0.75816,0.85861,0.8823,0.60894,0.76413,1.27736,0.74891,0.00254,0,0.000135077,0.000135077,0.000135077
1034,1599,0.38294,0.57186,0.28681,0.00134,0.01463,0.75653,0.85466,0.87447,0.70652,0.75653,0.85466,0.87916,0.60417,0.77108,1.27344,0.73944,0.00257,0,0.000134327,0.000134327,0.000134327
1035,1600.49,0.37494,0.48611,0.26835,0.00148,0.01452,0.75723,0.85093,0.87033,0.70258,0.75723,0.85093,0.87474,0.60079,0.75985,1.27866,0.76321,0.00256,0,0.000133578,0.000133578,0.000133578
1036,1602.15,0.3806,0.54452,0.28504,0.00135,0.01468,0.75788,0.86005,0.86833,0.6948,0.75788,0.86005,0.87433,0.60209,0.76723,1.26112,0.77173,0.00258,0,0.000132828,0.000132828,0.000132828
1037,1603.51,0.38287,0.5435,0.29145,0.00128,0.0167,0.7686,0.84567,0.86747,0.69421,0.7686,0.84567,0.8734,0.6023,0.76166,1.26135,0.75352,0.00255,0,0.000132078,0.000132078,0.000132078
1038,1604.99,0.4277,0.6498,0.31598,0.00141,0.01584,0.77832,0.84259,0.87089,0.70109,0.77832,0.84259,0.87413,0.60375,0.75977,1.26077,0.75377,0.0025,0,0.000131328,0.000131328,0.000131328
1039,1606.62,0.35301,0.54168,0.28211,0.00127,0.01518,0.78517,0.84943,0.87211,0.70232,0.78517,0.84943,0.87603,0.60374,0.75535,1.26047,0.74966,0.00249,0,0.000130578,0.000130578,0.000130578
1040,1608.07,0.3965,0.62557,0.31781,0.00133,0.01472,0.7875,0.84571,0.87394,0.70252,0.7875,0.84571,0.8762,0.60443,0.74888,1.27784,0.7376,0.00248,0,0.000129828,0.000129828,0.000129828
1041,1609.86,0.37234,0.55856,0.33084,0.00127,0.01621,0.78974,0.85375,0.88385,0.71213,0.78965,0.85238,0.88189,0.60981,0.75142,1.27064,0.73459,0.00249,0,0.000129078,0.000129078,0.000129078
1042,1611.21,0.39888,0.56693,0.31226,0.00158,0.01427,0.78974,0.85375,0.88385,0.71213,0.78965,0.85238,0.88189,0.60981,0.75142,1.27064,0.73459,0.00249,0,0.000128328,0.000128328,0.000128328
1043,1612.63,0.37381,0.56307,0.27172,0.00132,0.01534,0.77364,0.8668,0.88389,0.70687,0.79043,0.86087,0.88139,0.61062,0.74857,1.26189,0.7295,0.0025,0,0.000127578,0.000127578,0.000127578
1044,1614.03,0.39582,0.6273,0.31131,0.00124,0.01496,0.75587,0.8985,0.88742,0.70857,0.76367,0.87364,0.87539,0.60721,0.75442,1.25732,0.72547,0.00248,0,0.000126828,0.000126828,0.000126828
1045,1615.64,0.39004,0.60607,0.33769,0.00129,0.0167,0.76021,0.89552,0.88647,0.70939,0.75948,0.86077,0.87533,0.60758,0.75625,1.26073,0.72313,0.00248,0,0.000126078,0.000126078,0.000126078
1046,1617.1,0.34852,0.50672,0.27506,0.00129,0.018,0.76807,0.89112,0.88689,0.70889,0.77009,0.85727,0.87622,0.61296,0.75642,1.25895,0.72556,0.00249,0,0.000125328,0.000125328,0.000125328
1047,1618.56,0.37835,0.50997,0.29533,0.0015,0.01638,0.81323,0.83522,0.8885,0.71025,0.80722,0.82394,0.87388,0.61008,0.76305,1.26438,0.73055,0.0025,0,0.000124578,0.000124578,0.000124578
1048,1619.97,0.36489,0.4854,0.24621,0.00144,0.01455,0.82028,0.83544,0.88715,0.71071,0.81077,0.823,0.87356,0.61083,0.75961,1.26653,0.74034,0.00248,0,0.000123829,0.000123829,0.000123829
1049,1621.57,0.36577,0.50714,0.26654,0.00144,0.0159,0.82259,0.83498,0.88851,0.71003,0.81739,0.82657,0.87629,0.60812,0.75604,1.2688,0.74582,0.00245,0,0.000123079,0.000123079,0.000123079
1050,1623.03,0.37382,0.52518,0.28267,0.00148,0.01869,0.82046,0.83022,0.88521,0.70774,0.81507,0.8223,0.87261,0.60201,0.75247,1.26986,0.74442,0.00249,0,0.000122329,0.000122329,0.000122329
1051,1624.66,0.37705,0.58593,0.28643,0.00134,0.01707,0.81302,0.8218,0.88784,0.70848,0.80784,0.81339,0.88048,0.60706,0.74408,1.26849,0.74418,0.00249,0,0.000121579,0.000121579,0.000121579
1052,1626.1,0.33556,0.50776,0.26373,0.00137,0.01587,0.81302,0.8218,0.88784,0.70848,0.80784,0.81339,0.88048,0.60706,0.74408,1.26849,0.74418,0.00249,0,0.000120829,0.000120829,0.000120829
1053,1627.72,0.37532,0.53744,0.28064,0.00144,0.01598,0.81074,0.82341,0.88822,0.70727,0.81074,0.82341,0.8877,0.60568,0.75036,1.24934,0.74826,0.00252,0,0.000120079,0.000120079,0.000120079
1054,1629.2,0.39213,0.55051,0.25265,0.00141,0.01395,0.81582,0.82076,0.88833,0.70688,0.81582,0.82076,0.88842,0.60478,0.7498,1.24448,0.74711,0.00252,0,0.000119329,0.000119329,0.000119329
1055,1630.63,0.3524,0.44327,0.26591,0.00153,0.01483,0.81682,0.82177,0.88907,0.70796,0.81682,0.82177,0.88918,0.60684,0.75185,1.24059,0.7459,0.00252,0,0.000118579,0.000118579,0.000118579
1056,1632.03,0.4178,0.63097,0.32375,0.00143,0.01482,0.81895,0.8221,0.88912,0.70844,0.81895,0.8221,0.88992,0.60475,0.75384,1.23993,0.74566,0.00252,0,0.000117829,0.000117829,0.000117829
1057,1633.5,0.39316,0.54708,0.28304,0.00149,0.01712,0.82084,0.82649,0.88771,0.70635,0.82084,0.82649,0.88789,0.60296,0.75718,1.23715,0.74473,0.00254,0,0.000117079,0.000117079,0.000117079
1058,1635.1,0.38122,0.56453,0.27131,0.00137,0.02024,0.82148,0.82454,0.88763,0.70838,0.82148,0.82454,0.88757,0.60172,0.76109,1.23406,0.74456,0.00254,0,0.000116329,0.000116329,0.000116329
1059,1636.8,0.41625,0.6387,0.32237,0.00144,0.01401,0.8096,0.85288,0.88816,0.70796,0.8096,0.85288,0.8892,0.60713,0.75762,1.22947,0.75161,0.00252,0,0.000115579,0.000115579,0.000115579
1060,1638.37,0.35258,0.51857,0.26838,0.00139,0.0165,0.81534,0.85498,0.88798,0.70848,0.81534,0.85498,0.8848,0.60592,0.7541,1.22687,0.75163,0.00251,0,0.000114829,0.000114829,0.000114829
1061,1639.89,0.36531,0.53388,0.27249,0.00132,0.01468,0.81244,0.86411,0.88783,0.71054,0.81244,0.86411,0.88538,0.60911,0.75175,1.22635,0.75317,0.0025,0,0.00011408,0.00011408,0.00011408
1062,1641.68,0.38561,0.59109,0.29196,0.00131,0.01472,0.81244,0.86411,0.88783,0.71054,0.81244,0.86411,0.88538,0.60911,0.75175,1.22635,0.75317,0.0025,0,0.00011333,0.00011333,0.00011333
1063,1643.11,0.35924,0.50949,0.28883,0.00136,0.01634,0.80293,0.85803,0.88867,0.7161,0.80293,0.85803,0.88614,0.61284,0.75169,1.22713,0.74352,0.00249,0,0.00011258,0.00011258,0.00011258
1064,1644.52,0.3826,0.62773,0.30348,0.00118,0.01473,0.80299,0.85564,0.8886,0.71445,0.79744,0.84724,0.87974,0.6135,0.7449,1.23279,0.74022,0.00248,0,0.00011183,0.00011183,0.00011183
1065,1646.01,0.35871,0.49629,0.27193,0.00131,0.0203,0.79935,0.85587,0.88828,0.72045,0.79336,0.8478,0.88277,0.61096,0.74281,1.23402,0.74263,0.00247,0,0.00011108,0.00011108,0.00011108
1066,1647.81,0.40086,0.65478,0.32735,0.00131,0.01537,0.806,0.84673,0.88826,0.72274,0.80042,0.83832,0.88203,0.61337,0.73598,1.22633,0.74492,0.00246,0,0.00011033,0.00011033,0.00011033
1067,1649.4,0.39969,0.57319,0.30679,0.00138,0.01538,0.79845,0.85052,0.88835,0.72291,0.79292,0.84212,0.88245,0.61175,0.73905,1.21665,0.74757,0.00247,0,0.00010958,0.00010958,0.00010958
1068,1650.9,0.38573,0.57257,0.29877,0.00135,0.01567,0.79365,0.85357,0.88516,0.7154,0.78736,0.84528,0.87921,0.60874,0.73715,1.20399,0.75014,0.00247,0,0.00010883,0.00010883,0.00010883
1069,1652.5,0.35195,0.52591,0.25657,0.00136,0.01691,0.79889,0.85159,0.88225,0.71032,0.79333,0.84319,0.87641,0.60769,0.74199,1.20658,0.75523,0.00249,0,0.00010808,0.00010808,0.00010808
1070,1654.38,0.39572,0.5912,0.33613,0.00147,0.01411,0.8002,0.84943,0.88166,0.70644,0.79379,0.84121,0.87512,0.60004,0.7395,1.19655,0.75901,0.00252,0,0.00010733,0.00010733,0.00010733
1071,1655.79,0.36949,0.52532,0.27237,0.00141,0.01757,0.79812,0.84863,0.88107,0.70451,0.79152,0.84042,0.87449,0.60361,0.75199,1.1912,0.76317,0.00255,0,0.00010658,0.00010658,0.00010658
1072,1657.19,0.39011,0.59997,0.33417,0.00128,0.01627,0.79812,0.84863,0.88107,0.70451,0.79152,0.84042,0.87449,0.60361,0.75199,1.1912,0.76317,0.00255,0,0.00010583,0.00010583,0.00010583
1073,1658.7,0.40079,0.59119,0.32839,0.00143,0.01672,0.7893,0.84788,0.8774,0.70263,0.7893,0.84788,0.87715,0.59807,0.75547,1.19113,0.76625,0.00258,0,0.00010508,0.00010508,0.00010508
1074,1660.15,0.35228,0.51072,0.2706,0.00137,0.01445,0.78963,0.84338,0.87685,0.69984,0.78963,0.84338,0.87743,0.60074,0.75671,1.19738,0.76719,0.00258,0,0.00010433,0.00010433,0.00010433
1075,1661.83,0.45773,0.74832,0.36793,0.0014,0.01734,0.78964,0.84241,0.87832,0.69881,0.78964,0.84241,0.87894,0.59994,0.75895,1.19815,0.76031,0.00254,0,0.000103581,0.000103581,0.000103581
1076,1663.34,0.38097,0.58409,0.30346,0.00136,0.01452,0.75336,0.84932,0.87695,0.70128,0.75336,0.84932,0.87755,0.60218,0.76119,1.21554,0.75687,0.00251,0,0.000102831,0.000102831,0.000102831
1077,1664.97,0.37374,0.60234,0.30684,0.0013,0.01598,0.79109,0.83162,0.87913,0.70272,0.79109,0.83162,0.881,0.60645,0.76083,1.23301,0.74973,0.00252,0,0.000102081,0.000102081,0.000102081
1078,1666.46,0.3957,0.58628,0.29898,0.00138,0.01452,0.76508,0.88023,0.88116,0.70192,0.74218,0.87806,0.87367,0.60887,0.76503,1.24154,0.74968,0.00252,0,0.000101331,0.000101331,0.000101331
1079,1668.17,0.37923,0.5588,0.30452,0.00133,0.01688,0.76495,0.88421,0.88287,0.70272,0.753,0.87853,0.8759,0.60821,0.75895,1.23123,0.7468,0.00251,0,0.000100581,0.000100581,0.000100581
1080,1669.76,0.38414,0.5323,0.28782,0.00128,0.01416,0.75728,0.85641,0.88139,0.70709,0.74499,0.86069,0.87446,0.6138,0.75448,1.2307,0.7485,0.00249,0,9.98309e-05,9.98309e-05,9.98309e-05
1081,1671.19,0.37159,0.54089,0.27766,0.00134,0.01433,0.78549,0.85937,0.88264,0.7116,0.77405,0.84967,0.87503,0.61562,0.75088,1.22529,0.75024,0.0025,0,9.9081e-05,9.9081e-05,9.9081e-05
1082,1672.57,0.40852,0.55552,0.31481,0.00147,0.01511,0.78549,0.85937,0.88264,0.7116,0.77405,0.84967,0.87503,0.61562,0.75088,1.22529,0.75024,0.0025,0,9.83311e-05,9.83311e-05,9.83311e-05
1083,1674.17,0.35603,0.46459,0.26872,0.0016,0.01663,0.8254,0.81596,0.88694,0.71592,0.81517,0.80497,0.87874,0.62227,0.74894,1.2144,0.74577,0.00251,0,9.75812e-05,9.75812e-05,9.75812e-05
1084,1675.63,0.42336,0.67678,0.32549,0.00144,0.01669,0.82322,0.81519,0.88663,0.7165,0.82322,0.81519,0.88785,0.62211,0.75269,1.21327,0.7447,0.00252,0,9.68312e-05,9.68312e-05,9.68312e-05
1085,1677.19,0.38642,0.59865,0.31733,0.00136,0.01465,0.8199,0.8208,0.88391,0.71465,0.8199,0.8208,0.88493,0.61905,0.75196,1.20528,0.74106,0.00251,0,9.60813e-05,9.60813e-05,9.60813e-05
1086,1678.67,0.36616,0.55794,0.2971,0.0013,0.01607,0.8234,0.81805,0.88392,0.70742,0.8234,0.81805,0.88586,0.61871,0.74873,1.19605,0.7365,0.00249,0,9.53314e-05,9.53314e-05,9.53314e-05
1087,1680.33,0.36594,0.55569,0.28021,0.00141,0.01782,0.81865,0.82982,0.88387,0.70586,0.81865,0.82982,0.88408,0.61461,0.75262,1.18004,0.73632,0.00248,0,9.45814e-05,9.45814e-05,9.45814e-05
1088,1681.98,0.34666,0.50217,0.28787,0.0014,0.01464,0.80384,0.8345,0.8855,0.7075,0.80384,0.8345,0.88521,0.61723,0.74853,1.1768,0.73602,0.00247,0,9.38315e-05,9.38315e-05,9.38315e-05
1089,1683.38,0.37866,0.52156,0.28136,0.00155,0.01498,0.80069,0.84719,0.88592,0.71296,0.80069,0.84719,0.88705,0.61795,0.74129,1.17688,0.73972,0.00245,0,9.30816e-05,9.30816e-05,9.30816e-05
1090,1684.86,0.39345,0.57674,0.28275,0.00142,0.01422,0.80764,0.85094,0.88771,0.71617,0.80764,0.85094,0.88938,0.61944,0.74191,1.18022,0.74133,0.00245,0,9.23317e-05,9.23317e-05,9.23317e-05
1091,1686.41,0.35805,0.52547,0.2788,0.00138,0.01884,0.80492,0.84292,0.88771,0.7163,0.80492,0.84292,0.88911,0.62513,0.74082,1.1844,0.74147,0.00245,0,9.15818e-05,9.15818e-05,9.15818e-05
1092,1688.04,0.37468,0.56868,0.27502,0.00136,0.01528,0.80492,0.84292,0.88771,0.7163,0.80492,0.84292,0.88911,0.62513,0.74082,1.1844,0.74147,0.00245,0,9.08318e-05,9.08318e-05,9.08318e-05
1093,1689.58,0.34234,0.49379,0.28365,0.00143,0.01488,0.80853,0.84193,0.88723,0.71557,0.80853,0.84193,0.88858,0.6188,0.74405,1.19167,0.7402,0.00245,0,9.00819e-05,9.00819e-05,9.00819e-05
1094,1691,0.39288,0.60853,0.29337,0.00134,0.0185,0.80107,0.83285,0.88698,0.71427,0.80107,0.83285,0.88797,0.61806,0.74105,1.18979,0.74912,0.00246,0,8.9332e-05,8.9332e-05,8.9332e-05
1095,1692.43,0.36862,0.54422,0.28608,0.00132,0.0147,0.80859,0.83546,0.88979,0.71499,0.80859,0.83546,0.89189,0.61695,0.74353,1.19514,0.74642,0.00247,0,8.85821e-05,8.85821e-05,8.85821e-05
1096,1694.08,0.36535,0.53124,0.25954,0.00134,0.01589,0.81838,0.8355,0.88536,0.711,0.80786,0.82456,0.878,0.61478,0.74029,1.18541,0.74623,0.00248,0,8.78321e-05,8.78321e-05,8.78321e-05
1097,1695.67,0.36879,0.55401,0.29824,0.00135,0.01559,0.81445,0.8347,0.88433,0.71494,0.80326,0.82407,0.87687,0.61171,0.7424,1.17444,0.74216,0.0025,0,8.70822e-05,8.70822e-05,8.70822e-05
1098,1697.07,0.36707,0.53787,0.26759,0.00131,0.01702,0.81309,0.83603,0.88362,0.71307,0.90048,0.71882,0.85959,0.60139,0.7429,1.16342,0.74156,0.00243,0,8.63323e-05,8.63323e-05,8.63323e-05
1099,1700.19,0.35271,0.50447,0.27645,0.00129,0.01535,0.81608,0.83455,0.88362,0.71428,0.81608,0.83455,0.89354,0.60313,0.74691,1.14878,0.74305,0.00243,0,8.55823e-05,8.55823e-05,8.55823e-05
1100,1701.82,0.37146,0.52702,0.24976,0.00145,0.01535,0.80547,0.83674,0.88354,0.71165,0.80547,0.83674,0.88887,0.60569,0.73925,1.14414,0.74331,0.00242,0,8.48324e-05,8.48324e-05,8.48324e-05
1101,1703.37,0.38406,0.61771,0.30887,0.00128,0.01642,0.78707,0.83707,0.88442,0.70814,0.79606,0.83632,0.8895,0.61153,0.7411,1.14021,0.74598,0.00241,0,8.40825e-05,8.40825e-05,8.40825e-05
1102,1704.77,0.36023,0.512,0.28614,0.00138,0.01576,0.78707,0.83707,0.88442,0.70814,0.79606,0.83632,0.8895,0.61153,0.7411,1.14021,0.74598,0.00241,0,8.33326e-05,8.33326e-05,8.33326e-05
1103,1706.33,0.35756,0.52694,0.274,0.00133,0.01701,0.76307,0.86016,0.87926,0.70457,0.75765,0.84441,0.88294,0.6088,0.74676,1.13875,0.75063,0.00242,0,8.25826e-05,8.25826e-05,8.25826e-05
1104,1708.13,0.3658,0.59442,0.27835,0.00118,0.01579,0.78004,0.8692,0.87946,0.70501,0.77903,0.85274,0.88327,0.61688,0.74548,1.13888,0.75221,0.00244,0,8.18327e-05,8.18327e-05,8.18327e-05
1105,1709.62,0.36832,0.55332,0.29709,0.00132,0.01515,0.77929,0.85446,0.87846,0.70036,0.7803,0.8449,0.88227,0.61658,0.74765,1.14595,0.75419,0.00243,0,8.10828e-05,8.10828e-05,8.10828e-05
1106,1711.14,0.43133,0.68868,0.38179,0.00137,0.01529,0.78079,0.85688,0.8798,0.70152,0.79171,0.83889,0.8819,0.61505,0.74684,1.14615,0.75622,0.00243,0,8.03329e-05,8.03329e-05,8.03329e-05
1107,1712.57,0.35691,0.52706,0.27696,0.00135,0.01371,0.75944,0.85209,0.87585,0.69718,0.78805,0.83047,0.87775,0.61701,0.74462,1.15118,0.75309,0.00243,0,7.9583e-05,7.9583e-05,7.9583e-05
1108,1714.27,0.36377,0.5151,0.28073,0.00122,0.01735,0.78968,0.83043,0.87016,0.69559,0.78968,0.83043,0.87609,0.61232,0.74857,1.14251,0.7565,0.00243,0,7.8833e-05,7.8833e-05,7.8833e-05
1109,1715.68,0.36102,0.55556,0.27518,0.00132,0.01397,0.79798,0.82293,0.87206,0.69808,0.79798,0.82293,0.87801,0.60893,0.74793,1.13369,0.75726,0.00243,0,7.80831e-05,7.80831e-05,7.80831e-05
1110,1717.28,0.37691,0.54015,0.28543,0.00143,0.01664,0.83389,0.81403,0.8787,0.70194,0.83389,0.81403,0.88457,0.61546,0.74566,1.12592,0.75786,0.00243,0,7.73332e-05,7.73332e-05,7.73332e-05
1111,1718.84,0.31871,0.47776,0.22796,0.0013,0.0146,0.80349,0.79149,0.87463,0.70138,0.80349,0.79149,0.88118,0.61299,0.74678,1.12018,0.76263,0.00243,0,7.65832e-05,7.65832e-05,7.65832e-05
1112,1720.49,0.35132,0.51713,0.24904,0.00127,0.0146,0.80349,0.79149,0.87463,0.70138,0.80349,0.79149,0.88118,0.61299,0.74678,1.12018,0.76263,0.00243,0,7.58333e-05,7.58333e-05,7.58333e-05
1113,1721.9,0.39774,0.61263,0.2777,0.00129,0.014,0.81484,0.78992,0.87781,0.70638,0.81484,0.78992,0.88342,0.61326,0.74619,1.11627,0.76446,0.00244,0,7.50834e-05,7.50834e-05,7.50834e-05
1114,1723.34,0.38554,0.60842,0.27339,0.0013,0.01623,0.82094,0.81152,0.88277,0.70509,0.78015,0.82916,0.88507,0.62061,0.74045,1.11524,0.78156,0.00242,0,7.43335e-05,7.43335e-05,7.43335e-05
1115,1724.91,0.37652,0.54264,0.28894,0.00135,0.0169,0.81567,0.81853,0.88362,0.70519,0.79179,0.81742,0.88549,0.62078,0.74513,1.11218,0.76823,0.00243,0,7.35835e-05,7.35835e-05,7.35835e-05
1116,1726.33,0.3338,0.48145,0.28476,0.00137,0.01447,0.74011,0.88875,0.88537,0.7048,0.78744,0.81894,0.88517,0.62248,0.74867,1.11158,0.77656,0.00245,0,7.28336e-05,7.28336e-05,7.28336e-05
1117,1728.11,0.33359,0.48841,0.24149,0.00133,0.017,0.85767,0.75995,0.86367,0.69587,0.79149,0.81573,0.88167,0.62504,0.74996,1.293,0.76929,0.00242,0,7.20837e-05,7.20837e-05,7.20837e-05
1118,1729.55,0.35464,0.52933,0.2683,0.00136,0.01518,0.84956,0.75693,0.86675,0.69837,0.8,0.81327,0.88936,0.62467,0.74779,1.30335,0.76583,0.00241,0,7.13338e-05,7.13338e-05,7.13338e-05
1119,1731.12,0.37418,0.56685,0.27048,0.00131,0.01517,0.81761,0.8079,0.88684,0.70774,0.81178,0.8115,0.89379,0.62794,0.74359,1.31435,0.76801,0.0024,0,7.05839e-05,7.05839e-05,7.05839e-05
1120,1732.72,0.38142,0.59158,0.29925,0.0013,0.01555,0.83948,0.78923,0.88408,0.70605,0.80784,0.80949,0.88905,0.62649,0.74501,1.12992,0.77145,0.00242,0,6.98339e-05,6.98339e-05,6.98339e-05
1121,1734.33,0.34648,0.51846,0.23375,0.00126,0.0144,0.79422,0.82731,0.88418,0.70464,0.79422,0.82731,0.88919,0.63026,0.74858,1.14435,0.76168,0.00244,0,6.9084e-05,6.9084e-05,6.9084e-05
1122,1736,0.34425,0.52025,0.25987,0.00137,0.01583,0.79422,0.82731,0.88418,0.70464,0.79422,0.82731,0.88919,0.63026,0.74858,1.14435,0.76168,0.00244,0,6.83341e-05,6.83341e-05,6.83341e-05
1123,1737.43,0.3746,0.56252,0.28807,0.00146,0.01614,0.78799,0.83315,0.88566,0.70672,0.78918,0.83016,0.88993,0.63143,0.75113,1.14518,0.76209,0.00245,0,6.75841e-05,6.75841e-05,6.75841e-05
1124,1739.01,0.364,0.54839,0.26558,0.00138,0.01602,0.79886,0.83342,0.88653,0.70714,0.79916,0.83289,0.8908,0.62261,0.74994,1.26201,0.75989,0.00246,0,6.68342e-05,6.68342e-05,6.68342e-05
1125,1740.71,0.35452,0.48353,0.27755,0.00141,0.01776,0.75973,0.87019,0.88966,0.71138,0.79569,0.83402,0.89436,0.6233,0.7561,1.25304,0.76306,0.00249,0,6.60843e-05,6.60843e-05,6.60843e-05
1126,1742.14,0.33924,0.46233,0.24209,0.00139,0.01585,0.7807,0.85007,0.8871,0.71015,0.78904,0.84014,0.89209,0.61699,0.7602,1.24842,0.76394,0.0025,0,6.53344e-05,6.53344e-05,6.53344e-05
1127,1743.63,0.36776,0.55132,0.28102,0.00134,0.0154,0.78013,0.84785,0.88699,0.70729,0.78232,0.84604,0.88744,0.6144,0.75345,1.23281,0.76954,0.0025,0,6.45844e-05,6.45844e-05,6.45844e-05
1128,1745.05,0.38423,0.62506,0.29294,0.00141,0.01547,0.79702,0.83238,0.88608,0.70326,0.78925,0.83869,0.88851,0.6141,0.76498,1.24031,0.7543,0.00251,0,6.38345e-05,6.38345e-05,6.38345e-05
1129,1746.69,0.34154,0.52015,0.27125,0.00128,0.01504,0.80207,0.83957,0.88933,0.70215,0.80136,0.84057,0.89233,0.61474,0.75994,1.13175,0.7535,0.00251,0,6.30846e-05,6.30846e-05,6.30846e-05
1130,1748.21,0.39365,0.60591,0.31098,0.0014,0.01489,0.80432,0.83767,0.89212,0.70693,0.80282,0.83993,0.89256,0.61359,0.75368,1.13458,0.76601,0.00249,0,6.23347e-05,6.23347e-05,6.23347e-05
1131,1749.69,0.36963,0.54884,0.28035,0.00127,0.01646,0.80606,0.83488,0.89495,0.70778,0.8034,0.83612,0.89608,0.61552,0.75251,1.13902,0.76476,0.00248,0,6.15848e-05,6.15848e-05,6.15848e-05
1132,1751.24,0.39483,0.57538,0.29439,0.00128,0.01473,0.80606,0.83488,0.89495,0.70778,0.8034,0.83612,0.89608,0.61552,0.75251,1.13902,0.76476,0.00248,0,6.08348e-05,6.08348e-05,6.08348e-05
1133,1752.86,0.38993,0.63344,0.32172,0.00128,0.01696,0.88781,0.73449,0.87835,0.70354,0.8071,0.83456,0.89532,0.61956,0.75824,1.32993,0.72717,0.00246,0,6.00849e-05,6.00849e-05,6.00849e-05
1134,1754.4,0.33717,0.47879,0.23924,0.00143,0.01651,0.83577,0.77294,0.87922,0.70839,0.81234,0.83535,0.89969,0.61966,0.73564,1.2964,0.78762,0.00235,0,5.9335e-05,5.9335e-05,5.9335e-05
1135,1755.93,0.37257,0.55895,0.26736,0.00121,0.01494,0.90131,0.72692,0.8757,0.70256,0.812,0.84405,0.89605,0.61645,0.73729,1.11728,0.7917,0.00238,0,5.85851e-05,5.85851e-05,5.85851e-05
1136,1757.49,0.37275,0.55265,0.3054,0.00137,0.01488,0.81379,0.84935,0.8936,0.70914,0.81379,0.84935,0.8971,0.61897,0.75119,1.17402,0.7469,0.00244,0,5.78351e-05,5.78351e-05,5.78351e-05
1137,1759.02,0.37112,0.51978,0.3112,0.00142,0.01568,0.80606,0.84779,0.89451,0.71047,0.80606,0.84779,0.89804,0.61944,0.74999,1.17804,0.74795,0.00246,0,5.70852e-05,5.70852e-05,5.70852e-05
1138,1760.61,0.36241,0.5483,0.27155,0.00121,0.01468,0.80499,0.84433,0.89472,0.71002,0.80072,0.84388,0.89002,0.6184,0.74606,1.18516,0.74367,0.00244,0,5.63353e-05,5.63353e-05,5.63353e-05
1139,1762.15,0.37348,0.59129,0.3311,0.0014,0.01742,0.803,0.8431,0.89421,0.70839,0.79903,0.84275,0.88822,0.61801,0.74367,1.18941,0.75388,0.00246,0,5.55853e-05,5.55853e-05,5.55853e-05
1140,1763.71,0.36064,0.51094,0.26109,0.00147,0.0174,0.80374,0.84114,0.89325,0.70864,0.79837,0.84398,0.88658,0.61899,0.74577,1.18601,0.75331,0.00246,0,5.48354e-05,5.48354e-05,5.48354e-05
1141,1765.19,0.34331,0.51543,0.25877,0.00127,0.01636,0.80344,0.84074,0.89366,0.7093,0.79852,0.84039,0.88721,0.62233,0.74808,1.18351,0.75164,0.00246,0,5.40855e-05,5.40855e-05,5.40855e-05
1142,1766.87,0.39228,0.57995,0.2998,0.00147,0.01456,0.80344,0.84074,0.89366,0.7093,0.79852,0.84039,0.88721,0.62233,0.74808,1.18351,0.75164,0.00246,0,5.33356e-05,5.33356e-05,5.33356e-05
1143,1768.3,0.37358,0.58456,0.26986,0.00124,0.0156,0.80834,0.84776,0.89354,0.70868,0.7991,0.83677,0.88123,0.61689,0.74631,1.18025,0.75021,0.00246,0,5.25857e-05,5.25857e-05,5.25857e-05
1144,1769.77,0.39775,0.58913,0.32568,0.00122,0.01473,0.80871,0.85143,0.89223,0.70779,0.79943,0.84094,0.88145,0.61638,0.74438,1.18125,0.74906,0.00243,0,5.18357e-05,5.18357e-05,5.18357e-05
1145,1771.23,0.33767,0.51387,0.24863,0.00128,0.01541,0.80926,0.85351,0.89081,0.70783,0.79999,0.84304,0.88794,0.61948,0.74596,1.17857,0.74896,0.00243,0,5.10858e-05,5.10858e-05,5.10858e-05
1146,1772.87,0.35819,0.52393,0.28754,0.00127,0.01692,0.80961,0.85534,0.89395,0.71012,0.80038,0.84435,0.88593,0.61881,0.74527,1.17543,0.74646,0.00243,0,5.03359e-05,5.03359e-05,5.03359e-05
1147,1774.42,0.34509,0.54415,0.28387,0.00123,0.01526,0.80593,0.85797,0.89058,0.70927,0.78892,0.85014,0.8827,0.61821,0.74951,1.16968,0.74086,0.00244,0,4.9586e-05,4.9586e-05,4.9586e-05
1148,1775.87,0.33521,0.49733,0.25888,0.0012,0.01497,0.80201,0.85942,0.8905,0.71058,0.80201,0.85942,0.89257,0.61988,0.74624,1.16636,0.74531,0.00244,0,4.8836e-05,4.8836e-05,4.8836e-05
1149,1777.41,0.36609,0.53848,0.27016,0.00144,0.01749,0.80849,0.85511,0.89115,0.71018,0.80849,0.85511,0.89291,0.61935,0.74522,1.16628,0.74631,0.00244,0,4.80861e-05,4.80861e-05,4.80861e-05
1150,1779.01,0.36427,0.54448,0.27963,0.00129,0.01619,0.80061,0.86376,0.89281,0.71158,0.80119,0.86333,0.88891,0.6245,0.74526,1.16636,0.7489,0.00245,0,4.73362e-05,4.73362e-05,4.73362e-05
1151,1780.43,0.36406,0.54584,0.29988,0.00139,0.01573,0.79735,0.85852,0.89115,0.7082,0.79826,0.85835,0.88726,0.62279,0.7451,1.27615,0.74692,0.00246,0,4.65862e-05,4.65862e-05,4.65862e-05
1152,1781.81,0.33767,0.51079,0.27021,0.0013,0.01455,0.79735,0.85852,0.89115,0.7082,0.79826,0.85835,0.88726,0.62279,0.7451,1.27615,0.74692,0.00246,0,4.58363e-05,4.58363e-05,4.58363e-05
1153,1783.39,0.39243,0.62472,0.27479,0.00126,0.01649,0.80208,0.85787,0.89115,0.71067,0.80117,0.85802,0.88726,0.62205,0.75221,1.26794,0.74867,0.00248,0,4.50864e-05,4.50864e-05,4.50864e-05
1154,1785.25,0.35831,0.53373,0.26881,0.00127,0.01732,0.80155,0.8576,0.89208,0.71091,0.79672,0.85834,0.89346,0.6234,0.75437,1.26642,0.74693,0.00248,0,4.43365e-05,4.43365e-05,4.43365e-05
1155,1786.72,0.35111,0.51403,0.27258,0.00124,0.01529,0.80174,0.85701,0.89175,0.71167,0.79259,0.85831,0.89364,0.62237,0.75209,1.26322,0.74709,0.00246,0,4.35865e-05,4.35865e-05,4.35865e-05
1156,1788.3,0.36637,0.58292,0.26967,0.00137,0.0158,0.79671,0.85755,0.8911,0.71054,0.79317,0.86056,0.89585,0.62041,0.75434,1.26076,0.75043,0.00245,0,4.28366e-05,4.28366e-05,4.28366e-05
1157,1789.78,0.36734,0.58443,0.29468,0.0013,0.01739,0.78117,0.8653,0.89004,0.71057,0.77947,0.86632,0.89424,0.6213,0.75499,1.25515,0.75194,0.00245,0,4.20867e-05,4.20867e-05,4.20867e-05
1158,1791.36,0.34934,0.56408,0.27471,0.0011,0.01618,0.78055,0.86563,0.88835,0.70884,0.78257,0.86425,0.89809,0.61931,0.74978,1.25492,0.74865,0.00245,0,4.13368e-05,4.13368e-05,4.13368e-05
1159,1793,0.34818,0.49135,0.27819,0.00147,0.01482,0.78692,0.86025,0.88915,0.70972,0.78473,0.86172,0.89393,0.61979,0.74803,1.25912,0.74763,0.00246,0,4.05869e-05,4.05869e-05,4.05869e-05
1160,1794.57,0.3447,0.52932,0.27869,0.00144,0.01656,0.78773,0.86095,0.8892,0.70875,0.78647,0.86205,0.88863,0.61773,0.75042,1.26298,0.74638,0.00246,0,3.98369e-05,3.98369e-05,3.98369e-05
1161,1796.02,0.34609,0.51279,0.24748,0.00145,0.01487,0.79204,0.86064,0.8892,0.70779,0.78989,0.86343,0.88863,0.6173,0.74735,1.2627,0.74541,0.00247,0,3.9087e-05,3.9087e-05,3.9087e-05
1162,1797.43,0.35669,0.51625,0.27027,0.0014,0.01398,0.79204,0.86064,0.8892,0.70779,0.78989,0.86343,0.88863,0.6173,0.74735,1.2627,0.74541,0.00247,0,3.83371e-05,3.83371e-05,3.83371e-05
1163,1799.09,0.35921,0.56675,0.27407,0.00125,0.01597,0.79592,0.85848,0.88976,0.7089,0.79253,0.8645,0.88819,0.61755,0.74774,1.26531,0.74647,0.00247,0,3.75871e-05,3.75871e-05,3.75871e-05
1164,1800.69,0.39558,0.61371,0.32133,0.00137,0.01543,0.79501,0.85807,0.89032,0.71027,0.78907,0.85899,0.89362,0.62213,0.74759,1.26335,0.74748,0.00247,0,3.68372e-05,3.68372e-05,3.68372e-05
1165,1802.19,0.36099,0.56844,0.28935,0.00131,0.01771,0.79143,0.85795,0.88877,0.70678,0.78479,0.85921,0.88831,0.62019,0.75066,1.25963,0.74656,0.00246,0,3.60873e-05,3.60873e-05,3.60873e-05
1166,1803.72,0.3562,0.56245,0.27517,0.00145,0.01542,0.78932,0.85718,0.88802,0.70595,0.78441,0.85838,0.88844,0.61693,0.75072,1.25479,0.74423,0.00246,0,3.53374e-05,3.53374e-05,3.53374e-05
1167,1805.41,0.35396,0.50075,0.26138,0.00133,0.01752,0.78155,0.85849,0.88683,0.70723,0.78215,0.85792,0.88809,0.61976,0.75269,1.24965,0.74353,0.00246,0,3.45874e-05,3.45874e-05,3.45874e-05
1168,1806.9,0.35229,0.51273,0.25717,0.00126,0.01474,0.77597,0.85819,0.88683,0.70638,0.77761,0.84903,0.88809,0.62397,0.75279,1.24951,0.74622,0.00244,0,3.38375e-05,3.38375e-05,3.38375e-05
1169,1808.33,0.34173,0.48861,0.24185,0.00131,0.01413,0.81664,0.82045,0.88604,0.7066,0.80164,0.82296,0.88633,0.623,0.75255,1.25346,0.74643,0.00244,0,3.30876e-05,3.30876e-05,3.30876e-05
1170,1809.85,0.35615,0.56304,0.28977,0.00126,0.01549,0.8203,0.82221,0.88819,0.70811,0.78228,0.84118,0.89307,0.62674,0.75009,1.26117,0.74604,0.00243,0,3.23377e-05,3.23377e-05,3.23377e-05
1171,1811.29,0.33546,0.50399,0.25266,0.00122,0.01549,0.82586,0.8139,0.88693,0.70776,0.77647,0.8509,0.88829,0.62436,0.75195,1.15072,0.74216,0.00245,0,3.15878e-05,3.15878e-05,3.15878e-05
1172,1812.85,0.33683,0.50051,0.25935,0.00143,0.01592,0.82586,0.8139,0.88693,0.70776,0.77647,0.8509,0.88829,0.62436,0.75195,1.15072,0.74216,0.00245,0,3.08378e-05,3.08378e-05,3.08378e-05
1173,1814.19,0.37926,0.56972,0.28541,0.00134,0.01553,0.77501,0.8671,0.88661,0.70546,0.77681,0.86673,0.88813,0.62279,0.75325,1.15159,0.74177,0.00244,0,3.00879e-05,3.00879e-05,3.00879e-05
1174,1815.73,0.36542,0.5571,0.2784,0.00141,0.01901,0.80727,0.85196,0.88797,0.70474,0.80745,0.86134,0.88977,0.62299,0.74839,1.15259,0.7464,0.00243,0,2.9338e-05,2.9338e-05,2.9338e-05
1175,1817.2,0.34914,0.55575,0.2711,0.00124,0.01561,0.80169,0.86294,0.88748,0.70602,0.80114,0.85699,0.8898,0.62202,0.74932,1.15713,0.74506,0.00243,0,2.8588e-05,2.8588e-05,2.8588e-05
1176,1818.82,0.36099,0.52627,0.27774,0.00134,0.01655,0.86152,0.77707,0.88448,0.70498,0.78221,0.85044,0.8874,0.62461,0.74514,1.15597,0.7466,0.00242,0,2.78381e-05,2.78381e-05,2.78381e-05
1177,1820.21,0.35976,0.55611,0.26892,0.00129,0.01618,0.86281,0.77777,0.8844,0.7038,0.78393,0.86153,0.88731,0.6242,0.74711,1.15777,0.74472,0.00243,0,2.70882e-05,2.70882e-05,2.70882e-05
1178,1821.59,0.38387,0.58175,0.31046,0.00124,0.01625,0.77,0.86745,0.88428,0.70398,0.77585,0.86623,0.89197,0.62392,0.75082,1.15768,0.73801,0.00246,0,2.63383e-05,2.63383e-05,2.63383e-05
1179,1823.11,0.3747,0.60256,0.2753,0.00124,0.01864,0.80448,0.84131,0.88594,0.7043,0.80448,0.84131,0.89388,0.62174,0.75033,1.15967,0.73669,0.00245,0,2.55883e-05,2.55883e-05,2.55883e-05
1180,1824.8,0.34019,0.52555,0.25684,0.00123,0.01584,0.78689,0.83687,0.88406,0.70177,0.78689,0.83687,0.89199,0.62346,0.74995,1.16034,0.7377,0.00245,0,2.48384e-05,2.48384e-05,2.48384e-05
1181,1826.46,0.33945,0.51151,0.28968,0.00127,0.01466,0.82894,0.80587,0.88317,0.70043,0.82894,0.80587,0.8911,0.61929,0.75315,1.16277,0.73817,0.00245,0,2.40885e-05,2.40885e-05,2.40885e-05
1182,1827.93,0.34348,0.52522,0.28731,0.00137,0.01655,0.82894,0.80587,0.88317,0.70043,0.82894,0.80587,0.8911,0.61929,0.75315,1.16277,0.73817,0.00245,0,2.33386e-05,2.33386e-05,2.33386e-05
1183,1829.35,0.33114,0.49799,0.25396,0.00134,0.01437,0.80222,0.85716,0.88503,0.70346,0.80222,0.85716,0.89337,0.62015,0.75286,1.16242,0.73803,0.00246,0,2.25887e-05,2.25887e-05,2.25887e-05
1184,1830.96,0.39402,0.61427,0.31862,0.00126,0.01929,0.8047,0.85442,0.88514,0.70288,0.8047,0.85442,0.8933,0.6126,0.75612,1.16302,0.73923,0.00246,0,2.18387e-05,2.18387e-05,2.18387e-05
1185,1832.58,0.34796,0.56472,0.28892,0.0012,0.0161,0.80277,0.85037,0.88549,0.7044,0.80277,0.85037,0.89437,0.61541,0.75598,1.16256,0.73994,0.00246,0,2.10888e-05,2.10888e-05,2.10888e-05
1186,1834.18,0.36725,0.52008,0.2898,0.00134,0.0163,0.81613,0.80894,0.88418,0.70518,0.81613,0.80894,0.89336,0.61254,0.75734,1.1639,0.73695,0.00248,0,2.03389e-05,2.03389e-05,2.03389e-05
1187,1835.73,0.38555,0.59912,0.29843,0.00124,0.01462,0.7811,0.85331,0.88428,0.7053,0.7811,0.85331,0.89349,0.61245,0.76041,1.16264,0.735,0.00248,0,1.9589e-05,1.9589e-05,1.9589e-05
1188,1837.43,0.36694,0.5635,0.28219,0.00127,0.01563,0.7827,0.85322,0.88474,0.70611,0.7827,0.85322,0.89428,0.61495,0.75925,1.16056,0.73327,0.00248,0,1.8839e-05,1.8839e-05,1.8839e-05
1189,1838.93,0.36617,0.56444,0.27097,0.00117,0.01829,0.78294,0.85223,0.88432,0.70563,0.78294,0.85223,0.89408,0.61438,0.75956,1.15842,0.73332,0.00248,0,1.80891e-05,1.80891e-05,1.80891e-05
1190,1840.42,0.36837,0.58511,0.3068,0.00148,0.01558,0.79683,0.86507,0.88907,0.70927,0.79683,0.86507,0.89722,0.61669,0.76231,1.15459,0.7341,0.00247,0,1.73392e-05,1.73392e-05,1.73392e-05
1191,1844.33,0.37183,0.57273,0.28922,0.00134,0.01617,0.78191,0.85388,0.88568,0.70587,0.78191,0.85388,0.89481,0.61515,0.76268,1.15387,0.73484,0.00248,0,1.65892e-05,1.65892e-05,1.65892e-05
1192,1846.01,0.37541,0.58591,0.29842,0.00123,0.01546,0.78191,0.85388,0.88568,0.70587,0.78191,0.85388,0.89481,0.61515,0.76268,1.15387,0.73484,0.00248,0,1.58393e-05,1.58393e-05,1.58393e-05
1193,1847.56,0.38134,0.61758,0.32605,0.00129,0.01429,0.78504,0.85207,0.88511,0.70536,0.78504,0.85207,0.89416,0.61387,0.75845,1.1526,0.73366,0.00247,0,1.50894e-05,1.50894e-05,1.50894e-05
1194,1849.12,0.35465,0.53412,0.28874,0.0013,0.01513,0.80406,0.832,0.88541,0.7061,0.79021,0.84683,0.88992,0.61551,0.75601,1.15325,0.73401,0.00247,0,1.43395e-05,1.43395e-05,1.43395e-05
1195,1850.65,0.35386,0.52788,0.27024,0.0013,0.0164,0.80178,0.83984,0.88621,0.70648,0.79263,0.85165,0.88972,0.61702,0.75514,1.1516,0.73842,0.00246,0,1.35896e-05,1.35896e-05,1.35896e-05
1196,1852.37,0.36162,0.56646,0.29293,0.00123,0.01629,0.80366,0.84263,0.88649,0.70765,0.79267,0.85258,0.89003,0.61904,0.75443,1.15157,0.7377,0.00246,0,1.28396e-05,1.28396e-05,1.28396e-05
1197,1854.15,0.33592,0.51553,0.24918,0.00136,0.01633,0.7955,0.85236,0.8867,0.70691,0.7926,0.8531,0.8906,0.61733,0.75209,1.14904,0.73647,0.00245,0,1.20897e-05,1.20897e-05,1.20897e-05
1198,1855.73,0.3883,0.5955,0.28958,0.00134,0.01489,0.79351,0.85261,0.8867,0.70688,0.79351,0.85261,0.8906,0.61761,0.75418,1.14887,0.73623,0.00246,0,1.13398e-05,1.13398e-05,1.13398e-05
1199,1857.26,0.36105,0.55204,0.26283,0.00137,0.01498,0.79616,0.85207,0.88647,0.70405,0.79726,0.85016,0.89103,0.62336,0.75417,1.14931,0.73812,0.00245,0,1.05899e-05,1.05899e-05,1.05899e-05
1200,1858.75,0.35854,0.56048,0.27601,0.00117,0.0154,0.79932,0.84817,0.88627,0.70692,0.79877,0.84879,0.89065,0.62366,0.75425,1.14929,0.73749,0.00245,0,9.83993e-06,9.83993e-06,9.83993e-06
