epoch,time,train/box_loss,train/seg_loss,train/cls_loss,train/l1_loss,train/sem_loss,metrics/precision(B),metrics/recall(B),metrics/mAP50(B),metrics/mAP50-95(B),metrics/precision(M),metrics/recall(M),metrics/mAP50(M),metrics/mAP50-95(M),val/box_loss,val/seg_loss,val/cls_loss,val/l1_loss,val/sem_loss,lr/pg0,lr/pg1,lr/pg2
1,42.9161,1.87536,4.25535,3.4605,0.0117,4.0143,0.02119,0.59933,0.3617,0.17768,0.00417,0.11785,0.03866,0.02103,1.35111,3.26119,3.3903,0.00873,0,0.000633333,0.000633333,0.000633333
2,56.1144,1.33428,2.9351,2.02948,0.0072,0.34926,0.02702,0.76431,0.48546,0.18547,0.00738,0.20875,0.04899,0.02788,1.16874,2.4392,3.10733,0.00763,0,0.00129871,0.00129871,0.00129871
3,68.1104,1.34996,2.83237,1.74703,0.00754,0.21557,0.25622,0.80135,0.55554,0.31968,0.08787,0.23906,0.04442,0.02422,1.30484,2.97366,2.80585,0.00852,0,0.00196277,0.00196277,0.00196277
4,80.2705,1.29756,2.70429,1.43588,0.00669,0.15946,0.69952,0.66628,0.73148,0.45561,0.22998,0.23232,0.08148,0.02543,1.22838,2.67896,1.96646,0.00769,0,0.00199406,0.00199406,0.00199406
5,92.611,1.24645,2.6487,1.35025,0.00629,0.15804,0.66034,0.69385,0.73855,0.46904,0.30912,0.3165,0.16101,0.0554,1.1973,2.38906,1.63346,0.00702,0,0.00199208,0.00199208,0.00199208
6,104.652,1.21826,2.50222,1.2095,0.00592,0.15373,0.65104,0.78451,0.76385,0.52213,0.27238,0.26936,0.18007,0.09626,1.13301,2.52489,1.3662,0.00686,0,0.0019901,0.0019901,0.0019901
7,116.823,1.19814,2.38503,1.15875,0.0062,0.10529,0.66282,0.68687,0.75054,0.53433,0.30058,0.3266,0.18992,0.09425,1.02908,2.06981,1.24432,0.00586,0,0.00198812,0.00198812,0.00198812
8,128.741,1.1268,2.33384,1.0857,0.00558,0.09696,0.76299,0.72391,0.78319,0.54835,0.41173,0.45118,0.32902,0.13292,1.1148,1.93595,1.07592,0.00678,0,0.00198614,0.00198614,0.00198614
9,140.885,1.18065,2.25902,1.06797,0.00585,0.14755,0.68671,0.6936,0.75288,0.53458,0.32199,0.4845,0.33914,0.15897,1.10728,1.83155,1.16756,0.00636,0,0.00198416,0.00198416,0.00198416
10,152.997,1.134,2.21788,1.06864,0.00568,0.1199,0.69874,0.75421,0.78468,0.57434,0.48635,0.47475,0.42939,0.17009,1.07485,1.85328,1.01857,0.00638,0,0.00198218,0.00198218,0.00198218
11,164.652,1.11716,2.33583,1.02127,0.00554,0.08641,0.68976,0.68121,0.72863,0.47562,0.35217,0.39731,0.28168,0.13034,1.31941,2.06124,1.15509,0.00796,0,0.0019802,0.0019802,0.0019802
12,176.235,1.13972,2.24273,1.01971,0.00566,0.11637,0.75253,0.69024,0.79409,0.56601,0.4155,0.49158,0.37464,0.17021,1.05898,1.65157,1.07486,0.00589,0,0.00197822,0.00197822,0.00197822
13,187.822,1.09438,2.13296,0.97138,0.00529,0.07501,0.75853,0.78788,0.83942,0.61895,0.44573,0.55892,0.43139,0.19685,1.03319,1.68237,0.91791,0.00591,0,0.00197624,0.00197624,0.00197624
14,199.725,1.06668,2.09737,0.91867,0.00503,0.07033,0.74556,0.78788,0.82221,0.59605,0.446,0.51515,0.405,0.18153,1.02589,1.78407,0.93089,0.0064,0,0.00197426,0.00197426,0.00197426
15,211.302,1.03861,2.01404,0.93481,0.00512,0.06312,0.78688,0.75421,0.83925,0.6214,0.50915,0.57239,0.47081,0.22035,0.991,1.60611,0.93502,0.00553,0,0.00197228,0.00197228,0.00197228
16,222.969,1.047,2.01069,0.89362,0.0048,0.06468,0.74993,0.78788,0.84234,0.61713,0.47772,0.63135,0.48099,0.20749,1.0155,1.63297,0.92157,0.00583,0,0.0019703,0.0019703,0.0019703
17,234.131,1.09181,1.98438,0.93312,0.00546,0.08245,0.74132,0.80471,0.83336,0.61749,0.5245,0.56566,0.47656,0.22394,1.02138,1.61243,0.89853,0.00565,0,0.00196832,0.00196832,0.00196832
18,245.62,1.0498,1.97581,0.90169,0.0051,0.06955,0.7707,0.74691,0.82283,0.60114,0.48964,0.55219,0.44456,0.21002,0.97882,1.6103,0.96048,0.00551,0,0.00196634,0.00196634,0.00196634
19,257.384,1.04316,1.95549,0.90819,0.005,0.08406,0.78238,0.72727,0.82099,0.61992,0.43933,0.50505,0.37904,0.19483,0.93079,1.75521,0.86183,0.0051,0,0.00196436,0.00196436,0.00196436
20,268.605,1.04035,1.93799,0.8626,0.00478,0.09304,0.80674,0.70707,0.83637,0.59635,0.59053,0.61279,0.59042,0.25056,1.05193,1.57412,0.90478,0.00648,0,0.00196238,0.00196238,0.00196238
21,280.561,1.05504,1.92938,0.87458,0.00503,0.0854,0.7344,0.80998,0.83653,0.6356,0.56212,0.6734,0.58976,0.25839,0.93936,1.45582,0.85604,0.00523,0,0.0019604,0.0019604,0.0019604
22,291.766,1.02444,1.89265,0.87012,0.00493,0.08909,0.75511,0.79125,0.82161,0.59197,0.58816,0.67003,0.61835,0.26503,1.06525,1.51536,0.8977,0.00706,0,0.00195842,0.00195842,0.00195842
23,303.406,1.03447,1.92912,0.85947,0.005,0.07734,0.69231,0.8182,0.83374,0.64862,0.53624,0.63459,0.56324,0.26047,0.90345,1.45198,0.76288,0.00504,0,0.00195644,0.00195644,0.00195644
24,315.228,0.99864,1.81084,0.84173,0.00475,0.08761,0.81463,0.72727,0.84508,0.64576,0.52743,0.6532,0.57739,0.26064,0.91952,1.41634,0.83465,0.00508,0,0.00195446,0.00195446,0.00195446
25,327.663,0.99726,1.84217,0.83643,0.0045,0.08132,0.79331,0.77539,0.84728,0.64477,0.54784,0.55556,0.49265,0.23345,0.94131,1.44284,0.8115,0.00529,0,0.00195248,0.00195248,0.00195248
26,339.703,1.00449,1.80452,0.8553,0.00472,0.09068,0.79938,0.72727,0.84702,0.64986,0.55016,0.61279,0.56207,0.26056,0.96398,1.49839,0.78798,0.00569,0,0.0019505,0.0019505,0.0019505
27,350.276,0.98362,1.82189,0.82865,0.00476,0.06141,0.75579,0.79195,0.86151,0.67205,0.48657,0.67007,0.56179,0.26573,0.90481,1.47205,0.77135,0.005,0,0.00194852,0.00194852,0.00194852
28,362.311,1.00271,1.80985,0.83746,0.00472,0.09842,0.75754,0.78114,0.85929,0.64809,0.63696,0.72054,0.68081,0.29109,0.95866,1.34809,0.78103,0.00538,0,0.00194654,0.00194654,0.00194654
29,373.819,0.98015,1.76981,0.83692,0.0046,0.06589,0.77616,0.81728,0.87181,0.66735,0.59027,0.69024,0.62827,0.29742,0.87686,1.33228,0.76894,0.0048,0,0.00194456,0.00194456,0.00194456
30,385.889,1.00415,1.79006,0.82559,0.00497,0.06256,0.76181,0.77537,0.84665,0.65924,0.5694,0.71044,0.66592,0.31475,0.90852,1.31618,0.78873,0.00526,0,0.00194258,0.00194258,0.00194258
31,398.048,0.99639,1.77352,0.83165,0.00457,0.07914,0.78528,0.80038,0.8644,0.66156,0.56911,0.6893,0.60254,0.29007,0.90763,1.59052,0.80413,0.00549,0,0.0019406,0.0019406,0.0019406
32,407.868,0.97669,1.79124,0.80373,0.00437,0.05811,0.78716,0.79125,0.85841,0.6337,0.58177,0.62626,0.62778,0.29526,1.00792,1.42003,0.7926,0.00586,0,0.00193862,0.00193862,0.00193862
33,417.072,0.96771,1.77372,0.82642,0.00444,0.06618,0.7292,0.81481,0.83539,0.64974,0.56565,0.70034,0.65307,0.31883,0.92079,1.32016,0.7708,0.00509,0,0.00193664,0.00193664,0.00193664
34,428.368,0.95112,1.70998,0.79832,0.00425,0.06917,0.74311,0.80808,0.85203,0.67305,0.6191,0.70034,0.67916,0.33842,0.86406,1.41076,0.77916,0.00456,0,0.00193466,0.00193466,0.00193466
35,439.694,0.96454,1.71292,0.79834,0.0045,0.06759,0.77592,0.82779,0.87692,0.68795,0.68281,0.7138,0.7178,0.34749,0.8216,1.26983,0.72137,0.00452,0,0.00193268,0.00193268,0.00193268
36,451.228,0.97185,1.62276,0.79952,0.00483,0.07324,0.82307,0.75183,0.8787,0.66782,0.5298,0.75421,0.65365,0.33107,0.95329,1.28205,0.74763,0.00573,0,0.0019307,0.0019307,0.0019307
37,462.544,0.95713,1.63715,0.78879,0.00459,0.09028,0.74658,0.82155,0.86696,0.67106,0.56107,0.71717,0.64639,0.30163,0.91307,1.27995,0.76013,0.00509,0,0.00192872,0.00192872,0.00192872
38,474.022,0.94935,1.65573,0.80666,0.00441,0.12207,0.81113,0.7953,0.87699,0.67961,0.62542,0.65213,0.66516,0.32214,0.86687,1.27323,0.70832,0.00468,0,0.00192674,0.00192674,0.00192674
39,485.411,0.98245,1.66176,0.80096,0.00473,0.06982,0.80833,0.81145,0.8759,0.68387,0.60808,0.64646,0.64317,0.32123,0.8859,1.2496,0.74759,0.00506,0,0.00192476,0.00192476,0.00192476
40,497.273,0.99255,1.64338,0.78792,0.00472,0.0748,0.79946,0.83221,0.88511,0.67791,0.60459,0.70707,0.66597,0.32871,0.90336,1.28139,0.72371,0.00496,0,0.00192278,0.00192278,0.00192278
41,508.696,0.97514,1.64075,0.79511,0.00477,0.05882,0.77096,0.82735,0.86182,0.63441,0.64423,0.70034,0.70764,0.33543,1.04612,1.17309,0.78725,0.00607,0,0.0019208,0.0019208,0.0019208
42,519.646,0.98374,1.68964,0.77866,0.00465,0.07385,0.81228,0.76094,0.86635,0.66616,0.72325,0.6835,0.73856,0.36712,0.94169,1.23883,0.7275,0.00565,0,0.00191882,0.00191882,0.00191882
43,531.624,0.95795,1.63641,0.75764,0.00446,0.06317,0.83073,0.76768,0.87221,0.67209,0.70947,0.71532,0.77429,0.40875,0.91372,1.20174,0.75142,0.00536,0,0.00191684,0.00191684,0.00191684
44,543.71,0.97215,1.6082,0.78027,0.00455,0.08556,0.80786,0.80135,0.90002,0.69805,0.70271,0.75606,0.78975,0.41752,0.89044,1.15233,0.69101,0.00481,0,0.00191486,0.00191486,0.00191486
45,555.772,0.95502,1.60998,0.77542,0.00434,0.06654,0.80043,0.79125,0.87553,0.68073,0.63871,0.80953,0.76416,0.38318,0.88136,1.20753,0.70136,0.00514,0,0.00191288,0.00191288,0.00191288
46,566.889,0.96926,1.62929,0.76049,0.00447,0.1113,0.81317,0.82067,0.89165,0.71146,0.67875,0.73401,0.75139,0.38721,0.80538,1.20645,0.7138,0.00446,0,0.0019109,0.0019109,0.0019109
47,578.467,0.96605,1.5683,0.75795,0.00475,0.05113,0.81333,0.84175,0.89773,0.68586,0.69701,0.66613,0.73491,0.35828,0.91231,1.26758,0.65646,0.00542,0,0.00190892,0.00190892,0.00190892
48,590.402,0.94307,1.56883,0.76064,0.00433,0.06078,0.81821,0.77441,0.88721,0.70005,0.6788,0.76094,0.77549,0.3949,0.86461,1.10237,0.66529,0.00476,0,0.00190694,0.00190694,0.00190694
49,601.748,0.96393,1.61719,0.76107,0.00457,0.07717,0.84482,0.86195,0.91438,0.71819,0.72362,0.77104,0.76797,0.39339,0.84999,1.12766,0.6371,0.00468,0,0.00190496,0.00190496,0.00190496
50,612.742,0.95642,1.56374,0.75196,0.00457,0.07836,0.84686,0.75758,0.88219,0.69528,0.70025,0.70707,0.75416,0.39226,0.8533,1.18043,0.71411,0.00464,0,0.00190298,0.00190298,0.00190298
51,624.092,0.95975,1.60451,0.76978,0.00458,0.0901,0.81722,0.81295,0.89414,0.70134,0.70414,0.78788,0.80158,0.41404,0.85631,1.11576,0.66443,0.00466,0,0.001901,0.001901,0.001901
52,636.023,0.95011,1.59727,0.77274,0.00441,0.06641,0.82341,0.80471,0.87916,0.69872,0.6738,0.72054,0.75955,0.38881,0.84631,1.18313,0.72177,0.00472,0,0.00189902,0.00189902,0.00189902
53,647.769,0.94953,1.54407,0.75508,0.00449,0.06041,0.75967,0.85141,0.88044,0.70375,0.69643,0.81818,0.80534,0.41732,0.86351,1.12947,0.64623,0.00473,0,0.00189704,0.00189704,0.00189704
54,660.198,0.95604,1.56414,0.76452,0.00425,0.06986,0.8175,0.81446,0.89353,0.70408,0.68076,0.72519,0.74725,0.36789,0.87433,1.1735,0.6716,0.00494,0,0.00189506,0.00189506,0.00189506
55,671.816,0.93158,1.55311,0.75795,0.00426,0.06065,0.79466,0.79798,0.87549,0.67935,0.65953,0.77104,0.75293,0.39294,0.90847,1.1301,0.67166,0.00528,0,0.00189308,0.00189308,0.00189308
56,683.487,0.94245,1.54305,0.75211,0.00427,0.06623,0.80548,0.85522,0.90509,0.71204,0.71523,0.76957,0.80689,0.42804,0.86839,1.08097,0.66537,0.00491,0,0.0018911,0.0018911,0.0018911
57,695.147,0.95735,1.51418,0.75615,0.00455,0.07442,0.78537,0.82492,0.89445,0.71232,0.7126,0.80808,0.79947,0.42004,0.8192,1.04736,0.66951,0.00444,0,0.00188912,0.00188912,0.00188912
58,706.518,0.92728,1.49023,0.73084,0.00437,0.05122,0.82514,0.79798,0.89353,0.69665,0.67831,0.75968,0.75166,0.39888,0.86508,1.40447,0.69717,0.00474,0,0.00188714,0.00188714,0.00188714
59,718.185,0.91102,1.50663,0.72709,0.00422,0.05205,0.82279,0.79727,0.88754,0.71532,0.73565,0.77104,0.80401,0.4301,0.82284,1.13533,0.68249,0.00442,0,0.00188516,0.00188516,0.00188516
60,729.975,0.91822,1.46793,0.72851,0.00429,0.05279,0.78571,0.86195,0.90469,0.7241,0.75552,0.82828,0.84998,0.44413,0.80846,1.04602,0.6295,0.00446,0,0.00188318,0.00188318,0.00188318
61,741.934,0.92555,1.49261,0.72044,0.00422,0.07425,0.84301,0.8136,0.90227,0.72617,0.72058,0.77104,0.8039,0.43462,0.84332,1.05041,0.62851,0.00463,0,0.0018812,0.0018812,0.0018812
62,753.456,0.90454,1.48307,0.72131,0.00414,0.09761,0.78012,0.86532,0.91194,0.72562,0.73573,0.81481,0.83262,0.4334,0.83202,1.04846,0.61998,0.00475,0,0.00187922,0.00187922,0.00187922
63,764.636,0.90777,1.46683,0.72584,0.0041,0.07119,0.83397,0.80135,0.90815,0.7274,0.73418,0.79125,0.82362,0.4336,0.79206,1.02767,0.62098,0.00428,0,0.00187724,0.00187724,0.00187724
64,776.311,0.92841,1.52561,0.75308,0.00438,0.0886,0.85266,0.81837,0.90819,0.72404,0.77649,0.76768,0.85376,0.45089,0.82405,1.01299,0.6277,0.00436,0,0.00187526,0.00187526,0.00187526
65,788.07,0.94791,1.49353,0.74063,0.00445,0.0577,0.78718,0.84688,0.8889,0.71897,0.73833,0.79804,0.8129,0.44681,0.81565,1.06086,0.61413,0.00443,0,0.00187328,0.00187328,0.00187328
66,798.714,0.93426,1.47771,0.74422,0.00435,0.06203,0.77212,0.82155,0.88332,0.69868,0.74391,0.75312,0.79763,0.45379,0.88359,1.06693,0.66933,0.00508,0,0.0018713,0.0018713,0.0018713
67,809.596,0.93182,1.44896,0.73829,0.0042,0.06311,0.75481,0.87066,0.88721,0.70903,0.72297,0.82598,0.83398,0.44449,0.87208,1.04244,0.65368,0.00487,0,0.00186932,0.00186932,0.00186932
68,819.175,0.90209,1.44144,0.7233,0.00415,0.04831,0.83711,0.83838,0.91956,0.74147,0.77746,0.77778,0.84579,0.44369,0.79401,0.98602,0.6458,0.0044,0,0.00186734,0.00186734,0.00186734
69,829.223,0.91849,1.42304,0.73164,0.00444,0.05423,0.8024,0.84175,0.892,0.69621,0.75362,0.79798,0.84806,0.44734,0.86899,1.05413,0.70239,0.0051,0,0.00186536,0.00186536,0.00186536
70,840.231,0.8946,1.44111,0.71609,0.00414,0.04959,0.83408,0.82937,0.90011,0.71575,0.74995,0.76768,0.84427,0.48502,0.82869,0.97459,0.62457,0.00457,0,0.00186338,0.00186338,0.00186338
71,851.935,0.89634,1.41477,0.7086,0.00403,0.06826,0.83781,0.83484,0.90233,0.72404,0.76352,0.79357,0.82996,0.44415,0.83296,1.05736,0.60695,0.00454,0,0.0018614,0.0018614,0.0018614
72,863.315,0.90209,1.39777,0.70309,0.0041,0.06505,0.79404,0.81481,0.87717,0.69765,0.73233,0.79461,0.82848,0.45537,0.8613,1.02567,0.68985,0.00453,0,0.00185942,0.00185942,0.00185942
73,875.072,0.89684,1.41478,0.70826,0.0041,0.07707,0.79639,0.81651,0.89036,0.70642,0.71931,0.81818,0.82108,0.45393,0.83065,1.03833,0.66969,0.00461,0,0.00185744,0.00185744,0.00185744
74,886.38,0.91282,1.44468,0.72943,0.00409,0.07688,0.8395,0.83838,0.91731,0.72426,0.74361,0.80078,0.82814,0.46864,0.85743,1.0098,0.58007,0.00475,0,0.00185546,0.00185546,0.00185546
75,898.517,0.90465,1.39573,0.7136,0.00418,0.07064,0.83181,0.85522,0.92324,0.73186,0.76913,0.80135,0.8593,0.49577,0.83177,0.98159,0.6141,0.0049,0,0.00185348,0.00185348,0.00185348
76,910.47,0.89787,1.40373,0.72033,0.00402,0.05786,0.83687,0.82155,0.89925,0.71925,0.70859,0.81145,0.82879,0.44955,0.85041,1.11708,0.64735,0.00459,0,0.0018515,0.0018515,0.0018515
77,922.261,0.89702,1.39668,0.71487,0.00422,0.07323,0.84479,0.82465,0.90363,0.73436,0.70135,0.83838,0.84042,0.46831,0.77248,1.05555,0.64872,0.00429,0,0.00184952,0.00184952,0.00184952
78,933.891,0.89971,1.42638,0.7135,0.00401,0.0535,0.8281,0.84848,0.91037,0.74123,0.78791,0.81481,0.87206,0.50228,0.75513,0.98028,0.62993,0.00395,0,0.00184754,0.00184754,0.00184754
79,945.823,0.88489,1.391,0.71413,0.00419,0.077,0.79641,0.85611,0.91075,0.73196,0.78105,0.84076,0.87769,0.48975,0.78232,0.97155,0.63842,0.0044,0,0.00184556,0.00184556,0.00184556
80,957.266,0.89953,1.36483,0.70972,0.00424,0.07558,0.80407,0.85859,0.9078,0.74768,0.79102,0.84114,0.88043,0.49119,0.7512,0.98284,0.58329,0.00402,0,0.00184358,0.00184358,0.00184358
81,967.906,0.90127,1.3675,0.69681,0.00403,0.06596,0.7711,0.89562,0.91352,0.74348,0.79375,0.78114,0.86192,0.46891,0.77936,0.95841,0.59585,0.00424,0,0.0018416,0.0018416,0.0018416
82,979.534,0.86359,1.32216,0.6912,0.00392,0.05566,0.81684,0.84088,0.90248,0.75056,0.79226,0.80895,0.86906,0.49353,0.74054,0.95318,0.56985,0.00389,0,0.00183962,0.00183962,0.00183962
83,990.956,0.86915,1.33397,0.6808,0.00399,0.07216,0.85034,0.84848,0.9212,0.74597,0.77823,0.81818,0.85699,0.49403,0.79277,0.95892,0.59469,0.00431,0,0.00183764,0.00183764,0.00183764
84,1002.59,0.89049,1.40214,0.68742,0.00394,0.07698,0.84332,0.83364,0.91912,0.74097,0.7775,0.81145,0.87895,0.49287,0.81443,0.9428,0.60264,0.00434,0,0.00183566,0.00183566,0.00183566
85,1014.34,0.89409,1.39296,0.70622,0.00405,0.09087,0.81063,0.79272,0.89006,0.72913,0.79442,0.77778,0.86414,0.50339,0.79863,1.04626,0.61458,0.0045,0,0.00183368,0.00183368,0.00183368
86,1026.19,0.87016,1.33577,0.68178,0.00394,0.05958,0.84595,0.78451,0.89781,0.7413,0.82498,0.79354,0.87116,0.49172,0.75508,1.01836,0.60716,0.004,0,0.0018317,0.0018317,0.0018317
87,1038.08,0.87016,1.33553,0.68794,0.00397,0.06585,0.7573,0.89302,0.9007,0.73247,0.71412,0.84946,0.85282,0.49533,0.79152,0.96136,0.59088,0.00414,0,0.00182972,0.00182972,0.00182972
88,1049.75,0.85823,1.31286,0.67365,0.00385,0.0414,0.78017,0.88426,0.92091,0.75642,0.80014,0.84923,0.89337,0.51432,0.73324,0.84832,0.57223,0.00388,0,0.00182774,0.00182774,0.00182774
89,1061.81,0.86717,1.33084,0.67506,0.00383,0.05453,0.8363,0.84284,0.91568,0.74973,0.76966,0.8438,0.88006,0.49292,0.77121,0.91563,0.57967,0.00409,0,0.00182576,0.00182576,0.00182576
90,1073.62,0.86012,1.28584,0.68856,0.00388,0.05865,0.84379,0.83838,0.92068,0.75222,0.76585,0.78114,0.85462,0.4954,0.78372,0.96727,0.59361,0.00402,0,0.00182378,0.00182378,0.00182378
91,1085.09,0.8751,1.33535,0.67936,0.00396,0.07126,0.84647,0.87879,0.9303,0.76928,0.77584,0.85071,0.86475,0.51416,0.74417,0.92078,0.56248,0.00405,0,0.0018218,0.0018218,0.0018218
92,1097.21,0.86875,1.30878,0.69821,0.00392,0.08573,0.80019,0.85185,0.91783,0.75696,0.82319,0.77778,0.88353,0.53274,0.75237,0.87045,0.56619,0.00391,0,0.00181982,0.00181982,0.00181982
93,1109.24,0.8577,1.29004,0.69363,0.00388,0.0682,0.79548,0.87741,0.9201,0.7504,0.77387,0.85266,0.88284,0.50133,0.79318,0.95017,0.55437,0.00427,0,0.00181784,0.00181784,0.00181784
94,1120.31,0.86131,1.29329,0.67505,0.00394,0.05647,0.80142,0.82492,0.89252,0.73393,0.79683,0.76591,0.87029,0.50432,0.76649,0.88082,0.60596,0.00407,0,0.00181586,0.00181586,0.00181586
95,1131.95,0.86913,1.27202,0.69715,0.0041,0.06561,0.80192,0.83838,0.9028,0.72835,0.74514,0.82155,0.84871,0.49048,0.82089,0.94983,0.58982,0.0043,0,0.00181388,0.00181388,0.00181388
96,1143.37,0.86117,1.29583,0.67936,0.00392,0.09921,0.81849,0.84848,0.90378,0.73731,0.77899,0.8426,0.87443,0.52425,0.77835,0.85576,0.55968,0.00395,0,0.0018119,0.0018119,0.0018119
97,1155.08,0.8697,1.3368,0.69559,0.00388,0.06576,0.79035,0.86532,0.9109,0.75337,0.77143,0.84512,0.88929,0.53127,0.77058,0.87356,0.56127,0.00408,0,0.00180992,0.00180992,0.00180992
98,1166.4,0.86365,1.31595,0.69752,0.00394,0.06993,0.83463,0.81566,0.91685,0.77101,0.77472,0.82209,0.89063,0.52662,0.71054,0.88807,0.5731,0.00373,0,0.00180794,0.00180794,0.00180794
99,1178.58,0.85509,1.29374,0.6721,0.0039,0.06862,0.79304,0.87734,0.92227,0.7498,0.73571,0.8248,0.851,0.47615,0.77748,0.94768,0.51919,0.00435,0,0.00180596,0.00180596,0.00180596
100,1190.29,0.86498,1.31415,0.66635,0.00395,0.06095,0.78636,0.88215,0.90864,0.76046,0.73834,0.82828,0.86295,0.5168,0.69775,0.91314,0.58758,0.00356,0,0.00180398,0.00180398,0.00180398
101,1201.45,0.85024,1.2505,0.66514,0.00384,0.06324,0.81526,0.88552,0.9251,0.76216,0.77991,0.84713,0.88523,0.54142,0.78934,0.8587,0.53728,0.00416,0,0.001802,0.001802,0.001802
102,1213.12,0.84645,1.23057,0.67459,0.00386,0.06079,0.85449,0.79125,0.90489,0.73492,0.78627,0.82991,0.89017,0.53868,0.79362,0.85534,0.6164,0.00459,0,0.00180002,0.00180002,0.00180002
103,1224.45,0.84088,1.21921,0.6692,0.00398,0.04458,0.81796,0.85185,0.91307,0.74889,0.7871,0.82492,0.87361,0.52429,0.77567,0.90971,0.5859,0.00407,0,0.00179804,0.00179804,0.00179804
104,1236.03,0.82706,1.21991,0.64759,0.0037,0.05616,0.85545,0.84512,0.92614,0.76351,0.83841,0.82828,0.90658,0.554,0.72612,0.84195,0.55315,0.00404,0,0.00179606,0.00179606,0.00179606
105,1247.92,0.84575,1.25656,0.66773,0.00384,0.06307,0.81479,0.85913,0.91747,0.77048,0.80207,0.84592,0.89334,0.53938,0.70283,0.87554,0.54398,0.00366,0,0.00179408,0.00179408,0.00179408
106,1259.26,0.82604,1.24066,0.66458,0.00368,0.05353,0.7734,0.87205,0.90061,0.74876,0.72747,0.88977,0.88796,0.5501,0.75011,0.88027,0.56255,0.00429,0,0.0017921,0.0017921,0.0017921
107,1270.69,0.84251,1.24889,0.66591,0.00377,0.05571,0.79903,0.85859,0.89694,0.74386,0.75941,0.8715,0.88588,0.5527,0.76956,0.87801,0.57424,0.00408,0,0.00179012,0.00179012,0.00179012
108,1280.7,0.82511,1.24933,0.65287,0.00367,0.04959,0.8406,0.85859,0.91767,0.76807,0.81092,0.84848,0.8995,0.55122,0.73363,0.86216,0.53295,0.00386,0,0.00178814,0.00178814,0.00178814
109,1292.75,0.8495,1.25035,0.66819,0.00388,0.0867,0.76796,0.88552,0.90381,0.74228,0.74802,0.86195,0.87407,0.52353,0.77547,0.89319,0.56146,0.0043,0,0.00178616,0.00178616,0.00178616
110,1304.94,0.83781,1.23638,0.66383,0.0039,0.07305,0.79941,0.8588,0.91353,0.75343,0.79932,0.81818,0.87642,0.52981,0.72154,0.80824,0.54746,0.00377,0,0.00178418,0.00178418,0.00178418
111,1316.74,0.85,1.29198,0.67716,0.00387,0.04858,0.79054,0.85185,0.90245,0.744,0.75584,0.82492,0.88206,0.52477,0.75156,0.83667,0.58482,0.00416,0,0.0017822,0.0017822,0.0017822
112,1328.6,0.84893,1.21117,0.66851,0.00389,0.08029,0.8133,0.79203,0.89046,0.73026,0.78802,0.80104,0.88279,0.53004,0.76376,0.84327,0.63916,0.00409,0,0.00178022,0.00178022,0.00178022
113,1340.42,0.83218,1.21057,0.65401,0.00374,0.07967,0.83924,0.84175,0.91523,0.75674,0.81873,0.86869,0.92615,0.55307,0.7331,0.80011,0.55463,0.00391,0,0.00177824,0.00177824,0.00177824
114,1352.32,0.8154,1.21615,0.63897,0.00358,0.05462,0.8072,0.84848,0.90676,0.75797,0.76558,0.84671,0.89518,0.55162,0.71619,0.80253,0.54439,0.00382,0,0.00177626,0.00177626,0.00177626
115,1363.97,0.83133,1.20439,0.65877,0.00383,0.07158,0.75684,0.91177,0.91008,0.75381,0.74566,0.8983,0.90466,0.52327,0.72412,0.83598,0.56413,0.00376,0,0.00177428,0.00177428,0.00177428
116,1376.27,0.82454,1.24099,0.64162,0.00364,0.04476,0.82715,0.85522,0.9136,0.75866,0.80601,0.84512,0.89555,0.5454,0.69691,0.83654,0.53926,0.00384,0,0.0017723,0.0017723,0.0017723
117,1387.24,0.82058,1.17518,0.62885,0.0037,0.04188,0.77849,0.85197,0.90923,0.75093,0.7705,0.90236,0.9123,0.55638,0.73212,0.79534,0.58182,0.004,0,0.00177032,0.00177032,0.00177032
118,1399.06,0.81554,1.20986,0.63622,0.00362,0.06032,0.8003,0.87542,0.91748,0.76047,0.74736,0.88215,0.89367,0.53765,0.73438,0.81949,0.56672,0.00404,0,0.00176834,0.00176834,0.00176834
119,1409.15,0.82401,1.21384,0.64024,0.00372,0.06045,0.79632,0.87542,0.90551,0.74919,0.78821,0.86869,0.90441,0.5377,0.75952,0.83064,0.56988,0.00417,0,0.00176636,0.00176636,0.00176636
120,1419.62,0.83264,1.23711,0.64842,0.00368,0.06257,0.8619,0.84058,0.92587,0.76224,0.851,0.82155,0.9077,0.54377,0.77362,0.84888,0.53906,0.00397,0,0.00176438,0.00176438,0.00176438
121,1430.7,0.84995,1.20495,0.65347,0.00386,0.09142,0.83394,0.84175,0.92331,0.77354,0.81816,0.83838,0.90992,0.55061,0.68893,0.77254,0.53514,0.00366,0,0.0017624,0.0017624,0.0017624
122,1441.93,0.84895,1.22095,0.6556,0.0039,0.06772,0.79593,0.85361,0.90982,0.76076,0.77976,0.86195,0.90887,0.56759,0.74011,0.81726,0.57112,0.00404,0,0.00176042,0.00176042,0.00176042
123,1453.57,0.83561,1.19729,0.64948,0.00375,0.08053,0.81502,0.84557,0.91109,0.76646,0.82151,0.85231,0.92297,0.56303,0.69933,0.83021,0.56235,0.00371,0,0.00175844,0.00175844,0.00175844
124,1465.58,0.81594,1.17996,0.63478,0.00364,0.07425,0.82277,0.8441,0.91551,0.75155,0.82758,0.84039,0.9136,0.55677,0.74569,0.7394,0.53719,0.00414,0,0.00175646,0.00175646,0.00175646
125,1477.15,0.82681,1.22277,0.65115,0.0037,0.06732,0.85883,0.82492,0.92911,0.74852,0.82479,0.77441,0.89984,0.54983,0.80385,0.83434,0.54158,0.00431,0,0.00175448,0.00175448,0.00175448
126,1487.66,0.82032,1.18505,0.65974,0.0038,0.09695,0.8294,0.8348,0.89746,0.73343,0.86313,0.85859,0.92803,0.56686,0.79857,0.85784,0.61419,0.00441,0,0.0017525,0.0017525,0.0017525
127,1499.38,0.82504,1.23552,0.64443,0.00369,0.06298,0.86842,0.82828,0.92308,0.74244,0.85708,0.80764,0.91674,0.56729,0.80732,0.84492,0.55591,0.00475,0,0.00175052,0.00175052,0.00175052
128,1510.86,0.81781,1.19828,0.65202,0.00374,0.04869,0.85803,0.83502,0.91152,0.75868,0.7924,0.88552,0.92097,0.55951,0.71635,0.86407,0.56331,0.00382,0,0.00174854,0.00174854,0.00174854
129,1522.43,0.81627,1.16409,0.63173,0.00369,0.07453,0.84393,0.83754,0.92875,0.76772,0.82785,0.87437,0.9345,0.57237,0.72901,0.74981,0.51849,0.00417,0,0.00174656,0.00174656,0.00174656
130,1534.59,0.80147,1.15885,0.62793,0.00357,0.05754,0.82771,0.84116,0.92229,0.7747,0.81434,0.82492,0.91424,0.55561,0.68821,0.79218,0.52865,0.00371,0,0.00174458,0.00174458,0.00174458
131,1546.47,0.79686,1.1565,0.61953,0.00361,0.05937,0.85438,0.84946,0.92612,0.77479,0.85277,0.87542,0.93601,0.59208,0.71185,0.71475,0.51306,0.00409,0,0.0017426,0.0017426,0.0017426
132,1558.49,0.80885,1.15806,0.62616,0.00368,0.04981,0.86687,0.83315,0.9389,0.79943,0.86818,0.88215,0.95248,0.57552,0.67529,0.70678,0.48434,0.00352,0,0.00174062,0.00174062,0.00174062
133,1569.92,0.81696,1.16601,0.63908,0.00367,0.06467,0.90276,0.81276,0.93161,0.78217,0.92766,0.83165,0.95056,0.57117,0.69524,0.71344,0.50735,0.00373,0,0.00173864,0.00173864,0.00173864
134,1582.3,0.78791,1.11043,0.6067,0.00362,0.06362,0.84696,0.85718,0.9339,0.79952,0.81651,0.92256,0.93834,0.58839,0.65027,0.7146,0.50201,0.0035,0,0.00173666,0.00173666,0.00173666
135,1594.42,0.78541,1.07663,0.60024,0.00362,0.03861,0.88227,0.87205,0.9392,0.78937,0.86738,0.90284,0.94135,0.58641,0.68142,0.74794,0.45345,0.00364,0,0.00173468,0.00173468,0.00173468
136,1605.86,0.80322,1.09252,0.60219,0.0038,0.04028,0.87253,0.84512,0.9355,0.76486,0.88989,0.84357,0.94953,0.59926,0.77375,0.76008,0.53383,0.0047,0,0.0017327,0.0017327,0.0017327
137,1617.42,0.79977,1.13441,0.61099,0.00363,0.07543,0.89295,0.84255,0.93842,0.79843,0.89295,0.84255,0.94585,0.5856,0.66339,0.67175,0.4584,0.0035,0,0.00173072,0.00173072,0.00173072
138,1631.34,0.78114,1.09258,0.57961,0.00355,0.04551,0.88333,0.86671,0.9525,0.81477,0.87679,0.89899,0.96017,0.60506,0.65875,0.65523,0.43639,0.00346,0,0.00172874,0.00172874,0.00172874
139,1643.08,0.77238,1.07049,0.57731,0.00358,0.05301,0.88121,0.87416,0.94808,0.78281,0.88364,0.89492,0.95324,0.58675,0.7516,0.73725,0.46269,0.00434,0,0.00172676,0.00172676,0.00172676
140,1654.41,0.78163,1.07911,0.57597,0.0036,0.07395,0.9215,0.8695,0.96276,0.80126,0.93471,0.86869,0.96787,0.60804,0.71988,0.66957,0.41631,0.00402,0,0.00172478,0.00172478,0.00172478
141,1666.06,0.7917,1.0777,0.57724,0.00373,0.08725,0.92997,0.87205,0.96148,0.80944,0.924,0.86532,0.95766,0.58665,0.67768,0.69456,0.41236,0.00351,0,0.0017228,0.0017228,0.0017228
142,1677.84,0.79392,1.09246,0.5725,0.00367,0.06075,0.92294,0.89562,0.95976,0.80643,0.91302,0.91919,0.96924,0.60479,0.70361,0.71672,0.4348,0.00377,0,0.00172082,0.00172082,0.00172082
143,1689.82,0.803,1.13694,0.58671,0.00363,0.05948,0.90846,0.90223,0.96612,0.80587,0.90019,0.91103,0.96608,0.60986,0.72197,0.67972,0.43127,0.0043,0,0.00171884,0.00171884,0.00171884
144,1699.51,0.77687,1.07834,0.56424,0.00356,0.05248,0.929,0.87879,0.96511,0.80987,0.93079,0.91582,0.97357,0.61112,0.69349,0.76575,0.41236,0.00399,0,0.00171686,0.00171686,0.00171686
145,1710.35,0.78031,1.09295,0.55429,0.00347,0.04325,0.87856,0.90909,0.96328,0.80565,0.88529,0.92593,0.97105,0.63662,0.72089,0.64694,0.42597,0.00451,0,0.00171488,0.00171488,0.00171488
146,1721.86,0.76207,1.03858,0.5483,0.00353,0.07084,0.92085,0.90094,0.97371,0.82737,0.89734,0.95623,0.97852,0.623,0.65655,0.6374,0.39673,0.00365,0,0.0017129,0.0017129,0.0017129
147,1733.71,0.79087,1.03529,0.54839,0.00378,0.05775,0.93887,0.91246,0.97515,0.83661,0.94793,0.91582,0.98151,0.62792,0.65323,0.63682,0.3477,0.00352,0,0.00171092,0.00171092,0.00171092
148,1745.78,0.78171,1.07196,0.54654,0.00349,0.05936,0.89296,0.9269,0.97211,0.8287,0.90947,0.93266,0.97757,0.63767,0.66281,0.6408,0.36315,0.00387,0,0.00170894,0.00170894,0.00170894
149,1757.21,0.78309,1.04406,0.53686,0.00362,0.04547,0.91887,0.91526,0.97094,0.83991,0.91513,0.90763,0.97027,0.60427,0.6261,0.61629,0.35964,0.00328,0,0.00170696,0.00170696,0.00170696
150,1769.03,0.78229,1.08016,0.54198,0.0035,0.03892,0.91545,0.91582,0.97246,0.83171,0.94396,0.89562,0.97633,0.62877,0.64004,0.62222,0.37511,0.00338,0,0.00170498,0.00170498,0.00170498
151,1780.45,0.78246,1.06756,0.54621,0.00358,0.06387,0.89401,0.93603,0.97382,0.83559,0.89079,0.93266,0.97266,0.6378,0.63939,0.62617,0.36753,0.0034,0,0.001703,0.001703,0.001703
152,1792.38,0.80618,1.06133,0.54046,0.00376,0.08279,0.91229,0.93603,0.97763,0.82306,0.91379,0.92794,0.97574,0.61542,0.69245,0.63693,0.35526,0.00366,0,0.00170102,0.00170102,0.00170102
153,1804.3,0.76042,1.02849,0.5455,0.00356,0.06345,0.92623,0.92593,0.97741,0.83887,0.92253,0.92223,0.97131,0.61563,0.64167,0.62979,0.34342,0.00345,0,0.00169904,0.00169904,0.00169904
154,1816.25,0.78025,1.09545,0.54824,0.0035,0.05023,0.91333,0.88706,0.96223,0.8329,0.87667,0.94276,0.97558,0.63555,0.61828,0.63446,0.41304,0.00335,0,0.00169706,0.00169706,0.00169706
155,1827.58,0.76116,1.02654,0.52377,0.00359,0.0598,0.93811,0.90236,0.97567,0.83449,0.94873,0.91246,0.97689,0.59518,0.63108,0.61962,0.34362,0.00346,0,0.00169508,0.00169508,0.00169508
156,1839.39,0.76129,1.0468,0.50607,0.0035,0.04426,0.91649,0.90909,0.97593,0.84082,0.92557,0.92112,0.97941,0.63082,0.61739,0.61969,0.36163,0.00329,0,0.0016931,0.0016931,0.0016931
157,1850.84,0.75952,1.04766,0.51753,0.00351,0.06521,0.88027,0.93266,0.96352,0.82272,0.93758,0.91027,0.97955,0.62769,0.65799,0.62485,0.35264,0.00375,0,0.00169112,0.00169112,0.00169112
158,1862.68,0.76044,1.05758,0.50883,0.00348,0.05416,0.91419,0.89672,0.96631,0.82004,0.92459,0.90825,0.9736,0.61526,0.65319,0.62652,0.39449,0.00368,0,0.00168914,0.00168914,0.00168914
159,1874.42,0.78376,1.0764,0.51783,0.00359,0.05955,0.91259,0.92593,0.97371,0.83442,0.9164,0.92272,0.97285,0.61849,0.64812,0.64504,0.36699,0.00358,0,0.00168716,0.00168716,0.00168716
160,1886.07,0.77054,1.04294,0.50963,0.00346,0.05213,0.92362,0.90236,0.96222,0.82572,0.91269,0.91582,0.96878,0.62275,0.62506,0.62054,0.36842,0.00346,0,0.00168518,0.00168518,0.00168518
161,1897.54,0.7689,1.01324,0.51674,0.00372,0.05779,0.90883,0.93603,0.97202,0.81477,0.91569,0.93266,0.97581,0.63187,0.67884,0.59369,0.3385,0.00395,0,0.0016832,0.0016832,0.0016832
162,1908.59,0.76965,1.02616,0.50012,0.00362,0.04408,0.92868,0.88215,0.97008,0.82282,0.89281,0.95354,0.98098,0.63095,0.69632,0.65222,0.37824,0.00392,0,0.00168122,0.00168122,0.00168122
163,1917.95,0.75912,1.00625,0.50859,0.00356,0.05787,0.92137,0.90743,0.97016,0.83716,0.89704,0.96808,0.98189,0.6276,0.62186,0.68026,0.35255,0.00352,0,0.00167924,0.00167924,0.00167924
164,1927.95,0.75425,0.99166,0.50129,0.00356,0.05687,0.89203,0.91794,0.96824,0.8078,0.90922,0.94422,0.9792,0.62902,0.74568,0.65501,0.38431,0.00465,0,0.00167726,0.00167726,0.00167726
165,1940.23,0.77553,1.0442,0.5234,0.00353,0.07265,0.93797,0.90572,0.96629,0.83388,0.94125,0.91919,0.97902,0.63679,0.60073,0.60568,0.38017,0.00321,0,0.00167528,0.00167528,0.00167528
166,1951.99,0.74305,0.99366,0.49561,0.00349,0.04991,0.92094,0.90209,0.9713,0.82538,0.91098,0.92593,0.97595,0.63385,0.66468,0.60651,0.36811,0.00392,0,0.0016733,0.0016733,0.0016733
167,1963.98,0.75842,1.00553,0.49597,0.00346,0.05444,0.90852,0.93629,0.97436,0.84732,0.91521,0.94276,0.97949,0.63757,0.59099,0.59599,0.35022,0.00309,0,0.00167132,0.00167132,0.00167132
168,1976.81,0.74883,1.00599,0.49487,0.00344,0.05352,0.95051,0.90537,0.96987,0.85079,0.94373,0.92256,0.97678,0.6241,0.5698,0.59801,0.36054,0.00303,0,0.00166934,0.00166934,0.00166934
169,1988.88,0.73368,0.99335,0.48416,0.00329,0.05263,0.89262,0.92363,0.96906,0.84596,0.91447,0.91582,0.97266,0.63162,0.60083,0.63516,0.3537,0.00324,0,0.00166736,0.00166736,0.00166736
170,2000.73,0.74193,1.01104,0.48236,0.00335,0.05156,0.90056,0.93939,0.9735,0.84231,0.91024,0.94949,0.97992,0.62984,0.60518,0.59128,0.36016,0.00324,0,0.00166538,0.00166538,0.00166538
171,2013.2,0.74556,1.01823,0.48466,0.0033,0.05353,0.91404,0.93088,0.97404,0.83347,0.91847,0.94824,0.98139,0.65204,0.66302,0.65757,0.3408,0.0037,0,0.0016634,0.0016634,0.0016634
172,2026.35,0.72845,1.00588,0.48279,0.0032,0.04914,0.95302,0.88783,0.97538,0.84645,0.94019,0.92256,0.982,0.63239,0.62687,0.60632,0.32509,0.00355,0,0.00166142,0.00166142,0.00166142
173,2038.63,0.73842,0.99925,0.49,0.00332,0.06392,0.95757,0.88889,0.97541,0.84486,0.95369,0.88889,0.97951,0.64209,0.63227,0.59522,0.35308,0.00339,0,0.00165944,0.00165944,0.00165944
174,2050.98,0.7398,1.01209,0.47623,0.00329,0.05735,0.92398,0.89899,0.96746,0.83616,0.92859,0.90909,0.97372,0.62829,0.62177,0.61241,0.36337,0.00344,0,0.00165746,0.00165746,0.00165746
175,2062.68,0.76044,1.01488,0.49887,0.00345,0.04824,0.94081,0.90981,0.97528,0.84597,0.93561,0.92961,0.982,0.65904,0.62673,0.58323,0.35121,0.00351,0,0.00165548,0.00165548,0.00165548
176,2074.69,0.72619,0.99608,0.47051,0.00331,0.04072,0.94138,0.91918,0.98056,0.84318,0.91431,0.93266,0.98004,0.64675,0.62078,0.58189,0.32748,0.00347,0,0.0016535,0.0016535,0.0016535
177,2085.34,0.71119,0.97229,0.46761,0.00324,0.0506,0.94113,0.91506,0.97396,0.84843,0.94519,0.92256,0.9829,0.63742,0.59013,0.5816,0.31994,0.00301,0,0.00165152,0.00165152,0.00165152
178,2097.18,0.73644,0.97933,0.47376,0.00334,0.05191,0.92919,0.92789,0.97877,0.85138,0.9241,0.94949,0.98216,0.65097,0.59747,0.59195,0.34083,0.00313,0,0.00164954,0.00164954,0.00164954
179,2108.74,0.74784,0.96142,0.47038,0.00348,0.04306,0.93156,0.93939,0.97816,0.86086,0.94004,0.94949,0.98023,0.64445,0.58926,0.59754,0.32572,0.00319,0,0.00164756,0.00164756,0.00164756
180,2121.26,0.73664,0.99173,0.47629,0.00326,0.05416,0.92559,0.92137,0.97081,0.84018,0.94271,0.94187,0.97871,0.63982,0.6193,0.62027,0.35323,0.00349,0,0.00164558,0.00164558,0.00164558
181,2133.82,0.72674,0.95323,0.46617,0.00343,0.06338,0.929,0.92515,0.97693,0.85504,0.913,0.95286,0.98276,0.65138,0.6077,0.57665,0.32089,0.00323,0,0.0016436,0.0016436,0.0016436
182,2145.8,0.749,1.01529,0.47516,0.00339,0.05923,0.94134,0.91858,0.97563,0.84435,0.95514,0.93191,0.98186,0.63499,0.61495,0.61509,0.32722,0.00341,0,0.00164162,0.00164162,0.00164162
183,2157.64,0.73876,0.99589,0.45794,0.00327,0.0502,0.93597,0.8859,0.97415,0.83512,0.92934,0.92256,0.98071,0.63542,0.62416,0.59383,0.34674,0.00341,0,0.00163964,0.00163964,0.00163964
184,2168.8,0.72351,0.94994,0.46318,0.00339,0.06336,0.94924,0.92256,0.97691,0.84835,0.9424,0.93646,0.98124,0.64168,0.59542,0.55303,0.32624,0.00323,0,0.00163766,0.00163766,0.00163766
185,2180.66,0.76605,0.98161,0.47544,0.0036,0.04787,0.93769,0.89899,0.97221,0.81611,0.95123,0.91936,0.9786,0.64264,0.68926,0.62368,0.36534,0.00389,0,0.00163568,0.00163568,0.00163568
186,2192.42,0.75888,0.96383,0.45991,0.0036,0.04777,0.91682,0.92781,0.97001,0.82792,0.95003,0.95623,0.98498,0.6377,0.6486,0.59679,0.33587,0.00374,0,0.0016337,0.0016337,0.0016337
187,2204.6,0.72123,0.93647,0.4501,0.0033,0.05661,0.94166,0.91919,0.97421,0.85458,0.94198,0.92939,0.97958,0.64176,0.56813,0.59313,0.32826,0.00311,0,0.00163172,0.00163172,0.00163172
188,2215.74,0.7275,1.01367,0.46399,0.00314,0.04175,0.94872,0.88552,0.97082,0.83937,0.94607,0.93603,0.97967,0.65144,0.61939,0.58602,0.36736,0.00333,0,0.00162974,0.00162974,0.00162974
189,2227.32,0.73335,0.97375,0.46729,0.00335,0.06002,0.89329,0.93018,0.96856,0.84039,0.9076,0.93603,0.97531,0.64921,0.61685,0.57603,0.3486,0.00337,0,0.00162776,0.00162776,0.00162776
190,2239.33,0.71206,0.96426,0.44974,0.00324,0.05527,0.92953,0.89899,0.97577,0.84813,0.93998,0.90909,0.98111,0.64689,0.5897,0.55354,0.33468,0.00319,0,0.00162578,0.00162578,0.00162578
191,2250.78,0.72089,0.96906,0.44257,0.00316,0.04356,0.92853,0.92256,0.97748,0.84155,0.93884,0.93266,0.98333,0.64061,0.62898,0.55686,0.30056,0.00353,0,0.0016238,0.0016238,0.0016238
192,2261.32,0.73005,0.97327,0.45832,0.00331,0.07369,0.91738,0.94949,0.98076,0.86358,0.92499,0.95497,0.98274,0.65308,0.57903,0.56265,0.29634,0.0031,0,0.00162182,0.00162182,0.00162182
193,2272.83,0.70981,0.93121,0.43627,0.00323,0.04682,0.95778,0.88552,0.97449,0.85467,0.91922,0.9195,0.97754,0.66269,0.5907,0.57292,0.32773,0.00325,0,0.00161984,0.00161984,0.00161984
194,2285.2,0.71099,0.95336,0.45581,0.00324,0.0465,0.88993,0.95281,0.97088,0.83917,0.89601,0.95733,0.97756,0.64152,0.62729,0.60675,0.36616,0.00352,0,0.00161786,0.00161786,0.00161786
195,2295.37,0.72482,0.99876,0.45419,0.00317,0.06227,0.93444,0.91188,0.97611,0.84522,0.93785,0.91455,0.97784,0.65412,0.59856,0.55641,0.31846,0.00328,0,0.00161588,0.00161588,0.00161588
196,2307.12,0.72175,0.96476,0.44522,0.00326,0.05006,0.89297,0.95623,0.97812,0.85559,0.89953,0.9596,0.98216,0.64649,0.56412,0.5578,0.32027,0.00293,0,0.0016139,0.0016139,0.0016139
197,2318.44,0.71053,0.94219,0.44025,0.00323,0.04645,0.93628,0.89899,0.97353,0.85778,0.9135,0.95286,0.98103,0.65501,0.56557,0.5499,0.32719,0.00299,0,0.00161192,0.00161192,0.00161192
198,2330.51,0.71464,0.95342,0.44458,0.00318,0.04477,0.91204,0.92929,0.97558,0.85829,0.92595,0.94276,0.98091,0.65428,0.56914,0.54745,0.30359,0.00309,0,0.00160994,0.00160994,0.00160994
199,2341.45,0.71883,0.95385,0.45761,0.00327,0.05217,0.9136,0.92593,0.97115,0.85286,0.93019,0.94211,0.98042,0.64021,0.58045,0.58927,0.32879,0.003,0,0.00160796,0.00160796,0.00160796
200,2353.33,0.73011,0.96668,0.45072,0.0032,0.06139,0.92258,0.92278,0.97731,0.8477,0.93043,0.94558,0.98101,0.64848,0.60888,0.5779,0.32165,0.00327,0,0.00160598,0.00160598,0.00160598
201,2365.19,0.72864,0.99677,0.45888,0.00325,0.04776,0.94681,0.89905,0.97672,0.84583,0.9231,0.96997,0.98442,0.65124,0.61917,0.54326,0.32989,0.0034,0,0.001604,0.001604,0.001604
202,2376.5,0.70832,0.96787,0.4466,0.00315,0.04904,0.92194,0.91458,0.97348,0.85544,0.9175,0.94276,0.97868,0.65277,0.55937,0.56661,0.31535,0.00303,0,0.00160202,0.00160202,0.00160202
203,2388.59,0.69284,0.92283,0.42713,0.00315,0.04427,0.92464,0.94276,0.97807,0.85085,0.93146,0.94949,0.98173,0.65927,0.59534,0.58866,0.32636,0.00327,0,0.00160004,0.00160004,0.00160004
204,2400.82,0.72797,0.96705,0.45081,0.00325,0.0765,0.92988,0.95286,0.98003,0.85251,0.92899,0.95623,0.98226,0.65638,0.588,0.56746,0.31816,0.00319,0,0.00159806,0.00159806,0.00159806
205,2412.01,0.70459,0.91882,0.43368,0.00322,0.05006,0.92395,0.95623,0.977,0.86884,0.93474,0.96633,0.98537,0.65988,0.54846,0.54984,0.30948,0.00287,0,0.00159608,0.00159608,0.00159608
206,2424.5,0.72045,0.95764,0.45248,0.00324,0.03655,0.9015,0.96296,0.97894,0.8596,0.90365,0.9697,0.98216,0.66616,0.57879,0.54102,0.30041,0.00302,0,0.0015941,0.0015941,0.0015941
207,2436.28,0.69816,0.93086,0.43361,0.00312,0.06537,0.94658,0.95464,0.98288,0.86972,0.9566,0.96474,0.98656,0.66682,0.57087,0.53615,0.28271,0.00297,0,0.00159212,0.00159212,0.00159212
208,2447.98,0.70834,0.95095,0.42973,0.00308,0.03697,0.91782,0.97306,0.9796,0.86096,0.92341,0.97422,0.98263,0.6487,0.5847,0.54519,0.29462,0.00308,0,0.00159014,0.00159014,0.00159014
209,2459.68,0.70888,0.96192,0.44201,0.00308,0.05171,0.93312,0.93959,0.98069,0.85916,0.94649,0.95289,0.98579,0.66993,0.5785,0.52125,0.29732,0.00315,0,0.00158816,0.00158816,0.00158816
210,2471.57,0.71181,0.95024,0.44292,0.00324,0.04976,0.92368,0.93725,0.97867,0.85856,0.94046,0.95729,0.98475,0.65809,0.60651,0.53774,0.31402,0.00344,0,0.00158618,0.00158618,0.00158618
211,2482.78,0.71157,0.94309,0.44116,0.00316,0.05133,0.95463,0.90909,0.97855,0.86347,0.92392,0.94043,0.98225,0.64854,0.567,0.55202,0.32027,0.00297,0,0.0015842,0.0015842,0.0015842
212,2495.16,0.70985,0.94709,0.43654,0.0031,0.06349,0.95484,0.92542,0.98399,0.87399,0.94865,0.92929,0.98621,0.6643,0.55822,0.55989,0.29079,0.00292,0,0.00158222,0.00158222,0.00158222
213,2507.37,0.69402,0.93628,0.4289,0.00307,0.06335,0.92068,0.93801,0.97971,0.86419,0.9271,0.95623,0.98395,0.65217,0.56884,0.54374,0.28763,0.0031,0,0.00158024,0.00158024,0.00158024
214,2519.62,0.70331,0.93461,0.42545,0.00313,0.06684,0.92343,0.93603,0.97569,0.86097,0.92714,0.94613,0.97954,0.65284,0.5651,0.56068,0.31845,0.00311,0,0.00157826,0.00157826,0.00157826
215,2531.63,0.68955,0.92788,0.43077,0.00308,0.055,0.93027,0.92593,0.97878,0.85981,0.93644,0.94253,0.9835,0.66406,0.58235,0.57702,0.29871,0.00311,0,0.00157628,0.00157628,0.00157628
216,2543.48,0.68918,0.90103,0.41815,0.00308,0.03777,0.94655,0.93939,0.98169,0.86915,0.95316,0.94613,0.98625,0.65869,0.55593,0.54912,0.28094,0.00293,0,0.0015743,0.0015743,0.0015743
217,2554.55,0.71845,0.92464,0.44006,0.0033,0.04931,0.96166,0.94949,0.99009,0.87318,0.95936,0.94949,0.98984,0.65594,0.56255,0.5686,0.26561,0.003,0,0.00157232,0.00157232,0.00157232
218,2566.59,0.71315,0.95348,0.43567,0.00312,0.05641,0.95081,0.93603,0.98199,0.86908,0.9645,0.94949,0.98899,0.65025,0.54557,0.56288,0.29401,0.00294,0,0.00157034,0.00157034,0.00157034
219,2578.26,0.69706,0.91785,0.43883,0.00325,0.06269,0.9436,0.96296,0.98575,0.86817,0.95011,0.96189,0.98801,0.65594,0.56282,0.56723,0.28513,0.0029,0,0.00156836,0.00156836,0.00156836
220,2589.37,0.69193,0.92208,0.42178,0.00313,0.06101,0.93859,0.92638,0.98176,0.86981,0.94932,0.94597,0.98637,0.65708,0.54296,0.53246,0.29637,0.00288,0,0.00156638,0.00156638,0.00156638
221,2600.96,0.70666,0.94319,0.43953,0.00314,0.05245,0.92885,0.90236,0.97416,0.8647,0.94618,0.91919,0.98325,0.6556,0.53757,0.53312,0.31365,0.00284,0,0.0015644,0.0015644,0.0015644
222,2612.58,0.70336,0.94376,0.43248,0.00327,0.06207,0.91928,0.95623,0.98015,0.87043,0.93215,0.96633,0.98093,0.66068,0.56098,0.55342,0.29244,0.00298,0,0.00156242,0.00156242,0.00156242
223,2624.48,0.70126,0.92924,0.43212,0.00317,0.05042,0.92065,0.9596,0.9823,0.86647,0.92637,0.97429,0.9873,0.65728,0.56282,0.55669,0.29361,0.00295,0,0.00156044,0.00156044,0.00156044
224,2636.58,0.71152,0.94239,0.42759,0.0032,0.08485,0.90607,0.94192,0.97722,0.86549,0.92392,0.94041,0.98355,0.64897,0.55292,0.5471,0.31607,0.00287,0,0.00155846,0.00155846,0.00155846
225,2648.5,0.69806,0.93745,0.41441,0.00313,0.06933,0.91868,0.95623,0.98096,0.86031,0.92976,0.98053,0.98694,0.65723,0.58135,0.54713,0.29624,0.00316,0,0.00155648,0.00155648,0.00155648
226,2660.73,0.70092,0.92738,0.41072,0.00314,0.04469,0.91466,0.9798,0.98622,0.86883,0.91985,0.98316,0.9883,0.67154,0.57642,0.53759,0.2821,0.0031,0,0.0015545,0.0015545,0.0015545
227,2672.89,0.69956,0.92579,0.42203,0.00315,0.05264,0.93558,0.9697,0.98559,0.85642,0.94118,0.97306,0.98769,0.66686,0.6095,0.54006,0.28758,0.00352,0,0.00155252,0.00155252,0.00155252
228,2684.79,0.73011,0.97614,0.43132,0.00332,0.05075,0.96064,0.92256,0.98492,0.87195,0.9681,0.93603,0.98808,0.67476,0.55137,0.56305,0.28196,0.00299,0,0.00155054,0.00155054,0.00155054
229,2697.01,0.71168,0.92107,0.43273,0.00329,0.05741,0.9174,0.94276,0.98236,0.86068,0.93063,0.95623,0.98536,0.6452,0.58475,0.57035,0.28813,0.00317,0,0.00154856,0.00154856,0.00154856
230,2708.65,0.68154,0.87453,0.41993,0.00313,0.07225,0.96058,0.92593,0.98326,0.8675,0.95273,0.95005,0.98695,0.66029,0.59082,0.53737,0.2879,0.00308,0,0.00154658,0.00154658,0.00154658
231,2721.07,0.69514,0.91574,0.4144,0.00307,0.05156,0.91628,0.95812,0.98097,0.86906,0.95353,0.94949,0.98433,0.66454,0.5679,0.54577,0.30586,0.00296,0,0.0015446,0.0015446,0.0015446
232,2732.93,0.695,0.89668,0.42348,0.00316,0.04232,0.91924,0.95813,0.9813,0.86251,0.92211,0.95663,0.98423,0.65627,0.56879,0.52924,0.29746,0.0031,0,0.00154262,0.00154262,0.00154262
233,2744.13,0.70306,0.91892,0.42279,0.00323,0.05804,0.9252,0.95783,0.98076,0.86598,0.93768,0.9798,0.98656,0.66414,0.57478,0.5306,0.30268,0.00305,0,0.00154064,0.00154064,0.00154064
234,2754.6,0.69834,0.93287,0.42229,0.0031,0.04821,0.93729,0.95621,0.98252,0.86538,0.93386,0.9508,0.98201,0.66192,0.55994,0.53835,0.29044,0.00293,0,0.00153866,0.00153866,0.00153866
235,2765.94,0.70411,0.93903,0.42637,0.00312,0.07474,0.94446,0.91617,0.98208,0.87742,0.94708,0.93266,0.98051,0.6481,0.54789,0.57466,0.30219,0.00287,0,0.00153668,0.00153668,0.00153668
236,2778.34,0.70589,0.95266,0.43442,0.00319,0.06847,0.9416,0.94276,0.98521,0.87304,0.96347,0.93603,0.98659,0.67567,0.5431,0.53047,0.28482,0.00277,0,0.0015347,0.0015347,0.0015347
237,2790.26,0.70373,0.94081,0.42631,0.00307,0.08705,0.90852,0.96971,0.98327,0.86684,0.90852,0.96971,0.98396,0.67056,0.57154,0.51615,0.27931,0.00296,0,0.00153272,0.00153272,0.00153272
238,2801.55,0.6892,0.89685,0.42543,0.00319,0.0807,0.9232,0.94276,0.98253,0.87966,0.93355,0.95286,0.98643,0.68049,0.53083,0.51454,0.27921,0.0028,0,0.00153074,0.00153074,0.00153074
239,2812.87,0.691,0.8941,0.40235,0.00306,0.04794,0.96306,0.92593,0.98751,0.87664,0.97564,0.92929,0.9894,0.67352,0.54752,0.5221,0.26575,0.00299,0,0.00152876,0.00152876,0.00152876
240,2824.43,0.69094,0.90989,0.40422,0.00306,0.05545,0.92647,0.93337,0.98023,0.86595,0.93987,0.94613,0.98587,0.66826,0.55634,0.53245,0.32554,0.00305,0,0.00152678,0.00152678,0.00152678
241,2837,0.67924,0.89161,0.41598,0.003,0.0862,0.94287,0.94469,0.98397,0.87155,0.94959,0.95142,0.98779,0.6654,0.54336,0.52641,0.29393,0.00282,0,0.0015248,0.0015248,0.0015248
242,2849.31,0.66987,0.87713,0.39487,0.00302,0.05077,0.95945,0.95623,0.98705,0.87907,0.95798,0.96633,0.98934,0.66194,0.52881,0.54544,0.25434,0.00273,0,0.00152282,0.00152282,0.00152282
243,2860.47,0.66849,0.86186,0.39495,0.00308,0.04501,0.97769,0.93603,0.98708,0.87378,0.97769,0.93603,0.98782,0.66741,0.5576,0.53956,0.27533,0.00297,0,0.00152084,0.00152084,0.00152084
244,2872.06,0.6664,0.85945,0.40147,0.00301,0.06336,0.97503,0.92015,0.98831,0.87315,0.97503,0.92015,0.98848,0.67995,0.5505,0.52067,0.26458,0.0029,0,0.00151886,0.00151886,0.00151886
245,2883.71,0.66995,0.88341,0.40354,0.00297,0.04323,0.95916,0.94276,0.98529,0.87869,0.96999,0.95286,0.99024,0.67115,0.54063,0.52258,0.27445,0.00273,0,0.00151688,0.00151688,0.00151688
246,2895.61,0.6994,0.93047,0.41104,0.00311,0.05659,0.94341,0.95421,0.98722,0.88184,0.97272,0.92593,0.98698,0.67563,0.5392,0.54611,0.26411,0.00275,0,0.0015149,0.0015149,0.0015149
247,2907.62,0.67225,0.8722,0.39738,0.00304,0.0564,0.95512,0.93159,0.98392,0.86863,0.96552,0.94283,0.98603,0.66804,0.56637,0.52567,0.28849,0.00294,0,0.00151292,0.00151292,0.00151292
248,2919.6,0.67471,0.87396,0.40347,0.00304,0.05105,0.93392,0.9697,0.98669,0.87079,0.94041,0.97643,0.98803,0.65764,0.57465,0.53727,0.27728,0.0031,0,0.00151094,0.00151094,0.00151094
249,2931.56,0.67767,0.87117,0.3925,0.00308,0.04923,0.90264,0.96774,0.98071,0.86746,0.91513,0.9798,0.98529,0.65614,0.56089,0.5266,0.29618,0.00302,0,0.00150896,0.00150896,0.00150896
250,2943.79,0.67404,0.9197,0.40619,0.00287,0.06036,0.94122,0.95623,0.98546,0.87597,0.94122,0.95623,0.98722,0.67442,0.55297,0.51914,0.27046,0.00293,0,0.00150698,0.00150698,0.00150698
251,2956.05,0.68417,0.9018,0.4041,0.00311,0.05263,0.94814,0.92342,0.98392,0.86614,0.94352,0.94613,0.98688,0.67304,0.5641,0.51985,0.28041,0.00304,0,0.001505,0.001505,0.001505
252,2968.73,0.69658,0.8889,0.40809,0.00318,0.04824,0.94695,0.96161,0.98787,0.87648,0.98245,0.94276,0.9904,0.68104,0.53661,0.53103,0.27627,0.00281,0,0.00150302,0.00150302,0.00150302
253,2980.58,0.68146,0.92863,0.39846,0.003,0.05518,0.9477,0.94949,0.98778,0.87311,0.95334,0.96304,0.98909,0.66217,0.57164,0.54345,0.2572,0.00312,0,0.00150104,0.00150104,0.00150104
254,2992.6,0.67008,0.85676,0.40136,0.00312,0.05954,0.95773,0.93939,0.98706,0.88388,0.95357,0.93939,0.98753,0.67194,0.53677,0.51752,0.25859,0.00279,0,0.00149906,0.00149906,0.00149906
255,3004.42,0.68182,0.89248,0.40746,0.00299,0.06814,0.92017,0.97028,0.98726,0.885,0.92336,0.97365,0.98865,0.6678,0.52675,0.52893,0.26817,0.00278,0,0.00149708,0.00149708,0.00149708
256,3016.47,0.66261,0.87391,0.39951,0.00294,0.04993,0.93753,0.93266,0.98283,0.87337,0.94559,0.94949,0.98652,0.68169,0.53721,0.5183,0.29341,0.00293,0,0.0014951,0.0014951,0.0014951
257,3029.33,0.66839,0.86562,0.40297,0.00308,0.05107,0.93502,0.92256,0.97984,0.87039,0.94868,0.93355,0.9867,0.67081,0.54754,0.52276,0.30697,0.00295,0,0.00149312,0.00149312,0.00149312
258,3041.85,0.66209,0.89771,0.39841,0.00288,0.06855,0.92723,0.94383,0.98416,0.87789,0.95217,0.93837,0.98637,0.67718,0.53546,0.50366,0.27397,0.00289,0,0.00149114,0.00149114,0.00149114
259,3053.62,0.67871,0.93231,0.40665,0.00293,0.06921,0.95197,0.93266,0.98448,0.86987,0.95266,0.94859,0.98762,0.67229,0.57319,0.5291,0.28003,0.00307,0,0.00148916,0.00148916,0.00148916
260,3063.17,0.68059,0.89004,0.40928,0.00299,0.04363,0.93739,0.95783,0.98627,0.87462,0.97077,0.95623,0.98966,0.67907,0.55835,0.52845,0.28119,0.00303,0,0.00148718,0.00148718,0.00148718
261,3073.11,0.6719,0.87839,0.40067,0.00307,0.06101,0.95893,0.9434,0.98838,0.86726,0.96237,0.94722,0.98974,0.665,0.59086,0.58139,0.26936,0.00335,0,0.0014852,0.0014852,0.0014852
262,3085.02,0.68475,0.91882,0.41236,0.003,0.0604,0.94622,0.9479,0.98432,0.87169,0.95618,0.95515,0.98779,0.66648,0.54048,0.52722,0.2863,0.0028,0,0.00148322,0.00148322,0.00148322
263,3097.17,0.66659,0.86501,0.39459,0.00298,0.04911,0.94864,0.93277,0.986,0.8812,0.95206,0.93613,0.98681,0.66729,0.54287,0.53613,0.26499,0.00288,0,0.00148124,0.00148124,0.00148124
264,3108.44,0.68555,0.88461,0.40369,0.00305,0.05723,0.97021,0.91919,0.98645,0.87763,0.94032,0.95623,0.98775,0.67441,0.54514,0.53421,0.2598,0.00285,0,0.00147926,0.00147926,0.00147926
265,3120.56,0.68405,0.92282,0.40114,0.00304,0.06235,0.95067,0.94613,0.98613,0.87715,0.9642,0.9596,0.99001,0.68308,0.53634,0.51427,0.26699,0.00281,0,0.00147728,0.00147728,0.00147728
266,3131.45,0.67945,0.87116,0.39433,0.0031,0.04283,0.95575,0.94547,0.98846,0.88454,0.96669,0.94949,0.98883,0.66513,0.5201,0.51447,0.26171,0.00266,0,0.0014753,0.0014753,0.0014753
267,3143.46,0.66492,0.86842,0.39223,0.00296,0.06183,0.94696,0.96186,0.98717,0.88534,0.96354,0.97869,0.992,0.67195,0.5097,0.51819,0.23438,0.00271,0,0.00147332,0.00147332,0.00147332
268,3154.43,0.66438,0.8635,0.38318,0.00299,0.04672,0.95222,0.95623,0.98371,0.87342,0.96228,0.96633,0.98968,0.67648,0.54335,0.5267,0.26006,0.00278,0,0.00147134,0.00147134,0.00147134
269,3165.73,0.67271,0.8599,0.39019,0.00308,0.04734,0.94463,0.95623,0.98786,0.86975,0.95953,0.9697,0.99108,0.68556,0.56395,0.51104,0.25345,0.00305,0,0.00146936,0.00146936,0.00146936
270,3176.69,0.6627,0.85943,0.3899,0.00293,0.05975,0.94288,0.94479,0.98601,0.87377,0.94307,0.9482,0.98718,0.66891,0.5466,0.52486,0.26033,0.00272,0,0.00146738,0.00146738,0.00146738
271,3188.41,0.67487,0.89139,0.39923,0.00294,0.04608,0.96438,0.94276,0.98797,0.8718,0.96535,0.94276,0.98812,0.66167,0.5603,0.52701,0.25609,0.00289,0,0.0014654,0.0014654,0.0014654
272,3199.95,0.66904,0.88487,0.38348,0.00291,0.04314,0.97881,0.93298,0.98997,0.88095,0.9532,0.95999,0.9904,0.67117,0.54781,0.53305,0.24177,0.00289,0,0.00146342,0.00146342,0.00146342
273,3210.72,0.65904,0.86972,0.37305,0.00293,0.04337,0.94936,0.94674,0.98591,0.87664,0.96623,0.96347,0.99111,0.67642,0.55066,0.53115,0.27025,0.00284,0,0.00146144,0.00146144,0.00146144
274,3222.23,0.67306,0.88737,0.40235,0.00296,0.07104,0.9687,0.93795,0.98768,0.87861,0.95714,0.9596,0.98839,0.66228,0.54272,0.53547,0.2566,0.0029,0,0.00145946,0.00145946,0.00145946
275,3233.7,0.66292,0.87101,0.38664,0.00297,0.05404,0.94267,0.94949,0.98626,0.87484,0.95301,0.9596,0.98922,0.6688,0.54898,0.53078,0.2646,0.00288,0,0.00145748,0.00145748,0.00145748
276,3245.07,0.68182,0.87495,0.3902,0.00312,0.05228,0.92492,0.95402,0.98663,0.8782,0.92492,0.95402,0.98675,0.67729,0.53214,0.51338,0.27096,0.00282,0,0.0014555,0.0014555,0.0014555
277,3256.46,0.67195,0.87605,0.38897,0.00296,0.05068,0.93993,0.94839,0.98734,0.87703,0.93271,0.95286,0.98768,0.66846,0.56408,0.51354,0.27179,0.00303,0,0.00145352,0.00145352,0.00145352
278,3266.62,0.66863,0.89015,0.39057,0.00297,0.05473,0.95399,0.92593,0.98601,0.88535,0.94335,0.95314,0.9885,0.66875,0.52282,0.51868,0.26962,0.00278,0,0.00145154,0.00145154,0.00145154
279,3277.9,0.65778,0.84677,0.38335,0.00305,0.04684,0.95509,0.90572,0.98284,0.88117,0.95864,0.90909,0.98335,0.65317,0.51863,0.53407,0.285,0.00277,0,0.00144956,0.00144956,0.00144956
280,3289.42,0.67154,0.87351,0.38942,0.00295,0.06628,0.9176,0.97489,0.98425,0.88089,0.92059,0.97585,0.98596,0.66601,0.52554,0.52198,0.27996,0.00276,0,0.00144758,0.00144758,0.00144758
281,3301.51,0.66304,0.87151,0.38883,0.00288,0.07054,0.9417,0.93266,0.9853,0.88241,0.95285,0.94613,0.98787,0.67175,0.52223,0.51317,0.26056,0.00268,0,0.0014456,0.0014456,0.0014456
282,3312.81,0.6663,0.85633,0.38744,0.00304,0.04917,0.91946,0.96633,0.98647,0.87649,0.93811,0.9798,0.9897,0.66894,0.55968,0.53178,0.26376,0.00309,0,0.00144362,0.00144362,0.00144362
283,3324.91,0.67126,0.8695,0.39863,0.00297,0.08774,0.95035,0.93266,0.98514,0.88146,0.95305,0.95695,0.98744,0.68345,0.53617,0.53142,0.25903,0.00285,0,0.00144164,0.00144164,0.00144164
284,3336.88,0.66273,0.88394,0.39576,0.00288,0.05729,0.90648,0.9697,0.98488,0.88025,0.91253,0.97306,0.98629,0.66947,0.51848,0.52482,0.26791,0.00264,0,0.00143966,0.00143966,0.00143966
285,3348.31,0.66015,0.85339,0.39027,0.00301,0.04832,0.95015,0.93603,0.98455,0.88269,0.9434,0.95413,0.9863,0.66444,0.51948,0.53716,0.2737,0.00266,0,0.00143768,0.00143768,0.00143768
286,3359.69,0.65923,0.8936,0.37842,0.00284,0.04802,0.94841,0.93603,0.98534,0.8836,0.95051,0.94276,0.98753,0.67811,0.52547,0.52344,0.27298,0.00275,0,0.0014357,0.0014357,0.0014357
287,3371.38,0.65894,0.86001,0.39162,0.00295,0.04393,0.9033,0.97643,0.98422,0.87131,0.90642,0.9798,0.9847,0.67574,0.55035,0.50724,0.28739,0.00292,0,0.00143372,0.00143372,0.00143372
288,3382.94,0.65433,0.83372,0.3728,0.00292,0.04286,0.95539,0.93745,0.98244,0.87599,0.9631,0.95286,0.98536,0.67172,0.52771,0.50501,0.28413,0.00271,0,0.00143174,0.00143174,0.00143174
289,3394.4,0.6677,0.87484,0.39292,0.00296,0.04855,0.95578,0.94611,0.98565,0.87725,0.96597,0.95578,0.98816,0.6692,0.53227,0.50404,0.2661,0.00278,0,0.00142976,0.00142976,0.00142976
290,3406,0.65927,0.86808,0.38354,0.00293,0.0472,0.92905,0.96633,0.98734,0.87853,0.94702,0.9629,0.98825,0.66681,0.54151,0.51497,0.25051,0.00281,0,0.00142778,0.00142778,0.00142778
291,3418.11,0.66876,0.84736,0.39119,0.00307,0.06555,0.9263,0.97338,0.98807,0.88084,0.95897,0.9443,0.98793,0.69106,0.54641,0.49721,0.26745,0.0031,0,0.0014258,0.0014258,0.0014258
292,3430.17,0.65118,0.8543,0.38637,0.0029,0.05141,0.94027,0.94276,0.98564,0.87505,0.94362,0.94613,0.98743,0.68531,0.55887,0.50893,0.29206,0.00311,0,0.00142382,0.00142382,0.00142382
293,3442.35,0.64689,0.84879,0.38423,0.00286,0.05876,0.93989,0.9476,0.98567,0.88233,0.96231,0.94573,0.98629,0.67375,0.52358,0.51188,0.27089,0.00268,0,0.00142184,0.00142184,0.00142184
294,3454.5,0.64248,0.84661,0.37586,0.00284,0.04915,0.93327,0.9596,0.98436,0.87966,0.96224,0.94382,0.98732,0.67781,0.52618,0.51056,0.26267,0.00271,0,0.00141986,0.00141986,0.00141986
295,3466.49,0.64657,0.84065,0.38442,0.00286,0.04578,0.92042,0.97306,0.98682,0.88782,0.95959,0.95957,0.98848,0.67546,0.52232,0.50921,0.25466,0.00276,0,0.00141788,0.00141788,0.00141788
296,3477.94,0.64299,0.83745,0.37673,0.0029,0.04918,0.95252,0.9456,0.98635,0.88409,0.96001,0.94276,0.98773,0.67877,0.51271,0.5157,0.28762,0.00271,0,0.0014159,0.0014159,0.0014159
297,3489.91,0.66788,0.84805,0.384,0.00298,0.05218,0.91381,0.96386,0.98506,0.87704,0.97824,0.92256,0.98741,0.66203,0.55352,0.53071,0.26592,0.00292,0,0.00141392,0.00141392,0.00141392
298,3501.95,0.65488,0.85976,0.38774,0.00295,0.06958,0.94629,0.94911,0.98562,0.88159,0.97226,0.93266,0.98779,0.67584,0.5104,0.52066,0.26165,0.00261,0,0.00141194,0.00141194,0.00141194
299,3514.28,0.65937,0.86968,0.39249,0.00294,0.07632,0.94039,0.93939,0.98457,0.87171,0.95567,0.94355,0.98815,0.67655,0.5562,0.5399,0.27525,0.00278,0,0.00140996,0.00140996,0.00140996
300,3526.9,0.65304,0.86555,0.38429,0.00292,0.05982,0.96158,0.92691,0.98152,0.87198,0.96855,0.93325,0.98687,0.67453,0.55149,0.51316,0.2908,0.00299,0,0.00140798,0.00140798,0.00140798
301,3539.14,0.64783,0.85548,0.3832,0.00287,0.08959,0.93369,0.95623,0.98706,0.88742,0.95882,0.94613,0.98912,0.65352,0.52609,0.52373,0.26277,0.00277,0,0.001406,0.001406,0.001406
302,3550.57,0.66267,0.86008,0.39071,0.00287,0.05775,0.95206,0.93611,0.98559,0.86886,0.95217,0.95286,0.98826,0.66177,0.5797,0.51426,0.27386,0.00293,0,0.00140402,0.00140402,0.00140402
303,3563.54,0.66583,0.87439,0.39189,0.00292,0.05411,0.94014,0.95187,0.98802,0.8873,0.95445,0.9596,0.99016,0.68115,0.53064,0.50577,0.25021,0.00284,0,0.00140204,0.00140204,0.00140204
304,3575.66,0.65259,0.84251,0.3826,0.00287,0.05713,0.9458,0.95623,0.9887,0.88584,0.95696,0.96296,0.99007,0.6724,0.528,0.51231,0.25323,0.00281,0,0.00140006,0.00140006,0.00140006
305,3587.8,0.65367,0.83298,0.37345,0.00293,0.05546,0.96493,0.93939,0.98794,0.88949,0.97233,0.9466,0.9909,0.67697,0.50809,0.50264,0.23447,0.00268,0,0.00139808,0.00139808,0.00139808
306,3599.37,0.66029,0.86456,0.38381,0.00293,0.04274,0.93129,0.97306,0.98815,0.88769,0.94356,0.9697,0.99012,0.67665,0.51442,0.50249,0.23037,0.00268,0,0.0013961,0.0013961,0.0013961
307,3611.51,0.65441,0.83255,0.37801,0.00299,0.04942,0.95554,0.94073,0.98779,0.88013,0.96236,0.94689,0.99048,0.68027,0.53972,0.4995,0.25866,0.00283,0,0.00139412,0.00139412,0.00139412
308,3624.23,0.63947,0.82958,0.366,0.00284,0.05312,0.95964,0.9608,0.99127,0.88933,0.96301,0.96417,0.99171,0.69434,0.51808,0.48806,0.23446,0.00267,0,0.00139214,0.00139214,0.00139214
309,3636.38,0.65984,0.86993,0.38521,0.00287,0.06768,0.97536,0.93266,0.98966,0.88872,0.9775,0.93939,0.99068,0.70032,0.51113,0.50619,0.2509,0.00267,0,0.00139016,0.00139016,0.00139016
310,3648.59,0.64329,0.81669,0.37675,0.00292,0.05925,0.93781,0.94949,0.98434,0.8854,0.9407,0.95286,0.98539,0.68208,0.50545,0.50032,0.27791,0.00263,0,0.00138818,0.00138818,0.00138818
311,3660,0.65278,0.86936,0.38529,0.0028,0.0496,0.94638,0.95083,0.98282,0.884,0.95073,0.96633,0.98843,0.69255,0.52284,0.49538,0.27865,0.00278,0,0.0013862,0.0013862,0.0013862
312,3672.06,0.64371,0.84478,0.36434,0.00283,0.03783,0.95194,0.96296,0.99004,0.88825,0.96213,0.94949,0.99015,0.68111,0.52347,0.50281,0.24739,0.00268,0,0.00138422,0.00138422,0.00138422
313,3684.46,0.65623,0.85563,0.38287,0.00294,0.08954,0.93329,0.9596,0.98839,0.89192,0.96978,0.93266,0.9893,0.68733,0.5138,0.49655,0.26737,0.0027,0,0.00138224,0.00138224,0.00138224
314,3696.53,0.64936,0.85468,0.3858,0.0028,0.06635,0.95567,0.94364,0.98726,0.88978,0.96249,0.95038,0.98907,0.69027,0.52474,0.49244,0.24529,0.00278,0,0.00138026,0.00138026,0.00138026
315,3708.39,0.64213,0.85291,0.38236,0.00282,0.06939,0.96477,0.92194,0.9841,0.88465,0.97362,0.93266,0.98817,0.68722,0.51769,0.49314,0.27106,0.00272,0,0.00137828,0.00137828,0.00137828
316,3719.7,0.63944,0.83728,0.37916,0.00279,0.05569,0.95631,0.92256,0.9815,0.87647,0.96829,0.9254,0.98692,0.69397,0.5396,0.51807,0.26703,0.00288,0,0.0013763,0.0013763,0.0013763
317,3731.38,0.65613,0.88906,0.3906,0.00287,0.04799,0.94621,0.94949,0.98511,0.88781,0.95317,0.95949,0.98818,0.68186,0.50191,0.50451,0.25667,0.00269,0,0.00137432,0.00137432,0.00137432
318,3743.42,0.66787,0.86069,0.38817,0.00295,0.0627,0.9529,0.95286,0.98768,0.88396,0.95035,0.96682,0.98968,0.69057,0.53038,0.49354,0.24961,0.00292,0,0.00137234,0.00137234,0.00137234
319,3755.43,0.6443,0.84051,0.37495,0.0029,0.04719,0.9246,0.95286,0.98544,0.8861,0.94951,0.95286,0.98737,0.68497,0.52305,0.49632,0.26524,0.00274,0,0.00137036,0.00137036,0.00137036
320,3767.81,0.64741,0.86683,0.39328,0.00279,0.05888,0.93554,0.97735,0.98874,0.89123,0.93879,0.98118,0.98958,0.67516,0.50949,0.50252,0.25399,0.00266,0,0.00136838,0.00136838,0.00136838
321,3778.96,0.64126,0.85805,0.37856,0.00278,0.06367,0.95932,0.95287,0.98838,0.89039,0.96956,0.96509,0.99076,0.68381,0.51032,0.48957,0.23895,0.00267,0,0.0013664,0.0013664,0.0013664
322,3790.83,0.64932,0.84085,0.37903,0.00283,0.04773,0.9728,0.92929,0.98793,0.88932,0.96563,0.94585,0.98937,0.69203,0.50679,0.49742,0.24511,0.00269,0,0.00136442,0.00136442,0.00136442
323,3802.09,0.64176,0.84597,0.37718,0.00273,0.08692,0.95494,0.9596,0.98932,0.8882,0.96957,0.96567,0.99065,0.68017,0.51435,0.48998,0.2434,0.00267,0,0.00136244,0.00136244,0.00136244
324,3812.22,0.6245,0.81978,0.36838,0.00271,0.03807,0.94591,0.94214,0.98752,0.8829,0.9594,0.95466,0.98981,0.68343,0.53741,0.50042,0.23971,0.00294,0,0.00136046,0.00136046,0.00136046
325,3823.72,0.63362,0.84285,0.37621,0.00284,0.06637,0.91761,0.98653,0.9872,0.88802,0.96994,0.94613,0.99027,0.6819,0.50911,0.5014,0.24722,0.00263,0,0.00135848,0.00135848,0.00135848
326,3834.9,0.64022,0.85604,0.38119,0.00281,0.06318,0.93746,0.95901,0.98628,0.88486,0.93746,0.95901,0.98765,0.68723,0.52835,0.50385,0.25761,0.00272,0,0.0013565,0.0013565,0.0013565
327,3847,0.64863,0.86675,0.38136,0.00284,0.04821,0.93281,0.98168,0.98873,0.8809,0.92961,0.97832,0.98836,0.68467,0.53315,0.48385,0.26014,0.00282,0,0.00135452,0.00135452,0.00135452
328,3859.27,0.66312,0.85163,0.38937,0.00294,0.06922,0.91911,0.9697,0.98653,0.88427,0.92549,0.97643,0.98843,0.68334,0.51063,0.48853,0.24604,0.00257,0,0.00135254,0.00135254,0.00135254
329,3871.47,0.63955,0.83961,0.37729,0.00281,0.05002,0.93329,0.97306,0.98852,0.88795,0.95292,0.95623,0.98925,0.68228,0.51475,0.49644,0.24654,0.00268,0,0.00135056,0.00135056,0.00135056
330,3883.61,0.63097,0.81596,0.36395,0.00281,0.05283,0.94405,0.96576,0.98737,0.89227,0.94734,0.96913,0.98831,0.6768,0.50719,0.49777,0.2446,0.00262,0,0.00134858,0.00134858,0.00134858
331,3895.21,0.66486,0.86029,0.39463,0.00295,0.05763,0.95717,0.95286,0.98884,0.89196,0.96394,0.9596,0.99089,0.68506,0.5004,0.48825,0.23633,0.00267,0,0.0013466,0.0013466,0.0013466
332,3906.64,0.64536,0.82883,0.36428,0.00291,0.05655,0.93262,0.97865,0.99051,0.89444,0.95843,0.95623,0.99089,0.69258,0.5009,0.49199,0.22596,0.00262,0,0.00134462,0.00134462,0.00134462
333,3918.63,0.63908,0.81954,0.36641,0.00285,0.05252,0.96606,0.9596,0.99003,0.89137,0.97615,0.96633,0.99175,0.69067,0.51434,0.49294,0.24112,0.00271,0,0.00134264,0.00134264,0.00134264
334,3929.68,0.65087,0.84852,0.37506,0.00278,0.05056,0.94954,0.95044,0.98819,0.8931,0.963,0.96391,0.99252,0.6982,0.50405,0.48414,0.24653,0.00263,0,0.00134066,0.00134066,0.00134066
335,3941.42,0.63181,0.81533,0.35722,0.00274,0.04783,0.95081,0.94949,0.98773,0.88899,0.95943,0.95542,0.98987,0.69265,0.51756,0.48437,0.24405,0.00276,0,0.00133868,0.00133868,0.00133868
336,3953.49,0.63879,0.8351,0.36698,0.00281,0.043,0.96514,0.93216,0.98809,0.89328,0.95311,0.95818,0.98975,0.69566,0.49164,0.49254,0.24302,0.0025,0,0.0013367,0.0013367,0.0013367
337,3964.87,0.62535,0.82513,0.36047,0.00272,0.04651,0.94734,0.96924,0.99001,0.88718,0.94449,0.97393,0.99035,0.69216,0.51494,0.48187,0.22989,0.00274,0,0.00133472,0.00133472,0.00133472
338,3976.38,0.62582,0.8098,0.35637,0.00274,0.05359,0.94998,0.95915,0.98963,0.88979,0.94998,0.95915,0.98976,0.68125,0.51972,0.48502,0.23181,0.00268,0,0.00133274,0.00133274,0.00133274
339,3988.45,0.64762,0.84233,0.36708,0.00285,0.05221,0.96499,0.92797,0.9894,0.8911,0.96499,0.92797,0.9893,0.69171,0.50576,0.4828,0.24355,0.00259,0,0.00133076,0.00133076,0.00133076
340,4000.27,0.6216,0.81349,0.36149,0.00277,0.04474,0.92938,0.97487,0.98937,0.891,0.93577,0.98105,0.99064,0.69142,0.50482,0.48528,0.23706,0.00259,0,0.00132878,0.00132878,0.00132878
341,4011.26,0.6238,0.8056,0.36365,0.00268,0.05855,0.95471,0.95286,0.9898,0.89414,0.95771,0.95623,0.99117,0.68509,0.5022,0.49246,0.23876,0.00256,0,0.0013268,0.0013268,0.0013268
342,4022.24,0.63498,0.77849,0.36289,0.00285,0.05032,0.94725,0.96734,0.98842,0.88657,0.95945,0.9798,0.99143,0.6846,0.52226,0.49182,0.25131,0.0028,0,0.00132482,0.00132482,0.00132482
343,4034.39,0.62774,0.80292,0.35759,0.0028,0.04914,0.92922,0.97246,0.98726,0.89099,0.94034,0.9798,0.98989,0.68275,0.50647,0.49965,0.25329,0.00262,0,0.00132284,0.00132284,0.00132284
344,4045.87,0.63165,0.81996,0.35534,0.00279,0.0453,0.92786,0.9697,0.98746,0.88391,0.96265,0.95461,0.98899,0.68902,0.51562,0.48529,0.257,0.00275,0,0.00132086,0.00132086,0.00132086
345,4058.14,0.64112,0.83329,0.36567,0.00285,0.03831,0.93786,0.95286,0.98771,0.89146,0.94117,0.95623,0.98836,0.69501,0.49842,0.47922,0.25394,0.00258,0,0.00131888,0.00131888,0.00131888
346,4069.93,0.63089,0.83674,0.36445,0.00269,0.05487,0.95312,0.95829,0.98842,0.89312,0.95646,0.96165,0.98931,0.69551,0.49048,0.46981,0.26586,0.00258,0,0.0013169,0.0013169,0.0013169
347,4081.08,0.63384,0.82729,0.36567,0.00276,0.04634,0.9368,0.9697,0.98691,0.89185,0.94331,0.97643,0.99052,0.68774,0.51137,0.47814,0.26729,0.00256,0,0.00131492,0.00131492,0.00131492
348,4093.35,0.61558,0.78596,0.34881,0.00285,0.03759,0.94942,0.94276,0.98689,0.89229,0.95282,0.94613,0.98756,0.69689,0.50079,0.47008,0.26587,0.00261,0,0.00131294,0.00131294,0.00131294
349,4105.58,0.64672,0.8524,0.37148,0.00278,0.05071,0.93606,0.96633,0.98764,0.89074,0.93606,0.96633,0.98768,0.69626,0.50954,0.46743,0.2352,0.00264,0,0.00131096,0.00131096,0.00131096
350,4117.03,0.63419,0.83203,0.37953,0.00278,0.08412,0.937,0.95151,0.98725,0.89039,0.94363,0.95825,0.98885,0.69319,0.51045,0.47317,0.24091,0.0027,0,0.00130898,0.00130898,0.00130898
351,4128.8,0.6366,0.84246,0.36879,0.00277,0.05361,0.91821,0.96296,0.98585,0.88588,0.9147,0.9596,0.98491,0.67775,0.52254,0.48945,0.26296,0.00278,0,0.001307,0.001307,0.001307
352,4140.45,0.66596,0.87575,0.38543,0.00292,0.05341,0.94249,0.97643,0.98724,0.87896,0.93788,0.9659,0.98469,0.66825,0.52463,0.4953,0.25701,0.00275,0,0.00130502,0.00130502,0.00130502
353,4151.96,0.65795,0.84643,0.37793,0.00292,0.06396,0.9343,0.9697,0.98909,0.88855,0.94079,0.97643,0.99022,0.68133,0.50724,0.48627,0.23674,0.00263,0,0.00130304,0.00130304,0.00130304
354,4163.85,0.6418,0.85121,0.36486,0.00273,0.04312,0.93864,0.95286,0.98658,0.89241,0.94527,0.9596,0.98771,0.68499,0.50851,0.48988,0.26404,0.00261,0,0.00130106,0.00130106,0.00130106
355,4175.52,0.6516,0.84956,0.37169,0.00275,0.05687,0.94356,0.95688,0.98692,0.88972,0.95018,0.96332,0.98852,0.67651,0.50535,0.49862,0.23893,0.00259,0,0.00129908,0.00129908,0.00129908
356,4186.39,0.63321,0.81694,0.36832,0.00283,0.06309,0.92903,0.96963,0.98555,0.88987,0.93247,0.97628,0.98665,0.68352,0.50339,0.49145,0.25359,0.00258,0,0.0012971,0.0012971,0.0012971
357,4197.74,0.6386,0.82079,0.37698,0.0028,0.07415,0.929,0.95286,0.98465,0.88211,0.93255,0.95623,0.98651,0.68429,0.51553,0.49277,0.26516,0.00272,0,0.00129512,0.00129512,0.00129512
358,4208.5,0.6281,0.80483,0.36139,0.00276,0.06104,0.92453,0.94866,0.98412,0.88359,0.9301,0.94949,0.98733,0.69657,0.51548,0.48668,0.26326,0.00275,0,0.00129314,0.00129314,0.00129314
359,4218.09,0.62626,0.83972,0.36504,0.00268,0.0611,0.90776,0.96097,0.98411,0.89008,0.92603,0.96954,0.98833,0.69327,0.49911,0.49118,0.26406,0.0026,0,0.00129116,0.00129116,0.00129116
360,4230.16,0.63052,0.85043,0.3725,0.00271,0.04988,0.94868,0.96296,0.98865,0.89554,0.94726,0.96752,0.9903,0.70312,0.50368,0.48023,0.24248,0.00261,0,0.00128918,0.00128918,0.00128918
361,4241.99,0.62045,0.82154,0.3607,0.00263,0.05195,0.92732,0.94276,0.98406,0.89586,0.93751,0.95286,0.9865,0.70179,0.47356,0.47459,0.26935,0.00243,0,0.0012872,0.0012872,0.0012872
362,4253.53,0.61773,0.7936,0.35865,0.00278,0.06494,0.93927,0.93733,0.98496,0.8865,0.95273,0.95007,0.98829,0.69162,0.4957,0.50497,0.26019,0.00253,0,0.00128522,0.00128522,0.00128522
363,4265.34,0.61262,0.79986,0.35239,0.00272,0.04792,0.94631,0.95623,0.98721,0.8966,0.94996,0.9596,0.98881,0.69655,0.48894,0.4734,0.24713,0.0025,0,0.00128324,0.00128324,0.00128324
364,4276.54,0.62141,0.82235,0.35744,0.00266,0.04224,0.92676,0.93725,0.9828,0.88617,0.93351,0.94538,0.98274,0.6939,0.4915,0.48063,0.27967,0.00254,0,0.00128126,0.00128126,0.00128126
365,4287.75,0.63035,0.79189,0.35395,0.00279,0.05047,0.94575,0.93917,0.9858,0.89239,0.94914,0.94254,0.98679,0.68951,0.49154,0.478,0.26805,0.00252,0,0.00127928,0.00127928,0.00127928
366,4299.31,0.6294,0.83539,0.37063,0.00274,0.05068,0.94112,0.96874,0.98769,0.89482,0.94112,0.96874,0.98778,0.69,0.48592,0.48162,0.24787,0.00248,0,0.0012773,0.0012773,0.0012773
367,4310.61,0.62452,0.8204,0.36879,0.00274,0.04675,0.96451,0.91516,0.98448,0.89161,0.93769,0.95286,0.98637,0.67549,0.4866,0.4887,0.2743,0.00249,0,0.00127532,0.00127532,0.00127532
368,4321.44,0.63215,0.80413,0.36214,0.00281,0.05465,0.94693,0.94949,0.98721,0.89371,0.95029,0.95286,0.98764,0.68292,0.49596,0.47897,0.24056,0.00258,0,0.00127334,0.00127334,0.00127334
369,4332.85,0.62192,0.79248,0.35148,0.0028,0.05025,0.92443,0.95623,0.98545,0.88404,0.92117,0.95286,0.98488,0.69167,0.51038,0.48302,0.25928,0.00273,0,0.00127136,0.00127136,0.00127136
370,4344.65,0.63328,0.8042,0.36007,0.00283,0.04401,0.93641,0.94198,0.98328,0.88929,0.93979,0.94599,0.98359,0.68413,0.48496,0.47925,0.26875,0.00246,0,0.00126938,0.00126938,0.00126938
371,4355.47,0.63749,0.8263,0.35649,0.00279,0.04618,0.93429,0.95741,0.98767,0.89621,0.9411,0.96835,0.98842,0.67838,0.50178,0.47703,0.23811,0.00274,0,0.0012674,0.0012674,0.0012674
372,4367.11,0.65051,0.84338,0.37506,0.00286,0.04787,0.94131,0.97197,0.98888,0.89771,0.94456,0.97515,0.98928,0.68126,0.48653,0.4771,0.24108,0.00257,0,0.00126542,0.00126542,0.00126542
373,4378.93,0.63489,0.82265,0.35928,0.00279,0.04859,0.95371,0.97109,0.98928,0.90052,0.95701,0.97445,0.98943,0.68484,0.48743,0.47973,0.23938,0.00252,0,0.00126344,0.00126344,0.00126344
374,4390.54,0.63216,0.81464,0.35716,0.00274,0.05222,0.94991,0.95784,0.98893,0.89903,0.96327,0.9596,0.99031,0.69262,0.47654,0.46907,0.24676,0.00247,0,0.00126146,0.00126146,0.00126146
375,4402.59,0.61489,0.79366,0.3525,0.00274,0.06039,0.93486,0.95623,0.98741,0.89411,0.94145,0.96296,0.98903,0.68297,0.4877,0.46975,0.24418,0.00254,0,0.00125948,0.00125948,0.00125948
376,4414,0.63385,0.83081,0.36453,0.00278,0.05001,0.96106,0.95286,0.98895,0.89415,0.96445,0.95623,0.98977,0.70353,0.50393,0.47205,0.23104,0.00265,0,0.0012575,0.0012575,0.0012575
377,4424.9,0.62351,0.79741,0.34781,0.00274,0.04021,0.94962,0.95197,0.98801,0.89514,0.95333,0.96294,0.98878,0.68811,0.49456,0.4776,0.24457,0.00257,0,0.00125552,0.00125552,0.00125552
378,4436.35,0.61468,0.7817,0.34709,0.00279,0.05086,0.9381,0.96296,0.98834,0.897,0.94513,0.9697,0.98915,0.69625,0.50031,0.47542,0.23183,0.00259,0,0.00125354,0.00125354,0.00125354
379,4447.39,0.61587,0.82862,0.34942,0.00257,0.03605,0.92751,0.95623,0.98664,0.89378,0.95712,0.94276,0.98819,0.69165,0.49445,0.47293,0.23769,0.00255,0,0.00125156,0.00125156,0.00125156
380,4459.02,0.61158,0.80781,0.34768,0.00262,0.03931,0.96844,0.92973,0.98865,0.89276,0.95625,0.94276,0.98919,0.69383,0.48889,0.48326,0.24852,0.00252,0,0.00124958,0.00124958,0.00124958
381,4470.22,0.62741,0.81949,0.36091,0.00275,0.04778,0.9413,0.97181,0.99053,0.90252,0.94455,0.97504,0.9906,0.70291,0.48053,0.47607,0.23317,0.00248,0,0.0012476,0.0012476,0.0012476
382,4482.11,0.62979,0.84367,0.36722,0.0027,0.05417,0.92062,0.97619,0.98903,0.90393,0.92378,0.97936,0.98915,0.69216,0.47891,0.48633,0.24079,0.00246,0,0.00124562,0.00124562,0.00124562
383,4493.36,0.62168,0.83093,0.36068,0.00272,0.04075,0.92546,0.9697,0.98872,0.9043,0.92909,0.97306,0.98956,0.68524,0.47008,0.4817,0.2401,0.00243,0,0.00124364,0.00124364,0.00124364
384,4504.77,0.60976,0.80129,0.34793,0.0026,0.03813,0.9543,0.98441,0.99112,0.90203,0.95757,0.98778,0.99171,0.69595,0.48353,0.47334,0.21822,0.00245,0,0.00124166,0.00124166,0.00124166
385,4517.31,0.63116,0.81342,0.35966,0.00278,0.05534,0.94573,0.96633,0.99061,0.89964,0.94573,0.96633,0.99061,0.70385,0.48121,0.47001,0.24002,0.00244,0,0.00123968,0.00123968,0.00123968
386,4529.22,0.62558,0.81663,0.35219,0.00269,0.04316,0.93914,0.9798,0.99114,0.90037,0.94109,0.9798,0.99083,0.69738,0.4911,0.47132,0.22798,0.00267,0,0.0012377,0.0012377,0.0012377
387,4540.67,0.6152,0.78258,0.34953,0.0028,0.04496,0.96936,0.95862,0.99095,0.90478,0.97964,0.97197,0.99207,0.69744,0.47519,0.49914,0.21753,0.00246,0,0.00123572,0.00123572,0.00123572
388,4552.85,0.61804,0.8418,0.35521,0.0026,0.06507,0.93169,0.96431,0.98939,0.90109,0.94144,0.97441,0.99066,0.69652,0.48029,0.47664,0.2238,0.00253,0,0.00123374,0.00123374,0.00123374
389,4564.49,0.60856,0.77961,0.35159,0.00266,0.07467,0.96249,0.9504,0.9897,0.89588,0.96931,0.95714,0.99074,0.69827,0.4873,0.47541,0.24186,0.00252,0,0.00123176,0.00123176,0.00123176
390,4575.67,0.63351,0.81701,0.362,0.00282,0.05829,0.96946,0.9619,0.99076,0.89836,0.97625,0.96863,0.99177,0.68335,0.48784,0.48509,0.24059,0.00252,0,0.00122978,0.00122978,0.00122978
391,4586.81,0.62493,0.80155,0.3561,0.00282,0.05997,0.95034,0.96646,0.99067,0.89903,0.95971,0.96239,0.99111,0.68866,0.48732,0.47821,0.23139,0.00248,0,0.0012278,0.0012278,0.0012278
392,4598.42,0.63128,0.80923,0.34885,0.00281,0.05014,0.93736,0.98653,0.99004,0.89787,0.94056,0.9899,0.99142,0.69406,0.48522,0.46889,0.23098,0.00246,0,0.00122582,0.00122582,0.00122582
393,4610.63,0.66391,0.86473,0.37617,0.00286,0.06239,0.9451,0.97306,0.98999,0.89242,0.94837,0.97643,0.9913,0.70355,0.51775,0.4887,0.23241,0.00263,0,0.00122384,0.00122384,0.00122384
394,4622.76,0.65546,0.80726,0.36685,0.00295,0.06056,0.91824,0.96296,0.98633,0.89454,0.93413,0.9697,0.98859,0.69775,0.50076,0.48835,0.25031,0.00255,0,0.00122186,0.00122186,0.00122186
395,4634.42,0.62894,0.80468,0.35752,0.00281,0.05005,0.9489,0.94613,0.98558,0.89528,0.95578,0.95286,0.98691,0.69389,0.48514,0.48772,0.24828,0.00247,0,0.00121988,0.00121988,0.00121988
396,4646.86,0.64092,0.87385,0.36657,0.00271,0.04483,0.95309,0.95774,0.98949,0.89191,0.95644,0.96111,0.98985,0.69953,0.48712,0.4783,0.24093,0.00248,0,0.0012179,0.0012179,0.0012179
397,4659.33,0.64028,0.80147,0.35372,0.00282,0.06575,0.96913,0.95133,0.98871,0.88949,0.97599,0.95806,0.99073,0.68778,0.51124,0.49279,0.23085,0.00262,0,0.00121592,0.00121592,0.00121592
398,4670.97,0.62569,0.80526,0.36126,0.0027,0.05646,0.96964,0.96771,0.99086,0.89717,0.97301,0.97108,0.9914,0.69787,0.50305,0.47369,0.21864,0.0026,0,0.00121394,0.00121394,0.00121394
399,4683.14,0.61235,0.79673,0.34717,0.00268,0.04854,0.96071,0.9697,0.99104,0.8987,0.96071,0.9697,0.99125,0.69891,0.50711,0.4697,0.2207,0.00253,0,0.00121196,0.00121196,0.00121196
400,4695.19,0.63046,0.81997,0.35763,0.00271,0.05359,0.95339,0.96426,0.98991,0.89082,0.95339,0.96426,0.99005,0.69326,0.50457,0.48453,0.25307,0.00258,0,0.00120998,0.00120998,0.00120998
401,4707.19,0.63683,0.84628,0.3652,0.00275,0.04493,0.9278,0.9798,0.98866,0.89985,0.95328,0.96182,0.98909,0.69735,0.48532,0.475,0.23657,0.00246,0,0.001208,0.001208,0.001208
402,4719.21,0.63177,0.85068,0.36483,0.00264,0.06543,0.93737,0.98653,0.98994,0.89919,0.93737,0.98653,0.98963,0.68538,0.49028,0.48471,0.24831,0.00251,0,0.00120602,0.00120602,0.00120602
403,4731.33,0.61606,0.82334,0.3506,0.00269,0.05624,0.93278,0.98123,0.98913,0.89901,0.93598,0.9846,0.98939,0.69524,0.48029,0.49526,0.25744,0.00247,0,0.00120404,0.00120404,0.00120404
404,4741.9,0.60363,0.77317,0.34252,0.00268,0.05506,0.94235,0.96633,0.98891,0.89776,0.94578,0.9697,0.98933,0.69115,0.48656,0.47783,0.24436,0.00251,0,0.00120206,0.00120206,0.00120206
405,4753.71,0.61039,0.78351,0.34404,0.00274,0.06023,0.96256,0.9596,0.99034,0.9012,0.95918,0.95623,0.98952,0.69479,0.48782,0.47526,0.2308,0.00247,0,0.00120008,0.00120008,0.00120008
406,4765.31,0.62019,0.82245,0.35073,0.00264,0.05951,0.93686,0.9798,0.99044,0.90325,0.94008,0.98316,0.99087,0.69726,0.47801,0.4737,0.24584,0.00244,0,0.0011981,0.0011981,0.0011981
407,4776.78,0.60197,0.78689,0.34744,0.00269,0.04827,0.95947,0.95641,0.99043,0.8968,0.95947,0.95641,0.99022,0.70325,0.47052,0.46976,0.24135,0.00242,0,0.00119612,0.00119612,0.00119612
408,4788.73,0.61779,0.82266,0.34864,0.00265,0.04145,0.95102,0.98061,0.99094,0.89665,0.95893,0.98316,0.99093,0.70276,0.47023,0.46823,0.22292,0.00241,0,0.00119414,0.00119414,0.00119414
409,4800.77,0.60628,0.77853,0.33941,0.00276,0.04144,0.93737,0.9798,0.9887,0.89139,0.94114,0.98316,0.98927,0.70249,0.49587,0.47018,0.23085,0.00258,0,0.00119216,0.00119216,0.00119216
410,4812.45,0.60941,0.786,0.34661,0.00268,0.05231,0.9411,0.98316,0.98894,0.90183,0.9411,0.98316,0.98919,0.69082,0.47899,0.46403,0.22034,0.00246,0,0.00119018,0.00119018,0.00119018
411,4824.45,0.61651,0.83172,0.3531,0.00262,0.04157,0.95923,0.95053,0.98826,0.90371,0.96942,0.96063,0.99007,0.68818,0.47079,0.46317,0.22808,0.00239,0,0.0011882,0.0011882,0.0011882
412,4834.92,0.60595,0.78353,0.34039,0.00269,0.04127,0.94015,0.97643,0.98936,0.90376,0.9478,0.9782,0.99117,0.69725,0.47985,0.46247,0.2219,0.00243,0,0.00118622,0.00118622,0.00118622
413,4846.72,0.62499,0.84332,0.34939,0.00269,0.04169,0.96229,0.94276,0.98905,0.90041,0.96573,0.94613,0.9894,0.69812,0.48154,0.46055,0.23574,0.00249,0,0.00118424,0.00118424,0.00118424
414,4858.3,0.61808,0.79439,0.34456,0.00267,0.04634,0.94478,0.97306,0.98895,0.90107,0.9539,0.97537,0.9898,0.70085,0.47558,0.461,0.21997,0.00243,0,0.00118226,0.00118226,0.00118226
415,4870.02,0.60624,0.7875,0.34309,0.00266,0.05714,0.98264,0.95282,0.98993,0.90039,0.98616,0.95993,0.99038,0.69692,0.47711,0.47249,0.20994,0.00243,0,0.00118028,0.00118028,0.00118028
416,4881.84,0.6029,0.76985,0.33877,0.0027,0.04774,0.95048,0.96939,0.98954,0.89935,0.95708,0.97612,0.99107,0.69207,0.48569,0.47339,0.22087,0.0025,0,0.0011783,0.0011783,0.0011783
417,4893.2,0.61364,0.8173,0.34458,0.00261,0.04381,0.93592,0.97306,0.98968,0.90499,0.96279,0.95826,0.99087,0.69184,0.47052,0.47225,0.22897,0.00238,0,0.00117632,0.00117632,0.00117632
418,4904.43,0.61079,0.81982,0.34908,0.00254,0.06471,0.95614,0.95425,0.98998,0.89892,0.96626,0.96435,0.99137,0.69886,0.48921,0.46956,0.21886,0.00248,0,0.00117434,0.00117434,0.00117434
419,4916.68,0.60014,0.77595,0.34055,0.00259,0.04584,0.96622,0.96301,0.99131,0.90328,0.97297,0.96975,0.99191,0.68989,0.49737,0.47375,0.20701,0.00248,0,0.00117236,0.00117236,0.00117236
420,4928.02,0.60458,0.78984,0.34568,0.00265,0.0637,0.96335,0.94276,0.98902,0.89664,0.97024,0.94949,0.98968,0.68624,0.48411,0.47126,0.22447,0.00242,0,0.00117038,0.00117038,0.00117038
421,4939.98,0.61064,0.80715,0.34779,0.00264,0.04448,0.97281,0.93266,0.98945,0.90238,0.97281,0.93266,0.98897,0.68912,0.47417,0.47354,0.22534,0.00236,0,0.0011684,0.0011684,0.0011684
422,4951.27,0.62187,0.80739,0.35213,0.00269,0.05037,0.96279,0.95839,0.99078,0.89943,0.96301,0.97306,0.99045,0.69584,0.49109,0.47042,0.21502,0.00248,0,0.00116642,0.00116642,0.00116642
423,4962.21,0.61477,0.81016,0.35931,0.00257,0.07907,0.95081,0.97618,0.99088,0.90091,0.96981,0.96633,0.99057,0.70404,0.47782,0.46275,0.20846,0.0024,0,0.00116444,0.00116444,0.00116444
424,4973.8,0.6139,0.78943,0.35131,0.0027,0.08373,0.93864,0.97306,0.98887,0.90145,0.94189,0.97643,0.99008,0.69785,0.47571,0.48395,0.23278,0.00236,0,0.00116246,0.00116246,0.00116246
425,4985.28,0.59918,0.76719,0.34276,0.00259,0.04213,0.94407,0.96611,0.98924,0.90243,0.95131,0.96633,0.9892,0.69833,0.47117,0.47075,0.23276,0.00238,0,0.00116048,0.00116048,0.00116048
426,4996.55,0.61743,0.81629,0.36254,0.00267,0.04731,0.94616,0.9697,0.99045,0.90284,0.95888,0.94949,0.99016,0.70199,0.48125,0.46564,0.22497,0.00243,0,0.0011585,0.0011585,0.0011585
427,5008.63,0.61665,0.80693,0.34492,0.00267,0.03659,0.94979,0.95537,0.98872,0.89305,0.94979,0.95537,0.98796,0.70628,0.50698,0.46604,0.22907,0.00267,0,0.00115652,0.00115652,0.00115652
428,5018.5,0.61127,0.80544,0.3548,0.0026,0.05017,0.93827,0.97238,0.98866,0.89348,0.94501,0.9697,0.98861,0.70839,0.50533,0.45468,0.22507,0.00267,0,0.00115454,0.00115454,0.00115454
429,5030,0.60388,0.78847,0.35003,0.00267,0.03404,0.96539,0.96296,0.98907,0.89742,0.96539,0.96296,0.98885,0.69487,0.49226,0.45701,0.22062,0.00249,0,0.00115256,0.00115256,0.00115256
430,5041.34,0.59912,0.78666,0.34576,0.00258,0.0422,0.94489,0.97306,0.98946,0.89921,0.94489,0.97306,0.98936,0.70072,0.48316,0.46165,0.21722,0.00239,0,0.00115058,0.00115058,0.00115058
431,5053.17,0.61388,0.79098,0.34998,0.00268,0.05312,0.93515,0.97103,0.98777,0.89257,0.93839,0.97432,0.9878,0.69594,0.49115,0.46796,0.2226,0.00241,0,0.0011486,0.0011486,0.0011486
432,5065.01,0.60335,0.78674,0.34159,0.00263,0.04606,0.92906,0.9697,0.9883,0.89769,0.93229,0.97306,0.98855,0.69899,0.48222,0.4694,0.21846,0.00243,0,0.00114662,0.00114662,0.00114662
433,5076.33,0.59653,0.78615,0.34567,0.00262,0.04096,0.92965,0.97881,0.99006,0.90554,0.93284,0.98218,0.99008,0.6947,0.47204,0.46614,0.20857,0.00237,0,0.00114464,0.00114464,0.00114464
434,5088.01,0.61112,0.80057,0.34646,0.00261,0.06479,0.9519,0.97306,0.99152,0.89988,0.95392,0.97578,0.99122,0.69892,0.4784,0.46037,0.20268,0.00242,0,0.00114266,0.00114266,0.00114266
435,5098.8,0.59094,0.74934,0.33946,0.00258,0.03795,0.9566,0.96481,0.98989,0.9016,0.95733,0.97643,0.99098,0.70518,0.46905,0.45839,0.20807,0.00232,0,0.00114068,0.00114068,0.00114068
436,5109.46,0.61894,0.80599,0.34661,0.00265,0.04652,0.95049,0.96957,0.99043,0.90005,0.94708,0.96406,0.9896,0.70235,0.4664,0.45989,0.22023,0.00233,0,0.0011387,0.0011387,0.0011387
437,5121.15,0.60439,0.77915,0.3414,0.00264,0.07058,0.93922,0.97306,0.99031,0.90049,0.95066,0.97301,0.99031,0.70234,0.47895,0.45564,0.22337,0.00244,0,0.00113672,0.00113672,0.00113672
438,5133.14,0.60994,0.78906,0.33642,0.00271,0.04461,0.9411,0.96828,0.98738,0.89985,0.95073,0.97465,0.98761,0.70242,0.46857,0.45543,0.23564,0.00234,0,0.00113474,0.00113474,0.00113474
439,5144.38,0.59608,0.77177,0.34413,0.00262,0.04247,0.94733,0.96894,0.98923,0.89935,0.9474,0.97029,0.98911,0.7107,0.47005,0.45699,0.23055,0.00236,0,0.00113276,0.00113276,0.00113276
440,5156.05,0.5939,0.75983,0.33433,0.00261,0.04376,0.93841,0.97476,0.98979,0.90097,0.94165,0.97813,0.99028,0.70188,0.4697,0.45997,0.22353,0.00243,0,0.00113078,0.00113078,0.00113078
441,5167.37,0.60433,0.80101,0.3433,0.00263,0.05273,0.95624,0.9564,0.98981,0.90195,0.95624,0.9564,0.98929,0.71123,0.4761,0.45397,0.21309,0.00245,0,0.0011288,0.0011288,0.0011288
442,5178.84,0.61159,0.79916,0.35168,0.00261,0.04998,0.95765,0.95286,0.98696,0.90227,0.93308,0.98653,0.98702,0.70793,0.46409,0.4541,0.21727,0.00233,0,0.00112682,0.00112682,0.00112682
443,5189.81,0.60824,0.79565,0.34107,0.00262,0.04459,0.94641,0.95142,0.98506,0.89804,0.94641,0.95142,0.98435,0.69988,0.46425,0.45737,0.23994,0.00236,0,0.00112484,0.00112484,0.00112484
444,5200.87,0.58182,0.75895,0.3343,0.00258,0.04956,0.93401,0.95318,0.98724,0.90402,0.93738,0.95765,0.98724,0.70904,0.45667,0.45604,0.23264,0.00229,0,0.00112286,0.00112286,0.00112286
445,5212.25,0.59859,0.78614,0.34621,0.00253,0.04697,0.94682,0.95917,0.98768,0.90239,0.94682,0.95917,0.98702,0.70118,0.46219,0.45243,0.23581,0.00232,0,0.00112088,0.00112088,0.00112088
446,5223.69,0.59247,0.76499,0.34089,0.00257,0.05576,0.94705,0.96633,0.98843,0.90357,0.94427,0.96992,0.98857,0.70328,0.46826,0.46027,0.22898,0.00236,0,0.0011189,0.0011189,0.0011189
447,5235.33,0.60173,0.77659,0.35131,0.00263,0.04937,0.96722,0.93603,0.98895,0.9042,0.93805,0.97306,0.98872,0.70046,0.46688,0.45255,0.2279,0.00234,0,0.00111692,0.00111692,0.00111692
448,5247.26,0.59648,0.76242,0.33341,0.00259,0.03451,0.95303,0.95634,0.98923,0.90864,0.95051,0.96633,0.98867,0.70323,0.46043,0.45508,0.23189,0.00231,0,0.00111494,0.00111494,0.00111494
449,5259.42,0.59233,0.78217,0.33718,0.00253,0.04861,0.9599,0.95623,0.98803,0.90579,0.96328,0.9596,0.9893,0.70912,0.46291,0.45357,0.23319,0.00236,0,0.00111296,0.00111296,0.00111296
450,5271.23,0.60319,0.79761,0.34774,0.00258,0.04057,0.95924,0.95076,0.98732,0.90106,0.96271,0.95606,0.98782,0.69739,0.46567,0.45782,0.22908,0.00232,0,0.00111098,0.00111098,0.00111098
451,5282.67,0.59718,0.77616,0.34056,0.00252,0.03802,0.96396,0.9596,0.98879,0.90142,0.96396,0.9596,0.98944,0.70458,0.47024,0.45604,0.218,0.00233,0,0.001109,0.001109,0.001109
452,5294.14,0.58526,0.76808,0.33651,0.00253,0.04554,0.96555,0.94363,0.98883,0.90254,0.97218,0.94127,0.98831,0.70675,0.46214,0.45206,0.22174,0.0023,0,0.00110702,0.00110702,0.00110702
453,5305.88,0.59219,0.77038,0.34182,0.00256,0.04189,0.96524,0.96296,0.98957,0.90337,0.97258,0.95551,0.98925,0.70452,0.45314,0.44603,0.21355,0.00228,0,0.00110504,0.00110504,0.00110504
454,5317.2,0.60081,0.79051,0.33717,0.00261,0.04459,0.9551,0.95623,0.98875,0.90617,0.97255,0.95431,0.99005,0.70945,0.44875,0.45293,0.22229,0.00226,0,0.00110306,0.00110306,0.00110306
455,5328.84,0.59632,0.75593,0.33918,0.00261,0.03592,0.97116,0.93603,0.98883,0.90134,0.97239,0.94866,0.98957,0.70566,0.46906,0.4475,0.23212,0.00237,0,0.00110108,0.00110108,0.00110108
456,5340.2,0.60607,0.80252,0.35185,0.00256,0.05118,0.95967,0.96134,0.9895,0.90545,0.96303,0.9647,0.98993,0.70915,0.46095,0.45157,0.21836,0.0023,0,0.0010991,0.0010991,0.0010991
457,5351.59,0.58954,0.75401,0.33841,0.00254,0.05719,0.93817,0.97069,0.98928,0.90471,0.94142,0.97406,0.98914,0.71533,0.46295,0.45364,0.21745,0.00236,0,0.00109712,0.00109712,0.00109712
458,5363.38,0.60105,0.79576,0.34167,0.00251,0.04603,0.93873,0.98022,0.98914,0.90458,0.94535,0.9798,0.98982,0.71367,0.46489,0.4498,0.22533,0.00238,0,0.00109514,0.00109514,0.00109514
459,5374.36,0.61003,0.79867,0.35551,0.00257,0.04219,0.96022,0.97533,0.99075,0.90272,0.96022,0.97533,0.99054,0.70388,0.46661,0.45365,0.21526,0.00236,0,0.00109316,0.00109316,0.00109316
460,5385.07,0.58859,0.79097,0.34255,0.00249,0.08678,0.97955,0.9596,0.99117,0.90345,0.97607,0.96128,0.99029,0.70197,0.46978,0.46122,0.21391,0.00236,0,0.00109118,0.00109118,0.00109118
461,5395.53,0.5937,0.75946,0.34016,0.00253,0.04435,0.96982,0.97361,0.99082,0.89842,0.96646,0.97024,0.99035,0.70497,0.48137,0.45919,0.22244,0.00237,0,0.0010892,0.0010892,0.0010892
462,5407.19,0.59486,0.79432,0.34316,0.00245,0.04562,0.96019,0.95286,0.98782,0.89614,0.97054,0.96296,0.98994,0.70604,0.47034,0.45578,0.2261,0.00234,0,0.00108722,0.00108722,0.00108722
463,5419.18,0.59991,0.77075,0.34208,0.00261,0.03762,0.9558,0.95623,0.98954,0.90239,0.96254,0.96296,0.99016,0.70937,0.46334,0.4608,0.23337,0.00233,0,0.00108524,0.00108524,0.00108524
464,5430.86,0.58493,0.77695,0.33416,0.0025,0.04932,0.93265,0.9798,0.98994,0.9031,0.96616,0.96145,0.99098,0.71337,0.46238,0.45759,0.21469,0.00234,0,0.00108326,0.00108326,0.00108326
465,5442.92,0.58841,0.79076,0.33455,0.00251,0.05859,0.94726,0.96757,0.98985,0.901,0.95655,0.9697,0.99048,0.71019,0.46133,0.45274,0.213,0.00232,0,0.00108128,0.00108128,0.00108128
466,5454.99,0.58916,0.76976,0.33538,0.00253,0.04676,0.9504,0.96776,0.98938,0.90191,0.9504,0.96776,0.99017,0.70437,0.46226,0.4646,0.22027,0.00232,0,0.0010793,0.0010793,0.0010793
467,5466.81,0.61752,0.76768,0.3385,0.0028,0.04702,0.94449,0.9697,0.98789,0.90059,0.93799,0.96773,0.98743,0.69773,0.46919,0.45763,0.22369,0.00246,0,0.00107732,0.00107732,0.00107732
468,5477.88,0.61207,0.80201,0.3431,0.00262,0.0618,0.94723,0.96696,0.98895,0.90329,0.94393,0.96359,0.98803,0.70239,0.45872,0.46232,0.22213,0.00232,0,0.00107534,0.00107534,0.00107534
469,5489.73,0.58621,0.7927,0.33488,0.00246,0.05592,0.96495,0.95286,0.98908,0.90096,0.96836,0.95623,0.98966,0.70265,0.46631,0.46076,0.2235,0.0024,0,0.00107336,0.00107336,0.00107336
470,5501.03,0.59782,0.80237,0.34908,0.00254,0.04622,0.94637,0.9596,0.988,0.89675,0.96904,0.94839,0.98916,0.70925,0.46242,0.46483,0.23722,0.00236,0,0.00107138,0.00107138,0.00107138
471,5513.39,0.58699,0.76165,0.33202,0.00257,0.04345,0.95912,0.95623,0.98954,0.90498,0.97601,0.95886,0.99089,0.71251,0.4549,0.45813,0.21159,0.0023,0,0.0010694,0.0010694,0.0010694
472,5525.4,0.58113,0.75783,0.32641,0.00251,0.04481,0.95117,0.98385,0.99141,0.90771,0.95117,0.98385,0.99088,0.69525,0.45562,0.46182,0.20478,0.0023,0,0.00106742,0.00106742,0.00106742
473,5537.12,0.58929,0.78935,0.33687,0.00249,0.04002,0.94442,0.97261,0.9895,0.90655,0.95096,0.97934,0.99017,0.70965,0.45984,0.45173,0.21191,0.00237,0,0.00106544,0.00106544,0.00106544
474,5548.69,0.58991,0.79357,0.35216,0.00251,0.05822,0.94377,0.96074,0.98876,0.90883,0.95039,0.96748,0.99033,0.70384,0.45106,0.45118,0.21744,0.00227,0,0.00106346,0.00106346,0.00106346
475,5559.14,0.58077,0.77954,0.32396,0.00246,0.03699,0.95046,0.96896,0.98994,0.91036,0.95376,0.97233,0.98966,0.70569,0.45007,0.45445,0.21576,0.00224,0,0.00106148,0.00106148,0.00106148
476,5569.96,0.57723,0.76338,0.33053,0.0025,0.04006,0.957,0.97421,0.99091,0.90775,0.95087,0.97745,0.99061,0.70598,0.44675,0.45641,0.2044,0.00223,0,0.0010595,0.0010595,0.0010595
477,5580.88,0.60044,0.78508,0.34063,0.00258,0.03997,0.96736,0.97306,0.9923,0.91186,0.96794,0.97306,0.99151,0.70052,0.45815,0.45871,0.2005,0.00231,0,0.00105752,0.00105752,0.00105752
478,5592.3,0.58632,0.75465,0.3251,0.00262,0.03951,0.97282,0.96403,0.99185,0.90991,0.97303,0.96296,0.99137,0.70434,0.4568,0.4575,0.19711,0.00227,0,0.00105554,0.00105554,0.00105554
479,5604.28,0.58928,0.78544,0.33907,0.00248,0.05708,0.94787,0.97306,0.99061,0.90265,0.96007,0.97137,0.99138,0.70814,0.44767,0.45289,0.21046,0.00226,0,0.00105356,0.00105356,0.00105356
480,5616.25,0.57331,0.76342,0.32591,0.00253,0.05407,0.95687,0.9712,0.99079,0.9063,0.96351,0.97794,0.9914,0.70468,0.45246,0.45079,0.20826,0.00231,0,0.00105158,0.00105158,0.00105158
481,5627.97,0.57779,0.7402,0.32892,0.00258,0.06193,0.96262,0.9538,0.99024,0.90346,0.95378,0.97643,0.99091,0.70457,0.45257,0.45608,0.20949,0.00227,0,0.0010496,0.0010496,0.0010496
482,5639.84,0.58342,0.7603,0.33429,0.00249,0.04279,0.95775,0.96296,0.98923,0.90767,0.94662,0.9798,0.9903,0.69877,0.44777,0.4585,0.21989,0.00223,0,0.00104762,0.00104762,0.00104762
483,5651.81,0.57795,0.77785,0.33497,0.0025,0.03892,0.94806,0.97306,0.99084,0.90459,0.95134,0.97643,0.99106,0.69792,0.45431,0.45207,0.22011,0.00227,0,0.00104564,0.00104564,0.00104564
484,5663.2,0.57456,0.7479,0.32616,0.00258,0.0388,0.96336,0.97385,0.99034,0.90314,0.96336,0.97385,0.99012,0.70144,0.45131,0.45086,0.21995,0.00225,0,0.00104366,0.00104366,0.00104366
485,5674.23,0.58232,0.74637,0.3312,0.00254,0.0529,0.9635,0.97762,0.99132,0.9044,0.96233,0.97643,0.99135,0.70629,0.45275,0.46689,0.22623,0.00225,0,0.00104168,0.00104168,0.00104168
486,5685.86,0.58105,0.73501,0.32371,0.00254,0.04214,0.97143,0.96296,0.99098,0.9009,0.97143,0.96296,0.99093,0.70862,0.45812,0.46288,0.22342,0.0023,0,0.0010397,0.0010397,0.0010397
487,5698.13,0.59669,0.76869,0.33646,0.00255,0.04996,0.98082,0.94949,0.99103,0.90522,0.98082,0.94949,0.99077,0.70763,0.45302,0.462,0.22186,0.00225,0,0.00103772,0.00103772,0.00103772
488,5709.91,0.58971,0.78016,0.34585,0.00255,0.06726,0.95237,0.95286,0.98975,0.9065,0.95237,0.95286,0.98959,0.71567,0.45389,0.4606,0.22573,0.00225,0,0.00103574,0.00103574,0.00103574
489,5722.96,0.58546,0.75094,0.32896,0.00256,0.03969,0.96967,0.94949,0.99061,0.90526,0.96967,0.94949,0.9903,0.71479,0.45745,0.44657,0.20558,0.00231,0,0.00103376,0.00103376,0.00103376
490,5734.48,0.58504,0.75638,0.32991,0.00254,0.05048,0.9657,0.94792,0.99068,0.90517,0.9657,0.94792,0.99024,0.72234,0.46577,0.4537,0.22194,0.00238,0,0.00103178,0.00103178,0.00103178
491,5745.65,0.58578,0.76479,0.34396,0.0025,0.06679,0.93821,0.9713,0.98961,0.89698,0.93821,0.9713,0.98909,0.72123,0.48955,0.44089,0.22298,0.00257,0,0.0010298,0.0010298,0.0010298
492,5757.86,0.59651,0.78239,0.33606,0.00261,0.04767,0.94123,0.97062,0.98982,0.89953,0.94123,0.97062,0.98951,0.71571,0.48149,0.4473,0.22647,0.0025,0,0.00102782,0.00102782,0.00102782
493,5770.08,0.58062,0.7706,0.33905,0.00242,0.0503,0.95631,0.95814,0.98944,0.9032,0.95631,0.95814,0.98932,0.71998,0.46195,0.45422,0.2306,0.00236,0,0.00102584,0.00102584,0.00102584
494,5782.33,0.56932,0.73163,0.32521,0.00254,0.04697,0.94089,0.96633,0.98882,0.90764,0.94089,0.96633,0.98946,0.71091,0.44106,0.45143,0.22621,0.0022,0,0.00102386,0.00102386,0.00102386
495,5794.32,0.59266,0.77813,0.33637,0.00253,0.04962,0.9597,0.96222,0.98893,0.90205,0.95971,0.96254,0.98952,0.70748,0.45133,0.45301,0.22186,0.00229,0,0.00102188,0.00102188,0.00102188
496,5805.71,0.57529,0.73697,0.32379,0.00255,0.04613,0.97861,0.95286,0.99088,0.90416,0.97861,0.95286,0.99083,0.70684,0.462,0.44562,0.20282,0.00234,0,0.0010199,0.0010199,0.0010199
497,5817.43,0.58609,0.75925,0.33102,0.00253,0.04318,0.94398,0.97643,0.98977,0.90618,0.94513,0.9798,0.99062,0.72266,0.44819,0.44436,0.21033,0.00226,0,0.00101792,0.00101792,0.00101792
498,5829.53,0.58634,0.76157,0.33408,0.00247,0.05376,0.95819,0.94613,0.98849,0.90104,0.93043,0.97643,0.99047,0.7287,0.46957,0.44649,0.22301,0.00246,0,0.00101594,0.00101594,0.00101594
499,5841.49,0.58379,0.75563,0.33108,0.00254,0.04879,0.95629,0.9577,0.98977,0.90401,0.93399,0.98316,0.99102,0.70919,0.46679,0.44217,0.2209,0.00244,0,0.00101396,0.00101396,0.00101396
500,5852.32,0.59306,0.8049,0.33895,0.00249,0.05582,0.96259,0.95294,0.99013,0.9015,0.93702,0.98316,0.99033,0.70281,0.4677,0.4493,0.2229,0.00238,0,0.00101198,0.00101198,0.00101198
501,5861.54,0.59221,0.80039,0.33697,0.00246,0.04982,0.95177,0.96296,0.99091,0.90736,0.95393,0.97599,0.99044,0.69853,0.46772,0.45985,0.21483,0.0024,0,0.00101,0.00101,0.00101
502,5872.06,0.59325,0.7546,0.33733,0.00265,0.0487,0.97908,0.94541,0.9915,0.9043,0.95678,0.96908,0.99056,0.69897,0.46813,0.4592,0.21067,0.00237,0,0.00100802,0.00100802,0.00100802
503,5884.05,0.57977,0.75002,0.32787,0.00252,0.04141,0.97573,0.94745,0.9908,0.90709,0.97336,0.94949,0.99034,0.69897,0.45906,0.4576,0.20976,0.0023,0,0.00100604,0.00100604,0.00100604
504,5896.21,0.58554,0.76853,0.32398,0.00252,0.05694,0.97557,0.94111,0.99096,0.90785,0.94791,0.98037,0.99165,0.7001,0.45273,0.45537,0.20989,0.00226,0,0.00100406,0.00100406,0.00100406
505,5908.72,0.57126,0.76943,0.32108,0.00238,0.04244,0.97591,0.95496,0.99147,0.90693,0.97594,0.95588,0.9921,0.71639,0.44495,0.44767,0.21333,0.00222,0,0.00100208,0.00100208,0.00100208
506,5920.15,0.58379,0.77593,0.33423,0.00252,0.06754,0.98264,0.95317,0.99228,0.90755,0.95983,0.9798,0.99275,0.71401,0.45321,0.44572,0.20001,0.00225,0,0.0010001,0.0010001,0.0010001
507,5932.31,0.57958,0.76551,0.33055,0.00247,0.04548,0.95099,0.98,0.99254,0.91243,0.96348,0.97715,0.99319,0.71185,0.44818,0.44493,0.19135,0.00224,0,0.00099812,0.00099812,0.00099812
508,5943.79,0.58921,0.77471,0.3266,0.00252,0.03992,0.93299,0.98446,0.99114,0.90408,0.93618,0.98783,0.99146,0.70103,0.45665,0.45028,0.20353,0.00227,0,0.00099614,0.00099614,0.00099614
509,5955.01,0.56918,0.74171,0.32168,0.00247,0.05814,0.94794,0.98096,0.99134,0.90878,0.95451,0.98911,0.99188,0.70294,0.4562,0.45076,0.19686,0.00227,0,0.00099416,0.00099416,0.00099416
510,5966.59,0.57505,0.7522,0.31924,0.00246,0.05345,0.94864,0.96633,0.98965,0.90742,0.95206,0.9697,0.98973,0.70986,0.45465,0.44821,0.21688,0.00226,0,0.00099218,0.00099218,0.00099218
511,5977.12,0.57947,0.76097,0.31885,0.00245,0.04289,0.96445,0.95286,0.9903,0.90572,0.96785,0.95623,0.99046,0.70652,0.45335,0.44337,0.21014,0.00226,0,0.0009902,0.0009902,0.0009902
512,5989.22,0.58018,0.76436,0.31875,0.0025,0.04883,0.96414,0.96296,0.99073,0.90769,0.96534,0.9697,0.99114,0.70804,0.45689,0.44337,0.20627,0.0023,0,0.00098822,0.00098822,0.00098822
513,6000.67,0.58639,0.7544,0.31919,0.0025,0.04129,0.95811,0.96633,0.99109,0.90758,0.96479,0.97306,0.99164,0.70606,0.46339,0.44637,0.19638,0.00233,0,0.00098624,0.00098624,0.00098624
514,6012.42,0.57505,0.775,0.32503,0.00241,0.05189,0.96689,0.9596,0.99177,0.90721,0.96953,0.96427,0.99192,0.70482,0.45766,0.44893,0.19402,0.0023,0,0.00098426,0.00098426,0.00098426
515,6025.01,0.57214,0.74044,0.3208,0.0025,0.05706,0.94158,0.97679,0.99018,0.90253,0.94482,0.98016,0.98998,0.709,0.44993,0.44685,0.20712,0.00223,0,0.00098228,0.00098228,0.00098228
516,6037.55,0.58682,0.7826,0.3285,0.00245,0.05022,0.95437,0.98595,0.99171,0.9047,0.95763,0.98932,0.99163,0.7071,0.4511,0.44814,0.20197,0.00225,0,0.0009803,0.0009803,0.0009803
517,6049.82,0.59684,0.78072,0.33794,0.00258,0.05583,0.95652,0.98316,0.99197,0.90389,0.9598,0.98653,0.99262,0.71106,0.455,0.44391,0.19579,0.00228,0,0.00097832,0.00097832,0.00097832
518,6061.75,0.59906,0.76538,0.32964,0.00268,0.04158,0.95366,0.97017,0.99086,0.89933,0.95697,0.97354,0.99065,0.70535,0.46738,0.44487,0.20943,0.00237,0,0.00097634,0.00097634,0.00097634
519,6074.36,0.59334,0.77395,0.32868,0.00249,0.03896,0.95744,0.9847,0.99147,0.90609,0.96071,0.98806,0.99131,0.71222,0.46049,0.44243,0.19234,0.00229,0,0.00097436,0.00097436,0.00097436
520,6086.52,0.57783,0.74556,0.33007,0.00255,0.04533,0.95254,0.97643,0.99139,0.90631,0.97242,0.96633,0.99147,0.71767,0.45713,0.44208,0.19148,0.00232,0,0.00097238,0.00097238,0.00097238
521,6098.2,0.58433,0.75818,0.33442,0.00245,0.04904,0.9653,0.96296,0.99126,0.90596,0.97205,0.9697,0.99171,0.70992,0.45694,0.44354,0.19509,0.00231,0,0.0009704,0.0009704,0.0009704
522,6110.69,0.57636,0.74868,0.32462,0.00247,0.03835,0.95155,0.96633,0.99057,0.90593,0.95839,0.97306,0.99095,0.71189,0.45054,0.44426,0.20633,0.00225,0,0.00096842,0.00096842,0.00096842
523,6123.17,0.56879,0.76317,0.32429,0.00238,0.04221,0.97585,0.95252,0.99116,0.90588,0.9822,0.9596,0.99199,0.70903,0.44891,0.44482,0.20852,0.00224,0,0.00096644,0.00096644,0.00096644
524,6135.18,0.57693,0.77508,0.32816,0.00242,0.03819,0.96327,0.96296,0.99088,0.90742,0.97001,0.9697,0.99151,0.71424,0.44314,0.4415,0.21024,0.00223,0,0.00096446,0.00096446,0.00096446
525,6147.09,0.59049,0.80107,0.32663,0.00236,0.03608,0.96318,0.96885,0.99023,0.91095,0.96677,0.97965,0.9908,0.71308,0.43798,0.44287,0.21396,0.0022,0,0.00096248,0.00096248,0.00096248
526,6159.19,0.5703,0.75034,0.31733,0.00243,0.04256,0.96737,0.9697,0.99087,0.90683,0.96981,0.97343,0.99147,0.71408,0.45328,0.44975,0.2194,0.00227,0,0.0009605,0.0009605,0.0009605
527,6171.1,0.57253,0.7589,0.31845,0.00247,0.04309,0.97814,0.9596,0.99084,0.9077,0.98157,0.96296,0.99104,0.70947,0.44276,0.44919,0.21598,0.00219,0,0.00095852,0.00095852,0.00095852
528,6183.02,0.56611,0.7252,0.31634,0.00252,0.06393,0.97578,0.94974,0.99105,0.90375,0.97924,0.9531,0.99176,0.70427,0.44376,0.44666,0.21366,0.00219,0,0.00095654,0.00095654,0.00095654
529,6194.48,0.57459,0.74091,0.32321,0.0025,0.04124,0.97756,0.94949,0.99086,0.91207,0.98031,0.95286,0.99155,0.70683,0.44096,0.44641,0.20755,0.00221,0,0.00095456,0.00095456,0.00095456
530,6206.57,0.57232,0.7697,0.32306,0.0024,0.05258,0.95021,0.9697,0.99065,0.90824,0.95476,0.97643,0.99126,0.70584,0.45041,0.44537,0.20791,0.00227,0,0.00095258,0.00095258,0.00095258
531,6219,0.58182,0.74888,0.3221,0.00249,0.03832,0.95655,0.96352,0.99055,0.90844,0.95655,0.96352,0.99072,0.70936,0.44517,0.44193,0.21355,0.00223,0,0.0009506,0.0009506,0.0009506
532,6229.68,0.57084,0.75757,0.31702,0.00241,0.03634,0.95378,0.97267,0.99053,0.90889,0.9506,0.97643,0.99035,0.70474,0.44389,0.44041,0.21971,0.00221,0,0.00094862,0.00094862,0.00094862
533,6241.34,0.57824,0.7425,0.3229,0.0025,0.04271,0.96296,0.95286,0.99147,0.90786,0.95924,0.97306,0.99134,0.70874,0.44627,0.44706,0.21196,0.00225,0,0.00094664,0.00094664,0.00094664
534,6253.27,0.57733,0.74907,0.32006,0.0024,0.06169,0.94953,0.97306,0.99113,0.91094,0.96173,0.9798,0.99142,0.70726,0.44507,0.44516,0.20783,0.00221,0,0.00094466,0.00094466,0.00094466
535,6266.09,0.58992,0.79,0.33043,0.00244,0.03543,0.96947,0.9624,0.99104,0.90846,0.97567,0.9697,0.99124,0.71092,0.45094,0.44492,0.2115,0.00225,0,0.00094268,0.00094268,0.00094268
536,6276.78,0.55282,0.72566,0.31067,0.00241,0.05079,0.96723,0.95286,0.99065,0.91219,0.9738,0.9596,0.99082,0.70931,0.44042,0.44483,0.21587,0.00216,0,0.0009407,0.0009407,0.0009407
537,6289.15,0.56313,0.74437,0.32085,0.00243,0.05833,0.96454,0.95623,0.99043,0.90744,0.96454,0.95623,0.99016,0.69391,0.4418,0.44723,0.21334,0.00219,0,0.00093872,0.00093872,0.00093872
538,6301.06,0.5589,0.72322,0.31166,0.00241,0.03625,0.97929,0.95525,0.99154,0.9085,0.97929,0.95525,0.99139,0.69836,0.4388,0.44842,0.20421,0.00218,0,0.00093674,0.00093674,0.00093674
539,6313.48,0.57748,0.77015,0.3261,0.00248,0.05738,0.97942,0.93939,0.99122,0.91044,0.95393,0.97606,0.99088,0.70387,0.44368,0.44806,0.20091,0.00221,0,0.00093476,0.00093476,0.00093476
540,6325.86,0.56529,0.73666,0.32733,0.00242,0.04716,0.98288,0.94276,0.99117,0.90881,0.94328,0.98316,0.9908,0.70481,0.44445,0.4474,0.20349,0.00221,0,0.00093278,0.00093278,0.00093278
541,6337.75,0.57236,0.72044,0.31668,0.00244,0.0342,0.97568,0.94547,0.9917,0.91165,0.97568,0.94547,0.99148,0.7108,0.43912,0.44501,0.19902,0.00215,0,0.0009308,0.0009308,0.0009308
542,6350.06,0.56855,0.72987,0.32858,0.00249,0.04519,0.97263,0.95737,0.99177,0.91435,0.97263,0.95737,0.99155,0.70797,0.43723,0.4429,0.20649,0.00217,0,0.00092882,0.00092882,0.00092882
543,6362.02,0.56618,0.76402,0.3209,0.00233,0.03748,0.95882,0.9697,0.99118,0.91119,0.95882,0.9697,0.99106,0.71391,0.44374,0.44363,0.19948,0.00222,0,0.00092684,0.00092684,0.00092684
544,6374.45,0.57466,0.76378,0.32255,0.00237,0.04471,0.97201,0.96296,0.99117,0.90767,0.97201,0.96296,0.99134,0.71025,0.44734,0.44607,0.21084,0.00229,0,0.00092486,0.00092486,0.00092486
545,6387.02,0.56749,0.76079,0.32599,0.00242,0.04747,0.97325,0.94949,0.99064,0.90848,0.96304,0.9651,0.99046,0.70668,0.43749,0.44483,0.20686,0.00222,0,0.00092288,0.00092288,0.00092288
546,6398.09,0.56892,0.76402,0.32621,0.00238,0.06286,0.96205,0.96633,0.99119,0.90708,0.96205,0.96633,0.99126,0.70887,0.44724,0.44229,0.20052,0.00225,0,0.0009209,0.0009209,0.0009209
547,6409.89,0.56426,0.74284,0.32005,0.00241,0.06302,0.96903,0.94827,0.98985,0.90745,0.96903,0.94827,0.99014,0.70133,0.44929,0.44443,0.21257,0.00224,0,0.00091892,0.00091892,0.00091892
548,6421.38,0.57324,0.77365,0.32692,0.00241,0.05188,0.96285,0.96633,0.99214,0.91109,0.95796,0.97643,0.99225,0.70572,0.44741,0.44609,0.1954,0.00221,0,0.00091694,0.00091694,0.00091694
549,6433.17,0.57926,0.7656,0.32932,0.00241,0.05587,0.97604,0.94949,0.9918,0.90845,0.95092,0.97643,0.99157,0.7093,0.45163,0.44384,0.20342,0.00223,0,0.00091496,0.00091496,0.00091496
550,6445.09,0.57377,0.75286,0.32086,0.00247,0.05007,0.97667,0.95286,0.99213,0.91088,0.97764,0.9596,0.99194,0.71012,0.4423,0.4451,0.19254,0.00217,0,0.00091298,0.00091298,0.00091298
551,6457.49,0.58121,0.75903,0.32626,0.00249,0.05543,0.93728,0.98316,0.99111,0.90782,0.93728,0.98316,0.99038,0.71141,0.44371,0.44449,0.20364,0.00223,0,0.000911,0.000911,0.000911
552,6470,0.56831,0.74757,0.32076,0.00245,0.06112,0.95691,0.9697,0.99158,0.90869,0.94795,0.98108,0.99068,0.70519,0.44429,0.45211,0.204,0.0022,0,0.00090902,0.00090902,0.00090902
553,6482.33,0.57518,0.76505,0.33017,0.00242,0.05103,0.94209,0.9859,0.99157,0.9079,0.94212,0.98641,0.99053,0.70477,0.434,0.45092,0.20584,0.00217,0,0.00090704,0.00090704,0.00090704
554,6494.45,0.57204,0.75921,0.33054,0.00243,0.05698,0.95835,0.9798,0.9921,0.90861,0.95835,0.9798,0.99131,0.71214,0.43925,0.44889,0.19718,0.00221,0,0.00090506,0.00090506,0.00090506
555,6506.29,0.55811,0.71142,0.30976,0.00245,0.05787,0.9511,0.98237,0.99142,0.90737,0.9511,0.98237,0.99111,0.71599,0.44486,0.44615,0.20459,0.00223,0,0.00090308,0.00090308,0.00090308
556,6518.66,0.57954,0.75979,0.32219,0.00246,0.04908,0.97611,0.96284,0.99177,0.90781,0.97611,0.96284,0.9912,0.71244,0.44139,0.44088,0.2106,0.00219,0,0.0009011,0.0009011,0.0009011
557,6530.38,0.57009,0.75006,0.31062,0.00242,0.05006,0.96601,0.95685,0.9908,0.907,0.96941,0.96021,0.9909,0.71361,0.44578,0.43903,0.21771,0.00225,0,0.00089912,0.00089912,0.00089912
558,6541.74,0.56585,0.73779,0.32311,0.00242,0.04085,0.94185,0.97306,0.99067,0.91123,0.94185,0.97306,0.99067,0.71993,0.4412,0.4381,0.21377,0.00221,0,0.00089714,0.00089714,0.00089714
559,6552.84,0.57057,0.74015,0.3207,0.00245,0.05915,0.96292,0.96171,0.99103,0.91017,0.96629,0.96508,0.99165,0.71519,0.43373,0.4347,0.20655,0.00216,0,0.00089516,0.00089516,0.00089516
560,6565.19,0.57259,0.75972,0.32361,0.0024,0.04405,0.94866,0.9798,0.99188,0.90651,0.95215,0.98316,0.99245,0.71051,0.44436,0.43511,0.20609,0.00218,0,0.00089318,0.00089318,0.00089318
561,6577.63,0.57648,0.74539,0.32263,0.00237,0.04154,0.93892,0.98335,0.98994,0.90492,0.94493,0.98218,0.99047,0.70972,0.45107,0.44245,0.22112,0.00223,0,0.0008912,0.0008912,0.0008912
562,6590.08,0.55897,0.72918,0.31141,0.00242,0.04431,0.94152,0.98316,0.98994,0.90407,0.94509,0.98521,0.98948,0.70621,0.44633,0.44063,0.21026,0.00221,0,0.00088922,0.00088922,0.00088922
563,6602.82,0.55692,0.73771,0.31215,0.00237,0.03471,0.9456,0.9697,0.99019,0.9057,0.9541,0.97306,0.99062,0.71136,0.44263,0.43764,0.21599,0.00218,0,0.00088724,0.00088724,0.00088724
564,6615.25,0.57422,0.7991,0.32579,0.00232,0.03875,0.96026,0.97629,0.9911,0.90981,0.96026,0.97629,0.98987,0.71122,0.43779,0.43857,0.21016,0.00215,0,0.00088526,0.00088526,0.00088526
565,6627.6,0.56849,0.75055,0.32259,0.00238,0.04766,0.94173,0.9798,0.99113,0.91079,0.94173,0.9798,0.99009,0.70631,0.43137,0.44777,0.20737,0.00214,0,0.00088328,0.00088328,0.00088328
566,6639.1,0.56303,0.73865,0.3188,0.00242,0.05338,0.94949,0.98653,0.99174,0.91109,0.94949,0.98653,0.99082,0.70822,0.43441,0.44776,0.2006,0.00215,0,0.0008813,0.0008813,0.0008813
567,6650.66,0.55101,0.72871,0.2976,0.00235,0.03872,0.96496,0.96296,0.99219,0.91239,0.96834,0.96633,0.99157,0.70984,0.43489,0.44049,0.19598,0.00215,0,0.00087932,0.00087932,0.00087932
568,6662.62,0.562,0.73151,0.31824,0.00249,0.05536,0.98095,0.9596,0.99224,0.91316,0.98095,0.9596,0.99148,0.71031,0.43695,0.43749,0.19787,0.00218,0,0.00087734,0.00087734,0.00087734
569,6675.2,0.55467,0.72928,0.30429,0.00235,0.03651,0.95675,0.9798,0.992,0.9148,0.95675,0.9798,0.99134,0.71348,0.43159,0.4392,0.19505,0.00217,0,0.00087536,0.00087536,0.00087536
570,6687.58,0.56598,0.71829,0.3127,0.00247,0.05151,0.951,0.98014,0.99211,0.90996,0.951,0.98014,0.9911,0.71036,0.43426,0.43909,0.20059,0.00219,0,0.00087338,0.00087338,0.00087338
571,6699.66,0.57124,0.77375,0.32575,0.00246,0.06096,0.96018,0.9596,0.99188,0.90837,0.9694,0.95997,0.99107,0.71497,0.43335,0.44138,0.20628,0.00217,0,0.0008714,0.0008714,0.0008714
572,6712.09,0.55421,0.71115,0.31057,0.0024,0.05753,0.97588,0.9596,0.99202,0.9104,0.97588,0.9596,0.99071,0.71224,0.43304,0.44542,0.20388,0.00218,0,0.00086942,0.00086942,0.00086942
573,6723.58,0.56272,0.74452,0.31442,0.00241,0.04034,0.96576,0.94977,0.99092,0.90582,0.9629,0.96124,0.99002,0.70861,0.43709,0.44326,0.20881,0.0022,0,0.00086744,0.00086744,0.00086744
574,6736.3,0.58097,0.77018,0.32225,0.0024,0.03718,0.94192,0.98289,0.99168,0.91079,0.94192,0.98289,0.9909,0.7126,0.43484,0.44098,0.20442,0.00219,0,0.00086546,0.00086546,0.00086546
575,6748.75,0.57064,0.75954,0.3184,0.0024,0.03985,0.95878,0.96633,0.99151,0.90895,0.93725,0.99327,0.99102,0.71174,0.43775,0.44216,0.20572,0.0022,0,0.00086348,0.00086348,0.00086348
576,6761.11,0.56953,0.74477,0.31109,0.00247,0.03814,0.95213,0.9596,0.99083,0.91192,0.95665,0.96593,0.99075,0.70904,0.43449,0.4431,0.20438,0.00219,0,0.0008615,0.0008615,0.0008615
577,6772.08,0.56055,0.72068,0.30925,0.0024,0.04999,0.95378,0.95286,0.9903,0.9119,0.93712,0.97306,0.99019,0.70866,0.43341,0.44191,0.21143,0.00217,0,0.00085952,0.00085952,0.00085952
578,6784.29,0.56473,0.73579,0.31247,0.00242,0.04268,0.95825,0.95286,0.99004,0.909,0.95825,0.95286,0.99012,0.7075,0.43384,0.44312,0.21737,0.00216,0,0.00085754,0.00085754,0.00085754
579,6796.64,0.55998,0.74589,0.32758,0.00238,0.06119,0.98145,0.92593,0.99013,0.91169,0.95892,0.94321,0.99018,0.7051,0.4337,0.43891,0.21687,0.00216,0,0.00085556,0.00085556,0.00085556
580,6809,0.56427,0.71785,0.31272,0.00247,0.03978,0.98155,0.94276,0.99097,0.91086,0.9791,0.94661,0.99056,0.70454,0.43109,0.43727,0.21026,0.00217,0,0.00085358,0.00085358,0.00085358
581,6821.35,0.55818,0.7545,0.31572,0.00234,0.04929,0.97919,0.9505,0.99128,0.91184,0.97921,0.95152,0.99125,0.70702,0.43237,0.43517,0.21218,0.00218,0,0.0008516,0.0008516,0.0008516
582,6832.85,0.55471,0.72084,0.31166,0.00233,0.04632,0.97599,0.95805,0.99154,0.91187,0.96813,0.97306,0.99123,0.70979,0.43289,0.43416,0.21204,0.00217,0,0.00084962,0.00084962,0.00084962
583,6845.08,0.56617,0.73932,0.31191,0.00236,0.03389,0.95932,0.95291,0.9906,0.91081,0.95593,0.94955,0.99007,0.71026,0.43711,0.43777,0.21857,0.00218,0,0.00084764,0.00084764,0.00084764
584,6857.8,0.5562,0.74829,0.31061,0.00233,0.05259,0.98992,0.94276,0.99214,0.91255,0.98638,0.93939,0.99077,0.7089,0.43705,0.43623,0.20822,0.00217,0,0.00084566,0.00084566,0.00084566
585,6869.63,0.56873,0.7373,0.32213,0.00237,0.03249,0.98939,0.94949,0.99213,0.91149,0.98588,0.94613,0.99113,0.70903,0.43014,0.43714,0.20905,0.00216,0,0.00084368,0.00084368,0.00084368
586,6881.71,0.55633,0.75371,0.31504,0.00234,0.04,0.98548,0.94949,0.99221,0.91164,0.98266,0.95395,0.99141,0.70671,0.43473,0.43752,0.2018,0.00216,0,0.0008417,0.0008417,0.0008417
587,6893.97,0.56471,0.72136,0.32878,0.00243,0.04682,0.95165,0.97643,0.99135,0.9119,0.94855,0.97643,0.99164,0.70749,0.43405,0.44004,0.20603,0.00218,0,0.00083972,0.00083972,0.00083972
588,6906.09,0.56909,0.75329,0.31789,0.00242,0.03932,0.97268,0.95885,0.99187,0.91185,0.97268,0.95885,0.99211,0.71041,0.43703,0.44026,0.19915,0.00218,0,0.00083774,0.00083774,0.00083774
589,6918.15,0.57537,0.75689,0.32526,0.00244,0.04767,0.96359,0.9697,0.9919,0.914,0.96359,0.9697,0.99098,0.70711,0.43517,0.44161,0.19924,0.00218,0,0.00083576,0.00083576,0.00083576
590,6930.35,0.5454,0.71843,0.31399,0.00234,0.05418,0.96015,0.9596,0.9919,0.91191,0.93911,0.98666,0.99091,0.70871,0.4287,0.43823,0.20357,0.00214,0,0.00083378,0.00083378,0.00083378
591,6941.55,0.56235,0.7288,0.31789,0.00238,0.04198,0.99119,0.93266,0.99154,0.91022,0.93612,0.98681,0.99064,0.70891,0.42842,0.43773,0.2111,0.00216,0,0.0008318,0.0008318,0.0008318
592,6952.11,0.5566,0.72867,0.30906,0.00239,0.03716,0.96299,0.95286,0.99095,0.91258,0.96299,0.95286,0.99014,0.70512,0.42988,0.43699,0.21257,0.00216,0,0.00082982,0.00082982,0.00082982
593,6963.69,0.55625,0.73099,0.30193,0.00232,0.04051,0.97675,0.94613,0.99154,0.91416,0.97675,0.94613,0.99187,0.70374,0.43102,0.43646,0.20636,0.00217,0,0.00082784,0.00082784,0.00082784
594,6975.36,0.56614,0.76746,0.31932,0.00233,0.05885,0.95961,0.96005,0.99114,0.9111,0.95961,0.96005,0.99164,0.70432,0.43233,0.43811,0.20752,0.00218,0,0.00082586,0.00082586,0.00082586
595,6985.8,0.56689,0.75479,0.32213,0.00237,0.04889,0.95351,0.97306,0.99054,0.90993,0.95351,0.97306,0.98973,0.71089,0.43307,0.43901,0.21868,0.00218,0,0.00082388,0.00082388,0.00082388
596,6996.87,0.55667,0.74322,0.31274,0.00235,0.04857,0.98161,0.94276,0.99081,0.9094,0.98161,0.94276,0.98994,0.70451,0.43153,0.44116,0.21942,0.00215,0,0.0008219,0.0008219,0.0008219
597,7009.18,0.56042,0.75543,0.31473,0.00233,0.05796,0.94434,0.97306,0.99098,0.91086,0.94434,0.97306,0.99058,0.70235,0.43417,0.44209,0.22287,0.00216,0,0.00081992,0.00081992,0.00081992
598,7019.7,0.56767,0.7526,0.31804,0.00241,0.04942,0.96599,0.94949,0.99034,0.91063,0.94421,0.96869,0.98971,0.70841,0.44272,0.43971,0.21371,0.00218,0,0.00081794,0.00081794,0.00081794
599,7031.94,0.55596,0.73308,0.30974,0.00234,0.04204,0.95931,0.9697,0.99145,0.90999,0.95931,0.9697,0.99103,0.70958,0.44147,0.43705,0.20304,0.00217,0,0.00081596,0.00081596,0.00081596
600,7044.13,0.56599,0.76131,0.32228,0.00242,0.06295,0.95149,0.9697,0.99112,0.90876,0.95149,0.9697,0.99058,0.70939,0.44141,0.43919,0.20307,0.00218,0,0.00081398,0.00081398,0.00081398
601,7055.94,0.56375,0.73446,0.3166,0.00239,0.0439,0.96845,0.9596,0.99201,0.91003,0.96845,0.9596,0.99148,0.70209,0.43389,0.44132,0.20166,0.00213,0,0.000812,0.000812,0.000812
602,7067.79,0.55124,0.7179,0.30123,0.00238,0.05732,0.95425,0.98316,0.992,0.912,0.95425,0.98316,0.99229,0.7042,0.43649,0.44106,0.20044,0.00217,0,0.00081002,0.00081002,0.00081002
603,7079.36,0.55437,0.73475,0.30903,0.00234,0.04454,0.96221,0.9596,0.99123,0.90724,0.96221,0.9596,0.99149,0.70518,0.433,0.44253,0.20586,0.00212,0,0.00080804,0.00080804,0.00080804
604,7091.71,0.56338,0.74984,0.31393,0.00233,0.04409,0.9573,0.98129,0.99237,0.91037,0.9573,0.98129,0.99237,0.70418,0.43283,0.44435,0.19807,0.00212,0,0.00080606,0.00080606,0.00080606
605,7104.35,0.55846,0.74472,0.31406,0.00235,0.04431,0.96843,0.95623,0.99139,0.90849,0.96843,0.95623,0.99139,0.70648,0.43472,0.44457,0.20202,0.00214,0,0.00080408,0.00080408,0.00080408
606,7116.72,0.56552,0.73742,0.3207,0.00243,0.05321,0.97557,0.9596,0.99265,0.91287,0.97557,0.9596,0.99265,0.70574,0.43527,0.4467,0.19422,0.00215,0,0.0008021,0.0008021,0.0008021
607,7129.22,0.55734,0.75748,0.31895,0.00238,0.04299,0.94974,0.98316,0.99177,0.91212,0.94974,0.98316,0.99197,0.70009,0.43317,0.44339,0.20226,0.00214,0,0.00080012,0.00080012,0.00080012
608,7141.54,0.54355,0.72953,0.30706,0.00228,0.03885,0.95354,0.96752,0.99099,0.91111,0.95354,0.96752,0.99143,0.70415,0.43613,0.44023,0.20802,0.00215,0,0.00079814,0.00079814,0.00079814
609,7152.95,0.54751,0.70325,0.30389,0.00235,0.03854,0.96816,0.97306,0.9923,0.91258,0.96816,0.97306,0.99235,0.70451,0.43187,0.436,0.20077,0.00213,0,0.00079616,0.00079616,0.00079616
610,7164.77,0.56193,0.76162,0.31761,0.00234,0.05457,0.96657,0.97354,0.99198,0.91454,0.96657,0.97354,0.99222,0.70789,0.42811,0.434,0.19887,0.00212,0,0.00079418,0.00079418,0.00079418
611,7177.29,0.57477,0.73707,0.3164,0.00248,0.04497,0.96156,0.9596,0.99144,0.91127,0.96156,0.9596,0.99144,0.71681,0.43371,0.43023,0.2031,0.00215,0,0.0007922,0.0007922,0.0007922
612,7189.46,0.55296,0.72198,0.30855,0.00238,0.06488,0.96935,0.95848,0.99169,0.91116,0.96935,0.95848,0.99169,0.71724,0.43172,0.42952,0.20105,0.00215,0,0.00079022,0.00079022,0.00079022
613,7201.09,0.56119,0.76443,0.30883,0.00229,0.04904,0.95418,0.98169,0.99187,0.91381,0.95418,0.98169,0.99187,0.71373,0.42687,0.42988,0.20112,0.00213,0,0.00078824,0.00078824,0.00078824
614,7212.57,0.5502,0.74465,0.31534,0.00226,0.04185,0.95076,0.98653,0.99188,0.91465,0.95076,0.98653,0.99196,0.70607,0.42075,0.43077,0.20345,0.0021,0,0.00078626,0.00078626,0.00078626
615,7224.79,0.54942,0.7134,0.30443,0.00232,0.05258,0.95839,0.98316,0.99223,0.91556,0.95839,0.98316,0.99235,0.71018,0.42004,0.4301,0.19841,0.0021,0,0.00078428,0.00078428,0.00078428
616,7236.79,0.55447,0.73044,0.31428,0.00231,0.04264,0.97235,0.97306,0.99249,0.91501,0.97235,0.97306,0.99249,0.71228,0.42214,0.43272,0.19964,0.0021,0,0.0007823,0.0007823,0.0007823
617,7248.9,0.56287,0.74152,0.32204,0.0023,0.04436,0.96604,0.97306,0.99213,0.91284,0.96604,0.97306,0.99213,0.71332,0.42918,0.43295,0.19573,0.00214,0,0.00078032,0.00078032,0.00078032
618,7261.2,0.5495,0.71931,0.30708,0.00233,0.05426,0.95939,0.97306,0.99208,0.91493,0.95939,0.97306,0.99208,0.71762,0.42704,0.42883,0.1981,0.0021,0,0.00077834,0.00077834,0.00077834
619,7273.52,0.54807,0.72301,0.30126,0.00236,0.04857,0.96643,0.96934,0.99212,0.91218,0.96679,0.9697,0.99153,0.71374,0.42808,0.4281,0.19716,0.0021,0,0.00077636,0.00077636,0.00077636
620,7285.94,0.55308,0.72445,0.30422,0.0024,0.04352,0.95182,0.97643,0.99167,0.91286,0.95182,0.97643,0.99091,0.71184,0.43107,0.43244,0.20489,0.00213,0,0.00077438,0.00077438,0.00077438
621,7298.53,0.56697,0.7562,0.32172,0.00235,0.05473,0.96098,0.9697,0.99199,0.91338,0.96098,0.9697,0.99106,0.71227,0.42682,0.4338,0.20815,0.00211,0,0.0007724,0.0007724,0.0007724
622,7310.36,0.55973,0.75411,0.32135,0.00236,0.05511,0.96339,0.97472,0.99261,0.91601,0.96339,0.97472,0.99261,0.70931,0.42295,0.42859,0.20348,0.00211,0,0.00077042,0.00077042,0.00077042
623,7322.53,0.56307,0.74863,0.31645,0.00232,0.04988,0.96311,0.9697,0.99154,0.91439,0.96311,0.9697,0.99154,0.71472,0.42539,0.43165,0.21087,0.00215,0,0.00076844,0.00076844,0.00076844
624,7333.93,0.56132,0.77505,0.32002,0.00228,0.03457,0.96005,0.97103,0.99192,0.91341,0.95672,0.96766,0.99156,0.71342,0.4337,0.43544,0.19712,0.00217,0,0.00076646,0.00076646,0.00076646
625,7344.79,0.56128,0.76219,0.3163,0.00234,0.04272,0.96834,0.95623,0.99128,0.91417,0.96916,0.95219,0.9909,0.7113,0.4353,0.43442,0.20923,0.00216,0,0.00076448,0.00076448,0.00076448
626,7356.99,0.55354,0.7286,0.3113,0.00237,0.0418,0.95974,0.9632,0.99149,0.91273,0.95974,0.9632,0.99163,0.70646,0.43515,0.43462,0.20054,0.00214,0,0.0007625,0.0007625,0.0007625
627,7367.83,0.56058,0.7356,0.30682,0.00237,0.05016,0.96229,0.96633,0.99166,0.91292,0.98611,0.94276,0.99146,0.7096,0.42845,0.43786,0.19898,0.00215,0,0.00076052,0.00076052,0.00076052
628,7377.42,0.54194,0.70205,0.30002,0.00232,0.05658,0.9663,0.96553,0.99148,0.914,0.9663,0.96553,0.99177,0.71394,0.43166,0.43617,0.20035,0.00218,0,0.00075854,0.00075854,0.00075854
629,7389.79,0.5384,0.72698,0.30138,0.00225,0.04586,0.96415,0.96296,0.99108,0.91442,0.96415,0.96296,0.99137,0.71364,0.42837,0.43331,0.19936,0.00215,0,0.00075656,0.00075656,0.00075656
630,7401.97,0.54439,0.73423,0.30666,0.00226,0.04256,0.96602,0.96296,0.99155,0.91899,0.96602,0.96296,0.9917,0.71497,0.42874,0.4308,0.19509,0.00216,0,0.00075458,0.00075458,0.00075458
631,7414.59,0.55036,0.72832,0.30695,0.00232,0.03744,0.96305,0.96534,0.9912,0.91658,0.96404,0.96633,0.99145,0.71143,0.42761,0.42982,0.20092,0.00214,0,0.0007526,0.0007526,0.0007526
632,7425.76,0.54322,0.69816,0.29895,0.00239,0.04397,0.96242,0.96296,0.99106,0.91767,0.94843,0.97643,0.99093,0.71408,0.42993,0.43275,0.19894,0.00217,0,0.00075062,0.00075062,0.00075062
633,7438.1,0.54815,0.72674,0.30497,0.00231,0.03541,0.95989,0.96705,0.99099,0.9187,0.95998,0.96923,0.99166,0.71452,0.42768,0.43213,0.19988,0.00216,0,0.00074864,0.00074864,0.00074864
634,7450.64,0.54974,0.73488,0.30779,0.0023,0.04026,0.96315,0.96808,0.99114,0.91643,0.96315,0.96808,0.99188,0.71285,0.42989,0.43348,0.19904,0.00217,0,0.00074666,0.00074666,0.00074666
635,7462.44,0.54358,0.70708,0.30098,0.00232,0.04423,0.96695,0.95623,0.99096,0.91672,0.96695,0.95623,0.99047,0.71038,0.43022,0.43201,0.20118,0.00216,0,0.00074468,0.00074468,0.00074468
636,7474.68,0.54422,0.71149,0.29634,0.00223,0.03817,0.96731,0.96296,0.99111,0.91321,0.96731,0.96296,0.99096,0.70795,0.43196,0.43342,0.20419,0.00216,0,0.0007427,0.0007427,0.0007427
637,7486.93,0.55855,0.75346,0.30563,0.00235,0.05024,0.95176,0.9697,0.99025,0.91247,0.95176,0.9697,0.99093,0.70757,0.43109,0.43772,0.2065,0.00213,0,0.00074072,0.00074072,0.00074072
638,7499.26,0.5509,0.73032,0.31332,0.00235,0.06548,0.96201,0.9697,0.99081,0.9132,0.95867,0.96633,0.99129,0.70778,0.43165,0.43871,0.19903,0.00214,0,0.00073874,0.00073874,0.00073874
639,7510.11,0.55471,0.72863,0.3098,0.00238,0.05892,0.95333,0.97643,0.9913,0.91628,0.95004,0.97306,0.99094,0.71038,0.42613,0.43512,0.19874,0.00212,0,0.00073676,0.00073676,0.00073676
640,7523.12,0.54305,0.73827,0.30982,0.00229,0.04631,0.95098,0.97983,0.99187,0.9168,0.94772,0.9766,0.99173,0.71429,0.42819,0.4325,0.19908,0.00212,0,0.00073478,0.00073478,0.00073478
641,7535.33,0.56975,0.77163,0.32034,0.00235,0.07495,0.9598,0.97306,0.9921,0.91509,0.9598,0.97306,0.99221,0.71669,0.43308,0.42947,0.19214,0.00216,0,0.0007328,0.0007328,0.0007328
642,7547.58,0.54721,0.7101,0.30647,0.00232,0.05567,0.96963,0.96733,0.99241,0.91598,0.96963,0.96733,0.99259,0.70961,0.4313,0.42992,0.19114,0.00215,0,0.00073082,0.00073082,0.00073082
643,7560.05,0.55659,0.71868,0.30868,0.00233,0.03726,0.96074,0.98874,0.9928,0.91897,0.96074,0.98874,0.9928,0.70941,0.43533,0.42914,0.18331,0.00218,0,0.00072884,0.00072884,0.00072884
644,7571.85,0.55455,0.73448,0.30957,0.00233,0.03521,0.94789,0.98316,0.99213,0.91767,0.94789,0.98316,0.99228,0.71465,0.43358,0.4313,0.19402,0.00216,0,0.00072686,0.00072686,0.00072686
645,7583.44,0.54387,0.70978,0.30149,0.00233,0.03996,0.95962,0.96019,0.99114,0.91486,0.95962,0.96019,0.99048,0.71743,0.43241,0.43007,0.20391,0.00216,0,0.00072488,0.00072488,0.00072488
646,7595.48,0.53985,0.72538,0.29903,0.00227,0.04259,0.95773,0.97306,0.99137,0.91247,0.95773,0.97306,0.99095,0.7172,0.43245,0.42823,0.20289,0.00217,0,0.0007229,0.0007229,0.0007229
647,7607.72,0.53574,0.69466,0.28883,0.0023,0.03692,0.96291,0.97306,0.99152,0.91363,0.96291,0.97306,0.99197,0.71577,0.43504,0.43083,0.2029,0.00218,0,0.00072092,0.00072092,0.00072092
648,7619.79,0.53783,0.72579,0.30134,0.00223,0.04675,0.9625,0.9798,0.9925,0.91254,0.96044,0.98096,0.99269,0.71904,0.4327,0.42672,0.19194,0.00217,0,0.00071894,0.00071894,0.00071894
649,7631.93,0.54968,0.74284,0.3053,0.00231,0.04109,0.96274,0.98316,0.99256,0.91413,0.96155,0.98316,0.993,0.71847,0.436,0.42747,0.19076,0.0022,0,0.00071696,0.00071696,0.00071696
650,7644.65,0.53735,0.72053,0.30348,0.00228,0.0399,0.9883,0.95623,0.99298,0.91464,0.9883,0.95623,0.99322,0.72081,0.43481,0.42723,0.18856,0.00219,0,0.00071498,0.00071498,0.00071498
651,7655.25,0.53917,0.71048,0.29376,0.00228,0.03805,0.99038,0.95623,0.99295,0.91456,0.99038,0.95623,0.99318,0.72063,0.43156,0.42512,0.19246,0.00216,0,0.000713,0.000713,0.000713
652,7666.98,0.55284,0.73316,0.3083,0.00225,0.0497,0.98608,0.95374,0.99314,0.91357,0.98608,0.95374,0.99329,0.71942,0.4354,0.42551,0.18439,0.00216,0,0.00071102,0.00071102,0.00071102
653,7679.5,0.55526,0.7555,0.3122,0.00234,0.04543,0.98397,0.9596,0.99341,0.91779,0.98397,0.9596,0.99342,0.71523,0.43432,0.4249,0.18197,0.00215,0,0.00070904,0.00070904,0.00070904
654,7691.93,0.55266,0.73774,0.3105,0.0023,0.05078,0.96947,0.96633,0.99253,0.91802,0.96609,0.96296,0.99197,0.71186,0.43541,0.42808,0.18597,0.00215,0,0.00070706,0.00070706,0.00070706
655,7704.47,0.55175,0.71828,0.31544,0.00233,0.05949,0.96035,0.9798,0.99265,0.91819,0.95705,0.97643,0.99215,0.71497,0.43044,0.4322,0.18921,0.00213,0,0.00070508,0.00070508,0.00070508
656,7716.57,0.55163,0.72317,0.31,0.0023,0.06661,0.96351,0.97808,0.99308,0.91852,0.9602,0.97471,0.99282,0.71,0.42962,0.43698,0.19069,0.00212,0,0.0007031,0.0007031,0.0007031
657,7728.87,0.54388,0.72148,0.31132,0.00231,0.04853,0.9868,0.95286,0.99242,0.91568,0.98331,0.94949,0.99193,0.71178,0.43573,0.43313,0.19436,0.00216,0,0.00070112,0.00070112,0.00070112
658,7740.48,0.53684,0.708,0.29527,0.00229,0.03633,0.97086,0.97643,0.99289,0.91622,0.96751,0.97306,0.99094,0.71336,0.43274,0.43188,0.20042,0.00214,0,0.00069914,0.00069914,0.00069914
659,7752.97,0.5288,0.71796,0.28899,0.00222,0.04162,0.97341,0.96296,0.99244,0.9145,0.98263,0.95233,0.99194,0.71599,0.43239,0.43104,0.20174,0.00215,0,0.00069716,0.00069716,0.00069716
660,7765.79,0.53587,0.70207,0.30214,0.00227,0.04435,0.96951,0.96352,0.99192,0.91638,0.97602,0.95929,0.99183,0.71628,0.42826,0.43243,0.20149,0.00213,0,0.00069518,0.00069518,0.00069518
661,7777.48,0.53751,0.70301,0.30773,0.00231,0.05132,0.97769,0.9596,0.99186,0.91732,0.97823,0.9596,0.9917,0.71188,0.42698,0.43246,0.2013,0.00213,0,0.0006932,0.0006932,0.0006932
662,7789.86,0.54029,0.7156,0.31326,0.0023,0.05868,0.96339,0.97455,0.99236,0.91988,0.96003,0.97046,0.9922,0.71243,0.42563,0.43418,0.19766,0.00211,0,0.00069122,0.00069122,0.00069122
663,7802.11,0.53626,0.7032,0.30587,0.00228,0.03975,0.96046,0.98151,0.99266,0.92047,0.98193,0.95623,0.9922,0.71395,0.42514,0.43208,0.19653,0.00213,0,0.00068924,0.00068924,0.00068924
664,7813.77,0.53369,0.70164,0.30352,0.00229,0.04398,0.95421,0.98316,0.99252,0.9196,0.98067,0.95286,0.99218,0.71519,0.42419,0.43208,0.1918,0.0021,0,0.00068726,0.00068726,0.00068726
665,7825.04,0.53964,0.71943,0.29496,0.00227,0.04691,0.96036,0.97878,0.9923,0.92219,0.97041,0.96633,0.99204,0.71349,0.42466,0.43142,0.19132,0.0021,0,0.00068528,0.00068528,0.00068528
666,7838.12,0.539,0.71716,0.30514,0.00228,0.04265,0.9666,0.97435,0.99242,0.92079,0.96868,0.9697,0.99256,0.70861,0.42453,0.42807,0.19109,0.00213,0,0.0006833,0.0006833,0.0006833
667,7850.2,0.54546,0.71716,0.30685,0.00227,0.0381,0.96987,0.9753,0.99295,0.91852,0.96987,0.9753,0.99301,0.71382,0.42605,0.4278,0.18666,0.00214,0,0.00068132,0.00068132,0.00068132
668,7861.51,0.5302,0.70526,0.29649,0.00222,0.04248,0.96983,0.9798,0.99297,0.91729,0.96974,0.9711,0.99246,0.71215,0.42999,0.42936,0.19034,0.00215,0,0.00067934,0.00067934,0.00067934
669,7873.54,0.53845,0.71829,0.30607,0.00223,0.04454,0.96534,0.98316,0.99281,0.91875,0.96204,0.9798,0.99239,0.71309,0.43133,0.42941,0.19217,0.00217,0,0.00067736,0.00067736,0.00067736
670,7886.21,0.5311,0.70058,0.30019,0.00224,0.05915,0.9682,0.97643,0.99277,0.91999,0.98315,0.95623,0.99251,0.71779,0.43148,0.43116,0.19074,0.00216,0,0.00067538,0.00067538,0.00067538
671,7898.2,0.54267,0.72122,0.30002,0.00228,0.03995,0.97419,0.9596,0.99259,0.91817,0.97937,0.95915,0.99249,0.71713,0.42314,0.43,0.19864,0.00212,0,0.0006734,0.0006734,0.0006734
672,7910.76,0.53759,0.71111,0.30017,0.00225,0.06533,0.97152,0.9596,0.99222,0.91903,0.97152,0.9596,0.99244,0.71569,0.4221,0.43138,0.19766,0.00208,0,0.00067142,0.00067142,0.00067142
673,7923.54,0.54537,0.7421,0.30178,0.00224,0.04797,0.96966,0.96845,0.99284,0.91806,0.96966,0.96845,0.99305,0.71701,0.41806,0.43186,0.1943,0.00207,0,0.00066944,0.00066944,0.00066944
674,7935.99,0.54633,0.73192,0.30459,0.00224,0.04609,0.96131,0.98316,0.99301,0.91476,0.96131,0.98316,0.99315,0.71488,0.41669,0.42982,0.19403,0.00205,0,0.00066746,0.00066746,0.00066746
675,7949.01,0.55679,0.72885,0.31036,0.00236,0.05165,0.95966,0.97643,0.99273,0.91678,0.95966,0.97643,0.99273,0.71798,0.41911,0.43037,0.1946,0.00207,0,0.00066548,0.00066548,0.00066548
676,7961.91,0.53443,0.70737,0.30182,0.00224,0.0506,0.99272,0.94949,0.99246,0.91783,0.99272,0.94949,0.99246,0.71839,0.41749,0.42663,0.20092,0.00207,0,0.0006635,0.0006635,0.0006635
677,7973.58,0.54281,0.73568,0.32482,0.00221,0.09613,0.95873,0.97643,0.99255,0.91726,0.95873,0.97643,0.99255,0.714,0.41715,0.42744,0.19907,0.00209,0,0.00066152,0.00066152,0.00066152
678,7986.36,0.54673,0.72543,0.30507,0.00228,0.05095,0.96023,0.9755,0.99215,0.91605,0.96023,0.9755,0.99215,0.71186,0.41874,0.42818,0.19736,0.00211,0,0.00065954,0.00065954,0.00065954
679,7999.11,0.55892,0.76365,0.31985,0.00235,0.04582,0.97306,0.97301,0.9929,0.91786,0.97306,0.97301,0.9929,0.71504,0.42448,0.42843,0.19297,0.00214,0,0.00065756,0.00065756,0.00065756
680,8010.61,0.54167,0.73008,0.29524,0.00226,0.04574,0.98623,0.96435,0.99261,0.92194,0.98623,0.96435,0.99261,0.70827,0.42242,0.42922,0.1909,0.00214,0,0.00065558,0.00065558,0.00065558
681,8023.36,0.54366,0.74605,0.31307,0.00229,0.04496,0.98757,0.96296,0.99237,0.91874,0.98757,0.96296,0.99242,0.70721,0.4246,0.43222,0.18971,0.00212,0,0.0006536,0.0006536,0.0006536
682,8035.37,0.54872,0.71594,0.30804,0.00229,0.03375,0.98954,0.96633,0.99242,0.91814,0.98954,0.96633,0.99212,0.70957,0.42564,0.43341,0.19119,0.00214,0,0.00065162,0.00065162,0.00065162
683,8047.8,0.53898,0.70466,0.29421,0.00228,0.04469,0.98962,0.96285,0.9927,0.91711,0.98962,0.96285,0.99247,0.71246,0.42569,0.43287,0.18973,0.00214,0,0.00064964,0.00064964,0.00064964
684,8059.58,0.52785,0.69516,0.29252,0.00221,0.04455,0.98907,0.9596,0.99255,0.91671,0.98907,0.9596,0.99234,0.71547,0.42975,0.42998,0.18686,0.00215,0,0.00064766,0.00064766,0.00064766
685,8072.11,0.53205,0.70479,0.29435,0.00224,0.03832,0.96346,0.98316,0.99264,0.91695,0.96346,0.98316,0.99208,0.71453,0.42748,0.42947,0.18725,0.00214,0,0.00064568,0.00064568,0.00064568
686,8083.3,0.5363,0.70251,0.29776,0.00226,0.0328,0.97303,0.97173,0.99261,0.9184,0.97303,0.97173,0.99184,0.71558,0.42396,0.42877,0.19105,0.00212,0,0.0006437,0.0006437,0.0006437
687,8096.1,0.53572,0.71135,0.2971,0.00228,0.03916,0.98622,0.96424,0.99263,0.91693,0.98622,0.96424,0.99176,0.7141,0.42299,0.43064,0.18975,0.00211,0,0.00064172,0.00064172,0.00064172
688,8108.56,0.53977,0.72287,0.3036,0.00228,0.04891,0.98771,0.96633,0.99289,0.91839,0.98771,0.96633,0.99326,0.70802,0.42689,0.43069,0.18391,0.00213,0,0.00063974,0.00063974,0.00063974
689,8120.56,0.5267,0.68302,0.30068,0.00224,0.05717,0.98969,0.9697,0.99308,0.91903,0.98969,0.9697,0.9932,0.70399,0.42287,0.42933,0.18825,0.00211,0,0.00063776,0.00063776,0.00063776
690,8133.24,0.54489,0.71092,0.30871,0.0023,0.04201,0.98628,0.96822,0.99318,0.91817,0.98628,0.96822,0.99324,0.70985,0.42488,0.42918,0.18676,0.00211,0,0.00063578,0.00063578,0.00063578
691,8144.89,0.54196,0.72492,0.30724,0.00225,0.06145,0.98636,0.97373,0.99307,0.91819,0.98636,0.97373,0.99318,0.71264,0.42385,0.42804,0.18898,0.00211,0,0.0006338,0.0006338,0.0006338
692,8156.76,0.5301,0.70252,0.29116,0.00224,0.04736,0.98345,0.96296,0.99282,0.91989,0.98345,0.96296,0.99301,0.70795,0.41746,0.42674,0.19321,0.00207,0,0.00063182,0.00063182,0.00063182
693,8168.6,0.55271,0.73182,0.30782,0.00231,0.05158,0.99304,0.96134,0.99317,0.91808,0.99304,0.96134,0.99329,0.71148,0.42064,0.42854,0.18799,0.00207,0,0.00062984,0.00062984,0.00062984
694,8180.72,0.53752,0.73376,0.2971,0.00223,0.04215,0.98823,0.96633,0.99324,0.91656,0.98823,0.96633,0.99333,0.71118,0.42364,0.42735,0.18543,0.0021,0,0.00062786,0.00062786,0.00062786
695,8192.71,0.53692,0.71596,0.30077,0.00224,0.04611,0.97908,0.97306,0.9932,0.91731,0.97908,0.97306,0.9932,0.71436,0.42076,0.42504,0.18425,0.00208,0,0.00062588,0.00062588,0.00062588
696,8205.25,0.53013,0.70659,0.29395,0.00225,0.04574,0.97568,0.97306,0.99326,0.91784,0.97568,0.97306,0.99326,0.71414,0.42161,0.42548,0.18313,0.00206,0,0.0006239,0.0006239,0.0006239
697,8217.49,0.53693,0.71918,0.30094,0.00228,0.04156,0.97289,0.96649,0.99246,0.91805,0.97289,0.96649,0.99246,0.71531,0.42408,0.42341,0.18627,0.0021,0,0.00062192,0.00062192,0.00062192
698,8229.22,0.53593,0.7074,0.29923,0.00226,0.03917,0.97282,0.96409,0.99247,0.91622,0.97282,0.96409,0.99247,0.71744,0.4214,0.42602,0.19187,0.00207,0,0.00061994,0.00061994,0.00061994
699,8239.73,0.53141,0.71273,0.29542,0.00226,0.04534,0.97931,0.95628,0.99266,0.91691,0.97931,0.95628,0.99147,0.71667,0.42123,0.42777,0.19075,0.00208,0,0.00061796,0.00061796,0.00061796
700,8252.09,0.54053,0.73659,0.30231,0.0022,0.04142,0.9856,0.95623,0.99231,0.9169,0.9856,0.95623,0.9912,0.71779,0.424,0.42644,0.19471,0.00209,0,0.00061598,0.00061598,0.00061598
701,8263.77,0.53498,0.70081,0.29749,0.00225,0.04156,0.96016,0.97379,0.99229,0.9168,0.96016,0.97379,0.99117,0.71728,0.42422,0.42615,0.19285,0.0021,0,0.000614,0.000614,0.000614
702,8275.49,0.53566,0.73559,0.30148,0.00217,0.05974,0.96299,0.96382,0.99221,0.91177,0.96299,0.96382,0.99089,0.71975,0.42316,0.4248,0.19381,0.0021,0,0.00061202,0.00061202,0.00061202
703,8287.19,0.53568,0.72441,0.30306,0.00221,0.04854,0.96622,0.96311,0.99226,0.9122,0.96622,0.96311,0.99097,0.71808,0.42134,0.42396,0.19596,0.00211,0,0.00061004,0.00061004,0.00061004
704,8299.47,0.53364,0.6957,0.29481,0.00229,0.05778,0.97687,0.95623,0.9923,0.91401,0.97687,0.95623,0.9923,0.71838,0.42044,0.42381,0.19255,0.00211,0,0.00060806,0.00060806,0.00060806
705,8311.55,0.54585,0.71017,0.29803,0.00231,0.04928,0.98478,0.95623,0.99245,0.91616,0.98478,0.95623,0.9926,0.71766,0.41796,0.42364,0.1962,0.0021,0,0.00060608,0.00060608,0.00060608
706,8324.14,0.5311,0.68304,0.29454,0.00228,0.05935,0.98273,0.95778,0.99242,0.91805,0.98273,0.95778,0.99242,0.72048,0.41617,0.425,0.1958,0.0021,0,0.0006041,0.0006041,0.0006041
707,8336.39,0.53587,0.69734,0.30155,0.00229,0.03953,0.97982,0.9596,0.99223,0.9173,0.97982,0.9596,0.99226,0.71161,0.42073,0.42693,0.19224,0.00212,0,0.00060212,0.00060212,0.00060212
708,8347.98,0.52713,0.70112,0.29047,0.00223,0.04093,0.98617,0.96013,0.99231,0.91778,0.98617,0.96013,0.9909,0.71185,0.41589,0.4285,0.19323,0.00209,0,0.00060014,0.00060014,0.00060014
709,8359.49,0.52891,0.70287,0.29725,0.00225,0.0391,0.98303,0.95623,0.992,0.91541,0.98303,0.95623,0.99063,0.70572,0.42043,0.43043,0.18708,0.0021,0,0.00059816,0.00059816,0.00059816
710,8370.22,0.53189,0.69854,0.29729,0.00225,0.05819,0.99352,0.94949,0.99247,0.91597,0.99352,0.94949,0.99138,0.70638,0.41704,0.42872,0.19144,0.00209,0,0.00059618,0.00059618,0.00059618
711,8381.19,0.5231,0.69153,0.30185,0.00221,0.05462,0.9667,0.9798,0.99266,0.91752,0.9667,0.9798,0.99289,0.70832,0.4164,0.42929,0.18827,0.00209,0,0.0005942,0.0005942,0.0005942
712,8393.43,0.52581,0.70028,0.28921,0.00226,0.03687,0.99295,0.94864,0.99245,0.91812,0.99295,0.94864,0.99276,0.70763,0.41743,0.42905,0.18959,0.00209,0,0.00059222,0.00059222,0.00059222
713,8404.9,0.53149,0.72144,0.30165,0.00224,0.04395,0.98273,0.95816,0.99253,0.919,0.98276,0.95952,0.99283,0.70979,0.41696,0.43115,0.18928,0.0021,0,0.00059024,0.00059024,0.00059024
714,8416.16,0.54546,0.73278,0.30182,0.00221,0.05638,0.95667,0.97643,0.99221,0.91577,0.95911,0.97643,0.99279,0.70714,0.41889,0.43376,0.19246,0.0021,0,0.00058826,0.00058826,0.00058826
715,8428.65,0.52417,0.70842,0.28811,0.00223,0.04115,0.96356,0.97947,0.99237,0.91448,0.96683,0.98148,0.993,0.70294,0.42403,0.43428,0.18787,0.00212,0,0.00058628,0.00058628,0.00058628
716,8440.7,0.54124,0.73247,0.30632,0.00219,0.03829,0.97882,0.9697,0.99295,0.91548,0.98124,0.97306,0.99349,0.70912,0.42544,0.43307,0.18396,0.00211,0,0.0005843,0.0005843,0.0005843
717,8452.68,0.52941,0.71382,0.29401,0.00219,0.04432,0.9795,0.96519,0.99239,0.91494,0.97626,0.96906,0.99283,0.71013,0.42635,0.4312,0.18862,0.00212,0,0.00058232,0.00058232,0.00058232
718,8464.98,0.52907,0.71778,0.2938,0.00219,0.03878,0.96954,0.96441,0.99205,0.91631,0.97269,0.9697,0.9924,0.70914,0.4227,0.43243,0.19745,0.00208,0,0.00058034,0.00058034,0.00058034
719,8477.12,0.53884,0.73092,0.29941,0.00218,0.06243,0.98037,0.96296,0.99282,0.91738,0.98037,0.96296,0.99288,0.7078,0.42354,0.43501,0.19417,0.00209,0,0.00057836,0.00057836,0.00057836
720,8488.8,0.51483,0.69365,0.28794,0.00218,0.05219,0.96997,0.97891,0.99276,0.91785,0.96997,0.97891,0.99293,0.71053,0.42327,0.43468,0.19722,0.00209,0,0.00057638,0.00057638,0.00057638
721,8501.01,0.53891,0.71675,0.29664,0.0023,0.04392,0.96985,0.97491,0.9927,0.91408,0.96985,0.97491,0.99284,0.70863,0.42189,0.43585,0.19136,0.0021,0,0.0005744,0.0005744,0.0005744
722,8513.21,0.53319,0.6976,0.29729,0.00232,0.05035,0.97892,0.97643,0.99312,0.91574,0.97892,0.97643,0.99329,0.70595,0.41953,0.43829,0.19054,0.00208,0,0.00057242,0.00057242,0.00057242
723,8524.89,0.52917,0.70232,0.29294,0.00224,0.04282,0.96963,0.9798,0.99258,0.91695,0.96963,0.9798,0.99258,0.7086,0.41885,0.43866,0.19182,0.00209,0,0.00057044,0.00057044,0.00057044
724,8536.72,0.53,0.71741,0.30826,0.00226,0.04375,0.96963,0.96749,0.99214,0.91867,0.96963,0.96749,0.99211,0.711,0.41528,0.46172,0.20378,0.00207,0,0.00056846,0.00056846,0.00056846
725,8549.77,0.534,0.71344,0.30553,0.00223,0.05389,0.9631,0.9697,0.99187,0.91763,0.9631,0.9697,0.99172,0.71112,0.41476,0.46217,0.20463,0.00207,0,0.00056648,0.00056648,0.00056648
726,8560.82,0.53116,0.71986,0.3153,0.00224,0.06028,0.97624,0.9683,0.99236,0.91692,0.97624,0.9683,0.99208,0.71269,0.41761,0.43087,0.19657,0.00208,0,0.0005645,0.0005645,0.0005645
727,8572.68,0.5307,0.71251,0.30157,0.00225,0.04346,0.97425,0.9697,0.99313,0.91834,0.97425,0.9697,0.99313,0.70965,0.41505,0.43018,0.19505,0.00207,0,0.00056252,0.00056252,0.00056252
728,8584.94,0.53721,0.73747,0.29802,0.00219,0.04389,0.96043,0.98075,0.99309,0.91781,0.96043,0.98075,0.99309,0.71109,0.41762,0.4306,0.19637,0.00207,0,0.00056054,0.00056054,0.00056054
729,8596.81,0.53463,0.68711,0.28993,0.00233,0.04279,0.96662,0.97516,0.99306,0.9163,0.96662,0.97516,0.99279,0.71211,0.42096,0.42906,0.19532,0.00209,0,0.00055856,0.00055856,0.00055856
730,8608.78,0.53012,0.7108,0.29517,0.0022,0.05157,0.97281,0.9637,0.99266,0.91661,0.97281,0.9637,0.9924,0.70906,0.42528,0.43027,0.19541,0.0021,0,0.00055658,0.00055658,0.00055658
731,8621.02,0.52805,0.69832,0.29784,0.00225,0.0413,0.98747,0.96296,0.9934,0.91847,0.98747,0.96296,0.9934,0.71037,0.42087,0.42632,0.19304,0.0021,0,0.0005546,0.0005546,0.0005546
732,8632.92,0.52931,0.70559,0.29022,0.00223,0.05223,0.97613,0.97306,0.99344,0.91885,0.97613,0.97306,0.99344,0.71159,0.42115,0.4256,0.19003,0.00209,0,0.00055262,0.00055262,0.00055262
733,8644.45,0.5263,0.7217,0.28813,0.00212,0.06054,0.96982,0.9737,0.99327,0.91624,0.96982,0.9737,0.99327,0.71044,0.42043,0.42564,0.19181,0.00209,0,0.00055064,0.00055064,0.00055064
734,8656.72,0.52185,0.68128,0.29483,0.00228,0.06695,0.96662,0.97513,0.99248,0.91585,0.96662,0.97513,0.99214,0.70784,0.42018,0.4265,0.19666,0.00209,0,0.00054866,0.00054866,0.00054866
735,8669.17,0.52932,0.68204,0.29948,0.0023,0.04369,0.97417,0.9697,0.99253,0.918,0.97417,0.9697,0.99234,0.70926,0.42087,0.46201,0.19372,0.00208,0,0.00054668,0.00054668,0.00054668
736,8680.81,0.53315,0.73033,0.29989,0.00217,0.04128,0.96326,0.97112,0.99268,0.91874,0.95992,0.96775,0.99182,0.71,0.41776,0.43561,0.19275,0.00208,0,0.0005447,0.0005447,0.0005447
737,8692.08,0.52847,0.70334,0.29455,0.00225,0.05704,0.96995,0.9697,0.99259,0.92104,0.9908,0.94613,0.99215,0.70957,0.41712,0.43526,0.19312,0.0021,0,0.00054272,0.00054272,0.00054272
738,8704.84,0.53696,0.72057,0.29831,0.00219,0.03875,0.98614,0.95846,0.99275,0.92234,0.9852,0.95623,0.99241,0.71074,0.41347,0.4339,0.19556,0.00209,0,0.00054074,0.00054074,0.00054074
739,8716.83,0.54008,0.73466,0.30241,0.00222,0.03759,0.96572,0.97306,0.99294,0.92297,0.98602,0.94975,0.99245,0.7098,0.41345,0.43269,0.19401,0.00209,0,0.00053876,0.00053876,0.00053876
740,8728.61,0.53219,0.70088,0.29089,0.00225,0.03432,0.98283,0.96363,0.99326,0.92334,0.98283,0.96363,0.99305,0.71265,0.41501,0.43157,0.18769,0.00209,0,0.00053678,0.00053678,0.00053678
741,8741.39,0.53688,0.70827,0.29909,0.00222,0.04,0.98711,0.95286,0.99283,0.92128,0.98711,0.95286,0.99256,0.71476,0.41427,0.43061,0.1926,0.00208,0,0.0005348,0.0005348,0.0005348
742,8754.16,0.53335,0.71151,0.28997,0.00224,0.03557,0.97423,0.96633,0.9923,0.92276,0.97423,0.96633,0.99223,0.71365,0.41038,0.4303,0.19514,0.00205,0,0.00053282,0.00053282,0.00053282
743,8766.5,0.52626,0.70102,0.29049,0.00218,0.0319,0.97947,0.96367,0.9925,0.92227,0.98614,0.95797,0.9924,0.71427,0.41296,0.43015,0.18918,0.00206,0,0.00053084,0.00053084,0.00053084
744,8778.98,0.52863,0.70915,0.28697,0.00224,0.04226,0.98911,0.9596,0.99275,0.92093,0.98957,0.95795,0.99255,0.71395,0.4139,0.43012,0.18951,0.00207,0,0.00052886,0.00052886,0.00052886
745,8791.55,0.53001,0.69686,0.29155,0.00224,0.04917,0.97633,0.97209,0.99311,0.92126,0.98956,0.95712,0.99283,0.71421,0.41785,0.43245,0.18592,0.00206,0,0.00052688,0.00052688,0.00052688
746,8803.79,0.52014,0.68431,0.28447,0.00218,0.042,0.98926,0.9596,0.99314,0.92021,0.98926,0.9596,0.99256,0.71672,0.41563,0.43266,0.18785,0.00206,0,0.0005249,0.0005249,0.0005249
747,8815.43,0.52566,0.70017,0.29644,0.00223,0.03989,0.98279,0.96115,0.99313,0.91993,0.98851,0.9596,0.99235,0.71484,0.41734,0.43258,0.18948,0.00207,0,0.00052292,0.00052292,0.00052292
748,8828.1,0.5239,0.69751,0.28378,0.00221,0.03248,0.96981,0.97335,0.99281,0.91708,0.98954,0.95601,0.99186,0.71107,0.41834,0.43332,0.18919,0.00208,0,0.00052094,0.00052094,0.00052094
749,8840.65,0.51705,0.69175,0.28942,0.00218,0.0492,0.98753,0.96296,0.99293,0.91995,0.98607,0.9596,0.9921,0.71241,0.41617,0.43257,0.18635,0.00207,0,0.00051896,0.00051896,0.00051896
750,8852.96,0.52546,0.7008,0.29411,0.00219,0.05482,0.98401,0.96296,0.99318,0.91949,0.98204,0.9596,0.99241,0.71362,0.41702,0.43281,0.18287,0.00207,0,0.00051698,0.00051698,0.00051698
751,8863.61,0.51562,0.68876,0.2848,0.00209,0.03256,0.98295,0.97062,0.99342,0.91938,0.98295,0.97062,0.99342,0.71055,0.41556,0.43197,0.17997,0.00207,0,0.000515,0.000515,0.000515
752,8875.87,0.53192,0.72623,0.29911,0.00216,0.0563,0.9573,0.98143,0.99265,0.91712,0.9573,0.98143,0.99274,0.7108,0.41381,0.43109,0.18797,0.00205,0,0.00051302,0.00051302,0.00051302
753,8888.94,0.52701,0.70154,0.28886,0.00223,0.04217,0.96981,0.97357,0.99296,0.91889,0.96981,0.97357,0.9931,0.71314,0.41149,0.43115,0.17981,0.00204,0,0.00051104,0.00051104,0.00051104
754,8900.94,0.53018,0.69673,0.29613,0.00221,0.04675,0.97949,0.96462,0.9932,0.91854,0.97949,0.96462,0.99335,0.71377,0.41124,0.43096,0.18191,0.00203,0,0.00050906,0.00050906,0.00050906
755,8913.16,0.53885,0.71887,0.30075,0.0022,0.06645,0.96724,0.97306,0.99342,0.9205,0.96724,0.97306,0.99342,0.71863,0.40888,0.42928,0.17674,0.00203,0,0.00050708,0.00050708,0.00050708
756,8925.47,0.54069,0.71837,0.30107,0.00227,0.07129,0.96578,0.9798,0.99293,0.91944,0.96246,0.97643,0.99249,0.71869,0.40939,0.42793,0.17739,0.00202,0,0.0005051,0.0005051,0.0005051
757,8937.32,0.5134,0.67953,0.29212,0.00221,0.06098,0.96593,0.9798,0.99307,0.92,0.96261,0.97643,0.99253,0.71607,0.4098,0.42823,0.17771,0.00201,0,0.00050312,0.00050312,0.00050312
758,8949.92,0.52677,0.71299,0.29331,0.00218,0.05149,0.96985,0.97468,0.99313,0.92044,0.96985,0.97468,0.99313,0.71968,0.41343,0.42778,0.17593,0.00204,0,0.00050114,0.00050114,0.00050114
759,8962.47,0.52408,0.71652,0.29594,0.00218,0.03726,0.9726,0.97306,0.99346,0.92082,0.9726,0.97306,0.99346,0.72095,0.41346,0.42734,0.17114,0.00204,0,0.00049916,0.00049916,0.00049916
760,8974.39,0.51378,0.69854,0.28535,0.00214,0.04431,0.97487,0.9697,0.99297,0.9211,0.97487,0.9697,0.99297,0.71833,0.41167,0.42758,0.17713,0.00203,0,0.00049718,0.00049718,0.00049718
761,8986.24,0.51514,0.69889,0.28342,0.00218,0.03925,0.97873,0.9697,0.99327,0.92302,0.97873,0.9697,0.99327,0.71882,0.41128,0.4281,0.1766,0.00202,0,0.0004952,0.0004952,0.0004952
762,8998.44,0.51495,0.67672,0.28696,0.00221,0.04223,0.97966,0.97285,0.99346,0.92282,0.97966,0.97285,0.99346,0.71499,0.41173,0.42839,0.17489,0.00202,0,0.00049322,0.00049322,0.00049322
763,9010.3,0.51805,0.68497,0.28623,0.00215,0.03936,0.97927,0.9697,0.99314,0.92167,0.97927,0.9697,0.99314,0.71378,0.4123,0.42749,0.17869,0.00202,0,0.00049124,0.00049124,0.00049124
764,9022.25,0.53552,0.7285,0.30621,0.00221,0.05112,0.97905,0.97306,0.99279,0.92034,0.97905,0.97306,0.99279,0.71343,0.41611,0.42817,0.18227,0.00204,0,0.00048926,0.00048926,0.00048926
765,9034.45,0.51255,0.68617,0.28428,0.00215,0.03621,0.97172,0.97643,0.99303,0.92208,0.96837,0.97306,0.99242,0.7162,0.41683,0.42918,0.17864,0.00205,0,0.00048728,0.00048728,0.00048728
766,9045.86,0.52037,0.67133,0.28924,0.0022,0.03704,0.98435,0.9596,0.99279,0.9212,0.9809,0.95623,0.99251,0.71534,0.41337,0.42898,0.18333,0.00202,0,0.0004853,0.0004853,0.0004853
767,9057.95,0.51356,0.6887,0.29009,0.00211,0.03702,0.97782,0.9697,0.99282,0.92267,0.97414,0.96633,0.99248,0.71582,0.41346,0.42733,0.18009,0.00201,0,0.00048332,0.00048332,0.00048332
768,9069.25,0.51403,0.69461,0.2908,0.00213,0.05265,0.97621,0.96722,0.99195,0.9209,0.97282,0.96405,0.99152,0.71437,0.41236,0.42713,0.18919,0.00201,0,0.00048134,0.00048134,0.00048134
769,9081.88,0.52186,0.6943,0.28691,0.00209,0.05626,0.96924,0.96633,0.99236,0.92107,0.96586,0.96296,0.99201,0.71657,0.41405,0.42798,0.18224,0.00203,0,0.00047936,0.00047936,0.00047936
770,9094.47,0.53211,0.69711,0.29403,0.00221,0.04512,0.9762,0.9669,0.99232,0.92152,0.9728,0.96353,0.99171,0.71597,0.41592,0.42791,0.18758,0.00204,0,0.00047738,0.00047738,0.00047738
771,9106.95,0.52707,0.71074,0.29675,0.00216,0.07807,0.97634,0.96633,0.99283,0.92056,0.97294,0.96296,0.99226,0.7172,0.4158,0.42812,0.18292,0.00204,0,0.0004754,0.0004754,0.0004754
772,9119.07,0.52716,0.70743,0.29795,0.00218,0.0554,0.97841,0.96633,0.99333,0.91965,0.975,0.96296,0.99262,0.71868,0.41339,0.42773,0.17693,0.00204,0,0.00047342,0.00047342,0.00047342
773,9131.82,0.51398,0.71025,0.28737,0.00211,0.04363,0.98571,0.96633,0.99296,0.92015,0.98571,0.96633,0.99296,0.71692,0.41465,0.42685,0.17948,0.00203,0,0.00047144,0.00047144,0.00047144
774,9144.66,0.51296,0.69367,0.2886,0.00213,0.04027,0.98606,0.95297,0.99184,0.92032,0.98606,0.95297,0.99184,0.71766,0.41296,0.42408,0.18747,0.00203,0,0.00046946,0.00046946,0.00046946
775,9156.32,0.51341,0.69167,0.28919,0.00216,0.03733,0.99241,0.95623,0.99291,0.92139,0.99241,0.95623,0.99291,0.71937,0.4084,0.42288,0.18489,0.002,0,0.00046748,0.00046748,0.00046748
776,9168.47,0.52365,0.69742,0.29248,0.00223,0.04774,0.98949,0.95106,0.99315,0.92335,0.98949,0.95106,0.99315,0.71703,0.40793,0.42154,0.18131,0.00199,0,0.0004655,0.0004655,0.0004655
777,9180.66,0.52186,0.70863,0.28605,0.00214,0.04439,0.98957,0.95811,0.99291,0.92311,0.98957,0.95811,0.99291,0.71494,0.40674,0.42133,0.18352,0.002,0,0.00046352,0.00046352,0.00046352
778,9192.08,0.51248,0.68382,0.28253,0.00214,0.04194,0.97299,0.97047,0.99325,0.92414,0.97299,0.97047,0.99325,0.71642,0.4058,0.42154,0.18088,0.00199,0,0.00046154,0.00046154,0.00046154
779,9204.31,0.51873,0.69687,0.29191,0.00214,0.07172,0.97457,0.97643,0.9934,0.92455,0.97457,0.97643,0.9934,0.71655,0.40658,0.42248,0.17578,0.00201,0,0.00045956,0.00045956,0.00045956
780,9216.53,0.51415,0.68536,0.28997,0.00216,0.03805,0.98961,0.96193,0.99359,0.92628,0.98961,0.96193,0.99359,0.71725,0.40715,0.42393,0.17268,0.002,0,0.00045758,0.00045758,0.00045758
781,9228.63,0.50645,0.66873,0.28338,0.00219,0.04299,0.98136,0.97306,0.99363,0.92602,0.98136,0.97306,0.99363,0.71731,0.40954,0.42406,0.16923,0.00201,0,0.0004556,0.0004556,0.0004556
782,9240.81,0.52063,0.69896,0.29271,0.00211,0.05294,0.98127,0.97306,0.99367,0.92549,0.98127,0.97306,0.99367,0.71837,0.41051,0.42382,0.17014,0.00202,0,0.00045362,0.00045362,0.00045362
783,9252.36,0.51757,0.6864,0.29359,0.00214,0.05028,0.98415,0.96633,0.99338,0.92331,0.98415,0.96633,0.99338,0.71976,0.41208,0.42319,0.17356,0.00203,0,0.00045164,0.00045164,0.00045164
784,9265.21,0.51492,0.69708,0.28495,0.00211,0.0392,0.98943,0.96633,0.99343,0.92102,0.98943,0.96633,0.99343,0.71609,0.41401,0.42352,0.17248,0.00203,0,0.00044966,0.00044966,0.00044966
785,9277.97,0.53213,0.73313,0.29857,0.00212,0.05372,0.98415,0.96633,0.99343,0.9206,0.98415,0.96633,0.99346,0.71639,0.41392,0.42329,0.17213,0.00202,0,0.00044768,0.00044768,0.00044768
786,9290.41,0.52287,0.70386,0.28895,0.00222,0.05387,0.97626,0.96937,0.99332,0.92236,0.97626,0.96937,0.99332,0.71933,0.41037,0.42164,0.17674,0.002,0,0.0004457,0.0004457,0.0004457
787,9302.44,0.51961,0.71506,0.28762,0.00212,0.05077,0.97423,0.9697,0.99315,0.92105,0.97423,0.9697,0.99315,0.7225,0.41049,0.42131,0.17719,0.002,0,0.00044372,0.00044372,0.00044372
788,9314.91,0.50516,0.67755,0.27124,0.00212,0.03661,0.97406,0.97306,0.99342,0.92212,0.97653,0.98055,0.99367,0.72368,0.40921,0.42108,0.17414,0.002,0,0.00044174,0.00044174,0.00044174
789,9328.62,0.53141,0.72634,0.29861,0.00223,0.04884,0.96939,0.98316,0.9935,0.92261,0.97216,0.98653,0.9935,0.72403,0.40851,0.42049,0.17557,0.00199,0,0.00043976,0.00043976,0.00043976
790,9341.58,0.52755,0.70564,0.29576,0.00216,0.05897,0.96921,0.9798,0.99328,0.92142,0.97206,0.98316,0.99351,0.72488,0.4102,0.42023,0.17341,0.00201,0,0.00043778,0.00043778,0.00043778
791,9353.68,0.51207,0.67886,0.28267,0.00215,0.04138,0.97271,0.97643,0.99338,0.92194,0.97141,0.9798,0.99351,0.7235,0.40921,0.4205,0.17414,0.00201,0,0.0004358,0.0004358,0.0004358
792,9364.71,0.52484,0.70259,0.30149,0.00214,0.0552,0.97253,0.9798,0.99326,0.92146,0.96884,0.98316,0.99338,0.72226,0.40957,0.42155,0.17577,0.00202,0,0.00043382,0.00043382,0.00043382
793,9377.5,0.51786,0.69283,0.28805,0.00211,0.04978,0.9765,0.97922,0.99368,0.92142,0.97226,0.98316,0.99378,0.72705,0.40938,0.42203,0.17557,0.00201,0,0.00043184,0.00043184,0.00043184
794,9390.08,0.52373,0.70801,0.29367,0.00216,0.04817,0.97337,0.9798,0.99391,0.92119,0.97662,0.98437,0.99395,0.72845,0.40905,0.42212,0.17302,0.002,0,0.00042986,0.00042986,0.00042986
795,9401.98,0.52928,0.72095,0.29094,0.00214,0.0337,0.97658,0.98264,0.99407,0.92319,0.97671,0.98831,0.99417,0.72394,0.40848,0.42216,0.17048,0.002,0,0.00042788,0.00042788,0.00042788
796,9414.71,0.52563,0.7089,0.29126,0.00219,0.04612,0.97646,0.9798,0.99397,0.92366,0.97646,0.9798,0.99397,0.72548,0.41216,0.42232,0.16674,0.00203,0,0.0004259,0.0004259,0.0004259
797,9427.34,0.52666,0.72191,0.29256,0.00218,0.03636,0.9725,0.9798,0.99371,0.92258,0.97205,0.9798,0.99381,0.72058,0.41457,0.42307,0.17031,0.00203,0,0.00042392,0.00042392,0.00042392
798,9439.48,0.51451,0.68992,0.29042,0.00211,0.04456,0.98376,0.96633,0.99368,0.92235,0.98376,0.96633,0.99372,0.72151,0.41396,0.42413,0.17092,0.00204,0,0.00042194,0.00042194,0.00042194
799,9451.41,0.51131,0.68261,0.28417,0.00211,0.04796,0.98319,0.96633,0.99376,0.92122,0.98319,0.96633,0.99376,0.72232,0.41296,0.42305,0.17032,0.00202,0,0.00041996,0.00041996,0.00041996
800,9463.91,0.51931,0.68731,0.28553,0.00219,0.04297,0.97322,0.97881,0.99362,0.92133,0.97322,0.97903,0.99366,0.7232,0.41215,0.42201,0.16987,0.00203,0,0.00041798,0.00041798,0.00041798
801,9476.48,0.51769,0.69718,0.29429,0.00218,0.05226,0.97646,0.97763,0.99369,0.92238,0.97646,0.97763,0.99372,0.72211,0.41261,0.42171,0.16802,0.00202,0,0.000416,0.000416,0.000416
802,9488.33,0.51207,0.68547,0.28502,0.00219,0.05611,0.97649,0.9798,0.99358,0.92482,0.97432,0.9798,0.99365,0.72482,0.41105,0.42124,0.16737,0.00203,0,0.00041402,0.00041402,0.00041402
803,9501.44,0.51663,0.68477,0.28638,0.00215,0.05858,0.97272,0.9798,0.99359,0.92389,0.97272,0.9798,0.99359,0.72306,0.40952,0.42017,0.17087,0.00203,0,0.00041204,0.00041204,0.00041204
804,9513.73,0.51517,0.69507,0.29162,0.00211,0.05186,0.97954,0.96735,0.99344,0.92503,0.97954,0.96735,0.99344,0.72003,0.4084,0.41998,0.17003,0.00202,0,0.00041006,0.00041006,0.00041006
805,9525.83,0.51068,0.69209,0.28193,0.00213,0.05536,0.98039,0.96296,0.99361,0.92427,0.98039,0.96296,0.99361,0.7192,0.40843,0.4199,0.16934,0.00202,0,0.00040808,0.00040808,0.00040808
806,9539.6,0.51984,0.71072,0.28405,0.0021,0.0381,0.99205,0.96296,0.99365,0.92586,0.99205,0.96296,0.99365,0.71975,0.40695,0.42088,0.17032,0.00202,0,0.0004061,0.0004061,0.0004061
807,9550.79,0.5177,0.71174,0.28593,0.00213,0.0336,0.99128,0.96296,0.99371,0.92493,0.99128,0.96296,0.99371,0.71667,0.41145,0.42135,0.16806,0.00202,0,0.00040412,0.00040412,0.00040412
808,9563.53,0.5232,0.70941,0.29697,0.00216,0.03356,0.99109,0.96633,0.99372,0.92489,0.99109,0.96633,0.99372,0.71685,0.40733,0.4211,0.16887,0.00201,0,0.00040214,0.00040214,0.00040214
809,9575.22,0.50878,0.67756,0.28123,0.00211,0.0376,0.98843,0.96296,0.99365,0.92527,0.98843,0.96296,0.99365,0.71673,0.40626,0.42089,0.16955,0.00201,0,0.00040016,0.00040016,0.00040016
810,9587.43,0.51126,0.70069,0.28455,0.00212,0.03998,0.98787,0.96633,0.99375,0.92737,0.98787,0.96633,0.99375,0.71839,0.40458,0.42041,0.16782,0.002,0,0.00039818,0.00039818,0.00039818
811,9600.66,0.51239,0.66087,0.27968,0.00218,0.03897,0.99247,0.9697,0.99378,0.92626,0.99247,0.9697,0.99378,0.71859,0.40584,0.42059,0.16497,0.002,0,0.0003962,0.0003962,0.0003962
812,9613.43,0.5176,0.69468,0.28751,0.00213,0.03286,0.99148,0.9697,0.99384,0.92688,0.99148,0.9697,0.99384,0.71868,0.40977,0.42051,0.16301,0.00201,0,0.00039422,0.00039422,0.00039422
813,9626.04,0.51776,0.68955,0.28958,0.00216,0.04342,0.99091,0.96633,0.99369,0.92562,0.99091,0.96633,0.99369,0.71704,0.40959,0.42032,0.16412,0.00202,0,0.00039224,0.00039224,0.00039224
814,9638.07,0.51642,0.6967,0.27985,0.00209,0.03999,0.98965,0.96547,0.99346,0.92295,0.98965,0.96547,0.99346,0.71547,0.40989,0.4196,0.16951,0.00201,0,0.00039026,0.00039026,0.00039026
815,9649.88,0.51067,0.69355,0.28249,0.00209,0.04582,0.99305,0.96244,0.99349,0.92153,0.99305,0.96244,0.99349,0.71293,0.40746,0.42106,0.17207,0.00201,0,0.00038828,0.00038828,0.00038828
816,9661.93,0.5062,0.67231,0.28302,0.00217,0.04081,0.99299,0.9596,0.99323,0.92081,0.99299,0.9596,0.99323,0.71381,0.40932,0.42147,0.17299,0.00201,0,0.0003863,0.0003863,0.0003863
817,9674.78,0.50259,0.65882,0.27709,0.00213,0.04084,0.99017,0.95286,0.99299,0.92123,0.99017,0.95286,0.99299,0.7152,0.4085,0.42159,0.17525,0.00201,0,0.00038432,0.00038432,0.00038432
818,9687.26,0.525,0.71644,0.29263,0.0021,0.03843,0.96973,0.97085,0.99306,0.92182,0.96973,0.97085,0.99306,0.71198,0.40961,0.42115,0.17401,0.00201,0,0.00038234,0.00038234,0.00038234
819,9699.93,0.51881,0.70044,0.29066,0.00211,0.04806,0.97616,0.96505,0.99318,0.92224,0.97616,0.96505,0.99318,0.71355,0.40884,0.42112,0.1723,0.00201,0,0.00038036,0.00038036,0.00038036
820,9712.54,0.5132,0.67643,0.28618,0.00217,0.0612,0.9882,0.96296,0.99349,0.92274,0.9882,0.96296,0.99349,0.71441,0.40884,0.42149,0.16976,0.00201,0,0.00037838,0.00037838,0.00037838
821,9725.1,0.52214,0.69326,0.286,0.00216,0.04065,0.98765,0.95623,0.99328,0.92283,0.98765,0.95623,0.99328,0.71627,0.40975,0.42115,0.16984,0.00201,0,0.0003764,0.0003764,0.0003764
822,9738.39,0.51463,0.70486,0.29197,0.00212,0.04266,0.98719,0.96296,0.99342,0.92341,0.98719,0.96296,0.99342,0.71933,0.40877,0.42064,0.16884,0.00202,0,0.00037442,0.00037442,0.00037442
823,9751.97,0.52071,0.70293,0.29012,0.00211,0.03487,0.98357,0.96296,0.99323,0.92297,0.98357,0.96296,0.99323,0.72048,0.4085,0.42024,0.17055,0.00202,0,0.00037244,0.00037244,0.00037244
824,9764.59,0.51172,0.6755,0.28818,0.00215,0.05324,0.98908,0.96633,0.99329,0.92256,0.98908,0.96633,0.99329,0.72086,0.40785,0.42023,0.16842,0.00202,0,0.00037046,0.00037046,0.00037046
825,9777.75,0.50457,0.68039,0.27785,0.00212,0.04071,0.98962,0.96283,0.99349,0.92388,0.98962,0.96283,0.99349,0.72187,0.40728,0.41981,0.1676,0.00202,0,0.00036848,0.00036848,0.00036848
826,9790.67,0.51857,0.7214,0.29122,0.00208,0.03969,0.9896,0.96115,0.99346,0.92215,0.9896,0.96115,0.99346,0.72006,0.40586,0.41926,0.16795,0.00201,0,0.0003665,0.0003665,0.0003665
827,9803.77,0.51825,0.7089,0.28964,0.00211,0.04353,0.98812,0.9596,0.9935,0.9245,0.98812,0.9596,0.9935,0.71916,0.40631,0.41899,0.16794,0.002,0,0.00036452,0.00036452,0.00036452
828,9816.58,0.51026,0.69004,0.2895,0.00214,0.03246,0.96683,0.98156,0.99339,0.92447,0.96683,0.98156,0.99339,0.71966,0.40378,0.41831,0.16965,0.002,0,0.00036254,0.00036254,0.00036254
829,9828.76,0.51726,0.69498,0.29101,0.00212,0.04596,0.96929,0.9798,0.99333,0.92448,0.96929,0.9798,0.99333,0.72208,0.40246,0.41822,0.1753,0.002,0,0.00036056,0.00036056,0.00036056
830,9841.69,0.51383,0.69314,0.28283,0.00219,0.03146,0.98622,0.96359,0.9932,0.92425,0.98622,0.96359,0.9932,0.72341,0.40456,0.41886,0.1783,0.002,0,0.00035858,0.00035858,0.00035858
831,9853.44,0.51145,0.7014,0.2867,0.00211,0.04586,0.98225,0.9697,0.99315,0.92478,0.98225,0.9697,0.99189,0.72239,0.40482,0.41926,0.1787,0.002,0,0.0003566,0.0003566,0.0003566
832,9866,0.5146,0.6842,0.2879,0.00222,0.0464,0.98284,0.96441,0.99322,0.92483,0.98286,0.96512,0.99184,0.72183,0.40445,0.41948,0.17912,0.002,0,0.00035462,0.00035462,0.00035462
833,9879.54,0.50586,0.67756,0.28414,0.00216,0.0539,0.9895,0.95235,0.99305,0.92469,0.9895,0.95235,0.99305,0.72003,0.4065,0.41959,0.1822,0.002,0,0.00035264,0.00035264,0.00035264
834,9891.48,0.51034,0.69901,0.28434,0.00207,0.03504,0.95712,0.97696,0.99277,0.92333,0.95712,0.97696,0.99277,0.71988,0.40732,0.41984,0.18475,0.00201,0,0.00035066,0.00035066,0.00035066
835,9903.87,0.50006,0.68894,0.27409,0.00205,0.0396,0.98264,0.95297,0.99289,0.92496,0.98264,0.95297,0.99289,0.72011,0.40627,0.41988,0.18158,0.002,0,0.00034868,0.00034868,0.00034868
836,9915.15,0.51157,0.688,0.28156,0.00211,0.04581,0.98998,0.95286,0.99314,0.92562,0.98998,0.95286,0.99314,0.72016,0.40652,0.42031,0.18072,0.002,0,0.0003467,0.0003467,0.0003467
837,9927.52,0.519,0.68096,0.28292,0.00215,0.05191,0.99647,0.9516,0.99309,0.92467,0.99647,0.9516,0.99309,0.71876,0.40564,0.42066,0.17647,0.002,0,0.00034472,0.00034472,0.00034472
838,9940.06,0.49943,0.66262,0.2786,0.00211,0.04505,0.99298,0.95258,0.99326,0.92556,0.96045,0.98116,0.99169,0.71772,0.4069,0.41918,0.17146,0.00201,0,0.00034274,0.00034274,0.00034274
839,9952.44,0.51268,0.69136,0.28554,0.0021,0.05063,0.96363,0.98138,0.99341,0.92444,0.96363,0.98138,0.99341,0.71996,0.40717,0.41846,0.17106,0.00201,0,0.00034076,0.00034076,0.00034076
840,9965.09,0.51441,0.67412,0.28877,0.00207,0.0677,0.95962,0.9899,0.99368,0.9258,0.95962,0.9899,0.99368,0.72224,0.4085,0.41771,0.16805,0.00201,0,0.00033878,0.00033878,0.00033878
841,9976.95,0.50979,0.69648,0.28847,0.00208,0.0464,0.97632,0.97194,0.99364,0.92449,0.97632,0.97194,0.99364,0.72215,0.40785,0.41634,0.16779,0.00201,0,0.0003368,0.0003368,0.0003368
842,9987.71,0.50901,0.70268,0.28669,0.00204,0.05456,0.97313,0.97561,0.99373,0.9255,0.97313,0.97561,0.99373,0.7233,0.40625,0.4157,0.1678,0.00201,0,0.00033482,0.00033482,0.00033482
843,9996.91,0.50581,0.68896,0.28243,0.00204,0.0347,0.97949,0.965,0.99348,0.92658,0.97949,0.965,0.99348,0.72168,0.40709,0.41528,0.16981,0.002,0,0.00033284,0.00033284,0.00033284
844,10009.5,0.50368,0.67515,0.27388,0.00207,0.0334,0.97106,0.97306,0.99358,0.92707,0.97106,0.97306,0.99358,0.72424,0.40802,0.41545,0.17061,0.002,0,0.00033086,0.00033086,0.00033086
845,10022,0.50613,0.69951,0.27387,0.00202,0.04284,0.97313,0.97545,0.99364,0.92771,0.97313,0.97545,0.99364,0.72456,0.40768,0.41588,0.1712,0.002,0,0.00032888,0.00032888,0.00032888
846,10033.5,0.52522,0.72826,0.2965,0.00214,0.05061,0.97315,0.97616,0.99362,0.92679,0.97315,0.97616,0.99362,0.72282,0.40589,0.41692,0.17456,0.002,0,0.0003269,0.0003269,0.0003269
847,10046.3,0.51313,0.6922,0.28703,0.00209,0.05171,0.97638,0.97417,0.99353,0.92462,0.97638,0.97417,0.99353,0.72008,0.40766,0.41673,0.17576,0.00201,0,0.00032492,0.00032492,0.00032492
848,10059,0.50348,0.68378,0.2794,0.00211,0.04019,0.97627,0.96984,0.99328,0.92415,0.97627,0.96984,0.99328,0.7188,0.40793,0.41663,0.17856,0.00201,0,0.00032294,0.00032294,0.00032294
849,10071.7,0.50588,0.69404,0.28762,0.00205,0.05033,0.97837,0.9697,0.99325,0.92407,0.97837,0.9697,0.99325,0.7189,0.40865,0.41655,0.1788,0.00201,0,0.00032096,0.00032096,0.00032096
850,10084.6,0.49912,0.65804,0.26832,0.00206,0.03515,0.97963,0.9716,0.99317,0.92551,0.97963,0.9716,0.99317,0.7176,0.40774,0.41633,0.17932,0.002,0,0.00031898,0.00031898,0.00031898
851,10097.3,0.52,0.70769,0.29183,0.00208,0.0385,0.97957,0.96864,0.99313,0.92472,0.97957,0.96864,0.99313,0.72016,0.40782,0.41654,0.17963,0.002,0,0.000317,0.000317,0.000317
852,10108.5,0.50245,0.6776,0.28015,0.00209,0.04066,0.98259,0.96633,0.99324,0.92413,0.98259,0.96633,0.99324,0.71923,0.40658,0.41595,0.17873,0.002,0,0.00031502,0.00031502,0.00031502
853,10122,0.50568,0.68897,0.28685,0.00207,0.05677,0.97711,0.9697,0.99316,0.92487,0.97711,0.9697,0.99316,0.7227,0.4071,0.41524,0.17708,0.002,0,0.00031304,0.00031304,0.00031304
854,10134.3,0.50727,0.69876,0.27786,0.00206,0.03516,0.98746,0.96296,0.99335,0.92559,0.98746,0.96296,0.99335,0.72493,0.40619,0.41558,0.1766,0.002,0,0.00031106,0.00031106,0.00031106
855,10146.8,0.50827,0.67069,0.28353,0.00211,0.04338,0.98621,0.96308,0.99332,0.92645,0.98621,0.96308,0.99332,0.72482,0.40537,0.41629,0.17606,0.002,0,0.00030908,0.00030908,0.00030908
856,10158.5,0.51191,0.6949,0.29209,0.00214,0.05331,0.98809,0.96633,0.99329,0.92628,0.98809,0.96633,0.99329,0.72476,0.40449,0.41619,0.17609,0.002,0,0.0003071,0.0003071,0.0003071
857,10170.9,0.51144,0.6786,0.28558,0.00211,0.04189,0.98987,0.96296,0.99323,0.92638,0.98987,0.96296,0.99323,0.72336,0.4048,0.41614,0.17833,0.002,0,0.00030512,0.00030512,0.00030512
858,10183.2,0.50947,0.70076,0.2792,0.00206,0.03778,0.99005,0.96296,0.99334,0.92679,0.99005,0.96296,0.99334,0.72236,0.40643,0.41626,0.17607,0.002,0,0.00030314,0.00030314,0.00030314
859,10196,0.5096,0.69173,0.28272,0.00204,0.03747,0.9731,0.9798,0.99313,0.92453,0.9731,0.9798,0.99313,0.72092,0.40579,0.41635,0.17666,0.00201,0,0.00030116,0.00030116,0.00030116
860,10206,0.50325,0.67852,0.27986,0.00205,0.05317,0.9732,0.97803,0.99317,0.92364,0.9732,0.97803,0.99317,0.72215,0.40662,0.417,0.17747,0.00201,0,0.00029918,0.00029918,0.00029918
861,10216.8,0.50639,0.69277,0.2819,0.00209,0.03998,0.97311,0.9747,0.99299,0.92358,0.97311,0.9747,0.99299,0.72364,0.40569,0.4177,0.17977,0.00201,0,0.0002972,0.0002972,0.0002972
862,10227.1,0.50014,0.66019,0.27804,0.00213,0.04382,0.9746,0.9697,0.99297,0.92368,0.9746,0.9697,0.99297,0.7226,0.40595,0.41878,0.18104,0.00202,0,0.00029522,0.00029522,0.00029522
863,10239.1,0.50298,0.66816,0.28567,0.00214,0.05149,0.97314,0.97585,0.99321,0.92237,0.97314,0.97585,0.99321,0.72256,0.40531,0.42009,0.17663,0.00201,0,0.00029324,0.00029324,0.00029324
864,10251.7,0.50261,0.67523,0.27807,0.00207,0.04046,0.98959,0.96021,0.9931,0.92591,0.98959,0.96021,0.9931,0.72095,0.40475,0.42017,0.17478,0.00201,0,0.00029126,0.00029126,0.00029126
865,10263.2,0.50781,0.69196,0.28411,0.00212,0.05127,0.99105,0.9596,0.99308,0.92486,0.99105,0.9596,0.99308,0.72068,0.40503,0.4192,0.17503,0.002,0,0.00028928,0.00028928,0.00028928
866,10277,0.50106,0.6398,0.27453,0.00214,0.03876,0.98965,0.96555,0.99317,0.92511,0.98965,0.96555,0.99317,0.72346,0.4059,0.41896,0.17292,0.002,0,0.0002873,0.0002873,0.0002873
867,10290.8,0.50214,0.68526,0.28239,0.00206,0.04201,0.98872,0.96296,0.9932,0.92575,0.98872,0.96296,0.9932,0.72212,0.40486,0.41845,0.17634,0.002,0,0.00028532,0.00028532,0.00028532
868,10303.3,0.50977,0.69035,0.28035,0.00208,0.03192,0.98856,0.96296,0.99327,0.92605,0.98856,0.96296,0.99327,0.7213,0.40388,0.41751,0.1772,0.00199,0,0.00028334,0.00028334,0.00028334
869,10315.8,0.51274,0.6976,0.28802,0.0021,0.06841,0.9797,0.96633,0.99337,0.92579,0.9797,0.96633,0.99337,0.72144,0.40501,0.41712,0.17495,0.00199,0,0.00028136,0.00028136,0.00028136
870,10328.2,0.50194,0.69144,0.27949,0.00204,0.04446,0.98294,0.97016,0.99341,0.9254,0.98294,0.97016,0.99341,0.72205,0.40532,0.417,0.17272,0.002,0,0.00027938,0.00027938,0.00027938
871,10340.7,0.51009,0.69106,0.28326,0.00211,0.03774,0.98204,0.96296,0.99321,0.92516,0.98204,0.96296,0.99321,0.72386,0.40581,0.41657,0.17282,0.002,0,0.0002774,0.0002774,0.0002774
872,10353.6,0.5091,0.67957,0.27773,0.00214,0.03329,0.98283,0.96364,0.99314,0.9253,0.98283,0.96364,0.99314,0.72453,0.40595,0.41645,0.17233,0.002,0,0.00027542,0.00027542,0.00027542
873,10364.3,0.50339,0.67955,0.28055,0.00212,0.03316,0.98291,0.96796,0.99323,0.9253,0.98291,0.96796,0.99323,0.72194,0.40583,0.41637,0.17338,0.002,0,0.00027344,0.00027344,0.00027344
874,10377.1,0.50928,0.67333,0.28255,0.00216,0.03232,0.97657,0.97306,0.99323,0.9251,0.97657,0.97306,0.99323,0.72366,0.40602,0.41601,0.17724,0.002,0,0.00027146,0.00027146,0.00027146
875,10390.4,0.50608,0.67277,0.28576,0.00206,0.03464,0.97761,0.97306,0.99326,0.92549,0.97761,0.97306,0.99326,0.722,0.40616,0.41577,0.17603,0.002,0,0.00026948,0.00026948,0.00026948
876,10402.5,0.50205,0.68095,0.2807,0.00208,0.03554,0.97595,0.97643,0.99312,0.92569,0.97595,0.97643,0.99312,0.72188,0.40552,0.41613,0.17694,0.002,0,0.0002675,0.0002675,0.0002675
877,10414.4,0.50255,0.67891,0.28279,0.00208,0.04203,0.97917,0.97306,0.99304,0.92587,0.97917,0.97306,0.99304,0.72042,0.40444,0.4166,0.17869,0.002,0,0.00026552,0.00026552,0.00026552
878,10425.1,0.51573,0.67113,0.29059,0.00212,0.07147,0.97828,0.97306,0.99331,0.92717,0.97828,0.97306,0.99331,0.72193,0.40367,0.41656,0.17592,0.002,0,0.00026354,0.00026354,0.00026354
879,10435.4,0.50886,0.67955,0.28767,0.00205,0.04743,0.97925,0.97306,0.99337,0.92732,0.97925,0.97306,0.99337,0.72334,0.40311,0.41659,0.17465,0.002,0,0.00026156,0.00026156,0.00026156
880,10446.6,0.49677,0.66403,0.28142,0.00206,0.05073,0.97906,0.97306,0.99331,0.92859,0.97906,0.97306,0.99331,0.72367,0.40476,0.41658,0.17552,0.002,0,0.00025958,0.00025958,0.00025958
881,10457.8,0.49728,0.67638,0.27791,0.00207,0.03791,0.97638,0.97444,0.99331,0.92799,0.97638,0.97444,0.99331,0.72328,0.40451,0.41607,0.17539,0.002,0,0.0002576,0.0002576,0.0002576
882,10469,0.5033,0.66937,0.28326,0.00206,0.05357,0.97627,0.97306,0.99337,0.9269,0.97627,0.97306,0.99337,0.72019,0.40343,0.41548,0.17544,0.002,0,0.00025562,0.00025562,0.00025562
883,10481.2,0.50072,0.6662,0.28082,0.00209,0.03541,0.97318,0.97743,0.99334,0.92704,0.97318,0.97743,0.99334,0.72008,0.40395,0.41549,0.17341,0.002,0,0.00025364,0.00025364,0.00025364
884,10492.7,0.49658,0.66504,0.27297,0.00201,0.04332,0.97965,0.97238,0.99331,0.92748,0.97965,0.97238,0.99331,0.71976,0.40425,0.41552,0.17373,0.002,0,0.00025166,0.00025166,0.00025166
885,10505.6,0.49936,0.67135,0.28346,0.00206,0.0471,0.96991,0.9768,0.99327,0.92723,0.96991,0.9768,0.99327,0.71966,0.40444,0.41537,0.17442,0.002,0,0.00024968,0.00024968,0.00024968
886,10516.2,0.49893,0.66138,0.27145,0.00208,0.03194,0.96745,0.97643,0.99324,0.92719,0.96745,0.97643,0.99324,0.72149,0.40491,0.41492,0.17853,0.002,0,0.0002477,0.0002477,0.0002477
887,10530.3,0.50354,0.68452,0.27614,0.00208,0.04247,0.97513,0.97643,0.99333,0.92649,0.97513,0.97643,0.99333,0.7213,0.40526,0.41533,0.17506,0.00201,0,0.00024572,0.00024572,0.00024572
888,10543.8,0.50194,0.66695,0.28231,0.00203,0.04385,0.97575,0.97643,0.99333,0.92621,0.97575,0.97643,0.99333,0.71846,0.40511,0.41564,0.17373,0.00201,0,0.00024374,0.00024374,0.00024374
889,10557.4,0.493,0.67874,0.27035,0.00201,0.03211,0.97575,0.97306,0.9933,0.92486,0.97575,0.97306,0.9933,0.71922,0.40522,0.41554,0.17312,0.002,0,0.00024176,0.00024176,0.00024176
890,10570.5,0.50619,0.69239,0.28462,0.00203,0.05781,0.9735,0.97306,0.9932,0.92462,0.9735,0.97306,0.9932,0.71773,0.40378,0.41524,0.17399,0.002,0,0.00023978,0.00023978,0.00023978
891,10584.7,0.50427,0.68568,0.27573,0.00208,0.03265,0.97538,0.97306,0.99305,0.92536,0.97538,0.97306,0.99305,0.71963,0.40475,0.41501,0.17645,0.002,0,0.0002378,0.0002378,0.0002378
892,10599.1,0.518,0.70631,0.28729,0.00208,0.03859,0.97423,0.9697,0.99305,0.92425,0.97423,0.9697,0.99305,0.71913,0.40446,0.4157,0.1776,0.002,0,0.00023582,0.00023582,0.00023582
893,10613.3,0.50246,0.67051,0.27689,0.00206,0.03762,0.97428,0.9697,0.99317,0.92287,0.97428,0.9697,0.99317,0.72059,0.40536,0.41542,0.17691,0.002,0,0.00023384,0.00023384,0.00023384
894,10626.4,0.52086,0.73021,0.29414,0.0021,0.04914,0.97569,0.9697,0.99318,0.92313,0.97569,0.9697,0.99318,0.72143,0.40534,0.41531,0.17667,0.002,0,0.00023186,0.00023186,0.00023186
895,10640.8,0.50594,0.68581,0.27546,0.00202,0.04156,0.97621,0.96716,0.99305,0.92299,0.97621,0.96716,0.99305,0.72118,0.40512,0.41546,0.17794,0.00199,0,0.00022988,0.00022988,0.00022988
896,10654.9,0.49437,0.66696,0.27554,0.00209,0.05417,0.97621,0.96712,0.99317,0.92494,0.97621,0.96712,0.99317,0.7213,0.40574,0.41551,0.1778,0.002,0,0.0002279,0.0002279,0.0002279
897,10668.6,0.50754,0.68627,0.27682,0.00205,0.03145,0.97631,0.97127,0.99322,0.92427,0.97631,0.97127,0.99322,0.71996,0.40527,0.41548,0.17678,0.00199,0,0.00022592,0.00022592,0.00022592
898,10682.9,0.50717,0.67538,0.28385,0.0021,0.05097,0.97965,0.97276,0.99311,0.92496,0.97965,0.97276,0.99311,0.72067,0.40636,0.41569,0.17784,0.002,0,0.00022394,0.00022394,0.00022394
899,10696.1,0.50214,0.68205,0.27303,0.00203,0.03836,0.97717,0.9697,0.99292,0.92295,0.97717,0.9697,0.99292,0.72154,0.40433,0.4156,0.18025,0.002,0,0.00022196,0.00022196,0.00022196
900,10709.6,0.48655,0.6652,0.26843,0.00204,0.03626,0.97751,0.9697,0.99325,0.92365,0.97751,0.9697,0.99325,0.72232,0.40536,0.41571,0.17949,0.002,0,0.00021998,0.00021998,0.00021998
901,10723,0.51438,0.70421,0.28026,0.00207,0.03043,0.98009,0.9697,0.99323,0.92378,0.98009,0.9697,0.99323,0.723,0.40617,0.41585,0.17684,0.002,0,0.000218,0.000218,0.000218
902,10736.4,0.50769,0.69721,0.28589,0.00207,0.03694,0.98064,0.97306,0.99334,0.92396,0.98064,0.97306,0.99334,0.72405,0.40636,0.41553,0.17215,0.002,0,0.00021602,0.00021602,0.00021602
903,10749.7,0.49663,0.68416,0.26587,0.00205,0.04118,0.97725,0.97306,0.9935,0.92335,0.97725,0.97306,0.9935,0.72594,0.40674,0.41498,0.16987,0.002,0,0.00021404,0.00021404,0.00021404
904,10763.6,0.50027,0.70055,0.27432,0.00201,0.03802,0.97992,0.97643,0.99357,0.92493,0.97992,0.97643,0.99357,0.72486,0.40553,0.41511,0.16779,0.002,0,0.00021206,0.00021206,0.00021206
905,10777.1,0.48378,0.64145,0.26603,0.00208,0.03453,0.97637,0.97372,0.99359,0.92509,0.97637,0.97372,0.99359,0.72622,0.40563,0.41501,0.16757,0.00199,0,0.00021008,0.00021008,0.00021008
906,10790.7,0.49831,0.66805,0.27833,0.00209,0.04536,0.97645,0.97709,0.99359,0.92483,0.97645,0.97709,0.99359,0.72434,0.40619,0.41465,0.16679,0.002,0,0.0002081,0.0002081,0.0002081
907,10804.7,0.50151,0.69692,0.27733,0.00205,0.03351,0.9796,0.96996,0.99343,0.92538,0.9796,0.96996,0.99343,0.72402,0.40423,0.41424,0.16801,0.00199,0,0.00020612,0.00020612,0.00020612
908,10818.4,0.5018,0.67096,0.28552,0.0021,0.05838,0.97635,0.97317,0.99349,0.92512,0.97635,0.97317,0.99349,0.72421,0.40396,0.41415,0.16767,0.00199,0,0.00020414,0.00020414,0.00020414
909,10832.7,0.49725,0.68375,0.27707,0.00206,0.04339,0.97649,0.97643,0.99349,0.92616,0.97649,0.97643,0.99349,0.72536,0.40326,0.41419,0.16794,0.00198,0,0.00020216,0.00020216,0.00020216
910,10846.7,0.50834,0.67779,0.28261,0.00212,0.04326,0.97969,0.97449,0.9935,0.92636,0.97969,0.97449,0.9935,0.72542,0.4034,0.41435,0.16792,0.00198,0,0.00020018,0.00020018,0.00020018
911,10860.5,0.49524,0.66573,0.27473,0.00206,0.03118,0.97643,0.97657,0.99367,0.92704,0.97643,0.97657,0.99367,0.72558,0.40387,0.4145,0.1669,0.00198,0,0.0001982,0.0001982,0.0001982
912,10875.2,0.49258,0.66456,0.2708,0.00204,0.03742,0.97765,0.97643,0.99367,0.9275,0.97765,0.97643,0.99367,0.72506,0.40301,0.41465,0.16645,0.00198,0,0.00019622,0.00019622,0.00019622
913,10888.9,0.50093,0.69339,0.28196,0.00207,0.03538,0.97979,0.97958,0.99366,0.927,0.97979,0.97958,0.99366,0.7249,0.40233,0.41475,0.16671,0.00198,0,0.00019424,0.00019424,0.00019424
914,10902.5,0.49243,0.66597,0.27195,0.00205,0.03893,0.97485,0.9798,0.99359,0.92615,0.97485,0.9798,0.99359,0.72529,0.40095,0.41461,0.16754,0.00197,0,0.00019226,0.00019226,0.00019226
915,10915.5,0.5066,0.6806,0.28225,0.00209,0.04257,0.97547,0.9798,0.99363,0.92818,0.97547,0.9798,0.99363,0.7268,0.40046,0.4142,0.16697,0.00197,0,0.00019028,0.00019028,0.00019028
916,10928.8,0.49436,0.6804,0.27691,0.00202,0.07909,0.97498,0.9798,0.99359,0.92797,0.97498,0.9798,0.99359,0.72532,0.4003,0.41431,0.16783,0.00197,0,0.0001883,0.0001883,0.0001883
917,10941.7,0.50137,0.69982,0.27704,0.00202,0.05055,0.97729,0.9798,0.9936,0.92787,0.97729,0.9798,0.9936,0.72394,0.3996,0.41495,0.16854,0.00197,0,0.00018632,0.00018632,0.00018632
918,10956.1,0.48652,0.65995,0.26767,0.00203,0.04123,0.97498,0.9798,0.9936,0.92799,0.97498,0.9798,0.9936,0.72254,0.39997,0.41527,0.1685,0.00197,0,0.00018434,0.00018434,0.00018434
919,10969.3,0.50567,0.68636,0.28132,0.00208,0.06941,0.97649,0.97884,0.9937,0.92751,0.97649,0.97884,0.9937,0.72009,0.40014,0.41553,0.16683,0.00197,0,0.00018236,0.00018236,0.00018236
920,10982,0.49239,0.66919,0.2722,0.00204,0.03331,0.976,0.9798,0.99376,0.92736,0.976,0.9798,0.99376,0.72044,0.40045,0.4153,0.16591,0.00197,0,0.00018038,0.00018038,0.00018038
921,10995.9,0.51068,0.69103,0.29017,0.00209,0.04927,0.97604,0.9798,0.99373,0.92789,0.97604,0.9798,0.99373,0.7227,0.4004,0.41529,0.16717,0.00197,0,0.0001784,0.0001784,0.0001784
922,11009.3,0.49632,0.68072,0.276,0.00202,0.04269,0.97642,0.97598,0.99374,0.92817,0.97642,0.97598,0.99374,0.722,0.40054,0.41534,0.16906,0.00197,0,0.00017642,0.00017642,0.00017642
923,11022.8,0.49459,0.68761,0.27458,0.002,0.03933,0.97741,0.97306,0.9937,0.9277,0.97741,0.97306,0.9937,0.72441,0.39918,0.41528,0.1683,0.00197,0,0.00017444,0.00017444,0.00017444
924,11036.3,0.49825,0.66791,0.27782,0.00202,0.05333,0.97637,0.97376,0.99361,0.92803,0.97637,0.97376,0.99361,0.72342,0.39855,0.41529,0.16938,0.00196,0,0.00017246,0.00017246,0.00017246
925,11050.5,0.49845,0.68768,0.27862,0.00203,0.03849,0.97635,0.97294,0.99347,0.92783,0.97635,0.97294,0.99347,0.7246,0.39767,0.41538,0.16972,0.00196,0,0.00017048,0.00017048,0.00017048
926,11064.4,0.50041,0.67513,0.27872,0.00201,0.03771,0.98589,0.96296,0.99361,0.92758,0.98589,0.96296,0.99361,0.72395,0.39758,0.41573,0.17066,0.00196,0,0.0001685,0.0001685,0.0001685
927,11077.9,0.49049,0.66093,0.27972,0.00205,0.04107,0.98671,0.96296,0.99361,0.92803,0.98671,0.96296,0.99361,0.72376,0.39923,0.41578,0.17027,0.00196,0,0.00016652,0.00016652,0.00016652
928,11092.2,0.49636,0.66789,0.27555,0.00207,0.03953,0.95609,0.99327,0.9937,0.92817,0.95609,0.99327,0.9937,0.72452,0.39849,0.41468,0.16854,0.00197,0,0.00016454,0.00016454,0.00016454
929,11105.8,0.50738,0.69378,0.28914,0.00203,0.03537,0.9748,0.97643,0.99361,0.92816,0.9748,0.97643,0.99361,0.72388,0.39863,0.41491,0.16888,0.00197,0,0.00016256,0.00016256,0.00016256
930,11119.4,0.49902,0.66861,0.27268,0.00196,0.04549,0.97639,0.97489,0.99352,0.92881,0.97639,0.97489,0.99352,0.72534,0.39811,0.41489,0.16924,0.00197,0,0.00016058,0.00016058,0.00016058
931,11133.3,0.48938,0.66827,0.27968,0.00202,0.04369,0.97629,0.97033,0.99345,0.92891,0.97629,0.97033,0.99345,0.72303,0.39743,0.41488,0.17146,0.00197,0,0.0001586,0.0001586,0.0001586
932,11147.4,0.49548,0.67863,0.27704,0.00201,0.044,0.97963,0.97169,0.99351,0.92906,0.97963,0.97169,0.99351,0.72451,0.39781,0.4152,0.16999,0.00196,0,0.00015662,0.00015662,0.00015662
933,11160.5,0.49179,0.66749,0.2718,0.002,0.04146,0.98085,0.96633,0.9937,0.92929,0.98085,0.96633,0.9937,0.72488,0.39778,0.41538,0.16919,0.00196,0,0.00015464,0.00015464,0.00015464
934,11174.5,0.49866,0.68599,0.28341,0.00204,0.04558,0.98377,0.9697,0.99358,0.9302,0.98377,0.9697,0.99358,0.72316,0.39841,0.41533,0.16922,0.00196,0,0.00015266,0.00015266,0.00015266
935,11187.8,0.51623,0.71801,0.28537,0.00204,0.05607,0.98824,0.9697,0.9936,0.9299,0.98824,0.9697,0.9936,0.72436,0.39781,0.4154,0.16948,0.00197,0,0.00015068,0.00015068,0.00015068
936,11201.8,0.49658,0.68682,0.28337,0.00207,0.03746,0.98957,0.97306,0.99368,0.92924,0.98957,0.97306,0.99368,0.72488,0.39807,0.41559,0.16883,0.00197,0,0.0001487,0.0001487,0.0001487
937,11216,0.49879,0.67328,0.27556,0.00201,0.03928,0.98793,0.9697,0.99367,0.92911,0.98793,0.9697,0.99367,0.72547,0.39864,0.41557,0.16886,0.00197,0,0.00014672,0.00014672,0.00014672
938,11229.2,0.49505,0.65607,0.27278,0.00201,0.04048,0.98716,0.9697,0.99359,0.92969,0.98716,0.9697,0.99359,0.72488,0.39875,0.41572,0.17,0.00197,0,0.00014474,0.00014474,0.00014474
939,11242.7,0.49449,0.69016,0.27779,0.002,0.03704,0.98653,0.9697,0.99336,0.92849,0.98653,0.9697,0.99336,0.72527,0.40022,0.41572,0.17119,0.00197,0,0.00014276,0.00014276,0.00014276
940,11255.7,0.49435,0.6791,0.27156,0.00201,0.04265,0.98651,0.9697,0.9934,0.92933,0.98651,0.9697,0.9934,0.72425,0.39986,0.41586,0.17174,0.00197,0,0.00014078,0.00014078,0.00014078
941,11269.1,0.4981,0.67402,0.27746,0.00204,0.05689,0.98968,0.96875,0.99303,0.92816,0.98968,0.96875,0.99303,0.72139,0.39967,0.41584,0.17511,0.00198,0,0.0001388,0.0001388,0.0001388
942,11282.1,0.49408,0.68091,0.27231,0.00199,0.04853,0.98865,0.96633,0.99284,0.92721,0.98865,0.96633,0.99284,0.7232,0.40046,0.41618,0.17882,0.00198,0,0.00013682,0.00013682,0.00013682
943,11295.3,0.49329,0.6719,0.27382,0.00204,0.03613,0.98577,0.96633,0.99279,0.92759,0.98577,0.96633,0.99279,0.72149,0.40047,0.41653,0.17904,0.00198,0,0.00013484,0.00013484,0.00013484
944,11308.5,0.49585,0.67617,0.27181,0.00203,0.03329,0.9855,0.96633,0.99283,0.92785,0.9855,0.96633,0.99283,0.72378,0.40163,0.41685,0.17715,0.00198,0,0.00013286,0.00013286,0.00013286
945,11321.6,0.49519,0.67019,0.27504,0.00202,0.03368,0.98232,0.96633,0.99275,0.92792,0.98232,0.96633,0.99275,0.72231,0.39994,0.41662,0.17597,0.00198,0,0.00013088,0.00013088,0.00013088
946,11334.7,0.49539,0.66068,0.28098,0.00211,0.04813,0.98331,0.96633,0.99285,0.92834,0.98331,0.96633,0.99285,0.72413,0.4008,0.41651,0.17302,0.00199,0,0.0001289,0.0001289,0.0001289
947,11347.7,0.49421,0.6933,0.2819,0.00199,0.04522,0.98333,0.96633,0.99292,0.92839,0.98333,0.96633,0.99292,0.7225,0.40083,0.41645,0.17283,0.00199,0,0.00012692,0.00012692,0.00012692
948,11361.2,0.48932,0.65839,0.26932,0.00207,0.04681,0.9863,0.96964,0.99298,0.92833,0.9863,0.96964,0.99298,0.72272,0.40053,0.41635,0.17255,0.00199,0,0.00012494,0.00012494,0.00012494
949,11374.9,0.4927,0.6712,0.27843,0.00203,0.05164,0.98246,0.96633,0.99344,0.92871,0.98246,0.96633,0.99344,0.72292,0.39987,0.41625,0.17124,0.00198,0,0.00012296,0.00012296,0.00012296
950,11387.9,0.49804,0.67634,0.28045,0.002,0.04433,0.96747,0.98653,0.99359,0.92881,0.96747,0.98653,0.99359,0.72306,0.401,0.41691,0.16902,0.00198,0,0.00012098,0.00012098,0.00012098
951,11401.7,0.50359,0.68149,0.27555,0.002,0.03462,0.97114,0.98316,0.99359,0.92845,0.97114,0.98316,0.99359,0.72385,0.40225,0.41699,0.16929,0.00198,0,0.000119,0.000119,0.000119
952,11414.7,0.50104,0.69553,0.27776,0.00201,0.04221,0.97328,0.98117,0.99359,0.92814,0.97328,0.98117,0.99359,0.72476,0.40179,0.41709,0.16937,0.00198,0,0.00011702,0.00011702,0.00011702
953,11428.3,0.49626,0.6933,0.28626,0.00201,0.07597,0.98297,0.97306,0.99363,0.92898,0.98297,0.97306,0.99363,0.72449,0.40159,0.41722,0.17001,0.00198,0,0.00011504,0.00011504,0.00011504
954,11441.4,0.4879,0.65808,0.27206,0.00202,0.04348,0.98147,0.97306,0.99366,0.92898,0.98147,0.97306,0.99366,0.72306,0.40204,0.41765,0.17001,0.00198,0,0.00011306,0.00011306,0.00011306
955,11455.7,0.49825,0.68132,0.27773,0.00203,0.04051,0.97317,0.97686,0.99366,0.92902,0.97317,0.97686,0.99366,0.72292,0.40233,0.41812,0.16883,0.00198,0,0.00011108,0.00011108,0.00011108
956,11469.9,0.48762,0.64456,0.26795,0.00202,0.03217,0.9807,0.97306,0.99369,0.92884,0.9807,0.97306,0.99369,0.72227,0.40171,0.41831,0.16839,0.00198,0,0.0001091,0.0001091,0.0001091
957,11483.6,0.49131,0.68072,0.2761,0.00197,0.03207,0.97971,0.9697,0.99353,0.92891,0.97971,0.9697,0.99353,0.72133,0.40141,0.41841,0.16865,0.00197,0,0.00010712,0.00010712,0.00010712
958,11497.6,0.49024,0.6589,0.27036,0.00197,0.03252,0.98149,0.9697,0.99367,0.92913,0.98149,0.9697,0.99367,0.72235,0.4005,0.41851,0.16759,0.00197,0,0.00010514,0.00010514,0.00010514
959,11511.2,0.48609,0.6599,0.26887,0.00202,0.03624,0.98018,0.97306,0.9937,0.92851,0.98018,0.97306,0.9937,0.72366,0.40058,0.41848,0.16736,0.00197,0,0.00010316,0.00010316,0.00010316
960,11524.8,0.48382,0.6244,0.26329,0.00206,0.04681,0.97973,0.97656,0.99376,0.92874,0.97973,0.97656,0.99376,0.72381,0.39939,0.41847,0.16709,0.00197,0,0.00010118,0.00010118,0.00010118
961,11538.4,0.50199,0.68721,0.28495,0.00204,0.04439,0.98006,0.97643,0.99373,0.92899,0.98006,0.97643,0.99373,0.72361,0.40039,0.41842,0.16676,0.00197,0,9.92e-05,9.92e-05,9.92e-05
962,11551.9,0.48772,0.66705,0.27423,0.00203,0.04735,0.97966,0.97315,0.9938,0.92894,0.97966,0.97315,0.9938,0.72338,0.40011,0.41822,0.16664,0.00197,0,9.722e-05,9.722e-05,9.722e-05
963,11565.7,0.48898,0.6647,0.27624,0.00199,0.03609,0.9821,0.97306,0.9938,0.92908,0.9821,0.97306,0.9938,0.72397,0.39964,0.41827,0.16661,0.00197,0,9.524e-05,9.524e-05,9.524e-05
964,11579.9,0.49335,0.68006,0.27946,0.002,0.04126,0.98297,0.97184,0.9937,0.92948,0.98297,0.97184,0.9937,0.72492,0.40092,0.41819,0.16695,0.00197,0,9.326e-05,9.326e-05,9.326e-05
965,11593.7,0.49593,0.66623,0.278,0.00205,0.04366,0.98448,0.9697,0.9938,0.92827,0.98448,0.9697,0.9938,0.72468,0.40074,0.41791,0.16721,0.00197,0,9.128e-05,9.128e-05,9.128e-05
966,11606.8,0.49353,0.64699,0.27472,0.00211,0.04926,0.98297,0.9718,0.99377,0.92881,0.98297,0.9718,0.99377,0.72457,0.39962,0.41766,0.1668,0.00196,0,8.93e-05,8.93e-05,8.93e-05
967,11621.2,0.50397,0.69363,0.28697,0.00201,0.03977,0.98663,0.9697,0.99377,0.92896,0.98663,0.9697,0.99377,0.72493,0.39872,0.41765,0.16717,0.00196,0,8.732e-05,8.732e-05,8.732e-05
968,11635.4,0.50977,0.71661,0.28796,0.00198,0.03625,0.98096,0.96633,0.9938,0.92853,0.98096,0.96633,0.9938,0.72469,0.39893,0.41774,0.16776,0.00196,0,8.534e-05,8.534e-05,8.534e-05
969,11649.4,0.49091,0.661,0.27608,0.00201,0.05488,0.98174,0.96633,0.99377,0.92875,0.98174,0.96633,0.99377,0.72447,0.39903,0.41773,0.16786,0.00196,0,8.336e-05,8.336e-05,8.336e-05
970,11663,0.49032,0.68723,0.2745,0.00197,0.0383,0.97955,0.96772,0.9938,0.92834,0.97955,0.96772,0.9938,0.72515,0.39862,0.41772,0.16733,0.00196,0,8.138e-05,8.138e-05,8.138e-05
971,11676.5,0.49998,0.68207,0.27539,0.00204,0.03235,0.98616,0.96633,0.99381,0.92751,0.98616,0.96633,0.99381,0.72616,0.39865,0.4177,0.16738,0.00196,0,7.94e-05,7.94e-05,7.94e-05
972,11690.3,0.48513,0.66484,0.2677,0.00195,0.03223,0.98381,0.97306,0.99391,0.92755,0.98381,0.97306,0.99391,0.72568,0.39866,0.41758,0.16694,0.00196,0,7.742e-05,7.742e-05,7.742e-05
973,11703.5,0.49538,0.67278,0.276,0.00199,0.03994,0.98458,0.97306,0.99387,0.9283,0.98458,0.97306,0.99387,0.72424,0.39903,0.41775,0.16748,0.00196,0,7.544e-05,7.544e-05,7.544e-05
974,11717.7,0.49338,0.67526,0.27171,0.00201,0.0385,0.98969,0.96936,0.9939,0.92772,0.98969,0.96936,0.9939,0.72407,0.39935,0.41787,0.16663,0.00197,0,7.346e-05,7.346e-05,7.346e-05
975,11731.5,0.50259,0.69959,0.28377,0.00197,0.05263,0.98967,0.96755,0.99387,0.92889,0.98967,0.96755,0.99387,0.72263,0.3989,0.41763,0.16724,0.00196,0,7.148e-05,7.148e-05,7.148e-05
976,11745.4,0.49107,0.67164,0.27467,0.00205,0.03502,0.98967,0.96778,0.99371,0.92798,0.98967,0.96778,0.99371,0.72342,0.39911,0.41745,0.16815,0.00196,0,6.95e-05,6.95e-05,6.95e-05
977,11759.1,0.49838,0.68614,0.27657,0.00205,0.04731,0.98967,0.96819,0.99384,0.9285,0.98967,0.96819,0.99384,0.72412,0.40102,0.4161,0.16552,0.00197,0,6.752e-05,6.752e-05,6.752e-05
978,11772.4,0.48329,0.66697,0.27134,0.00196,0.04159,0.98969,0.96929,0.99394,0.92776,0.98969,0.96929,0.99394,0.72335,0.40071,0.41594,0.16439,0.00197,0,6.554e-05,6.554e-05,6.554e-05
979,11786.1,0.50935,0.72656,0.28643,0.00198,0.03879,0.98969,0.9693,0.99391,0.92814,0.98969,0.9693,0.99391,0.72422,0.40014,0.41585,0.16383,0.00197,0,6.356e-05,6.356e-05,6.356e-05
980,11799.6,0.48344,0.65376,0.26495,0.00202,0.04088,0.98746,0.96633,0.99394,0.92757,0.98746,0.96633,0.99394,0.72612,0.4007,0.41564,0.16371,0.00197,0,6.158e-05,6.158e-05,6.158e-05
981,11812.8,0.48372,0.65115,0.2665,0.00201,0.03146,0.98968,0.96842,0.99398,0.92718,0.98968,0.96842,0.99398,0.72529,0.39926,0.41677,0.16419,0.00196,0,5.96e-05,5.96e-05,5.96e-05
982,11826.9,0.49836,0.68653,0.28344,0.00201,0.03441,0.98753,0.96633,0.99391,0.92728,0.98753,0.96633,0.99391,0.72389,0.39808,0.41674,0.16448,0.00196,0,5.762e-05,5.762e-05,5.762e-05
983,11840.2,0.48289,0.66794,0.27104,0.00202,0.0462,0.98762,0.96633,0.99388,0.92679,0.98762,0.96633,0.99388,0.72371,0.39817,0.4168,0.16454,0.00196,0,5.564e-05,5.564e-05,5.564e-05
984,11853.6,0.48713,0.67029,0.26658,0.00197,0.03909,0.98682,0.96296,0.99388,0.92665,0.98682,0.96296,0.99388,0.7215,0.39899,0.41674,0.16535,0.00196,0,5.366e-05,5.366e-05,5.366e-05
985,11867.4,0.48802,0.65452,0.27358,0.00204,0.04115,0.9868,0.96296,0.99391,0.92654,0.9868,0.96296,0.99391,0.72079,0.39814,0.41684,0.16651,0.00196,0,5.168e-05,5.168e-05,5.168e-05
986,11881.2,0.49076,0.66284,0.27704,0.00199,0.03577,0.98767,0.96633,0.99391,0.92639,0.98767,0.96633,0.99391,0.72194,0.3978,0.41688,0.16524,0.00196,0,4.97e-05,4.97e-05,4.97e-05
987,11895.6,0.49815,0.67662,0.27737,0.00198,0.04039,0.98968,0.96824,0.99391,0.92644,0.98968,0.96824,0.99391,0.72128,0.39824,0.41677,0.16523,0.00196,0,4.772e-05,4.772e-05,4.772e-05
988,11909.6,0.47739,0.66324,0.25977,0.00199,0.05174,0.98967,0.96805,0.99391,0.92601,0.98967,0.96805,0.99391,0.72208,0.39756,0.41666,0.16501,0.00196,0,4.574e-05,4.574e-05,4.574e-05
989,11923.9,0.4923,0.66263,0.27372,0.00197,0.04621,0.98968,0.96835,0.99388,0.92594,0.98968,0.96835,0.99388,0.7229,0.39893,0.41666,0.16555,0.00196,0,4.376e-05,4.376e-05,4.376e-05
990,11937.3,0.48686,0.67721,0.26727,0.00195,0.04753,0.98968,0.96839,0.99388,0.92528,0.98968,0.96839,0.99388,0.72279,0.39963,0.41661,0.16605,0.00196,0,4.178e-05,4.178e-05,4.178e-05
991,11956.8,0.40331,0.47079,0.19971,0.00219,0.03596,0.98969,0.96938,0.99388,0.92583,0.98969,0.96938,0.99388,0.72276,0.39952,0.41663,0.16608,0.00197,0,3.98e-05,3.98e-05,3.98e-05
992,11970,0.39532,0.46948,0.19795,0.00208,0.03739,0.98972,0.97231,0.99391,0.92598,0.98972,0.97231,0.99391,0.72341,0.4001,0.41664,0.16719,0.00197,0,3.782e-05,3.782e-05,3.782e-05
993,11984,0.38895,0.45109,0.18308,0.00214,0.03772,0.98965,0.96558,0.99378,0.92614,0.98965,0.96558,0.99378,0.72089,0.40156,0.41682,0.16606,0.00197,0,3.584e-05,3.584e-05,3.584e-05
994,11997.6,0.38094,0.44568,0.18595,0.00211,0.03905,0.98983,0.9596,0.99375,0.926,0.98983,0.9596,0.99375,0.72177,0.40155,0.41704,0.16693,0.00197,0,3.386e-05,3.386e-05,3.386e-05
995,12011.1,0.38782,0.47394,0.19332,0.00206,0.03703,0.98621,0.96309,0.99381,0.92722,0.98621,0.96309,0.99381,0.7199,0.40157,0.41661,0.16952,0.00198,0,3.188e-05,3.188e-05,3.188e-05
996,12024.8,0.38787,0.46731,0.19177,0.00205,0.03618,0.98623,0.96435,0.99382,0.92744,0.98623,0.96435,0.99382,0.72059,0.40248,0.4169,0.17032,0.00198,0,2.99e-05,2.99e-05,2.99e-05
997,12038.5,0.3838,0.45641,0.1864,0.00202,0.03864,0.98624,0.96533,0.99357,0.92751,0.98624,0.96533,0.99357,0.71996,0.40257,0.41701,0.17085,0.00198,0,2.792e-05,2.792e-05,2.792e-05
998,12052.4,0.39169,0.47168,0.195,0.00206,0.0375,0.98362,0.96296,0.99329,0.9262,0.98362,0.96296,0.99329,0.72169,0.40236,0.41715,0.17218,0.00199,0,2.594e-05,2.594e-05,2.594e-05
999,12065.3,0.3865,0.46269,0.1928,0.00212,0.03975,0.9862,0.96247,0.99322,0.92655,0.9862,0.96247,0.99322,0.7221,0.40239,0.41737,0.17293,0.00199,0,2.396e-05,2.396e-05,2.396e-05
1000,12078.9,0.38626,0.46423,0.19162,0.00207,0.03459,0.99302,0.95791,0.99308,0.92606,0.99302,0.95791,0.99308,0.7212,0.40352,0.41733,0.17424,0.00199,0,2.198e-05,2.198e-05,2.198e-05
