0 0.288542 0.280469 0.2875 0.28125 0.284375 0.28125 0.283333 0.282031 0.28125 0.282031 0.280208 0.282812 0.277083 0.282812 0.276042 0.283594 0.271875 0.283594 0.270833 0.284375 0.26875 0.284375 0.267708 0.285156 0.266667 0.285156 0.265625 0.285937 0.263542 0.285937 0.2625 0.286719 0.260417 0.286719 0.259375 0.2875 0.257292 0.2875 0.25625 0.288281 0.255208 0.288281 0.254167 0.289062 0.253125 0.289062 0.252083 0.289844 0.251042 0.289844 0.25 0.290625 0.248958 0.290625 0.247917 0.291406 0.246875 0.291406 0.245833 0.292187 0.244792 0.292187 0.24375 0.292969 0.242708 0.292969 0.241667 0.29375 0.240625 0.29375 0.2375 0.296094 0.236458 0.296094 0.234375 0.297656 0.233333 0.297656 0.227083 0.302344 0.226042 0.302344 0.225 0.303125 0.225 0.303906 0.220833 0.307031 0.220833 0.307812 0.21875 0.309375 0.21875 0.310156 0.216667 0.311719 0.216667 0.3125 0.215625 0.313281 0.215625 0.332812 0.21875 0.335156 0.21875 0.335938 0.219792 0.336719 0.219792 0.3375 0.220833 0.338281 0.220833 0.339062 0.223958 0.341406 0.223958 0.342187 0.232292 0.348437 0.233333 0.348437 0.235417 0.35 0.236458 0.35 0.238542 0.351562 0.239583 0.351562 0.240625 0.352344 0.241667 0.352344 0.24375 0.353906 0.245833 0.353906 0.246875 0.354687 0.247917 0.354687 0.248958 0.355469 0.25 0.355469 0.251042 0.35625 0.253125 0.35625 0.254167 0.357031 0.257292 0.357031 0.258333 0.357812 0.260417 0.357812 0.261458 0.358594 0.264583 0.358594 0.265625 0.359375 0.267708 0.359375 0.26875 0.360156 0.272917 0.360156 0.273958 0.360937 0.279167 0.360937 0.280208 0.361719 0.286458 0.361719 0.2875 0.3625 0.301042 0.3625 0.302083 0.363281 0.320833 0.363281 0.321875 0.3625 0.333333 0.3625 0.334375 0.361719 0.340625 0.361719 0.341667 0.360937 0.346875 0.360937 0.347917 0.360156 0.353125 0.360156 0.354167 0.359375 0.357292 0.359375 0.358333 0.358594 0.360417 0.358594 0.361458 0.357812 0.364583 0.357812 0.365625 0.357031 0.36875 0.357031 0.369792 0.35625 0.371875 0.35625 0.372917 0.355469 0.375 0.355469 0.376042 0.354687 0.377083 0.354687 0.378125 0.353906 0.380208 0.353906 0.38125 0.353125 0.382292 0.353125 0.383333 0.352344 0.385417 0.352344 0.386458 0.351562 0.3875 0.351562 0.388542 0.350781 0.389583 0.350781 0.390625 0.35 0.391667 0.35 0.392708 0.349219 0.39375 0.349219 0.395833 0.347656 0.396875 0.347656 0.397917 0.346875 0.398958 0.346875 0.402083 0.344531 0.403125 0.344531 0.405208 0.342969 0.40625 0.342969 0.4125 0.338281 0.4125 0.3375 0.415625 0.335156 0.415625 0.334375 0.417708 0.332812 0.417708 0.332031 0.41875 0.33125 0.419792 0.33125 0.419792 0.330469 0.421875 0.328906 0.421875 0.327344 0.422917 0.326562 0.422917 0.3125 0.421875 0.311719 0.421875 0.308594 0.420833 0.307812 0.420833 0.30625 0.419792 0.305469 0.419792 0.304688 0.41875 0.303906 0.41875 0.303125 0.416667 0.301562 0.416667 0.300781 0.4125 0.297656 0.4125 0.296875 0.411458 0.296094 0.410417 0.296094 0.40625 0.292969 0.405208 0.292969 0.402083 0.290625 0.401042 0.290625 0.4 0.289844 0.398958 0.289844 0.397917 0.289062 0.396875 0.289062 0.394792 0.2875 0.39375 0.2875 0.392708 0.286719 0.391667 0.286719 0.390625 0.285937 0.388542 0.285937 0.3875 0.285156 0.386458 0.285156 0.385417 0.284375 0.384375 0.284375 0.383333 0.283594 0.380208 0.283594 0.379167 0.282812 0.377083 0.282812 0.376042 0.282031 0.373958 0.282031 0.372917 0.28125 0.370833 0.28125 0.369792 0.280469 0.984444
0 0.572917 0.375 0.571875 0.375781 0.56875 0.375781 0.567708 0.376562 0.565625 0.376562 0.564583 0.377344 0.5625 0.377344 0.561458 0.378125 0.559375 0.378125 0.558333 0.378906 0.55625 0.378906 0.555208 0.379687 0.554167 0.379687 0.553125 0.380469 0.552083 0.380469 0.551042 0.38125 0.55 0.38125 0.548958 0.382031 0.546875 0.382031 0.545833 0.382812 0.544792 0.382812 0.54375 0.383594 0.542708 0.383594 0.541667 0.384375 0.540625 0.384375 0.538542 0.385937 0.5375 0.385937 0.535417 0.3875 0.534375 0.3875 0.523958 0.395312 0.523958 0.396094 0.521875 0.397656 0.521875 0.398438 0.519792 0.4 0.519792 0.400781 0.51875 0.401562 0.51875 0.402344 0.517708 0.403125 0.517708 0.421094 0.51875 0.421875 0.51875 0.422656 0.519792 0.423437 0.519792 0.425 0.520833 0.425781 0.520833 0.427344 0.521875 0.428125 0.521875 0.428906 0.522917 0.429688 0.522917 0.430469 0.523958 0.43125 0.523958 0.432031 0.526042 0.433594 0.526042 0.434375 0.538542 0.44375 0.539583 0.44375 0.541667 0.445312 0.542708 0.445312 0.544792 0.446875 0.545833 0.446875 0.547917 0.448437 0.548958 0.448437 0.55 0.449219 0.551042 0.449219 0.552083 0.45 0.553125 0.45 0.554167 0.450781 0.555208 0.450781 0.55625 0.451562 0.558333 0.451562 0.559375 0.452344 0.561458 0.452344 0.5625 0.453125 0.563542 0.453125 0.564583 0.453906 0.565625 0.453906 0.566667 0.454687 0.56875 0.454687 0.569792 0.455469 0.571875 0.455469 0.572917 0.45625 0.576042 0.45625 0.577083 0.457031 0.580208 0.457031 0.58125 0.457812 0.584375 0.457812 0.585417 0.458594 0.589583 0.458594 0.590625 0.459375 0.594792 0.459375 0.595833 0.460156 0.602083 0.460156 0.603125 0.460937 0.633333 0.460937 0.634375 0.460156 0.640625 0.460156 0.641667 0.459375 0.647917 0.459375 0.648958 0.458594 0.652083 0.458594 0.653125 0.457812 0.655208 0.457812 0.65625 0.457031 0.658333 0.457031 0.659375 0.45625 0.661458 0.45625 0.6625 0.455469 0.665625 0.455469 0.666667 0.454687 0.667708 0.454687 0.66875 0.453906 0.669792 0.453906 0.670833 0.453125 0.671875 0.453125 0.672917 0.452344 0.673958 0.452344 0.675 0.451562 0.676042 0.451562 0.678125 0.45 0.679167 0.45 0.680208 0.449219 0.68125 0.449219 0.683333 0.447656 0.684375 0.447656 0.695833 0.439062 0.695833 0.438281 0.696875 0.4375 0.696875 0.436719 0.697917 0.435937 0.697917 0.435156 0.698958 0.434375 0.698958 0.433594 0.7 0.432812 0.7 0.43125 0.701042 0.430469 0.701042 0.429688 0.702083 0.428906 0.702083 0.428125 0.703125 0.427344 0.703125 0.426562 0.704167 0.425781 0.704167 0.424219 0.705208 0.423437 0.705208 0.416406 0.704167 0.415625 0.704167 0.4125 0.703125 0.411719 0.703125 0.410156 0.702083 0.409375 0.702083 0.408594 0.701042 0.407812 0.701042 0.407031 0.7 0.40625 0.7 0.405469 0.698958 0.404687 0.698958 0.403906 0.696875 0.402344 0.696875 0.401562 0.688542 0.395312 0.6875 0.395312 0.68125 0.390625 0.680208 0.390625 0.677083 0.388281 0.676042 0.388281 0.673958 0.386719 0.672917 0.386719 0.670833 0.385156 0.669792 0.385156 0.66875 0.384375 0.667708 0.384375 0.666667 0.383594 0.665625 0.383594 0.664583 0.382812 0.663542 0.382812 0.6625 0.382031 0.661458 0.382031 0.660417 0.38125 0.658333 0.38125 0.657292 0.380469 0.65625 0.380469 0.655208 0.379687 0.654167 0.379687 0.653125 0.378906 0.651042 0.378906 0.65 0.378125 0.647917 0.378125 0.646875 0.377344 0.64375 0.377344 0.642708 0.376562 0.640625 0.376562 0.639583 0.375781 0.638542 0.375781 0.6375 0.375 0.98274
0 0.434375 0.494531 0.434375 0.496875 0.432292 0.498437 0.43125 0.498437 0.430208 0.499219 0.430208 0.500781 0.429167 0.501562 0.429167 0.502344 0.423958 0.50625 0.423958 0.507031 0.415625 0.513281 0.414583 0.513281 0.410417 0.516406 0.409375 0.516406 0.407292 0.517969 0.40625 0.517969 0.404167 0.519531 0.403125 0.519531 0.401042 0.521094 0.4 0.521094 0.398958 0.521875 0.397917 0.521875 0.396875 0.522656 0.395833 0.522656 0.394792 0.523438 0.39375 0.523438 0.392708 0.524219 0.390625 0.524219 0.389583 0.525 0.388542 0.525 0.3875 0.525781 0.386458 0.525781 0.385417 0.526562 0.384375 0.526562 0.383333 0.527344 0.379167 0.527344 0.378125 0.528125 0.376042 0.528125 0.375 0.528906 0.372917 0.528906 0.371875 0.529687 0.369792 0.529687 0.36875 0.530469 0.3625 0.530469 0.361458 0.53125 0.355208 0.53125 0.354167 0.532031 0.34375 0.532031 0.342708 0.532812 0.335417 0.532812 0.334375 0.532031 0.325 0.532031 0.323958 0.53125 0.316667 0.53125 0.315625 0.530469 0.309375 0.530469 0.308333 0.529687 0.30625 0.529687 0.305208 0.528906 0.304167 0.528906 0.303125 0.528125 0.301042 0.528125 0.3 0.527344 0.296875 0.527344 0.294792 0.525781 0.29375 0.525781 0.292708 0.525 0.291667 0.525 0.290625 0.524219 0.288542 0.524219 0.2875 0.523438 0.286458 0.523438 0.285417 0.522656 0.284375 0.522656 0.283333 0.521875 0.282292 0.521875 0.28125 0.521094 0.280208 0.521094 0.278125 0.519531 0.277083 0.519531 0.273958 0.517188 0.272917 0.517188 0.265625 0.511719 0.265625 0.510937 0.264583 0.510156 0.264583 0.509375 0.263542 0.509375 0.261458 0.507812 0.261458 0.507031 0.260417 0.50625 0.260417 0.504687 0.259375 0.503906 0.259375 0.508594 0.260417 0.509375 0.260417 0.510156 0.2625 0.511719 0.2625 0.513281 0.263542 0.514062 0.263542 0.514844 0.265625 0.516406 0.265625 0.517188 0.271875 0.521875 0.271875 0.522656 0.272917 0.522656 0.275 0.524219 0.276042 0.524219 0.279167 0.526562 0.280208 0.526562 0.28125 0.527344 0.282292 0.527344 0.284375 0.528906 0.285417 0.528906 0.286458 0.529687 0.2875 0.529687 0.288542 0.530469 0.290625 0.530469 0.291667 0.53125 0.292708 0.53125 0.294792 0.532812 0.296875 0.532812 0.297917 0.533594 0.3 0.533594 0.301042 0.534375 0.303125 0.534375 0.304167 0.535156 0.30625 0.535156 0.307292 0.535937 0.309375 0.535937 0.310417 0.536719 0.314583 0.536719 0.315625 0.5375 0.321875 0.5375 0.322917 0.538281 0.333333 0.538281 0.334375 0.539062 0.344792 0.539062 0.345833 0.538281 0.361458 0.538281 0.3625 0.5375 0.36875 0.5375 0.369792 0.536719 0.370833 0.536719 0.371875 0.535937 0.375 0.535937 0.376042 0.535156 0.379167 0.535156 0.380208 0.534375 0.383333 0.534375 0.384375 0.533594 0.386458 0.533594 0.3875 0.532812 0.388542 0.532812 0.389583 0.532031 0.390625 0.532031 0.391667 0.53125 0.39375 0.53125 0.395833 0.529687 0.397917 0.529687 0.4 0.528125 0.401042 0.528125 0.402083 0.527344 0.403125 0.527344 0.405208 0.525781 0.40625 0.525781 0.408333 0.524219 0.409375 0.524219 0.411458 0.522656 0.4125 0.522656 0.426042 0.5125 0.426042 0.511719 0.428125 0.510156 0.428125 0.509375 0.430208 0.507812 0.430208 0.507031 0.43125 0.50625 0.43125 0.505469 0.432292 0.504687 0.432292 0.502344 0.433333 0.501562 0.433333 0.5 0.434375 0.499219 0.434375 0.496875 0.435417 0.496094 0.435417 0.494531 0.971693
0 0.517708 0.447656 0.517708 0.449219 0.516667 0.45 0.516667 0.451562 0.517708 0.452344 0.517708 0.457812 0.51875 0.458594 0.51875 0.459375 0.519792 0.460156 0.519792 0.461719 0.520833 0.4625 0.520833 0.464062 0.521875 0.464844 0.521875 0.465625 0.523958 0.467187 0.523958 0.467969 0.528125 0.471094 0.528125 0.471875 0.536458 0.478125 0.5375 0.478125 0.541667 0.48125 0.542708 0.48125 0.544792 0.482812 0.545833 0.482812 0.546875 0.483594 0.547917 0.483594 0.548958 0.484375 0.55 0.484375 0.551042 0.485156 0.552083 0.485156 0.554167 0.486719 0.55625 0.486719 0.557292 0.4875 0.558333 0.4875 0.559375 0.488281 0.560417 0.488281 0.561458 0.489062 0.563542 0.489062 0.564583 0.489844 0.565625 0.489844 0.566667 0.490625 0.569792 0.490625 0.570833 0.491406 0.573958 0.491406 0.575 0.492187 0.578125 0.492187 0.579167 0.492969 0.58125 0.492969 0.582292 0.49375 0.5875 0.49375 0.588542 0.494531 0.594792 0.494531 0.595833 0.495312 0.604167 0.495312 0.605208 0.496094 0.622917 0.496094 0.623958 0.495312 0.63125 0.495312 0.632292 0.494531 0.6375 0.494531 0.638542 0.49375 0.642708 0.49375 0.64375 0.492969 0.645833 0.492969 0.646875 0.492187 0.648958 0.492187 0.65 0.491406 0.652083 0.491406 0.653125 0.490625 0.655208 0.490625 0.65625 0.489844 0.658333 0.489844 0.659375 0.489062 0.660417 0.489062 0.661458 0.488281 0.6625 0.488281 0.663542 0.4875 0.664583 0.4875 0.665625 0.486719 0.666667 0.486719 0.667708 0.485937 0.66875 0.485937 0.670833 0.484375 0.671875 0.484375 0.672917 0.483594 0.673958 0.483594 0.678125 0.480469 0.679167 0.480469 0.686458 0.475 0.686458 0.474219 0.6875 0.473437 0.6875 0.472656 0.689583 0.471094 0.689583 0.469531 0.690625 0.46875 0.690625 0.466406 0.692708 0.464844 0.692708 0.461719 0.692708 0.463281 0.690625 0.464844 0.689583 0.464844 0.688542 0.465625 0.688542 0.467187 0.685417 0.469531 0.684375 0.469531 0.684375 0.470312 0.68125 0.472656 0.680208 0.472656 0.677083 0.475 0.676042 0.475 0.675 0.475781 0.673958 0.475781 0.671875 0.477344 0.670833 0.477344 0.66875 0.478906 0.667708 0.478906 0.666667 0.479687 0.665625 0.479687 0.664583 0.480469 0.663542 0.480469 0.6625 0.48125 0.661458 0.48125 0.660417 0.482031 0.659375 0.482031 0.658333 0.482812 0.65625 0.482812 0.655208 0.483594 0.652083 0.483594 0.651042 0.484375 0.65 0.484375 0.648958 0.485156 0.646875 0.485156 0.645833 0.485937 0.642708 0.485937 0.641667 0.486719 0.634375 0.486719 0.633333 0.4875 0.628125 0.4875 0.627083 0.488281 0.603125 0.488281 0.602083 0.4875 0.596875 0.4875 0.595833 0.486719 0.5875 0.486719 0.586458 0.485937 0.58125 0.485937 0.580208 0.485156 0.578125 0.485156 0.577083 0.484375 0.575 0.484375 0.573958 0.483594 0.571875 0.483594 0.570833 0.482812 0.567708 0.482812 0.566667 0.482031 0.564583 0.482031 0.563542 0.48125 0.5625 0.48125 0.561458 0.480469 0.559375 0.480469 0.558333 0.479687 0.557292 0.479687 0.55625 0.478906 0.555208 0.478906 0.554167 0.478125 0.553125 0.478125 0.551042 0.476562 0.55 0.476562 0.548958 0.475781 0.546875 0.475781 0.544792 0.474219 0.54375 0.474219 0.540625 0.471875 0.539583 0.471875 0.5375 0.470312 0.536458 0.470312 0.534375 0.46875 0.533333 0.46875 0.527083 0.464062 0.527083 0.463281 0.523958 0.460937 0.523958 0.460156 0.522917 0.459375 0.522917 0.458594 0.521875 0.457812 0.520833 0.457812 0.519792 0.457031 0.519792 0.45625 0.51875 0.455469 0.51875 0.45 0.517708 0.449219 0.968265
0 0.430208 0.369531 0.430208 0.371094 0.429167 0.371875 0.429167 0.373437 0.428125 0.374219 0.428125 0.375 0.427083 0.375781 0.427083 0.378125 0.426042 0.378906 0.426042 0.38125 0.425 0.382031 0.425 0.383594 0.423958 0.384375 0.423958 0.385156 0.422917 0.385937 0.422917 0.386719 0.421875 0.3875 0.421875 0.389062 0.41875 0.391406 0.41875 0.392187 0.413542 0.396094 0.413542 0.396875 0.4125 0.397656 0.411458 0.397656 0.404167 0.403125 0.403125 0.403125 0.401042 0.404687 0.4 0.404687 0.398958 0.405469 0.397917 0.405469 0.395833 0.407031 0.394792 0.407031 0.39375 0.407812 0.392708 0.407812 0.391667 0.408594 0.390625 0.408594 0.389583 0.409375 0.388542 0.409375 0.3875 0.410156 0.386458 0.410156 0.385417 0.410937 0.384375 0.410937 0.383333 0.411719 0.38125 0.411719 0.379167 0.413281 0.377083 0.413281 0.376042 0.414062 0.372917 0.414062 0.371875 0.414844 0.36875 0.414844 0.367708 0.415625 0.365625 0.415625 0.364583 0.416406 0.3625 0.416406 0.361458 0.417187 0.358333 0.417187 0.357292 0.417969 0.352083 0.417969 0.351042 0.41875 0.345833 0.41875 0.344792 0.419531 0.339583 0.419531 0.338542 0.420312 0.329167 0.420312 0.328125 0.421094 0.310417 0.421094 0.309375 0.420312 0.301042 0.420312 0.3 0.419531 0.296875 0.419531 0.295833 0.41875 0.290625 0.41875 0.289583 0.417969 0.282292 0.417969 0.28125 0.417187 0.278125 0.417187 0.277083 0.416406 0.273958 0.416406 0.272917 0.415625 0.269792 0.415625 0.267708 0.414062 0.266667 0.414062 0.265625 0.413281 0.263542 0.413281 0.2625 0.4125 0.260417 0.4125 0.257292 0.410156 0.25625 0.410156 0.255208 0.409375 0.253125 0.409375 0.252083 0.408594 0.252083 0.407812 0.251042 0.407812 0.25 0.407031 0.248958 0.407031 0.246875 0.405469 0.246875 0.404687 0.245833 0.404687 0.24375 0.403125 0.242708 0.403125 0.242708 0.404687 0.245833 0.407031 0.245833 0.407812 0.25 0.410937 0.251042 0.410937 0.254167 0.413281 0.255208 0.413281 0.25625 0.414062 0.257292 0.414062 0.260417 0.416406 0.261458 0.416406 0.2625 0.417187 0.264583 0.417187 0.26875 0.420312 0.271875 0.420312 0.272917 0.421094 0.273958 0.421094 0.277083 0.423437 0.279167 0.423437 0.280208 0.424219 0.282292 0.424219 0.283333 0.425 0.285417 0.425 0.286458 0.425781 0.289583 0.425781 0.290625 0.426562 0.29375 0.426562 0.294792 0.427344 0.298958 0.427344 0.3 0.428125 0.307292 0.428125 0.308333 0.428906 0.320833 0.428906 0.321875 0.429688 0.336458 0.429688 0.3375 0.428906 0.346875 0.428906 0.347917 0.428125 0.355208 0.428125 0.35625 0.427344 0.361458 0.427344 0.3625 0.426562 0.366667 0.426562 0.367708 0.425781 0.371875 0.425781 0.372917 0.425 0.375 0.425 0.376042 0.424219 0.379167 0.424219 0.380208 0.423437 0.382292 0.423437 0.383333 0.422656 0.385417 0.422656 0.386458 0.421875 0.3875 0.421875 0.388542 0.421094 0.390625 0.421094 0.391667 0.420312 0.39375 0.420312 0.394792 0.419531 0.395833 0.419531 0.396875 0.41875 0.397917 0.41875 0.398958 0.417969 0.4 0.417969 0.401042 0.417187 0.402083 0.417187 0.403125 0.416406 0.404167 0.416406 0.40625 0.414844 0.407292 0.414844 0.408333 0.414062 0.409375 0.414062 0.413542 0.410937 0.414583 0.410937 0.422917 0.404687 0.422917 0.403906 0.426042 0.401562 0.426042 0.400781 0.427083 0.4 0.427083 0.399219 0.429167 0.397656 0.429167 0.396094 0.430208 0.395312 0.430208 0.39375 0.43125 0.392969 0.43125 0.389844 0.432292 0.389062 0.432292 0.384375 0.433333 0.383594 0.433333 0.375781 0.432292 0.375 0.432292 0.372656 0.43125 0.371875 0.43125 0.370312 0.967695
0 0.435417 0.523438 0.435417 0.524219 0.434375 0.525 0.434375 0.525781 0.433333 0.526562 0.433333 0.527344 0.430208 0.529687 0.430208 0.530469 0.419792 0.538281 0.41875 0.538281 0.414583 0.541406 0.413542 0.541406 0.410417 0.54375 0.409375 0.54375 0.408333 0.544531 0.407292 0.544531 0.40625 0.545312 0.405208 0.545312 0.402083 0.547656 0.4 0.547656 0.398958 0.548437 0.397917 0.548437 0.396875 0.549219 0.395833 0.549219 0.39375 0.550781 0.390625 0.550781 0.389583 0.551562 0.386458 0.551562 0.385417 0.552344 0.384375 0.552344 0.383333 0.553125 0.382292 0.553125 0.38125 0.553906 0.377083 0.553906 0.376042 0.554688 0.369792 0.554688 0.36875 0.555469 0.365625 0.555469 0.364583 0.55625 0.361458 0.55625 0.360417 0.557031 0.330208 0.557031 0.329167 0.55625 0.325 0.55625 0.323958 0.555469 0.320833 0.555469 0.319792 0.554688 0.314583 0.554688 0.313542 0.553906 0.310417 0.553906 0.309375 0.553125 0.307292 0.553125 0.305208 0.551562 0.303125 0.551562 0.302083 0.550781 0.3 0.550781 0.298958 0.55 0.297917 0.55 0.296875 0.549219 0.295833 0.549219 0.294792 0.548437 0.29375 0.548437 0.292708 0.547656 0.291667 0.547656 0.288542 0.545312 0.2875 0.545312 0.286458 0.544531 0.285417 0.544531 0.28125 0.541406 0.280208 0.541406 0.272917 0.535937 0.272917 0.535156 0.26875 0.532031 0.26875 0.530469 0.267708 0.529687 0.267708 0.528906 0.266667 0.529687 0.266667 0.532812 0.267708 0.533594 0.267708 0.535156 0.26875 0.535937 0.26875 0.536719 0.269792 0.5375 0.269792 0.538281 0.270833 0.539062 0.270833 0.539844 0.271875 0.540625 0.271875 0.541406 0.273958 0.542969 0.273958 0.54375 0.285417 0.552344 0.286458 0.552344 0.288542 0.553906 0.289583 0.553906 0.292708 0.55625 0.29375 0.55625 0.294792 0.557031 0.296875 0.557031 0.297917 0.557812 0.298958 0.557812 0.3 0.558594 0.301042 0.558594 0.302083 0.559375 0.304167 0.559375 0.305208 0.560156 0.307292 0.560156 0.308333 0.560937 0.310417 0.560937 0.311458 0.561719 0.313542 0.561719 0.314583 0.5625 0.316667 0.5625 0.317708 0.563281 0.326042 0.563281 0.327083 0.564062 0.333333 0.564062 0.334375 0.564844 0.341667 0.564844 0.342708 0.565625 0.346875 0.565625 0.347917 0.564844 0.35625 0.564844 0.357292 0.564062 0.363542 0.564062 0.364583 0.563281 0.372917 0.563281 0.373958 0.5625 0.376042 0.5625 0.377083 0.561719 0.379167 0.561719 0.380208 0.560937 0.382292 0.560937 0.383333 0.560156 0.386458 0.560156 0.3875 0.559375 0.389583 0.559375 0.391667 0.557812 0.392708 0.557812 0.39375 0.557031 0.395833 0.557031 0.396875 0.55625 0.397917 0.55625 0.398958 0.555469 0.4 0.555469 0.402083 0.553906 0.403125 0.553906 0.404167 0.553125 0.405208 0.553125 0.40625 0.552344 0.407292 0.552344 0.409375 0.550781 0.410417 0.550781 0.413542 0.548437 0.414583 0.548437 0.41875 0.545312 0.419792 0.545312 0.423958 0.542187 0.423958 0.541406 0.429167 0.5375 0.429167 0.536719 0.430208 0.535937 0.430208 0.535156 0.432292 0.533594 0.432292 0.532812 0.433333 0.532031 0.433333 0.530469 0.434375 0.529687 0.434375 0.528906 0.435417 0.528125 0.967106
0 0.438542 0.435937 0.438542 0.438281 0.4375 0.439062 0.4375 0.442969 0.436458 0.44375 0.436458 0.446094 0.435417 0.446875 0.435417 0.448437 0.434375 0.449219 0.434375 0.450781 0.432292 0.452344 0.432292 0.453125 0.429167 0.455469 0.429167 0.45625 0.415625 0.466406 0.414583 0.466406 0.411458 0.46875 0.410417 0.46875 0.409375 0.469531 0.408333 0.469531 0.40625 0.471094 0.405208 0.471094 0.403125 0.472656 0.402083 0.472656 0.401042 0.473437 0.4 0.473437 0.398958 0.474219 0.397917 0.474219 0.396875 0.475 0.395833 0.475 0.394792 0.475781 0.392708 0.475781 0.391667 0.476562 0.390625 0.476562 0.389583 0.477344 0.3875 0.477344 0.386458 0.478125 0.384375 0.478125 0.383333 0.478906 0.38125 0.478906 0.380208 0.479687 0.378125 0.479687 0.377083 0.480469 0.373958 0.480469 0.372917 0.48125 0.367708 0.48125 0.366667 0.482031 0.3625 0.482031 0.361458 0.482812 0.357292 0.482812 0.35625 0.483594 0.345833 0.483594 0.344792 0.484375 0.330208 0.484375 0.329167 0.483594 0.319792 0.483594 0.31875 0.482812 0.315625 0.482812 0.314583 0.482031 0.308333 0.482031 0.307292 0.48125 0.303125 0.48125 0.302083 0.480469 0.298958 0.480469 0.297917 0.479687 0.295833 0.479687 0.294792 0.478906 0.291667 0.478906 0.290625 0.478125 0.289583 0.478125 0.288542 0.477344 0.286458 0.477344 0.285417 0.476562 0.284375 0.476562 0.283333 0.475781 0.282292 0.475781 0.28125 0.475 0.280208 0.475 0.279167 0.474219 0.278125 0.474219 0.276042 0.472656 0.275 0.472656 0.272917 0.471094 0.271875 0.471094 0.26875 0.46875 0.266667 0.46875 0.264583 0.467187 0.264583 0.466406 0.2625 0.466406 0.2625 0.467969 0.263542 0.46875 0.263542 0.469531 0.265625 0.471094 0.265625 0.471875 0.266667 0.472656 0.266667 0.473437 0.272917 0.478125 0.273958 0.478125 0.277083 0.480469 0.278125 0.480469 0.279167 0.48125 0.280208 0.48125 0.283333 0.483594 0.284375 0.483594 0.285417 0.484375 0.286458 0.484375 0.2875 0.485156 0.288542 0.485156 0.289583 0.485937 0.290625 0.485937 0.291667 0.486719 0.292708 0.486719 0.29375 0.4875 0.295833 0.4875 0.296875 0.488281 0.297917 0.488281 0.298958 0.489062 0.3 0.489062 0.301042 0.489844 0.304167 0.489844 0.305208 0.490625 0.309375 0.490625 0.310417 0.491406 0.313542 0.491406 0.314583 0.492187 0.316667 0.492187 0.317708 0.492969 0.322917 0.492969 0.323958 0.49375 0.359375 0.49375 0.360417 0.492969 0.365625 0.492969 0.366667 0.492187 0.370833 0.492187 0.371875 0.491406 0.373958 0.491406 0.375 0.490625 0.380208 0.490625 0.38125 0.489844 0.384375 0.489844 0.385417 0.489062 0.3875 0.489062 0.388542 0.488281 0.389583 0.488281 0.390625 0.4875 0.392708 0.4875 0.39375 0.486719 0.395833 0.486719 0.396875 0.485937 0.397917 0.485937 0.398958 0.485156 0.4 0.485156 0.401042 0.484375 0.402083 0.484375 0.403125 0.483594 0.405208 0.483594 0.40625 0.482812 0.407292 0.482812 0.409375 0.48125 0.410417 0.48125 0.411458 0.480469 0.4125 0.480469 0.415625 0.478125 0.416667 0.478125 0.417708 0.477344 0.41875 0.477344 0.432292 0.467187 0.432292 0.466406 0.433333 0.465625 0.433333 0.464844 0.435417 0.463281 0.435417 0.4625 0.436458 0.461719 0.436458 0.460937 0.4375 0.460156 0.4375 0.458594 0.438542 0.457812 0.438542 0.457031 0.439583 0.45625 0.439583 0.455469 0.440625 0.454687 0.440625 0.453125 0.441667 0.452344 0.441667 0.442187 0.440625 0.441406 0.440625 0.439062 0.439583 0.438281 0.439583 0.436719 0.965964
0 0.517708 0.425 0.516667 0.425781 0.516667 0.440625 0.517708 0.441406 0.517708 0.442187 0.51875 0.442969 0.51875 0.44375 0.519792 0.444531 0.519792 0.445312 0.520833 0.446094 0.520833 0.446875 0.521875 0.447656 0.521875 0.448437 0.523958 0.45 0.523958 0.450781 0.525 0.451562 0.525 0.452344 0.536458 0.460937 0.5375 0.460937 0.540625 0.463281 0.541667 0.463281 0.542708 0.464062 0.54375 0.464062 0.546875 0.466406 0.547917 0.466406 0.548958 0.467187 0.55 0.467187 0.551042 0.467969 0.552083 0.467969 0.553125 0.46875 0.554167 0.46875 0.555208 0.469531 0.55625 0.469531 0.557292 0.470312 0.559375 0.470312 0.560417 0.471094 0.561458 0.471094 0.5625 0.471875 0.563542 0.471875 0.564583 0.472656 0.567708 0.472656 0.56875 0.473437 0.570833 0.473437 0.571875 0.474219 0.572917 0.474219 0.573958 0.475 0.576042 0.475 0.577083 0.475781 0.584375 0.475781 0.585417 0.476562 0.589583 0.476562 0.590625 0.477344 0.592708 0.477344 0.59375 0.478125 0.6 0.478125 0.601042 0.478906 0.628125 0.478906 0.629167 0.478125 0.634375 0.478125 0.635417 0.477344 0.638542 0.477344 0.639583 0.476562 0.644792 0.476562 0.645833 0.475781 0.651042 0.475781 0.652083 0.475 0.653125 0.475 0.654167 0.474219 0.65625 0.474219 0.657292 0.473437 0.658333 0.473437 0.659375 0.472656 0.661458 0.472656 0.6625 0.471875 0.664583 0.471875 0.666667 0.470312 0.667708 0.470312 0.66875 0.469531 0.670833 0.469531 0.671875 0.46875 0.672917 0.46875 0.675 0.467187 0.676042 0.467187 0.684375 0.460937 0.685417 0.460937 0.686458 0.460156 0.686458 0.459375 0.6875 0.458594 0.688542 0.458594 0.689583 0.457812 0.689583 0.457031 0.690625 0.45625 0.690625 0.455469 0.691667 0.454687 0.692708 0.454687 0.69375 0.453906 0.69375 0.451562 0.692708 0.452344 0.692708 0.453125 0.691667 0.453906 0.690625 0.453906 0.686458 0.457031 0.685417 0.457031 0.684375 0.457812 0.683333 0.457812 0.68125 0.459375 0.680208 0.459375 0.679167 0.460156 0.678125 0.460156 0.677083 0.460937 0.676042 0.460937 0.673958 0.4625 0.672917 0.4625 0.671875 0.463281 0.669792 0.463281 0.66875 0.464062 0.667708 0.464062 0.666667 0.464844 0.665625 0.464844 0.664583 0.465625 0.6625 0.465625 0.661458 0.466406 0.658333 0.466406 0.657292 0.467187 0.654167 0.467187 0.653125 0.467969 0.652083 0.467969 0.651042 0.46875 0.647917 0.46875 0.646875 0.469531 0.641667 0.469531 0.640625 0.470312 0.63125 0.470312 0.630208 0.471094 0.60625 0.471094 0.605208 0.470312 0.59375 0.470312 0.592708 0.469531 0.5875 0.469531 0.586458 0.46875 0.584375 0.46875 0.583333 0.467969 0.582292 0.467969 0.58125 0.467187 0.576042 0.467187 0.575 0.466406 0.572917 0.466406 0.571875 0.465625 0.569792 0.465625 0.56875 0.464844 0.567708 0.464844 0.566667 0.464062 0.564583 0.464062 0.563542 0.463281 0.561458 0.463281 0.560417 0.4625 0.559375 0.4625 0.558333 0.461719 0.557292 0.461719 0.55625 0.460937 0.555208 0.460937 0.554167 0.460156 0.552083 0.460156 0.551042 0.459375 0.55 0.459375 0.547917 0.457812 0.546875 0.457812 0.544792 0.45625 0.54375 0.45625 0.540625 0.453906 0.539583 0.453906 0.535417 0.450781 0.534375 0.450781 0.532292 0.449219 0.532292 0.448437 0.529167 0.446094 0.529167 0.445312 0.526042 0.442969 0.526042 0.442187 0.525 0.441406 0.525 0.440625 0.523958 0.439844 0.523958 0.439062 0.522917 0.438281 0.522917 0.4375 0.521875 0.436719 0.521875 0.435937 0.519792 0.434375 0.519792 0.432812 0.51875 0.432031 0.51875 0.428125 0.517708 0.427344 0.965663
0 0.5125 0.494531 0.5125 0.501562 0.513542 0.502344 0.513542 0.503906 0.514583 0.504687 0.514583 0.50625 0.515625 0.507031 0.515625 0.508594 0.516667 0.509375 0.516667 0.510156 0.517708 0.510937 0.517708 0.511719 0.51875 0.5125 0.51875 0.513281 0.521875 0.515625 0.521875 0.516406 0.526042 0.519531 0.526042 0.520312 0.529167 0.522656 0.530208 0.522656 0.535417 0.526562 0.536458 0.526562 0.539583 0.528906 0.540625 0.528906 0.542708 0.530469 0.54375 0.530469 0.544792 0.53125 0.545833 0.53125 0.546875 0.532031 0.547917 0.532031 0.548958 0.532812 0.55 0.532812 0.551042 0.533594 0.552083 0.533594 0.553125 0.534375 0.554167 0.534375 0.555208 0.535156 0.55625 0.535156 0.557292 0.535937 0.559375 0.535937 0.560417 0.536719 0.561458 0.536719 0.5625 0.5375 0.564583 0.5375 0.565625 0.538281 0.570833 0.538281 0.571875 0.539062 0.575 0.539062 0.576042 0.539844 0.578125 0.539844 0.579167 0.540625 0.583333 0.540625 0.584375 0.541406 0.596875 0.541406 0.597917 0.542187 0.6125 0.542187 0.613542 0.541406 0.626042 0.541406 0.627083 0.540625 0.630208 0.540625 0.63125 0.539844 0.633333 0.539844 0.634375 0.539062 0.636458 0.539062 0.6375 0.538281 0.640625 0.538281 0.641667 0.5375 0.64375 0.5375 0.644792 0.536719 0.645833 0.536719 0.646875 0.535937 0.647917 0.535937 0.648958 0.535156 0.651042 0.535156 0.652083 0.534375 0.653125 0.534375 0.655208 0.532812 0.65625 0.532812 0.657292 0.532031 0.658333 0.532031 0.659375 0.53125 0.660417 0.53125 0.663542 0.528906 0.664583 0.528906 0.673958 0.521875 0.673958 0.521094 0.679167 0.517188 0.679167 0.516406 0.680208 0.515625 0.680208 0.514062 0.68125 0.513281 0.68125 0.511719 0.682292 0.510937 0.682292 0.508594 0.68125 0.507812 0.68125 0.50625 0.680208 0.507031 0.680208 0.508594 0.679167 0.509375 0.679167 0.510156 0.677083 0.511719 0.677083 0.5125 0.675 0.514062 0.675 0.514844 0.673958 0.515625 0.672917 0.515625 0.667708 0.519531 0.666667 0.519531 0.6625 0.522656 0.661458 0.522656 0.660417 0.523438 0.659375 0.523438 0.657292 0.525 0.65625 0.525 0.655208 0.525781 0.653125 0.525781 0.652083 0.526562 0.651042 0.526562 0.65 0.527344 0.648958 0.527344 0.647917 0.528125 0.646875 0.528125 0.645833 0.528906 0.642708 0.528906 0.641667 0.529687 0.638542 0.529687 0.6375 0.530469 0.635417 0.530469 0.634375 0.53125 0.632292 0.53125 0.63125 0.532031 0.623958 0.532031 0.622917 0.532812 0.608333 0.532812 0.607292 0.533594 0.604167 0.533594 0.603125 0.532812 0.5875 0.532812 0.586458 0.532031 0.579167 0.532031 0.578125 0.53125 0.576042 0.53125 0.575 0.530469 0.572917 0.530469 0.571875 0.529687 0.567708 0.529687 0.566667 0.528906 0.563542 0.528906 0.5625 0.528125 0.561458 0.528125 0.560417 0.527344 0.559375 0.527344 0.558333 0.526562 0.557292 0.526562 0.55625 0.525781 0.554167 0.525781 0.553125 0.525 0.552083 0.525 0.551042 0.524219 0.55 0.524219 0.548958 0.523438 0.547917 0.523438 0.546875 0.522656 0.545833 0.522656 0.54375 0.521094 0.542708 0.521094 0.540625 0.519531 0.538542 0.519531 0.534375 0.516406 0.533333 0.516406 0.522917 0.508594 0.522917 0.507812 0.519792 0.505469 0.519792 0.504687 0.51875 0.503906 0.51875 0.503125 0.517708 0.502344 0.517708 0.501562 0.516667 0.501562 0.515625 0.500781 0.515625 0.5 0.514583 0.499219 0.514583 0.494531 0.96507
0 0.438542 0.503906 0.438542 0.507031 0.4375 0.507812 0.4375 0.509375 0.435417 0.510937 0.435417 0.511719 0.434375 0.5125 0.434375 0.515625 0.432292 0.517188 0.432292 0.517969 0.430208 0.519531 0.430208 0.521094 0.426042 0.524219 0.426042 0.525 0.419792 0.529687 0.41875 0.529687 0.41875 0.530469 0.416667 0.532031 0.415625 0.532031 0.411458 0.535156 0.410417 0.535156 0.409375 0.535937 0.408333 0.535937 0.407292 0.536719 0.40625 0.536719 0.404167 0.538281 0.403125 0.538281 0.402083 0.539062 0.4 0.539062 0.397917 0.540625 0.396875 0.540625 0.395833 0.541406 0.394792 0.541406 0.39375 0.542187 0.389583 0.542187 0.3875 0.54375 0.386458 0.54375 0.385417 0.544531 0.382292 0.544531 0.38125 0.545312 0.376042 0.545312 0.375 0.546094 0.371875 0.546094 0.370833 0.546875 0.369792 0.546875 0.36875 0.547656 0.363542 0.547656 0.3625 0.548437 0.328125 0.548437 0.327083 0.547656 0.321875 0.547656 0.320833 0.546875 0.31875 0.546875 0.317708 0.546094 0.313542 0.546094 0.3125 0.545312 0.309375 0.545312 0.308333 0.544531 0.30625 0.544531 0.305208 0.54375 0.303125 0.54375 0.302083 0.542969 0.301042 0.542969 0.3 0.542187 0.297917 0.542187 0.296875 0.541406 0.295833 0.541406 0.29375 0.539844 0.292708 0.539844 0.291667 0.539062 0.290625 0.539062 0.289583 0.538281 0.288542 0.538281 0.2875 0.5375 0.286458 0.5375 0.283333 0.535156 0.282292 0.535156 0.280208 0.533594 0.280208 0.532812 0.279167 0.532812 0.26875 0.525 0.26875 0.523438 0.267708 0.522656 0.264583 0.522656 0.266667 0.524219 0.266667 0.525781 0.267708 0.526562 0.267708 0.527344 0.269792 0.528906 0.269792 0.529687 0.270833 0.530469 0.270833 0.532031 0.271875 0.532812 0.271875 0.533594 0.275 0.535937 0.275 0.536719 0.283333 0.542969 0.284375 0.542969 0.285417 0.54375 0.286458 0.54375 0.288542 0.545312 0.289583 0.545312 0.290625 0.546094 0.291667 0.546094 0.29375 0.547656 0.294792 0.547656 0.295833 0.548437 0.296875 0.548437 0.297917 0.549219 0.298958 0.549219 0.3 0.55 0.301042 0.55 0.302083 0.550781 0.305208 0.550781 0.30625 0.551562 0.307292 0.551562 0.308333 0.552344 0.310417 0.552344 0.311458 0.553125 0.314583 0.553125 0.315625 0.553906 0.319792 0.553906 0.320833 0.554688 0.325 0.554688 0.326042 0.555469 0.330208 0.555469 0.33125 0.55625 0.357292 0.55625 0.358333 0.555469 0.363542 0.555469 0.364583 0.554688 0.36875 0.554688 0.369792 0.553906 0.375 0.553906 0.376042 0.553125 0.380208 0.553125 0.38125 0.552344 0.382292 0.552344 0.383333 0.551562 0.385417 0.551562 0.386458 0.550781 0.388542 0.550781 0.389583 0.55 0.391667 0.55 0.392708 0.549219 0.39375 0.549219 0.394792 0.548437 0.395833 0.548437 0.396875 0.547656 0.397917 0.547656 0.398958 0.546875 0.401042 0.546875 0.402083 0.546094 0.403125 0.546094 0.405208 0.544531 0.40625 0.544531 0.408333 0.542969 0.409375 0.542969 0.410417 0.542187 0.411458 0.542187 0.414583 0.539844 0.415625 0.539844 0.422917 0.534375 0.423958 0.534375 0.423958 0.533594 0.428125 0.530469 0.428125 0.529687 0.43125 0.527344 0.43125 0.526562 0.432292 0.525781 0.432292 0.525 0.433333 0.524219 0.433333 0.523438 0.435417 0.521875 0.435417 0.521094 0.436458 0.520312 0.436458 0.519531 0.4375 0.51875 0.4375 0.517188 0.438542 0.516406 0.438542 0.513281 0.439583 0.5125 0.439583 0.503906 0.963843
0 0.247917 0.4125 0.247917 0.415625 0.246875 0.416406 0.246875 0.421875 0.247917 0.422656 0.247917 0.423437 0.248958 0.424219 0.248958 0.425781 0.25 0.426562 0.25 0.428906 0.251042 0.429688 0.251042 0.430469 0.252083 0.43125 0.252083 0.432031 0.253125 0.432812 0.253125 0.433594 0.254167 0.434375 0.254167 0.435156 0.255208 0.435937 0.255208 0.436719 0.25625 0.4375 0.25625 0.438281 0.258333 0.439844 0.258333 0.440625 0.265625 0.446094 0.266667 0.446094 0.269792 0.448437 0.270833 0.448437 0.272917 0.45 0.273958 0.45 0.276042 0.451562 0.278125 0.451562 0.279167 0.452344 0.280208 0.452344 0.282292 0.453906 0.284375 0.453906 0.285417 0.454687 0.286458 0.454687 0.2875 0.455469 0.289583 0.455469 0.290625 0.45625 0.292708 0.45625 0.29375 0.457031 0.295833 0.457031 0.296875 0.457812 0.298958 0.457812 0.3 0.458594 0.304167 0.458594 0.305208 0.459375 0.309375 0.459375 0.310417 0.460156 0.31875 0.460156 0.319792 0.460937 0.332292 0.460937 0.333333 0.461719 0.3375 0.461719 0.338542 0.460937 0.351042 0.460937 0.352083 0.460156 0.360417 0.460156 0.361458 0.459375 0.367708 0.459375 0.36875 0.458594 0.371875 0.458594 0.372917 0.457812 0.376042 0.457812 0.377083 0.457031 0.379167 0.457031 0.380208 0.45625 0.382292 0.45625 0.383333 0.455469 0.385417 0.455469 0.386458 0.454687 0.388542 0.454687 0.389583 0.453906 0.390625 0.453906 0.391667 0.453125 0.39375 0.453125 0.394792 0.452344 0.395833 0.452344 0.396875 0.451562 0.397917 0.451562 0.398958 0.450781 0.4 0.450781 0.401042 0.45 0.402083 0.45 0.404167 0.448437 0.40625 0.448437 0.407292 0.447656 0.408333 0.447656 0.411458 0.445312 0.4125 0.445312 0.415625 0.442969 0.416667 0.442969 0.423958 0.4375 0.423958 0.436719 0.425 0.435937 0.426042 0.435937 0.427083 0.435156 0.427083 0.434375 0.428125 0.433594 0.428125 0.432812 0.43125 0.430469 0.43125 0.429688 0.432292 0.428906 0.432292 0.428125 0.433333 0.427344 0.433333 0.426562 0.434375 0.425781 0.434375 0.425 0.435417 0.424219 0.435417 0.419531 0.434375 0.420312 0.434375 0.421875 0.432292 0.423437 0.43125 0.423437 0.430208 0.424219 0.430208 0.425 0.419792 0.432812 0.41875 0.432812 0.415625 0.435156 0.414583 0.435156 0.410417 0.438281 0.408333 0.438281 0.407292 0.439062 0.40625 0.439062 0.404167 0.440625 0.403125 0.440625 0.402083 0.441406 0.401042 0.441406 0.4 0.442187 0.397917 0.442187 0.395833 0.44375 0.394792 0.44375 0.39375 0.444531 0.391667 0.444531 0.390625 0.445312 0.388542 0.445312 0.3875 0.446094 0.384375 0.446094 0.383333 0.446875 0.382292 0.446875 0.38125 0.447656 0.378125 0.447656 0.377083 0.448437 0.371875 0.448437 0.370833 0.449219 0.366667 0.449219 0.365625 0.45 0.363542 0.45 0.3625 0.450781 0.353125 0.450781 0.352083 0.451562 0.31875 0.451562 0.317708 0.450781 0.310417 0.450781 0.309375 0.45 0.307292 0.45 0.30625 0.449219 0.302083 0.449219 0.301042 0.448437 0.296875 0.448437 0.295833 0.447656 0.29375 0.447656 0.292708 0.446875 0.290625 0.446875 0.289583 0.446094 0.288542 0.446094 0.2875 0.445312 0.285417 0.445312 0.284375 0.444531 0.282292 0.444531 0.28125 0.44375 0.280208 0.44375 0.279167 0.442969 0.278125 0.442969 0.277083 0.442187 0.276042 0.442187 0.275 0.441406 0.273958 0.441406 0.272917 0.440625 0.271875 0.440625 0.269792 0.439062 0.26875 0.439062 0.266667 0.4375 0.265625 0.4375 0.25625 0.430469 0.25625 0.429688 0.255208 0.428906 0.254167 0.428906 0.253125 0.428125 0.253125 0.427344 0.252083 0.426562 0.252083 0.425 0.251042 0.424219 0.251042 0.423437 0.25 0.423437 0.247917 0.421875 0.962994
0 0.422917 0.346875 0.422917 0.348437 0.421875 0.349219 0.421875 0.351562 0.420833 0.352344 0.420833 0.353125 0.416667 0.35625 0.416667 0.357031 0.414583 0.358594 0.414583 0.359375 0.40625 0.365625 0.405208 0.365625 0.402083 0.367969 0.401042 0.367969 0.397917 0.370312 0.396875 0.370312 0.395833 0.371094 0.394792 0.371094 0.392708 0.372656 0.391667 0.372656 0.390625 0.373437 0.389583 0.373437 0.388542 0.374219 0.3875 0.374219 0.386458 0.375 0.385417 0.375 0.384375 0.375781 0.383333 0.375781 0.382292 0.376562 0.380208 0.376562 0.379167 0.377344 0.378125 0.377344 0.377083 0.378125 0.375 0.378125 0.373958 0.378906 0.372917 0.378906 0.371875 0.379687 0.369792 0.379687 0.36875 0.380469 0.365625 0.380469 0.364583 0.38125 0.3625 0.38125 0.361458 0.382031 0.359375 0.382031 0.358333 0.382812 0.353125 0.382812 0.352083 0.383594 0.347917 0.383594 0.346875 0.384375 0.34375 0.384375 0.342708 0.385156 0.338542 0.385156 0.3375 0.385937 0.319792 0.385937 0.31875 0.386719 0.309375 0.386719 0.308333 0.385937 0.2875 0.385937 0.286458 0.385156 0.282292 0.385156 0.28125 0.384375 0.279167 0.384375 0.278125 0.383594 0.273958 0.383594 0.272917 0.382812 0.267708 0.382812 0.266667 0.382031 0.264583 0.382031 0.263542 0.38125 0.2625 0.38125 0.261458 0.380469 0.259375 0.380469 0.258333 0.379687 0.255208 0.379687 0.254167 0.378906 0.253125 0.378906 0.252083 0.378125 0.251042 0.378125 0.25 0.377344 0.248958 0.377344 0.247917 0.376562 0.246875 0.376562 0.245833 0.375781 0.244792 0.375781 0.242708 0.374219 0.241667 0.374219 0.239583 0.372656 0.238542 0.372656 0.2375 0.371875 0.236458 0.371875 0.235417 0.371094 0.235417 0.370312 0.234375 0.370312 0.227083 0.364844 0.227083 0.363281 0.226042 0.3625 0.225 0.3625 0.225 0.367188 0.226042 0.367969 0.226042 0.36875 0.227083 0.369531 0.227083 0.370312 0.233333 0.375 0.233333 0.375781 0.239583 0.380469 0.240625 0.380469 0.24375 0.382812 0.244792 0.382812 0.246875 0.384375 0.247917 0.384375 0.248958 0.385156 0.25 0.385156 0.251042 0.385937 0.252083 0.385937 0.253125 0.386719 0.254167 0.386719 0.255208 0.3875 0.25625 0.3875 0.257292 0.388281 0.259375 0.388281 0.260417 0.389062 0.261458 0.389062 0.263542 0.390625 0.266667 0.390625 0.267708 0.391406 0.270833 0.391406 0.271875 0.392187 0.273958 0.392187 0.275 0.392969 0.277083 0.392969 0.278125 0.39375 0.282292 0.39375 0.283333 0.394531 0.29375 0.394531 0.294792 0.395312 0.302083 0.395312 0.303125 0.396094 0.310417 0.396094 0.311458 0.396875 0.326042 0.396875 0.327083 0.396094 0.334375 0.396094 0.335417 0.395312 0.341667 0.395312 0.342708 0.394531 0.351042 0.394531 0.352083 0.39375 0.355208 0.39375 0.35625 0.392969 0.357292 0.392969 0.358333 0.392187 0.361458 0.392187 0.3625 0.391406 0.366667 0.391406 0.367708 0.390625 0.369792 0.390625 0.370833 0.389844 0.371875 0.389844 0.372917 0.389062 0.375 0.389062 0.376042 0.388281 0.379167 0.388281 0.380208 0.3875 0.38125 0.3875 0.382292 0.386719 0.383333 0.386719 0.384375 0.385937 0.385417 0.385937 0.386458 0.385156 0.388542 0.385156 0.390625 0.383594 0.391667 0.383594 0.392708 0.382812 0.39375 0.382812 0.394792 0.382031 0.395833 0.382031 0.396875 0.38125 0.397917 0.38125 0.4 0.379687 0.401042 0.379687 0.404167 0.377344 0.405208 0.377344 0.407292 0.375781 0.408333 0.375781 0.414583 0.371094 0.414583 0.370312 0.417708 0.367969 0.417708 0.367188 0.41875 0.366406 0.41875 0.365625 0.419792 0.364844 0.419792 0.363281 0.420833 0.3625 0.420833 0.360156 0.421875 0.359375 0.421875 0.35625 0.422917 0.355469 0.962361
0 0.276042 0.438281 0.279167 0.438281 0.276042 0.438281 0.25625 0.449219 0.252083 0.446094 0.252083 0.444531 0.251042 0.44375 0.260417 0.428906 0.260417 0.428906 0.251042 0.44375 0.251042 0.45 0.252083 0.450781 0.252083 0.451562 0.253125 0.452344 0.253125 0.453906 0.255208 0.455469 0.255208 0.45625 0.25625 0.457031 0.25625 0.457812 0.258333 0.459375 0.258333 0.460156 0.260417 0.461719 0.260417 0.4625 0.267708 0.467969 0.26875 0.467969 0.271875 0.470312 0.272917 0.470312 0.275 0.471875 0.276042 0.471875 0.278125 0.473437 0.279167 0.473437 0.280208 0.474219 0.282292 0.474219 0.283333 0.475 0.284375 0.475 0.285417 0.475781 0.286458 0.475781 0.2875 0.476562 0.289583 0.476562 0.290625 0.477344 0.291667 0.477344 0.292708 0.478125 0.294792 0.478125 0.295833 0.478906 0.298958 0.478906 0.3 0.479687 0.303125 0.479687 0.304167 0.480469 0.309375 0.480469 0.310417 0.48125 0.314583 0.48125 0.315625 0.482031 0.319792 0.482031 0.320833 0.482812 0.329167 0.482812 0.330208 0.483594 0.347917 0.483594 0.348958 0.482812 0.35625 0.482812 0.357292 0.482031 0.361458 0.482031 0.3625 0.48125 0.366667 0.48125 0.367708 0.480469 0.370833 0.480469 0.371875 0.479687 0.376042 0.479687 0.377083 0.478906 0.380208 0.478906 0.38125 0.478125 0.383333 0.478125 0.384375 0.477344 0.385417 0.477344 0.386458 0.476562 0.388542 0.476562 0.389583 0.475781 0.391667 0.475781 0.392708 0.475 0.394792 0.475 0.396875 0.473437 0.398958 0.473437 0.4 0.472656 0.401042 0.472656 0.403125 0.471094 0.404167 0.471094 0.405208 0.470312 0.40625 0.470312 0.408333 0.46875 0.409375 0.46875 0.411458 0.467187 0.4125 0.467187 0.415625 0.464844 0.416667 0.464844 0.428125 0.45625 0.428125 0.455469 0.430208 0.453906 0.430208 0.453125 0.432292 0.451562 0.432292 0.450781 0.433333 0.45 0.433333 0.449219 0.434375 0.448437 0.434375 0.446094 0.435417 0.445312 0.435417 0.440625 0.436458 0.439844 0.436458 0.435937 0.435417 0.435156 0.435417 0.432812 0.435417 0.433594 0.434375 0.434375 0.434375 0.4375 0.433333 0.438281 0.433333 0.439062 0.430208 0.441406 0.430208 0.442187 0.429167 0.442969 0.429167 0.44375 0.426042 0.446094 0.426042 0.446875 0.415625 0.454687 0.414583 0.454687 0.410417 0.457812 0.409375 0.457812 0.407292 0.459375 0.40625 0.459375 0.405208 0.460156 0.404167 0.460156 0.403125 0.460937 0.402083 0.460937 0.4 0.4625 0.398958 0.4625 0.397917 0.463281 0.396875 0.463281 0.395833 0.464062 0.39375 0.464062 0.392708 0.464844 0.391667 0.464844 0.390625 0.465625 0.389583 0.465625 0.388542 0.466406 0.386458 0.466406 0.385417 0.467187 0.38125 0.467187 0.380208 0.467969 0.379167 0.467969 0.378125 0.46875 0.376042 0.46875 0.375 0.469531 0.370833 0.469531 0.369792 0.470312 0.364583 0.470312 0.363542 0.471094 0.359375 0.471094 0.358333 0.471875 0.354167 0.471875 0.353125 0.472656 0.319792 0.472656 0.31875 0.471875 0.313542 0.471875 0.3125 0.471094 0.309375 0.471094 0.308333 0.470312 0.301042 0.470312 0.3 0.469531 0.296875 0.469531 0.295833 0.46875 0.294792 0.46875 0.29375 0.467969 0.291667 0.467969 0.290625 0.467187 0.288542 0.467187 0.2875 0.466406 0.285417 0.466406 0.284375 0.465625 0.283333 0.465625 0.28125 0.464062 0.279167 0.464062 0.278125 0.463281 0.277083 0.463281 0.276042 0.4625 0.275 0.4625 0.272917 0.460937 0.271875 0.460937 0.26875 0.458594 0.267708 0.458594 0.264583 0.45625 0.263542 0.45625 0.257292 0.451562 0.257292 0.450781 0.25625 0.45 0.25625 0.449219 0.96101
0 0.514583 0.452344 0.514583 0.466406 0.515625 0.467187 0.515625 0.467969 0.516667 0.46875 0.516667 0.470312 0.517708 0.471094 0.517708 0.471875 0.51875 0.472656 0.51875 0.473437 0.520833 0.475 0.520833 0.475781 0.523958 0.478125 0.523958 0.478906 0.534375 0.486719 0.535417 0.486719 0.5375 0.488281 0.538542 0.488281 0.541667 0.490625 0.542708 0.490625 0.544792 0.492187 0.545833 0.492187 0.546875 0.492969 0.547917 0.492969 0.548958 0.49375 0.55 0.49375 0.552083 0.495312 0.553125 0.495312 0.554167 0.496094 0.555208 0.496094 0.55625 0.496875 0.558333 0.496875 0.559375 0.497656 0.560417 0.497656 0.561458 0.498437 0.563542 0.498437 0.564583 0.499219 0.566667 0.499219 0.567708 0.5 0.569792 0.5 0.570833 0.500781 0.573958 0.500781 0.575 0.501562 0.578125 0.501562 0.579167 0.502344 0.582292 0.502344 0.583333 0.503125 0.5875 0.503125 0.588542 0.503906 0.592708 0.503906 0.59375 0.504687 0.601042 0.504687 0.602083 0.505469 0.620833 0.505469 0.621875 0.504687 0.628125 0.504687 0.629167 0.503906 0.632292 0.503906 0.633333 0.503125 0.636458 0.503125 0.6375 0.502344 0.639583 0.502344 0.640625 0.501562 0.64375 0.501562 0.644792 0.500781 0.647917 0.500781 0.648958 0.5 0.651042 0.5 0.652083 0.499219 0.653125 0.499219 0.654167 0.498437 0.65625 0.498437 0.657292 0.497656 0.659375 0.497656 0.661458 0.496094 0.6625 0.496094 0.663542 0.495312 0.664583 0.495312 0.665625 0.494531 0.666667 0.494531 0.667708 0.49375 0.66875 0.49375 0.671875 0.491406 0.672917 0.491406 0.683333 0.483594 0.683333 0.482812 0.685417 0.48125 0.685417 0.480469 0.6875 0.478906 0.6875 0.478125 0.688542 0.477344 0.688542 0.476562 0.689583 0.475781 0.689583 0.471875 0.688542 0.471875 0.688542 0.474219 0.684375 0.477344 0.684375 0.478125 0.683333 0.478906 0.682292 0.478906 0.678125 0.482031 0.677083 0.482031 0.672917 0.485156 0.671875 0.485156 0.670833 0.485937 0.669792 0.485937 0.66875 0.486719 0.667708 0.486719 0.665625 0.488281 0.664583 0.488281 0.663542 0.489062 0.6625 0.489062 0.661458 0.489844 0.660417 0.489844 0.659375 0.490625 0.658333 0.490625 0.657292 0.491406 0.654167 0.491406 0.653125 0.492187 0.651042 0.492187 0.65 0.492969 0.646875 0.492969 0.645833 0.49375 0.644792 0.49375 0.64375 0.494531 0.639583 0.494531 0.638542 0.495312 0.632292 0.495312 0.63125 0.496094 0.626042 0.496094 0.625 0.496875 0.603125 0.496875 0.602083 0.496094 0.595833 0.496094 0.594792 0.495312 0.5875 0.495312 0.586458 0.494531 0.58125 0.494531 0.580208 0.49375 0.578125 0.49375 0.577083 0.492969 0.575 0.492969 0.573958 0.492187 0.570833 0.492187 0.569792 0.491406 0.566667 0.491406 0.565625 0.490625 0.564583 0.490625 0.563542 0.489844 0.561458 0.489844 0.560417 0.489062 0.559375 0.489062 0.558333 0.488281 0.557292 0.488281 0.55625 0.4875 0.554167 0.4875 0.552083 0.485937 0.551042 0.485937 0.55 0.485156 0.548958 0.485156 0.547917 0.484375 0.546875 0.484375 0.545833 0.483594 0.544792 0.483594 0.542708 0.482031 0.541667 0.482031 0.538542 0.479687 0.5375 0.479687 0.526042 0.471094 0.526042 0.470312 0.525 0.470312 0.523958 0.469531 0.523958 0.46875 0.522917 0.467969 0.522917 0.467187 0.521875 0.466406 0.521875 0.465625 0.519792 0.464062 0.519792 0.4625 0.51875 0.461719 0.51875 0.458594 0.517708 0.457812 0.517708 0.454687 0.959259
0 0.513542 0.516406 0.5125 0.517188 0.5125 0.521094 0.513542 0.521875 0.513542 0.523438 0.514583 0.524219 0.514583 0.525 0.515625 0.525781 0.515625 0.526562 0.516667 0.527344 0.516667 0.528906 0.517708 0.529687 0.517708 0.530469 0.519792 0.532031 0.519792 0.532812 0.522917 0.535156 0.522917 0.535937 0.535417 0.545312 0.536458 0.545312 0.538542 0.546875 0.539583 0.546875 0.542708 0.549219 0.54375 0.549219 0.544792 0.55 0.546875 0.55 0.548958 0.551562 0.55 0.551562 0.551042 0.552344 0.552083 0.552344 0.553125 0.553125 0.555208 0.553125 0.55625 0.553906 0.557292 0.553906 0.558333 0.554688 0.560417 0.554688 0.561458 0.555469 0.5625 0.555469 0.563542 0.55625 0.566667 0.55625 0.567708 0.557031 0.570833 0.557031 0.571875 0.557812 0.573958 0.557812 0.575 0.558594 0.578125 0.558594 0.579167 0.559375 0.5875 0.559375 0.588542 0.560156 0.609375 0.560156 0.610417 0.559375 0.623958 0.559375 0.625 0.558594 0.628125 0.558594 0.629167 0.557812 0.630208 0.557812 0.63125 0.557031 0.634375 0.557031 0.635417 0.55625 0.638542 0.55625 0.639583 0.555469 0.641667 0.555469 0.64375 0.553906 0.644792 0.553906 0.645833 0.553125 0.647917 0.553125 0.648958 0.552344 0.65 0.552344 0.651042 0.551562 0.652083 0.551562 0.654167 0.55 0.655208 0.55 0.65625 0.549219 0.657292 0.549219 0.661458 0.546094 0.6625 0.546094 0.667708 0.542187 0.667708 0.541406 0.670833 0.539062 0.670833 0.538281 0.673958 0.535937 0.673958 0.535156 0.675 0.534375 0.675 0.533594 0.676042 0.532812 0.676042 0.53125 0.677083 0.530469 0.677083 0.527344 0.676042 0.527344 0.676042 0.528906 0.675 0.529687 0.675 0.530469 0.671875 0.532812 0.671875 0.533594 0.669792 0.535156 0.66875 0.535156 0.664583 0.538281 0.663542 0.538281 0.661458 0.539844 0.660417 0.539844 0.658333 0.541406 0.657292 0.541406 0.655208 0.542969 0.654167 0.542969 0.653125 0.54375 0.652083 0.54375 0.651042 0.544531 0.65 0.544531 0.648958 0.545312 0.647917 0.545312 0.646875 0.546094 0.644792 0.546094 0.64375 0.546875 0.642708 0.546875 0.641667 0.547656 0.639583 0.547656 0.638542 0.548437 0.635417 0.548437 0.634375 0.549219 0.63125 0.549219 0.630208 0.55 0.627083 0.55 0.626042 0.550781 0.622917 0.550781 0.621875 0.551562 0.613542 0.551562 0.6125 0.552344 0.59375 0.552344 0.592708 0.551562 0.584375 0.551562 0.583333 0.550781 0.580208 0.550781 0.579167 0.55 0.576042 0.55 0.575 0.549219 0.571875 0.549219 0.570833 0.548437 0.567708 0.548437 0.566667 0.547656 0.563542 0.547656 0.5625 0.546875 0.561458 0.546875 0.560417 0.546094 0.558333 0.546094 0.557292 0.545312 0.555208 0.545312 0.554167 0.544531 0.553125 0.544531 0.552083 0.54375 0.551042 0.54375 0.55 0.542969 0.548958 0.542969 0.547917 0.542187 0.546875 0.542187 0.545833 0.541406 0.544792 0.541406 0.54375 0.540625 0.542708 0.540625 0.541667 0.539844 0.540625 0.539844 0.538542 0.538281 0.5375 0.538281 0.532292 0.534375 0.53125 0.534375 0.521875 0.527344 0.521875 0.526562 0.51875 0.524219 0.51875 0.523438 0.517708 0.522656 0.516667 0.522656 0.515625 0.521875 0.515625 0.521094 0.514583 0.520312 0.514583 0.517969 0.513542 0.517188 0.513542 0.516406 0.510417 0.511719 0.510417 0.507812 0.510417 0.511719 0.959031
0 0.513542 0.460156 0.513542 0.475781 0.515625 0.477344 0.515625 0.478125 0.516667 0.478906 0.516667 0.480469 0.517708 0.48125 0.517708 0.482031 0.519792 0.483594 0.519792 0.484375 0.520833 0.485156 0.520833 0.485937 0.523958 0.488281 0.523958 0.489062 0.536458 0.498437 0.5375 0.498437 0.539583 0.5 0.540625 0.5 0.541667 0.500781 0.542708 0.500781 0.544792 0.502344 0.545833 0.502344 0.546875 0.503125 0.547917 0.503125 0.548958 0.503906 0.55 0.503906 0.551042 0.504687 0.552083 0.504687 0.553125 0.505469 0.554167 0.505469 0.555208 0.50625 0.557292 0.50625 0.558333 0.507031 0.561458 0.507031 0.5625 0.507812 0.563542 0.507812 0.564583 0.508594 0.565625 0.508594 0.566667 0.509375 0.56875 0.509375 0.569792 0.510156 0.575 0.510156 0.576042 0.510937 0.580208 0.510937 0.58125 0.511719 0.584375 0.511719 0.585417 0.5125 0.588542 0.5125 0.589583 0.513281 0.602083 0.513281 0.603125 0.514062 0.615625 0.514062 0.616667 0.513281 0.625 0.513281 0.626042 0.5125 0.630208 0.5125 0.63125 0.511719 0.634375 0.511719 0.635417 0.510937 0.638542 0.510937 0.639583 0.510156 0.64375 0.510156 0.644792 0.509375 0.646875 0.509375 0.647917 0.508594 0.648958 0.508594 0.65 0.507812 0.652083 0.507812 0.653125 0.507031 0.655208 0.507031 0.65625 0.50625 0.657292 0.50625 0.659375 0.504687 0.660417 0.504687 0.661458 0.503906 0.6625 0.503906 0.663542 0.503125 0.664583 0.503125 0.666667 0.501562 0.667708 0.501562 0.671875 0.498437 0.672917 0.498437 0.679167 0.49375 0.679167 0.492969 0.68125 0.491406 0.68125 0.490625 0.683333 0.489062 0.683333 0.488281 0.684375 0.4875 0.684375 0.486719 0.685417 0.485937 0.685417 0.484375 0.684375 0.484375 0.68125 0.486719 0.680208 0.486719 0.680208 0.4875 0.678125 0.489062 0.677083 0.489062 0.669792 0.494531 0.66875 0.494531 0.667708 0.495312 0.665625 0.495312 0.664583 0.496094 0.663542 0.496094 0.661458 0.497656 0.660417 0.497656 0.659375 0.498437 0.657292 0.498437 0.65625 0.499219 0.655208 0.499219 0.654167 0.5 0.653125 0.5 0.652083 0.500781 0.648958 0.500781 0.647917 0.501562 0.644792 0.501562 0.64375 0.502344 0.641667 0.502344 0.640625 0.503125 0.638542 0.503125 0.6375 0.503906 0.634375 0.503906 0.633333 0.504687 0.626042 0.504687 0.625 0.505469 0.596875 0.505469 0.595833 0.504687 0.588542 0.504687 0.5875 0.503906 0.583333 0.503906 0.582292 0.503125 0.579167 0.503125 0.578125 0.502344 0.575 0.502344 0.573958 0.501562 0.569792 0.501562 0.56875 0.500781 0.566667 0.500781 0.565625 0.5 0.564583 0.5 0.563542 0.499219 0.561458 0.499219 0.560417 0.498437 0.558333 0.498437 0.557292 0.497656 0.55625 0.497656 0.555208 0.496875 0.554167 0.496875 0.553125 0.496094 0.552083 0.496094 0.551042 0.495312 0.55 0.495312 0.548958 0.494531 0.547917 0.494531 0.546875 0.49375 0.545833 0.49375 0.54375 0.492187 0.542708 0.492187 0.538542 0.489062 0.5375 0.489062 0.536458 0.488281 0.535417 0.488281 0.53125 0.485156 0.530208 0.485156 0.527083 0.482812 0.527083 0.482031 0.526042 0.482031 0.523958 0.480469 0.523958 0.479687 0.522917 0.478906 0.522917 0.478125 0.51875 0.475 0.51875 0.473437 0.517708 0.472656 0.517708 0.471875 0.515625 0.470312 0.515625 0.469531 0.514583 0.46875 0.514583 0.465625 0.513542 0.464844 0.958893
0 0.434375 0.378906 0.434375 0.38125 0.433333 0.382031 0.433333 0.389844 0.432292 0.390625 0.432292 0.392187 0.43125 0.392969 0.43125 0.395312 0.430208 0.396094 0.430208 0.397656 0.429167 0.398438 0.429167 0.399219 0.428125 0.4 0.428125 0.400781 0.426042 0.402344 0.426042 0.403125 0.420833 0.407031 0.420833 0.407812 0.41875 0.409375 0.417708 0.409375 0.4125 0.413281 0.411458 0.413281 0.407292 0.416406 0.40625 0.416406 0.405208 0.417187 0.404167 0.417187 0.402083 0.41875 0.401042 0.41875 0.4 0.419531 0.397917 0.419531 0.396875 0.420312 0.395833 0.420312 0.394792 0.421094 0.39375 0.421094 0.392708 0.421875 0.391667 0.421875 0.390625 0.422656 0.3875 0.422656 0.386458 0.423437 0.384375 0.423437 0.383333 0.424219 0.382292 0.424219 0.38125 0.425 0.379167 0.425 0.378125 0.425781 0.373958 0.425781 0.372917 0.426562 0.369792 0.426562 0.36875 0.427344 0.367708 0.427344 0.366667 0.428125 0.363542 0.428125 0.3625 0.428906 0.354167 0.428906 0.353125 0.429688 0.344792 0.429688 0.34375 0.430469 0.3375 0.430469 0.336458 0.43125 0.320833 0.43125 0.319792 0.430469 0.310417 0.430469 0.309375 0.429688 0.301042 0.429688 0.3 0.428906 0.29375 0.428906 0.292708 0.428125 0.289583 0.428125 0.288542 0.427344 0.2875 0.427344 0.286458 0.426562 0.283333 0.426562 0.282292 0.425781 0.279167 0.425781 0.278125 0.425 0.277083 0.425 0.276042 0.424219 0.275 0.424219 0.273958 0.423437 0.272917 0.423437 0.271875 0.422656 0.269792 0.422656 0.26875 0.421875 0.267708 0.421875 0.265625 0.420312 0.264583 0.420312 0.263542 0.419531 0.2625 0.419531 0.261458 0.41875 0.260417 0.41875 0.257292 0.416406 0.25625 0.416406 0.255208 0.415625 0.254167 0.415625 0.252083 0.414062 0.252083 0.413281 0.251042 0.413281 0.25 0.414062 0.252083 0.415625 0.252083 0.416406 0.255208 0.41875 0.255208 0.419531 0.25625 0.419531 0.259375 0.421875 0.259375 0.422656 0.260417 0.423437 0.261458 0.423437 0.265625 0.426562 0.266667 0.426562 0.269792 0.428906 0.270833 0.428906 0.271875 0.429688 0.272917 0.429688 0.273958 0.430469 0.275 0.430469 0.276042 0.43125 0.277083 0.43125 0.278125 0.432031 0.280208 0.432031 0.28125 0.432812 0.282292 0.432812 0.283333 0.433594 0.284375 0.433594 0.285417 0.434375 0.286458 0.434375 0.2875 0.435156 0.290625 0.435156 0.291667 0.435937 0.294792 0.435937 0.295833 0.436719 0.297917 0.436719 0.298958 0.4375 0.301042 0.4375 0.302083 0.438281 0.309375 0.438281 0.310417 0.439062 0.317708 0.439062 0.31875 0.439844 0.325 0.439844 0.326042 0.440625 0.34375 0.440625 0.344792 0.439844 0.352083 0.439844 0.353125 0.439062 0.360417 0.439062 0.361458 0.438281 0.367708 0.438281 0.36875 0.4375 0.371875 0.4375 0.372917 0.436719 0.375 0.436719 0.376042 0.435937 0.379167 0.435937 0.380208 0.435156 0.383333 0.435156 0.384375 0.434375 0.385417 0.434375 0.386458 0.433594 0.388542 0.433594 0.389583 0.432812 0.390625 0.432812 0.391667 0.432031 0.39375 0.432031 0.394792 0.43125 0.396875 0.43125 0.398958 0.429688 0.4 0.429688 0.401042 0.428906 0.403125 0.428906 0.404167 0.428125 0.405208 0.428125 0.407292 0.426562 0.408333 0.426562 0.411458 0.424219 0.4125 0.424219 0.414583 0.422656 0.415625 0.422656 0.417708 0.421094 0.41875 0.421094 0.425 0.416406 0.426042 0.416406 0.426042 0.415625 0.429167 0.413281 0.429167 0.4125 0.43125 0.410937 0.43125 0.410156 0.432292 0.409375 0.432292 0.408594 0.433333 0.407812 0.433333 0.407031 0.434375 0.40625 0.434375 0.405469 0.435417 0.404687 0.435417 0.403906 0.436458 0.403125 0.436458 0.402344 0.4375 0.401562 0.4375 0.398438 0.438542 0.397656 0.438542 0.391406 0.4375 0.390625 0.4375 0.3875 0.436458 0.386719 0.436458 0.382812 0.435417 0.382031 0.435417 0.379687 0.957685
0 0.514583 0.478906 0.514583 0.484375 0.515625 0.485156 0.515625 0.486719 0.516667 0.4875 0.516667 0.489062 0.517708 0.489844 0.517708 0.491406 0.519792 0.492969 0.519792 0.49375 0.520833 0.494531 0.520833 0.495312 0.521875 0.496094 0.521875 0.496875 0.527083 0.500781 0.527083 0.501562 0.529167 0.503125 0.530208 0.503125 0.536458 0.507812 0.5375 0.507812 0.538542 0.508594 0.539583 0.508594 0.541667 0.510156 0.542708 0.510156 0.54375 0.510937 0.544792 0.510937 0.546875 0.5125 0.547917 0.5125 0.548958 0.513281 0.551042 0.513281 0.552083 0.514062 0.553125 0.514062 0.555208 0.515625 0.557292 0.515625 0.558333 0.516406 0.560417 0.516406 0.561458 0.517188 0.5625 0.517188 0.563542 0.517969 0.565625 0.517969 0.566667 0.51875 0.56875 0.51875 0.569792 0.519531 0.573958 0.519531 0.575 0.520312 0.578125 0.520312 0.579167 0.521094 0.58125 0.521094 0.582292 0.521875 0.585417 0.521875 0.586458 0.522656 0.627083 0.522656 0.628125 0.521875 0.632292 0.521875 0.633333 0.521094 0.635417 0.521094 0.636458 0.520312 0.638542 0.520312 0.639583 0.519531 0.64375 0.519531 0.644792 0.51875 0.646875 0.51875 0.647917 0.517969 0.648958 0.517969 0.65 0.517188 0.651042 0.517188 0.652083 0.516406 0.654167 0.516406 0.655208 0.515625 0.65625 0.515625 0.658333 0.514062 0.659375 0.514062 0.660417 0.513281 0.661458 0.513281 0.6625 0.5125 0.663542 0.5125 0.665625 0.510937 0.666667 0.510937 0.679167 0.501562 0.679167 0.500781 0.682292 0.498437 0.682292 0.497656 0.683333 0.496875 0.683333 0.496094 0.684375 0.495312 0.684375 0.49375 0.685417 0.492969 0.685417 0.489062 0.684375 0.489062 0.684375 0.490625 0.679167 0.494531 0.679167 0.495312 0.678125 0.496094 0.677083 0.496094 0.670833 0.500781 0.669792 0.500781 0.666667 0.503125 0.665625 0.503125 0.663542 0.504687 0.6625 0.504687 0.661458 0.505469 0.660417 0.505469 0.659375 0.50625 0.658333 0.50625 0.657292 0.507031 0.65625 0.507031 0.655208 0.507812 0.654167 0.507812 0.653125 0.508594 0.651042 0.508594 0.65 0.509375 0.648958 0.509375 0.647917 0.510156 0.645833 0.510156 0.644792 0.510937 0.640625 0.510937 0.639583 0.511719 0.635417 0.511719 0.634375 0.5125 0.63125 0.5125 0.630208 0.513281 0.626042 0.513281 0.625 0.514062 0.615625 0.514062 0.614583 0.514844 0.604167 0.514844 0.603125 0.514062 0.590625 0.514062 0.589583 0.513281 0.585417 0.513281 0.584375 0.5125 0.58125 0.5125 0.580208 0.511719 0.576042 0.511719 0.575 0.510937 0.570833 0.510937 0.569792 0.510156 0.566667 0.510156 0.565625 0.509375 0.564583 0.509375 0.563542 0.508594 0.561458 0.508594 0.560417 0.507812 0.558333 0.507812 0.557292 0.507031 0.555208 0.507031 0.554167 0.50625 0.553125 0.50625 0.552083 0.505469 0.551042 0.505469 0.55 0.504687 0.548958 0.504687 0.547917 0.503906 0.546875 0.503906 0.545833 0.503125 0.544792 0.503125 0.542708 0.501562 0.541667 0.501562 0.540625 0.500781 0.539583 0.500781 0.5375 0.499219 0.536458 0.499219 0.53125 0.495312 0.530208 0.495312 0.526042 0.492187 0.526042 0.491406 0.525 0.491406 0.523958 0.490625 0.523958 0.489844 0.520833 0.4875 0.520833 0.486719 0.519792 0.485937 0.519792 0.485156 0.517708 0.483594 0.517708 0.482812 0.516667 0.482812 0.514583 0.48125 0.957027
0 0.264583 0.528906 0.264583 0.539062 0.265625 0.539844 0.265625 0.540625 0.266667 0.541406 0.266667 0.542969 0.267708 0.54375 0.267708 0.544531 0.26875 0.545312 0.26875 0.546094 0.269792 0.546875 0.269792 0.547656 0.270833 0.548437 0.270833 0.549219 0.271875 0.55 0.271875 0.550781 0.272917 0.551562 0.272917 0.552344 0.275 0.553906 0.275 0.554688 0.283333 0.560937 0.284375 0.560937 0.286458 0.5625 0.2875 0.5625 0.290625 0.564844 0.291667 0.564844 0.29375 0.566406 0.294792 0.566406 0.295833 0.567187 0.297917 0.567187 0.298958 0.567969 0.3 0.567969 0.301042 0.56875 0.303125 0.56875 0.304167 0.569531 0.305208 0.569531 0.30625 0.570312 0.308333 0.570312 0.309375 0.571094 0.311458 0.571094 0.3125 0.571875 0.315625 0.571875 0.316667 0.572656 0.319792 0.572656 0.320833 0.573437 0.327083 0.573437 0.328125 0.574219 0.360417 0.574219 0.361458 0.573437 0.366667 0.573437 0.367708 0.572656 0.370833 0.572656 0.371875 0.571875 0.375 0.571875 0.376042 0.571094 0.378125 0.571094 0.379167 0.570312 0.382292 0.570312 0.383333 0.569531 0.385417 0.569531 0.386458 0.56875 0.3875 0.56875 0.388542 0.567969 0.389583 0.567969 0.390625 0.567187 0.392708 0.567187 0.39375 0.566406 0.394792 0.566406 0.395833 0.565625 0.396875 0.565625 0.397917 0.564844 0.398958 0.564844 0.4 0.564062 0.401042 0.564062 0.402083 0.563281 0.403125 0.563281 0.405208 0.561719 0.40625 0.561719 0.408333 0.560156 0.409375 0.560156 0.4125 0.557812 0.413542 0.557812 0.423958 0.55 0.423958 0.549219 0.425 0.548437 0.426042 0.548437 0.427083 0.547656 0.427083 0.546875 0.428125 0.546094 0.428125 0.545312 0.429167 0.544531 0.429167 0.54375 0.43125 0.542187 0.43125 0.541406 0.432292 0.540625 0.432292 0.539844 0.433333 0.539062 0.433333 0.5375 0.434375 0.536719 0.434375 0.535937 0.435417 0.535156 0.435417 0.530469 0.434375 0.53125 0.434375 0.533594 0.430208 0.536719 0.430208 0.5375 0.425 0.541406 0.425 0.542187 0.41875 0.546875 0.417708 0.546875 0.413542 0.55 0.4125 0.55 0.410417 0.551562 0.409375 0.551562 0.40625 0.553906 0.405208 0.553906 0.404167 0.554688 0.403125 0.554688 0.402083 0.555469 0.401042 0.555469 0.398958 0.557031 0.397917 0.557031 0.396875 0.557812 0.394792 0.557812 0.39375 0.558594 0.392708 0.558594 0.391667 0.559375 0.390625 0.559375 0.389583 0.560156 0.3875 0.560156 0.386458 0.560937 0.383333 0.560937 0.382292 0.561719 0.380208 0.561719 0.379167 0.5625 0.378125 0.5625 0.377083 0.563281 0.372917 0.563281 0.371875 0.564062 0.363542 0.564062 0.3625 0.564844 0.357292 0.564844 0.35625 0.565625 0.334375 0.565625 0.333333 0.564844 0.328125 0.564844 0.327083 0.564062 0.31875 0.564062 0.317708 0.563281 0.314583 0.563281 0.313542 0.5625 0.311458 0.5625 0.310417 0.561719 0.308333 0.561719 0.307292 0.560937 0.304167 0.560937 0.303125 0.560156 0.301042 0.560156 0.3 0.559375 0.298958 0.559375 0.296875 0.557812 0.294792 0.557812 0.29375 0.557031 0.292708 0.557031 0.289583 0.554688 0.288542 0.554688 0.286458 0.553125 0.285417 0.553125 0.276042 0.546094 0.276042 0.545312 0.271875 0.542187 0.271875 0.541406 0.269792 0.539844 0.269792 0.539062 0.26875 0.538281 0.26875 0.536719 0.267708 0.535937 0.267708 0.535156 0.264583 0.532812 0.956906
0 0.676042 0.535937 0.676042 0.535156 0.676042 0.535937 0.673958 0.538281 0.672917 0.538281 0.671875 0.539062 0.671875 0.539844 0.661458 0.547656 0.660417 0.547656 0.65625 0.550781 0.655208 0.550781 0.654167 0.551562 0.653125 0.551562 0.652083 0.552344 0.651042 0.552344 0.648958 0.553906 0.646875 0.553906 0.645833 0.554688 0.64375 0.554688 0.642708 0.555469 0.641667 0.555469 0.640625 0.55625 0.639583 0.55625 0.638542 0.557031 0.635417 0.557031 0.634375 0.557812 0.63125 0.557812 0.630208 0.558594 0.628125 0.558594 0.627083 0.559375 0.623958 0.559375 0.622917 0.560156 0.579167 0.560156 0.578125 0.559375 0.575 0.559375 0.573958 0.558594 0.571875 0.558594 0.570833 0.557812 0.567708 0.557812 0.566667 0.557031 0.563542 0.557031 0.5625 0.55625 0.560417 0.55625 0.559375 0.555469 0.558333 0.555469 0.557292 0.554688 0.55625 0.554688 0.555208 0.553906 0.552083 0.553906 0.551042 0.553125 0.55 0.553125 0.547917 0.551562 0.546875 0.551562 0.545833 0.550781 0.544792 0.550781 0.54375 0.55 0.542708 0.55 0.540625 0.548437 0.539583 0.548437 0.538542 0.547656 0.5375 0.547656 0.53125 0.542969 0.530208 0.542969 0.523958 0.538281 0.523958 0.5375 0.51875 0.533594 0.51875 0.532031 0.515625 0.529687 0.515625 0.528906 0.514583 0.528125 0.514583 0.525781 0.513542 0.525 0.513542 0.524219 0.5125 0.523438 0.5125 0.521875 0.511458 0.521094 0.511458 0.517188 0.510417 0.516406 0.510417 0.514844 0.509375 0.514844 0.509375 0.528125 0.510417 0.528906 0.510417 0.529687 0.511458 0.530469 0.511458 0.532031 0.5125 0.532812 0.5125 0.533594 0.514583 0.535156 0.514583 0.535937 0.515625 0.536719 0.515625 0.5375 0.516667 0.538281 0.516667 0.539062 0.517708 0.539844 0.517708 0.540625 0.51875 0.541406 0.51875 0.542187 0.521875 0.544531 0.521875 0.545312 0.534375 0.554688 0.535417 0.554688 0.538542 0.557031 0.539583 0.557031 0.540625 0.557812 0.541667 0.557812 0.54375 0.559375 0.544792 0.559375 0.545833 0.560156 0.546875 0.560156 0.547917 0.560937 0.548958 0.560937 0.55 0.561719 0.552083 0.561719 0.553125 0.5625 0.554167 0.5625 0.555208 0.563281 0.557292 0.563281 0.558333 0.564062 0.560417 0.564062 0.561458 0.564844 0.563542 0.564844 0.564583 0.565625 0.567708 0.565625 0.56875 0.566406 0.572917 0.566406 0.573958 0.567187 0.576042 0.567187 0.577083 0.567969 0.580208 0.567969 0.58125 0.56875 0.589583 0.56875 0.590625 0.569531 0.611458 0.569531 0.6125 0.56875 0.619792 0.56875 0.620833 0.567969 0.622917 0.567969 0.623958 0.567187 0.626042 0.567187 0.627083 0.566406 0.630208 0.566406 0.63125 0.565625 0.634375 0.565625 0.635417 0.564844 0.6375 0.564844 0.638542 0.564062 0.639583 0.564062 0.640625 0.563281 0.642708 0.563281 0.64375 0.5625 0.644792 0.5625 0.645833 0.561719 0.646875 0.561719 0.647917 0.560937 0.648958 0.560937 0.65 0.560156 0.651042 0.560156 0.653125 0.558594 0.654167 0.558594 0.658333 0.555469 0.659375 0.555469 0.666667 0.55 0.666667 0.549219 0.667708 0.548437 0.66875 0.548437 0.66875 0.547656 0.670833 0.546094 0.670833 0.545312 0.671875 0.544531 0.671875 0.54375 0.672917 0.542969 0.672917 0.542187 0.673958 0.541406 0.673958 0.538281 0.956693
0 0.435417 0.404687 0.435417 0.40625 0.434375 0.407031 0.434375 0.408594 0.432292 0.410156 0.432292 0.410937 0.430208 0.4125 0.430208 0.413281 0.429167 0.414062 0.429167 0.414844 0.419792 0.421875 0.41875 0.421875 0.417708 0.422656 0.416667 0.422656 0.413542 0.425 0.4125 0.425 0.410417 0.426562 0.409375 0.426562 0.40625 0.428906 0.404167 0.428906 0.403125 0.429688 0.402083 0.429688 0.401042 0.430469 0.4 0.430469 0.397917 0.432031 0.395833 0.432031 0.394792 0.432812 0.392708 0.432812 0.391667 0.433594 0.389583 0.433594 0.388542 0.434375 0.3875 0.434375 0.386458 0.435156 0.384375 0.435156 0.383333 0.435937 0.380208 0.435937 0.379167 0.436719 0.376042 0.436719 0.375 0.4375 0.373958 0.4375 0.372917 0.438281 0.369792 0.438281 0.36875 0.439062 0.3625 0.439062 0.361458 0.439844 0.354167 0.439844 0.353125 0.440625 0.347917 0.440625 0.346875 0.441406 0.320833 0.441406 0.319792 0.440625 0.314583 0.440625 0.313542 0.439844 0.307292 0.439844 0.30625 0.439062 0.3 0.439062 0.298958 0.438281 0.296875 0.438281 0.295833 0.4375 0.29375 0.4375 0.292708 0.436719 0.290625 0.436719 0.289583 0.435937 0.286458 0.435937 0.285417 0.435156 0.284375 0.435156 0.283333 0.434375 0.282292 0.434375 0.28125 0.433594 0.279167 0.433594 0.278125 0.432812 0.277083 0.432812 0.276042 0.432031 0.275 0.432031 0.272917 0.430469 0.271875 0.430469 0.270833 0.429688 0.269792 0.429688 0.26875 0.428906 0.267708 0.428906 0.264583 0.426562 0.263542 0.426562 0.258333 0.422656 0.257292 0.422656 0.25625 0.421875 0.25625 0.421094 0.255208 0.421094 0.252083 0.41875 0.252083 0.417969 0.251042 0.417187 0.251042 0.421094 0.252083 0.421875 0.252083 0.422656 0.253125 0.423437 0.253125 0.424219 0.254167 0.425 0.254167 0.425781 0.255208 0.426562 0.255208 0.427344 0.258333 0.429688 0.258333 0.430469 0.265625 0.435937 0.266667 0.435937 0.269792 0.438281 0.270833 0.438281 0.272917 0.439844 0.273958 0.439844 0.276042 0.441406 0.277083 0.441406 0.278125 0.442187 0.280208 0.442187 0.28125 0.442969 0.282292 0.442969 0.283333 0.44375 0.284375 0.44375 0.285417 0.444531 0.288542 0.444531 0.289583 0.445312 0.290625 0.445312 0.291667 0.446094 0.29375 0.446094 0.294792 0.446875 0.295833 0.446875 0.296875 0.447656 0.302083 0.447656 0.303125 0.448437 0.307292 0.448437 0.308333 0.449219 0.311458 0.449219 0.3125 0.45 0.359375 0.45 0.360417 0.449219 0.364583 0.449219 0.365625 0.448437 0.369792 0.448437 0.370833 0.447656 0.376042 0.447656 0.377083 0.446875 0.380208 0.446875 0.38125 0.446094 0.383333 0.446094 0.384375 0.445312 0.386458 0.445312 0.3875 0.444531 0.389583 0.444531 0.390625 0.44375 0.392708 0.44375 0.39375 0.442969 0.394792 0.442969 0.395833 0.442187 0.396875 0.442187 0.397917 0.441406 0.398958 0.441406 0.4 0.440625 0.401042 0.440625 0.402083 0.439844 0.403125 0.439844 0.404167 0.439062 0.405208 0.439062 0.40625 0.438281 0.407292 0.438281 0.408333 0.4375 0.409375 0.4375 0.411458 0.435937 0.4125 0.435937 0.416667 0.432812 0.417708 0.432812 0.421875 0.429688 0.422917 0.429688 0.428125 0.425781 0.428125 0.425 0.433333 0.421094 0.433333 0.419531 0.434375 0.41875 0.434375 0.417969 0.435417 0.417187 0.435417 0.416406 0.436458 0.415625 0.436458 0.414844 0.4375 0.414062 0.4375 0.4125 0.438542 0.411719 0.438542 0.409375 0.439583 0.408594 0.439583 0.398438 0.438542 0.398438 0.438542 0.401562 0.4375 0.402344 0.4375 0.403125 0.435417 0.404687 0.410417 0.394531 0.410417 0.39375 0.409375 0.394531 0.410417 0.394531 0.956398
0 0.438542 0.49375 0.4375 0.494531 0.4375 0.495312 0.436458 0.496094 0.436458 0.496875 0.435417 0.497656 0.435417 0.500781 0.434375 0.501562 0.434375 0.504687 0.433333 0.505469 0.433333 0.50625 0.430208 0.508594 0.430208 0.509375 0.429167 0.510156 0.429167 0.510937 0.426042 0.513281 0.426042 0.514062 0.414583 0.522656 0.413542 0.522656 0.410417 0.525 0.409375 0.525 0.408333 0.525781 0.407292 0.525781 0.405208 0.527344 0.404167 0.527344 0.402083 0.528906 0.401042 0.528906 0.4 0.529687 0.398958 0.529687 0.397917 0.530469 0.396875 0.530469 0.394792 0.532031 0.39375 0.532031 0.392708 0.532812 0.389583 0.532812 0.3875 0.534375 0.386458 0.534375 0.385417 0.535156 0.382292 0.535156 0.38125 0.535937 0.377083 0.535937 0.376042 0.536719 0.373958 0.536719 0.372917 0.5375 0.370833 0.5375 0.369792 0.538281 0.365625 0.538281 0.364583 0.539062 0.353125 0.539062 0.352083 0.539844 0.328125 0.539844 0.327083 0.539062 0.317708 0.539062 0.316667 0.538281 0.311458 0.538281 0.310417 0.5375 0.308333 0.5375 0.307292 0.536719 0.30625 0.536719 0.305208 0.535937 0.303125 0.535937 0.302083 0.535156 0.298958 0.535156 0.297917 0.534375 0.295833 0.534375 0.29375 0.532812 0.291667 0.532812 0.290625 0.532031 0.288542 0.532031 0.2875 0.53125 0.286458 0.53125 0.283333 0.528906 0.282292 0.528906 0.28125 0.528125 0.280208 0.528125 0.277083 0.525781 0.273958 0.525781 0.271875 0.524219 0.271875 0.523438 0.271875 0.526562 0.272917 0.526562 0.276042 0.528906 0.276042 0.529687 0.277083 0.529687 0.28125 0.532812 0.282292 0.532812 0.2875 0.536719 0.288542 0.536719 0.289583 0.5375 0.290625 0.5375 0.291667 0.538281 0.292708 0.538281 0.29375 0.539062 0.294792 0.539062 0.295833 0.539844 0.296875 0.539844 0.297917 0.540625 0.298958 0.540625 0.3 0.541406 0.301042 0.541406 0.302083 0.542187 0.304167 0.542187 0.305208 0.542969 0.30625 0.542969 0.307292 0.54375 0.309375 0.54375 0.310417 0.544531 0.314583 0.544531 0.315625 0.545312 0.31875 0.545312 0.319792 0.546094 0.322917 0.546094 0.323958 0.546875 0.329167 0.546875 0.330208 0.547656 0.359375 0.547656 0.360417 0.546875 0.365625 0.546875 0.366667 0.546094 0.369792 0.546094 0.370833 0.545312 0.373958 0.545312 0.375 0.544531 0.380208 0.544531 0.38125 0.54375 0.383333 0.54375 0.384375 0.542969 0.385417 0.542969 0.386458 0.542187 0.388542 0.542187 0.389583 0.541406 0.391667 0.541406 0.392708 0.540625 0.394792 0.540625 0.396875 0.539062 0.398958 0.539062 0.4 0.538281 0.401042 0.538281 0.402083 0.5375 0.403125 0.5375 0.405208 0.535937 0.40625 0.535937 0.407292 0.535156 0.408333 0.535156 0.409375 0.534375 0.410417 0.534375 0.414583 0.53125 0.415625 0.53125 0.428125 0.521875 0.428125 0.521094 0.429167 0.520312 0.429167 0.519531 0.43125 0.517969 0.43125 0.517188 0.432292 0.516406 0.432292 0.515625 0.433333 0.514844 0.433333 0.513281 0.435417 0.511719 0.435417 0.510156 0.436458 0.509375 0.436458 0.507031 0.4375 0.50625 0.4375 0.503906 0.438542 0.503125 0.438542 0.500781 0.439583 0.5 0.439583 0.496875 0.438542 0.496094 0.955566
0 0.425 0.345312 0.425 0.346875 0.423958 0.347656 0.423958 0.353125 0.422917 0.353906 0.422917 0.360156 0.421875 0.360937 0.421875 0.363281 0.420833 0.364062 0.420833 0.364844 0.419792 0.365625 0.419792 0.366406 0.41875 0.367188 0.41875 0.367969 0.416667 0.369531 0.416667 0.370312 0.407292 0.377344 0.40625 0.377344 0.403125 0.379687 0.402083 0.379687 0.4 0.38125 0.398958 0.38125 0.396875 0.382812 0.395833 0.382812 0.394792 0.383594 0.39375 0.383594 0.392708 0.384375 0.391667 0.384375 0.390625 0.385156 0.389583 0.385156 0.388542 0.385937 0.3875 0.385937 0.386458 0.386719 0.385417 0.386719 0.384375 0.3875 0.383333 0.3875 0.382292 0.388281 0.38125 0.388281 0.380208 0.389062 0.378125 0.389062 0.377083 0.389844 0.375 0.389844 0.373958 0.390625 0.372917 0.390625 0.371875 0.391406 0.369792 0.391406 0.36875 0.392187 0.364583 0.392187 0.363542 0.392969 0.360417 0.392969 0.359375 0.39375 0.357292 0.39375 0.35625 0.394531 0.353125 0.394531 0.352083 0.395312 0.346875 0.395312 0.345833 0.396094 0.338542 0.396094 0.3375 0.396875 0.33125 0.396875 0.330208 0.397656 0.30625 0.397656 0.305208 0.396875 0.298958 0.396875 0.297917 0.396094 0.292708 0.396094 0.291667 0.395312 0.280208 0.395312 0.279167 0.394531 0.276042 0.394531 0.275 0.39375 0.273958 0.39375 0.272917 0.392969 0.269792 0.392969 0.26875 0.392187 0.264583 0.392187 0.263542 0.391406 0.2625 0.391406 0.261458 0.390625 0.260417 0.390625 0.259375 0.389844 0.258333 0.389844 0.257292 0.389062 0.255208 0.389062 0.254167 0.388281 0.253125 0.388281 0.251042 0.386719 0.25 0.386719 0.248958 0.385937 0.246875 0.385937 0.24375 0.383594 0.242708 0.383594 0.241667 0.382812 0.240625 0.382812 0.239583 0.382031 0.238542 0.382031 0.238542 0.383594 0.239583 0.384375 0.239583 0.385156 0.248958 0.392187 0.25 0.392187 0.252083 0.39375 0.253125 0.39375 0.255208 0.395312 0.25625 0.395312 0.257292 0.396094 0.258333 0.396094 0.259375 0.396875 0.260417 0.396875 0.261458 0.397656 0.2625 0.397656 0.263542 0.398438 0.264583 0.398438 0.265625 0.399219 0.266667 0.399219 0.267708 0.4 0.26875 0.4 0.269792 0.400781 0.271875 0.400781 0.272917 0.401562 0.275 0.401562 0.276042 0.402344 0.278125 0.402344 0.279167 0.403125 0.282292 0.403125 0.283333 0.403906 0.2875 0.403906 0.288542 0.404687 0.291667 0.404687 0.292708 0.405469 0.295833 0.405469 0.296875 0.40625 0.304167 0.40625 0.305208 0.407031 0.3375 0.407031 0.338542 0.40625 0.348958 0.40625 0.35 0.405469 0.354167 0.405469 0.355208 0.404687 0.358333 0.404687 0.359375 0.403906 0.3625 0.403906 0.363542 0.403125 0.366667 0.403125 0.367708 0.402344 0.370833 0.402344 0.371875 0.401562 0.373958 0.401562 0.375 0.400781 0.377083 0.400781 0.378125 0.4 0.380208 0.4 0.38125 0.399219 0.383333 0.399219 0.384375 0.398438 0.386458 0.398438 0.3875 0.397656 0.388542 0.397656 0.390625 0.396094 0.391667 0.396094 0.392708 0.395312 0.394792 0.395312 0.396875 0.39375 0.397917 0.39375 0.4 0.392187 0.401042 0.392187 0.402083 0.391406 0.403125 0.391406 0.404167 0.390625 0.405208 0.390625 0.407292 0.389062 0.408333 0.389062 0.4125 0.385937 0.413542 0.385937 0.425 0.377344 0.425 0.376562 0.426042 0.375781 0.426042 0.375 0.427083 0.374219 0.427083 0.373437 0.428125 0.372656 0.428125 0.371875 0.429167 0.371094 0.429167 0.369531 0.430208 0.36875 0.430208 0.353125 0.429167 0.352344 0.429167 0.350781 0.428125 0.35 0.428125 0.347656 0.427083 0.346875 0.427083 0.345312 0.955169
0 0.517708 0.425 0.517708 0.428906 0.51875 0.429688 0.519792 0.429688 0.520833 0.430469 0.520833 0.432031 0.521875 0.432812 0.521875 0.434375 0.522917 0.435156 0.522917 0.435937 0.523958 0.436719 0.523958 0.438281 0.525 0.439062 0.525 0.439844 0.526042 0.440625 0.526042 0.441406 0.528125 0.442969 0.528125 0.44375 0.529167 0.444531 0.529167 0.445312 0.538542 0.452344 0.539583 0.452344 0.541667 0.453906 0.542708 0.453906 0.545833 0.45625 0.546875 0.45625 0.548958 0.457812 0.55 0.457812 0.551042 0.458594 0.552083 0.458594 0.553125 0.459375 0.554167 0.459375 0.555208 0.460156 0.55625 0.460156 0.557292 0.460937 0.559375 0.460937 0.560417 0.461719 0.561458 0.461719 0.5625 0.4625 0.563542 0.4625 0.564583 0.463281 0.567708 0.463281 0.56875 0.464062 0.569792 0.464062 0.570833 0.464844 0.571875 0.464844 0.572917 0.465625 0.576042 0.465625 0.577083 0.466406 0.58125 0.466406 0.582292 0.467187 0.584375 0.467187 0.585417 0.467969 0.5875 0.467969 0.588542 0.46875 0.59375 0.46875 0.594792 0.469531 0.605208 0.469531 0.60625 0.470312 0.632292 0.470312 0.633333 0.469531 0.641667 0.469531 0.642708 0.46875 0.646875 0.46875 0.647917 0.467969 0.65 0.467969 0.651042 0.467187 0.653125 0.467187 0.654167 0.466406 0.657292 0.466406 0.658333 0.465625 0.660417 0.465625 0.661458 0.464844 0.663542 0.464844 0.664583 0.464062 0.666667 0.464062 0.667708 0.463281 0.66875 0.463281 0.669792 0.4625 0.670833 0.4625 0.671875 0.461719 0.672917 0.461719 0.673958 0.460937 0.675 0.460937 0.676042 0.460156 0.677083 0.460156 0.679167 0.458594 0.680208 0.458594 0.68125 0.457812 0.682292 0.457812 0.684375 0.45625 0.685417 0.45625 0.697917 0.446875 0.697917 0.446094 0.698958 0.445312 0.698958 0.444531 0.701042 0.442969 0.701042 0.442187 0.702083 0.441406 0.702083 0.439062 0.703125 0.438281 0.703125 0.430469 0.702083 0.429688 0.701042 0.430469 0.701042 0.432812 0.7 0.433594 0.7 0.435156 0.698958 0.435937 0.698958 0.436719 0.696875 0.438281 0.696875 0.439062 0.695833 0.439844 0.695833 0.440625 0.6875 0.446875 0.686458 0.446875 0.683333 0.449219 0.682292 0.449219 0.68125 0.45 0.680208 0.45 0.679167 0.450781 0.678125 0.450781 0.675 0.453125 0.673958 0.453125 0.672917 0.453906 0.670833 0.453906 0.669792 0.454687 0.66875 0.454687 0.667708 0.455469 0.666667 0.455469 0.665625 0.45625 0.663542 0.45625 0.6625 0.457031 0.660417 0.457031 0.659375 0.457812 0.65625 0.457812 0.655208 0.458594 0.653125 0.458594 0.652083 0.459375 0.648958 0.459375 0.647917 0.460156 0.641667 0.460156 0.640625 0.460937 0.633333 0.460937 0.632292 0.461719 0.604167 0.461719 0.603125 0.460937 0.595833 0.460937 0.594792 0.460156 0.589583 0.460156 0.588542 0.459375 0.584375 0.459375 0.583333 0.458594 0.58125 0.458594 0.580208 0.457812 0.577083 0.457812 0.576042 0.457031 0.573958 0.457031 0.572917 0.45625 0.569792 0.45625 0.56875 0.455469 0.566667 0.455469 0.565625 0.454687 0.564583 0.454687 0.563542 0.453906 0.561458 0.453906 0.560417 0.453125 0.558333 0.453125 0.557292 0.452344 0.55625 0.452344 0.555208 0.451562 0.554167 0.451562 0.553125 0.450781 0.552083 0.450781 0.551042 0.45 0.55 0.45 0.548958 0.449219 0.547917 0.449219 0.545833 0.447656 0.544792 0.447656 0.54375 0.446875 0.542708 0.446875 0.538542 0.44375 0.5375 0.44375 0.527083 0.435937 0.527083 0.435156 0.526042 0.435156 0.522917 0.432812 0.522917 0.43125 0.521875 0.430469 0.520833 0.430469 0.519792 0.429688 0.519792 0.428906 0.51875 0.428125 0.51875 0.425 0.954237
0 0.433333 0.480469 0.433333 0.48125 0.432292 0.482031 0.432292 0.482812 0.43125 0.483594 0.43125 0.485156 0.430208 0.485937 0.430208 0.489062 0.429167 0.489844 0.429167 0.491406 0.427083 0.492969 0.427083 0.49375 0.426042 0.494531 0.426042 0.495312 0.422917 0.497656 0.422917 0.498437 0.4125 0.50625 0.411458 0.50625 0.408333 0.508594 0.407292 0.508594 0.405208 0.510156 0.404167 0.510156 0.403125 0.510937 0.402083 0.510937 0.4 0.5125 0.398958 0.5125 0.397917 0.513281 0.396875 0.513281 0.395833 0.514062 0.394792 0.514062 0.39375 0.514844 0.392708 0.514844 0.391667 0.515625 0.390625 0.515625 0.389583 0.516406 0.3875 0.516406 0.386458 0.517188 0.384375 0.517188 0.382292 0.51875 0.380208 0.51875 0.379167 0.519531 0.377083 0.519531 0.376042 0.520312 0.370833 0.520312 0.369792 0.521094 0.367708 0.521094 0.366667 0.521875 0.364583 0.521875 0.363542 0.522656 0.358333 0.522656 0.357292 0.523438 0.34375 0.523438 0.342708 0.524219 0.333333 0.524219 0.332292 0.523438 0.314583 0.523438 0.313542 0.522656 0.309375 0.522656 0.308333 0.521875 0.30625 0.521875 0.305208 0.521094 0.302083 0.521094 0.301042 0.520312 0.298958 0.520312 0.297917 0.519531 0.295833 0.519531 0.294792 0.51875 0.29375 0.51875 0.292708 0.517969 0.291667 0.517969 0.290625 0.517188 0.288542 0.517188 0.2875 0.516406 0.286458 0.516406 0.285417 0.515625 0.284375 0.515625 0.283333 0.514844 0.282292 0.514844 0.280208 0.513281 0.279167 0.513281 0.277083 0.511719 0.276042 0.511719 0.273958 0.510156 0.272917 0.510156 0.271875 0.509375 0.270833 0.509375 0.26875 0.507812 0.26875 0.507031 0.267708 0.507031 0.264583 0.504687 0.264583 0.503906 0.261458 0.503906 0.260417 0.503125 0.260417 0.5 0.259375 0.499219 0.259375 0.501562 0.260417 0.502344 0.260417 0.503125 0.2625 0.504687 0.2625 0.505469 0.263542 0.50625 0.263542 0.507812 0.266667 0.510156 0.266667 0.510937 0.276042 0.517969 0.277083 0.517969 0.280208 0.520312 0.282292 0.520312 0.284375 0.521875 0.285417 0.521875 0.286458 0.522656 0.2875 0.522656 0.288542 0.523438 0.290625 0.523438 0.291667 0.524219 0.292708 0.524219 0.29375 0.525 0.294792 0.525 0.295833 0.525781 0.296875 0.525781 0.297917 0.526562 0.302083 0.526562 0.303125 0.527344 0.305208 0.527344 0.30625 0.528125 0.308333 0.528125 0.309375 0.528906 0.3125 0.528906 0.313542 0.529687 0.319792 0.529687 0.320833 0.530469 0.326042 0.530469 0.327083 0.53125 0.352083 0.53125 0.353125 0.530469 0.358333 0.530469 0.359375 0.529687 0.365625 0.529687 0.366667 0.528906 0.370833 0.528906 0.371875 0.528125 0.373958 0.528125 0.375 0.527344 0.377083 0.527344 0.378125 0.526562 0.38125 0.526562 0.382292 0.525781 0.385417 0.525781 0.386458 0.525 0.3875 0.525 0.388542 0.524219 0.389583 0.524219 0.390625 0.523438 0.392708 0.523438 0.39375 0.522656 0.394792 0.522656 0.395833 0.521875 0.396875 0.521875 0.397917 0.521094 0.398958 0.521094 0.4 0.520312 0.401042 0.520312 0.403125 0.51875 0.404167 0.51875 0.405208 0.517969 0.40625 0.517969 0.408333 0.516406 0.409375 0.516406 0.416667 0.510937 0.417708 0.510937 0.421875 0.507812 0.421875 0.507031 0.428125 0.502344 0.428125 0.501562 0.430208 0.5 0.430208 0.499219 0.43125 0.498437 0.43125 0.497656 0.432292 0.496875 0.432292 0.49375 0.433333 0.492969 0.433333 0.490625 0.434375 0.489844 0.434375 0.489062 0.435417 0.488281 0.435417 0.480469 0.954121
0 0.517708 0.442969 0.517708 0.446094 0.516667 0.446875 0.516667 0.447656 0.517708 0.448437 0.517708 0.45 0.519792 0.451562 0.519792 0.453125 0.520833 0.453906 0.520833 0.455469 0.521875 0.45625 0.521875 0.457031 0.522917 0.457812 0.522917 0.458594 0.523958 0.459375 0.523958 0.460156 0.526042 0.461719 0.526042 0.4625 0.533333 0.467969 0.534375 0.467969 0.5375 0.470312 0.538542 0.470312 0.540625 0.471875 0.541667 0.471875 0.544792 0.474219 0.545833 0.474219 0.546875 0.475 0.547917 0.475 0.548958 0.475781 0.55 0.475781 0.551042 0.476562 0.552083 0.476562 0.554167 0.478125 0.555208 0.478125 0.55625 0.478906 0.558333 0.478906 0.559375 0.479687 0.560417 0.479687 0.561458 0.480469 0.563542 0.480469 0.564583 0.48125 0.565625 0.48125 0.566667 0.482031 0.569792 0.482031 0.570833 0.482812 0.573958 0.482812 0.575 0.483594 0.576042 0.483594 0.577083 0.484375 0.579167 0.484375 0.580208 0.485156 0.586458 0.485156 0.5875 0.485937 0.594792 0.485937 0.595833 0.486719 0.601042 0.486719 0.602083 0.4875 0.627083 0.4875 0.628125 0.486719 0.633333 0.486719 0.634375 0.485937 0.640625 0.485937 0.641667 0.485156 0.645833 0.485156 0.646875 0.484375 0.648958 0.484375 0.65 0.483594 0.651042 0.483594 0.652083 0.482812 0.654167 0.482812 0.655208 0.482031 0.658333 0.482031 0.659375 0.48125 0.660417 0.48125 0.661458 0.480469 0.6625 0.480469 0.663542 0.479687 0.664583 0.479687 0.665625 0.478906 0.667708 0.478906 0.670833 0.476562 0.671875 0.476562 0.672917 0.475781 0.673958 0.475781 0.675 0.475 0.676042 0.475 0.678125 0.473437 0.679167 0.473437 0.685417 0.46875 0.685417 0.467969 0.6875 0.466406 0.6875 0.465625 0.689583 0.464062 0.689583 0.463281 0.691667 0.461719 0.691667 0.460937 0.692708 0.460156 0.692708 0.459375 0.69375 0.458594 0.69375 0.45625 0.692708 0.45625 0.691667 0.457031 0.691667 0.457812 0.689583 0.459375 0.688542 0.459375 0.6875 0.460156 0.6875 0.460937 0.686458 0.461719 0.685417 0.461719 0.682292 0.464062 0.68125 0.464062 0.675 0.46875 0.673958 0.46875 0.672917 0.469531 0.671875 0.469531 0.670833 0.470312 0.669792 0.470312 0.66875 0.471094 0.667708 0.471094 0.666667 0.471875 0.665625 0.471875 0.664583 0.472656 0.6625 0.472656 0.661458 0.473437 0.660417 0.473437 0.659375 0.474219 0.657292 0.474219 0.65625 0.475 0.654167 0.475 0.653125 0.475781 0.652083 0.475781 0.651042 0.476562 0.646875 0.476562 0.645833 0.477344 0.641667 0.477344 0.640625 0.478125 0.636458 0.478125 0.635417 0.478906 0.63125 0.478906 0.630208 0.479687 0.6 0.479687 0.598958 0.478906 0.59375 0.478906 0.592708 0.478125 0.590625 0.478125 0.589583 0.477344 0.584375 0.477344 0.583333 0.476562 0.577083 0.476562 0.576042 0.475781 0.575 0.475781 0.573958 0.475 0.571875 0.475 0.570833 0.474219 0.56875 0.474219 0.567708 0.473437 0.564583 0.473437 0.563542 0.472656 0.5625 0.472656 0.561458 0.471875 0.560417 0.471875 0.559375 0.471094 0.557292 0.471094 0.55625 0.470312 0.555208 0.470312 0.554167 0.469531 0.553125 0.469531 0.552083 0.46875 0.551042 0.46875 0.55 0.467969 0.548958 0.467969 0.547917 0.467187 0.546875 0.467187 0.544792 0.465625 0.54375 0.465625 0.541667 0.464062 0.540625 0.464062 0.538542 0.4625 0.5375 0.4625 0.534375 0.460156 0.533333 0.460156 0.527083 0.455469 0.527083 0.454687 0.526042 0.453906 0.525 0.453906 0.522917 0.452344 0.522917 0.450781 0.519792 0.448437 0.519792 0.447656 0.51875 0.446875 0.51875 0.446094 0.517708 0.445312 0.951764
0 0.509375 0.528906 0.509375 0.5375 0.510417 0.538281 0.510417 0.539062 0.511458 0.539844 0.511458 0.540625 0.5125 0.541406 0.5125 0.54375 0.513542 0.544531 0.513542 0.545312 0.514583 0.546094 0.514583 0.546875 0.515625 0.547656 0.515625 0.548437 0.516667 0.549219 0.516667 0.55 0.51875 0.551562 0.51875 0.552344 0.520833 0.553906 0.520833 0.554688 0.530208 0.561719 0.53125 0.561719 0.534375 0.564062 0.535417 0.564062 0.538542 0.566406 0.539583 0.566406 0.540625 0.567187 0.541667 0.567187 0.54375 0.56875 0.544792 0.56875 0.545833 0.569531 0.546875 0.569531 0.547917 0.570312 0.548958 0.570312 0.55 0.571094 0.551042 0.571094 0.552083 0.571875 0.554167 0.571875 0.555208 0.572656 0.557292 0.572656 0.558333 0.573437 0.559375 0.573437 0.560417 0.574219 0.5625 0.574219 0.563542 0.575 0.565625 0.575 0.566667 0.575781 0.569792 0.575781 0.570833 0.576562 0.573958 0.576562 0.575 0.577344 0.578125 0.577344 0.579167 0.578125 0.617708 0.578125 0.61875 0.577344 0.621875 0.577344 0.622917 0.576562 0.627083 0.576562 0.628125 0.575781 0.63125 0.575781 0.632292 0.575 0.634375 0.575 0.635417 0.574219 0.6375 0.574219 0.638542 0.573437 0.639583 0.573437 0.640625 0.572656 0.642708 0.572656 0.644792 0.571094 0.645833 0.571094 0.646875 0.570312 0.647917 0.570312 0.648958 0.569531 0.65 0.569531 0.651042 0.56875 0.652083 0.56875 0.655208 0.566406 0.65625 0.566406 0.659375 0.564062 0.660417 0.564062 0.664583 0.560937 0.664583 0.560156 0.66875 0.557031 0.66875 0.55625 0.669792 0.555469 0.669792 0.554688 0.670833 0.553906 0.670833 0.552344 0.671875 0.551562 0.671875 0.550781 0.672917 0.55 0.672917 0.546094 0.671875 0.546094 0.671875 0.546875 0.659375 0.55625 0.658333 0.55625 0.654167 0.559375 0.653125 0.559375 0.651042 0.560937 0.648958 0.560937 0.647917 0.561719 0.646875 0.561719 0.644792 0.563281 0.64375 0.563281 0.642708 0.564062 0.640625 0.564062 0.639583 0.564844 0.638542 0.564844 0.6375 0.565625 0.636458 0.565625 0.635417 0.566406 0.63125 0.566406 0.630208 0.567187 0.626042 0.567187 0.625 0.567969 0.621875 0.567969 0.620833 0.56875 0.617708 0.56875 0.616667 0.569531 0.582292 0.569531 0.58125 0.56875 0.578125 0.56875 0.577083 0.567969 0.573958 0.567969 0.572917 0.567187 0.566667 0.567187 0.565625 0.566406 0.563542 0.566406 0.5625 0.565625 0.560417 0.565625 0.559375 0.564844 0.558333 0.564844 0.557292 0.564062 0.555208 0.564062 0.554167 0.563281 0.552083 0.563281 0.551042 0.5625 0.55 0.5625 0.548958 0.561719 0.547917 0.561719 0.546875 0.560937 0.545833 0.560937 0.544792 0.560156 0.54375 0.560156 0.542708 0.559375 0.541667 0.559375 0.539583 0.557812 0.538542 0.557812 0.535417 0.555469 0.534375 0.555469 0.53125 0.553125 0.530208 0.553125 0.521875 0.546875 0.521875 0.546094 0.51875 0.54375 0.51875 0.542969 0.515625 0.540625 0.515625 0.539844 0.514583 0.539062 0.514583 0.5375 0.511458 0.535156 0.511458 0.533594 0.510417 0.532812 0.510417 0.528906 0.941522
0 0.439583 0.457031 0.438542 0.457812 0.438542 0.460156 0.4375 0.460937 0.4375 0.461719 0.436458 0.4625 0.436458 0.463281 0.434375 0.464844 0.434375 0.465625 0.432292 0.467187 0.432292 0.467969 0.429167 0.470312 0.429167 0.471094 0.428125 0.471875 0.427083 0.471875 0.425 0.473437 0.425 0.474219 0.423958 0.475 0.422917 0.475 0.41875 0.478125 0.417708 0.478125 0.414583 0.480469 0.413542 0.480469 0.4125 0.48125 0.411458 0.48125 0.410417 0.482031 0.409375 0.482031 0.407292 0.483594 0.40625 0.483594 0.405208 0.484375 0.404167 0.484375 0.403125 0.485156 0.401042 0.485156 0.398958 0.486719 0.396875 0.486719 0.395833 0.4875 0.39375 0.4875 0.392708 0.488281 0.390625 0.488281 0.389583 0.489062 0.388542 0.489062 0.3875 0.489844 0.385417 0.489844 0.384375 0.490625 0.38125 0.490625 0.380208 0.491406 0.376042 0.491406 0.375 0.492187 0.371875 0.492187 0.370833 0.492969 0.365625 0.492969 0.364583 0.49375 0.354167 0.49375 0.353125 0.494531 0.33125 0.494531 0.330208 0.49375 0.319792 0.49375 0.31875 0.492969 0.314583 0.492969 0.313542 0.492187 0.310417 0.492187 0.309375 0.491406 0.30625 0.491406 0.305208 0.490625 0.301042 0.490625 0.3 0.489844 0.298958 0.489844 0.297917 0.489062 0.296875 0.489062 0.295833 0.488281 0.294792 0.488281 0.29375 0.4875 0.291667 0.4875 0.290625 0.486719 0.289583 0.486719 0.288542 0.485937 0.2875 0.485937 0.286458 0.485156 0.285417 0.485156 0.284375 0.484375 0.283333 0.484375 0.28125 0.482812 0.280208 0.482812 0.277083 0.480469 0.276042 0.480469 0.272917 0.478125 0.271875 0.478125 0.265625 0.473437 0.265625 0.472656 0.264583 0.471875 0.264583 0.471094 0.263542 0.470312 0.2625 0.470312 0.260417 0.46875 0.260417 0.466406 0.259375 0.465625 0.259375 0.464844 0.259375 0.469531 0.260417 0.470312 0.260417 0.471094 0.261458 0.471875 0.261458 0.473437 0.2625 0.474219 0.2625 0.475 0.263542 0.475781 0.263542 0.477344 0.264583 0.478125 0.264583 0.478906 0.267708 0.48125 0.267708 0.482812 0.276042 0.489062 0.277083 0.489062 0.28125 0.492187 0.282292 0.492187 0.285417 0.494531 0.2875 0.494531 0.288542 0.495312 0.289583 0.495312 0.290625 0.496094 0.291667 0.496094 0.29375 0.497656 0.295833 0.497656 0.296875 0.498437 0.298958 0.498437 0.3 0.499219 0.301042 0.499219 0.302083 0.5 0.303125 0.5 0.304167 0.500781 0.30625 0.500781 0.307292 0.501562 0.310417 0.501562 0.311458 0.502344 0.314583 0.502344 0.315625 0.503125 0.317708 0.503125 0.31875 0.503906 0.325 0.503906 0.326042 0.504687 0.340625 0.504687 0.341667 0.505469 0.359375 0.505469 0.360417 0.504687 0.365625 0.504687 0.366667 0.503906 0.36875 0.503906 0.369792 0.503125 0.371875 0.503125 0.372917 0.502344 0.376042 0.502344 0.377083 0.501562 0.382292 0.501562 0.383333 0.500781 0.385417 0.500781 0.386458 0.5 0.3875 0.5 0.388542 0.499219 0.390625 0.499219 0.391667 0.498437 0.39375 0.498437 0.394792 0.497656 0.395833 0.497656 0.397917 0.496094 0.398958 0.496094 0.4 0.495312 0.402083 0.495312 0.403125 0.494531 0.404167 0.494531 0.40625 0.492969 0.407292 0.492969 0.408333 0.492187 0.409375 0.492187 0.4125 0.489844 0.413542 0.489844 0.414583 0.489062 0.415625 0.489062 0.417708 0.4875 0.41875 0.4875 0.419792 0.486719 0.420833 0.486719 0.421875 0.485937 0.422917 0.485937 0.430208 0.480469 0.430208 0.479687 0.433333 0.477344 0.434375 0.477344 0.434375 0.476562 0.435417 0.475781 0.435417 0.475 0.436458 0.474219 0.436458 0.473437 0.4375 0.472656 0.4375 0.471875 0.438542 0.471094 0.438542 0.470312 0.439583 0.469531 0.439583 0.467187 0.440625 0.466406 0.440625 0.457812 0.937053
0 0.513542 0.484375 0.513542 0.4875 0.5125 0.488281 0.5125 0.489062 0.513542 0.489844 0.513542 0.491406 0.515625 0.492969 0.515625 0.494531 0.516667 0.495312 0.516667 0.498437 0.517708 0.499219 0.517708 0.5 0.51875 0.500781 0.51875 0.501562 0.520833 0.503125 0.520833 0.503906 0.521875 0.504687 0.521875 0.505469 0.523958 0.507031 0.523958 0.507812 0.528125 0.510937 0.528125 0.511719 0.529167 0.5125 0.530208 0.5125 0.5375 0.517969 0.538542 0.517969 0.539583 0.51875 0.540625 0.51875 0.541667 0.519531 0.542708 0.519531 0.544792 0.521094 0.545833 0.521094 0.546875 0.521875 0.547917 0.521875 0.548958 0.522656 0.55 0.522656 0.551042 0.523438 0.552083 0.523438 0.554167 0.525 0.55625 0.525 0.557292 0.525781 0.559375 0.525781 0.560417 0.526562 0.561458 0.526562 0.5625 0.527344 0.563542 0.527344 0.564583 0.528125 0.567708 0.528125 0.56875 0.528906 0.571875 0.528906 0.572917 0.529687 0.576042 0.529687 0.577083 0.530469 0.579167 0.530469 0.580208 0.53125 0.5875 0.53125 0.588542 0.532031 0.621875 0.532031 0.622917 0.53125 0.630208 0.53125 0.63125 0.530469 0.634375 0.530469 0.635417 0.529687 0.6375 0.529687 0.638542 0.528906 0.640625 0.528906 0.641667 0.528125 0.64375 0.528125 0.644792 0.527344 0.646875 0.527344 0.647917 0.526562 0.648958 0.526562 0.65 0.525781 0.651042 0.525781 0.652083 0.525 0.653125 0.525 0.654167 0.524219 0.65625 0.524219 0.657292 0.523438 0.658333 0.523438 0.661458 0.521094 0.6625 0.521094 0.664583 0.519531 0.665625 0.519531 0.66875 0.517188 0.669792 0.517188 0.669792 0.516406 0.671875 0.514844 0.672917 0.514844 0.673958 0.514062 0.673958 0.513281 0.676042 0.511719 0.676042 0.510937 0.677083 0.510156 0.677083 0.509375 0.678125 0.508594 0.678125 0.507812 0.679167 0.507031 0.679167 0.505469 0.68125 0.503906 0.68125 0.500781 0.680208 0.501562 0.680208 0.503125 0.679167 0.503906 0.678125 0.503906 0.677083 0.504687 0.676042 0.504687 0.676042 0.505469 0.672917 0.507812 0.671875 0.507812 0.665625 0.5125 0.664583 0.5125 0.663542 0.513281 0.6625 0.513281 0.661458 0.514062 0.660417 0.514062 0.658333 0.515625 0.657292 0.515625 0.65625 0.516406 0.655208 0.516406 0.654167 0.517188 0.652083 0.517188 0.651042 0.517969 0.65 0.517969 0.648958 0.51875 0.647917 0.51875 0.646875 0.519531 0.644792 0.519531 0.64375 0.520312 0.640625 0.520312 0.639583 0.521094 0.6375 0.521094 0.636458 0.521875 0.633333 0.521875 0.632292 0.522656 0.628125 0.522656 0.627083 0.523438 0.586458 0.523438 0.585417 0.522656 0.582292 0.522656 0.58125 0.521875 0.579167 0.521875 0.578125 0.521094 0.575 0.521094 0.573958 0.520312 0.569792 0.520312 0.56875 0.519531 0.566667 0.519531 0.565625 0.51875 0.563542 0.51875 0.5625 0.517969 0.561458 0.517969 0.560417 0.517188 0.558333 0.517188 0.557292 0.516406 0.555208 0.516406 0.554167 0.515625 0.553125 0.515625 0.551042 0.514062 0.548958 0.514062 0.547917 0.513281 0.546875 0.513281 0.545833 0.5125 0.544792 0.5125 0.542708 0.510937 0.541667 0.510937 0.540625 0.510156 0.539583 0.510156 0.5375 0.508594 0.536458 0.508594 0.532292 0.505469 0.53125 0.505469 0.523958 0.5 0.523958 0.499219 0.51875 0.495312 0.51875 0.49375 0.517708 0.492969 0.516667 0.492969 0.515625 0.492187 0.515625 0.491406 0.514583 0.490625 0.514583 0.486719 0.513542 0.485937 0.93173
0 0.43125 0.483594 0.426042 0.4875 0.426042 0.488281 0.422917 0.490625 0.421875 0.490625 0.421875 0.491406 0.414583 0.496875 0.413542 0.496875 0.410417 0.499219 0.409375 0.499219 0.407292 0.500781 0.40625 0.500781 0.403125 0.503125 0.402083 0.503125 0.401042 0.503906 0.4 0.503906 0.397917 0.505469 0.396875 0.505469 0.395833 0.50625 0.394792 0.50625 0.39375 0.507031 0.391667 0.507031 0.390625 0.507812 0.389583 0.507812 0.3875 0.509375 0.384375 0.509375 0.383333 0.510156 0.380208 0.510156 0.379167 0.510937 0.377083 0.510937 0.376042 0.511719 0.375 0.511719 0.373958 0.5125 0.370833 0.5125 0.369792 0.513281 0.363542 0.513281 0.3625 0.514062 0.359375 0.514062 0.358333 0.514844 0.355208 0.514844 0.354167 0.515625 0.347917 0.515625 0.346875 0.516406 0.326042 0.516406 0.325 0.515625 0.315625 0.515625 0.314583 0.514844 0.3125 0.514844 0.311458 0.514062 0.308333 0.514062 0.307292 0.513281 0.302083 0.513281 0.301042 0.5125 0.298958 0.5125 0.297917 0.511719 0.296875 0.511719 0.295833 0.510937 0.29375 0.510937 0.292708 0.510156 0.289583 0.510156 0.288542 0.509375 0.286458 0.509375 0.284375 0.507812 0.283333 0.507812 0.282292 0.507031 0.280208 0.507031 0.279167 0.50625 0.278125 0.50625 0.275 0.503906 0.273958 0.503906 0.26875 0.5 0.267708 0.5 0.261458 0.495312 0.261458 0.494531 0.260417 0.49375 0.260417 0.492969 0.257292 0.490625 0.257292 0.489844 0.25625 0.489062 0.25625 0.486719 0.255208 0.485937 0.255208 0.492187 0.257292 0.49375 0.257292 0.494531 0.258333 0.495312 0.258333 0.496875 0.259375 0.497656 0.259375 0.498437 0.260417 0.499219 0.260417 0.5 0.263542 0.502344 0.263542 0.503125 0.272917 0.510156 0.273958 0.510156 0.275 0.510937 0.276042 0.510937 0.278125 0.5125 0.279167 0.5125 0.28125 0.514062 0.282292 0.514062 0.283333 0.514844 0.284375 0.514844 0.285417 0.515625 0.286458 0.515625 0.2875 0.516406 0.288542 0.516406 0.289583 0.517188 0.291667 0.517188 0.292708 0.517969 0.29375 0.517969 0.294792 0.51875 0.295833 0.51875 0.296875 0.519531 0.301042 0.519531 0.302083 0.520312 0.305208 0.520312 0.30625 0.521094 0.308333 0.521094 0.309375 0.521875 0.311458 0.521875 0.3125 0.522656 0.317708 0.522656 0.31875 0.523438 0.351042 0.523438 0.352083 0.522656 0.360417 0.522656 0.361458 0.521875 0.364583 0.521875 0.365625 0.521094 0.367708 0.521094 0.36875 0.520312 0.370833 0.520312 0.371875 0.519531 0.378125 0.519531 0.379167 0.51875 0.38125 0.51875 0.382292 0.517969 0.383333 0.517969 0.384375 0.517188 0.385417 0.517188 0.386458 0.516406 0.388542 0.516406 0.389583 0.515625 0.390625 0.515625 0.391667 0.514844 0.392708 0.514844 0.39375 0.514062 0.394792 0.514062 0.395833 0.513281 0.397917 0.513281 0.4 0.511719 0.401042 0.511719 0.403125 0.510156 0.404167 0.510156 0.405208 0.509375 0.40625 0.509375 0.408333 0.507812 0.409375 0.507812 0.413542 0.504687 0.414583 0.504687 0.422917 0.498437 0.422917 0.497656 0.427083 0.494531 0.427083 0.49375 0.428125 0.492969 0.428125 0.491406 0.429167 0.490625 0.429167 0.489844 0.430208 0.489062 0.430208 0.488281 0.43125 0.4875 0.43125 0.483594 0.434375 0.48125 0.434375 0.480469 0.434375 0.48125 0.92758
0 0.434375 0.429688 0.434375 0.428906 0.434375 0.429688 0.248958 0.429688 0.25 0.430469 0.25 0.43125 0.251042 0.432031 0.251042 0.432812 0.252083 0.433594 0.252083 0.434375 0.253125 0.435156 0.253125 0.436719 0.255208 0.438281 0.255208 0.439062 0.25625 0.439844 0.25625 0.440625 0.265625 0.447656 0.266667 0.447656 0.270833 0.450781 0.271875 0.450781 0.272917 0.451562 0.273958 0.451562 0.275 0.452344 0.276042 0.452344 0.278125 0.453906 0.280208 0.453906 0.28125 0.454687 0.282292 0.454687 0.283333 0.455469 0.284375 0.455469 0.285417 0.45625 0.2875 0.45625 0.288542 0.457031 0.291667 0.457031 0.292708 0.457812 0.294792 0.457812 0.295833 0.458594 0.296875 0.458594 0.297917 0.459375 0.301042 0.459375 0.302083 0.460156 0.308333 0.460156 0.309375 0.460937 0.315625 0.460937 0.316667 0.461719 0.323958 0.461719 0.325 0.4625 0.344792 0.4625 0.345833 0.461719 0.354167 0.461719 0.355208 0.460937 0.3625 0.460937 0.363542 0.460156 0.370833 0.460156 0.371875 0.459375 0.373958 0.459375 0.375 0.458594 0.377083 0.458594 0.378125 0.457812 0.380208 0.457812 0.38125 0.457031 0.384375 0.457031 0.385417 0.45625 0.3875 0.45625 0.388542 0.455469 0.389583 0.455469 0.390625 0.454687 0.392708 0.454687 0.39375 0.453906 0.394792 0.453906 0.395833 0.453125 0.397917 0.453125 0.4 0.451562 0.401042 0.451562 0.402083 0.450781 0.403125 0.450781 0.404167 0.45 0.405208 0.45 0.40625 0.449219 0.407292 0.449219 0.409375 0.447656 0.410417 0.447656 0.411458 0.446875 0.4125 0.446875 0.41875 0.442187 0.419792 0.442187 0.427083 0.436719 0.427083 0.435937 0.428125 0.435937 0.429167 0.435156 0.429167 0.434375 0.430208 0.433594 0.430208 0.432812 0.43125 0.432031 0.432292 0.432031 0.433333 0.432812 0.433333 0.435156 0.432292 0.435937 0.432292 0.438281 0.43125 0.439062 0.43125 0.439844 0.430208 0.440625 0.248958 0.425 0.248958 0.422656 0.248958 0.425 0.430208 0.440625 0.430208 0.441406 0.427083 0.44375 0.427083 0.444531 0.423958 0.446875 0.423958 0.447656 0.416667 0.453125 0.415625 0.453125 0.4125 0.455469 0.411458 0.455469 0.408333 0.457812 0.407292 0.457812 0.405208 0.459375 0.404167 0.459375 0.403125 0.460156 0.402083 0.460156 0.401042 0.460937 0.4 0.460937 0.397917 0.4625 0.396875 0.4625 0.395833 0.463281 0.392708 0.463281 0.391667 0.464062 0.390625 0.464062 0.389583 0.464844 0.388542 0.464844 0.3875 0.465625 0.385417 0.465625 0.384375 0.466406 0.38125 0.466406 0.380208 0.467187 0.378125 0.467187 0.377083 0.467969 0.375 0.467969 0.373958 0.46875 0.372917 0.46875 0.371875 0.469531 0.363542 0.469531 0.3625 0.470312 0.358333 0.470312 0.357292 0.471094 0.353125 0.471094 0.352083 0.471875 0.321875 0.471875 0.320833 0.471094 0.315625 0.471094 0.314583 0.470312 0.311458 0.470312 0.310417 0.469531 0.302083 0.469531 0.301042 0.46875 0.298958 0.46875 0.297917 0.467969 0.295833 0.467969 0.294792 0.467187 0.292708 0.467187 0.291667 0.466406 0.289583 0.466406 0.288542 0.465625 0.2875 0.465625 0.286458 0.464844 0.285417 0.464844 0.284375 0.464062 0.282292 0.464062 0.28125 0.463281 0.280208 0.463281 0.278125 0.461719 0.277083 0.461719 0.276042 0.460937 0.275 0.460937 0.273958 0.460156 0.272917 0.460156 0.269792 0.457812 0.26875 0.457812 0.267708 0.457031 0.266667 0.457031 0.263542 0.454687 0.2625 0.454687 0.258333 0.451562 0.258333 0.450781 0.25625 0.449219 0.25625 0.448437 0.255208 0.447656 0.255208 0.446875 0.253125 0.445312 0.253125 0.444531 0.251042 0.442969 0.251042 0.442187 0.25 0.441406 0.25 0.440625 0.248958 0.439844 0.248958 0.426562 0.248958 0.429688 0.923898
0 0.255208 0.460156 0.255208 0.460937 0.254167 0.461719 0.254167 0.4625 0.252083 0.464062 0.252083 0.48125 0.253125 0.482031 0.253125 0.482812 0.255208 0.484375 0.255208 0.485156 0.25625 0.485937 0.25625 0.486719 0.257292 0.4875 0.257292 0.488281 0.259375 0.489844 0.259375 0.490625 0.261458 0.492187 0.261458 0.492969 0.263542 0.494531 0.263542 0.495312 0.264583 0.495312 0.266667 0.496875 0.266667 0.497656 0.26875 0.499219 0.269792 0.499219 0.271875 0.500781 0.271875 0.501562 0.272917 0.501562 0.273958 0.502344 0.275 0.502344 0.278125 0.504687 0.279167 0.504687 0.280208 0.505469 0.28125 0.505469 0.282292 0.50625 0.283333 0.50625 0.284375 0.507031 0.285417 0.507031 0.286458 0.507812 0.2875 0.507812 0.288542 0.508594 0.290625 0.508594 0.291667 0.509375 0.29375 0.509375 0.294792 0.510156 0.295833 0.510156 0.296875 0.510937 0.298958 0.510937 0.3 0.511719 0.304167 0.511719 0.305208 0.5125 0.308333 0.5125 0.309375 0.513281 0.3125 0.513281 0.313542 0.514062 0.31875 0.514062 0.319792 0.514844 0.352083 0.514844 0.353125 0.514062 0.358333 0.514062 0.359375 0.513281 0.361458 0.513281 0.3625 0.5125 0.367708 0.5125 0.36875 0.511719 0.372917 0.511719 0.373958 0.510937 0.376042 0.510937 0.377083 0.510156 0.378125 0.510156 0.379167 0.509375 0.38125 0.509375 0.382292 0.508594 0.385417 0.508594 0.386458 0.507812 0.388542 0.507812 0.389583 0.507031 0.390625 0.507031 0.391667 0.50625 0.392708 0.50625 0.39375 0.505469 0.394792 0.505469 0.395833 0.504687 0.397917 0.504687 0.401042 0.502344 0.402083 0.502344 0.403125 0.501562 0.404167 0.501562 0.407292 0.499219 0.408333 0.499219 0.409375 0.498437 0.410417 0.498437 0.411458 0.497656 0.411458 0.496875 0.4125 0.496094 0.413542 0.496094 0.419792 0.491406 0.419792 0.490625 0.420833 0.489844 0.421875 0.489844 0.422917 0.489062 0.422917 0.4875 0.421875 0.4875 0.420833 0.488281 0.419792 0.488281 0.41875 0.489062 0.417708 0.489062 0.415625 0.490625 0.414583 0.490625 0.413542 0.491406 0.4125 0.491406 0.409375 0.49375 0.408333 0.49375 0.407292 0.494531 0.40625 0.494531 0.405208 0.495312 0.404167 0.495312 0.403125 0.496094 0.402083 0.496094 0.401042 0.496875 0.4 0.496875 0.398958 0.497656 0.397917 0.497656 0.396875 0.498437 0.395833 0.498437 0.394792 0.499219 0.39375 0.499219 0.392708 0.5 0.390625 0.5 0.389583 0.500781 0.3875 0.500781 0.386458 0.501562 0.384375 0.501562 0.383333 0.502344 0.38125 0.502344 0.380208 0.503125 0.375 0.503125 0.373958 0.503906 0.369792 0.503906 0.36875 0.504687 0.366667 0.504687 0.365625 0.505469 0.360417 0.505469 0.359375 0.50625 0.335417 0.50625 0.334375 0.505469 0.323958 0.505469 0.322917 0.504687 0.317708 0.504687 0.316667 0.503906 0.313542 0.503906 0.3125 0.503125 0.310417 0.503125 0.309375 0.502344 0.30625 0.502344 0.305208 0.501562 0.303125 0.501562 0.302083 0.500781 0.3 0.500781 0.298958 0.5 0.297917 0.5 0.296875 0.499219 0.295833 0.499219 0.294792 0.498437 0.292708 0.498437 0.291667 0.497656 0.290625 0.497656 0.289583 0.496875 0.288542 0.496875 0.2875 0.496094 0.286458 0.496094 0.285417 0.495312 0.284375 0.495312 0.282292 0.49375 0.28125 0.49375 0.277083 0.490625 0.276042 0.490625 0.266667 0.483594 0.266667 0.482812 0.265625 0.482031 0.265625 0.48125 0.263542 0.479687 0.263542 0.478906 0.2625 0.478125 0.2625 0.476562 0.261458 0.475781 0.261458 0.474219 0.260417 0.473437 0.260417 0.471875 0.259375 0.471094 0.259375 0.46875 0.258333 0.467969 0.258333 0.465625 0.257292 0.464844 0.257292 0.4625 0.25625 0.461719 0.25625 0.460156 0.923394
0 0.230208 0.375 0.230208 0.3875 0.23125 0.388281 0.23125 0.389062 0.232292 0.389844 0.232292 0.391406 0.233333 0.392187 0.233333 0.392969 0.234375 0.39375 0.234375 0.394531 0.238542 0.397656 0.238542 0.398438 0.244792 0.403125 0.245833 0.403125 0.248958 0.405469 0.25 0.405469 0.251042 0.40625 0.252083 0.40625 0.254167 0.407812 0.255208 0.407812 0.25625 0.408594 0.257292 0.408594 0.259375 0.410156 0.260417 0.410156 0.261458 0.410937 0.263542 0.410937 0.264583 0.411719 0.266667 0.411719 0.26875 0.413281 0.271875 0.413281 0.272917 0.414062 0.275 0.414062 0.276042 0.414844 0.278125 0.414844 0.279167 0.415625 0.280208 0.415625 0.28125 0.416406 0.286458 0.416406 0.2875 0.417187 0.294792 0.417187 0.295833 0.417969 0.3 0.417969 0.301042 0.41875 0.307292 0.41875 0.308333 0.419531 0.335417 0.419531 0.336458 0.41875 0.341667 0.41875 0.342708 0.417969 0.346875 0.417969 0.347917 0.417187 0.355208 0.417187 0.35625 0.416406 0.360417 0.416406 0.361458 0.415625 0.363542 0.415625 0.364583 0.414844 0.366667 0.414844 0.367708 0.414062 0.370833 0.414062 0.371875 0.413281 0.375 0.413281 0.376042 0.4125 0.377083 0.4125 0.378125 0.411719 0.379167 0.411719 0.380208 0.410937 0.382292 0.410937 0.383333 0.410156 0.385417 0.410156 0.386458 0.409375 0.3875 0.409375 0.388542 0.408594 0.389583 0.408594 0.390625 0.407812 0.391667 0.407812 0.392708 0.407031 0.39375 0.407031 0.395833 0.405469 0.396875 0.405469 0.397917 0.404687 0.398958 0.404687 0.401042 0.403125 0.402083 0.403125 0.404167 0.401562 0.405208 0.401562 0.417708 0.392187 0.417708 0.391406 0.41875 0.390625 0.41875 0.389844 0.419792 0.389062 0.419792 0.388281 0.420833 0.3875 0.420833 0.386719 0.421875 0.385937 0.421875 0.385156 0.422917 0.384375 0.422917 0.380469 0.4125 0.388281 0.411458 0.388281 0.408333 0.390625 0.407292 0.390625 0.40625 0.391406 0.405208 0.391406 0.403125 0.392969 0.402083 0.392969 0.401042 0.39375 0.4 0.39375 0.398958 0.394531 0.397917 0.394531 0.395833 0.396094 0.394792 0.396094 0.39375 0.396875 0.392708 0.396875 0.391667 0.397656 0.389583 0.397656 0.3875 0.399219 0.386458 0.399219 0.385417 0.4 0.383333 0.4 0.382292 0.400781 0.379167 0.400781 0.378125 0.401562 0.376042 0.401562 0.375 0.402344 0.373958 0.402344 0.372917 0.403125 0.369792 0.403125 0.36875 0.403906 0.364583 0.403906 0.363542 0.404687 0.360417 0.404687 0.359375 0.405469 0.35625 0.405469 0.355208 0.40625 0.352083 0.40625 0.351042 0.407031 0.339583 0.407031 0.338542 0.407812 0.298958 0.407812 0.297917 0.407031 0.291667 0.407031 0.290625 0.40625 0.288542 0.40625 0.2875 0.405469 0.285417 0.405469 0.284375 0.404687 0.280208 0.404687 0.279167 0.403906 0.276042 0.403906 0.275 0.403125 0.273958 0.403125 0.272917 0.402344 0.270833 0.402344 0.269792 0.401562 0.267708 0.401562 0.266667 0.400781 0.265625 0.400781 0.264583 0.4 0.263542 0.4 0.2625 0.399219 0.261458 0.399219 0.259375 0.397656 0.257292 0.397656 0.255208 0.396094 0.254167 0.396094 0.252083 0.394531 0.251042 0.394531 0.25 0.39375 0.248958 0.39375 0.247917 0.392969 0.247917 0.392187 0.246875 0.391406 0.245833 0.391406 0.238542 0.385937 0.238542 0.385156 0.236458 0.383594 0.236458 0.382812 0.235417 0.382031 0.235417 0.38125 0.234375 0.380469 0.234375 0.379687 0.232292 0.378125 0.232292 0.377344 0.230208 0.375781 0.921423
0 0.41875 0.332812 0.417708 0.333594 0.417708 0.334375 0.416667 0.335156 0.416667 0.335938 0.4125 0.339062 0.4125 0.339844 0.410417 0.341406 0.409375 0.341406 0.40625 0.34375 0.405208 0.34375 0.402083 0.346094 0.401042 0.346094 0.398958 0.347656 0.397917 0.347656 0.395833 0.349219 0.394792 0.349219 0.39375 0.35 0.392708 0.35 0.391667 0.350781 0.390625 0.350781 0.389583 0.351562 0.388542 0.351562 0.3875 0.352344 0.386458 0.352344 0.385417 0.353125 0.384375 0.353125 0.383333 0.353906 0.382292 0.353906 0.38125 0.354687 0.379167 0.354687 0.378125 0.355469 0.376042 0.355469 0.375 0.35625 0.372917 0.35625 0.371875 0.357031 0.369792 0.357031 0.36875 0.357812 0.366667 0.357812 0.365625 0.358594 0.3625 0.358594 0.361458 0.359375 0.358333 0.359375 0.357292 0.360156 0.354167 0.360156 0.353125 0.360937 0.348958 0.360937 0.347917 0.361719 0.342708 0.361719 0.341667 0.3625 0.335417 0.3625 0.334375 0.363281 0.322917 0.363281 0.321875 0.364062 0.3 0.364062 0.298958 0.363281 0.286458 0.363281 0.285417 0.3625 0.279167 0.3625 0.278125 0.361719 0.273958 0.361719 0.272917 0.360937 0.26875 0.360937 0.267708 0.360156 0.264583 0.360156 0.263542 0.359375 0.260417 0.359375 0.259375 0.358594 0.257292 0.358594 0.25625 0.357812 0.254167 0.357812 0.253125 0.357031 0.251042 0.357031 0.25 0.35625 0.247917 0.35625 0.246875 0.355469 0.245833 0.355469 0.244792 0.354687 0.24375 0.354687 0.242708 0.353906 0.241667 0.353906 0.239583 0.352344 0.238542 0.352344 0.2375 0.351562 0.236458 0.351562 0.234375 0.35 0.233333 0.35 0.230208 0.347656 0.229167 0.347656 0.225 0.344531 0.225 0.34375 0.221875 0.341406 0.221875 0.340625 0.219792 0.339062 0.219792 0.338281 0.21875 0.3375 0.21875 0.335938 0.217708 0.335156 0.217708 0.334375 0.216667 0.334375 0.216667 0.342969 0.217708 0.34375 0.217708 0.344531 0.21875 0.345312 0.21875 0.346094 0.219792 0.346875 0.219792 0.347656 0.220833 0.348437 0.220833 0.349219 0.222917 0.350781 0.222917 0.351562 0.234375 0.360156 0.235417 0.360156 0.238542 0.3625 0.239583 0.3625 0.240625 0.363281 0.241667 0.363281 0.242708 0.364062 0.24375 0.364062 0.245833 0.365625 0.246875 0.365625 0.247917 0.366406 0.25 0.366406 0.251042 0.367188 0.252083 0.367188 0.253125 0.367969 0.254167 0.367969 0.255208 0.36875 0.257292 0.36875 0.258333 0.369531 0.261458 0.369531 0.2625 0.370312 0.265625 0.370312 0.266667 0.371094 0.267708 0.371094 0.26875 0.371875 0.271875 0.371875 0.272917 0.372656 0.282292 0.372656 0.283333 0.373437 0.291667 0.373437 0.292708 0.374219 0.3 0.374219 0.301042 0.375 0.321875 0.375 0.322917 0.374219 0.330208 0.374219 0.33125 0.373437 0.339583 0.373437 0.340625 0.372656 0.347917 0.372656 0.348958 0.371875 0.352083 0.371875 0.353125 0.371094 0.354167 0.371094 0.355208 0.370312 0.358333 0.370312 0.359375 0.369531 0.363542 0.369531 0.364583 0.36875 0.366667 0.36875 0.367708 0.367969 0.36875 0.367969 0.369792 0.367188 0.371875 0.367188 0.372917 0.366406 0.376042 0.366406 0.377083 0.365625 0.378125 0.365625 0.379167 0.364844 0.380208 0.364844 0.38125 0.364062 0.382292 0.364062 0.383333 0.363281 0.385417 0.363281 0.386458 0.3625 0.3875 0.3625 0.389583 0.360937 0.391667 0.360937 0.392708 0.360156 0.39375 0.360156 0.396875 0.357812 0.397917 0.357812 0.398958 0.357031 0.4 0.357031 0.403125 0.354687 0.404167 0.354687 0.414583 0.346875 0.414583 0.346094 0.415625 0.345312 0.415625 0.344531 0.416667 0.34375 0.416667 0.342969 0.417708 0.342187 0.417708 0.341406 0.41875 0.340625 0.41875 0.339844 0.419792 0.339062 0.419792 0.3375 0.420833 0.336719 0.420833 0.332812 0.911631
0 0.264583 0.535937 0.264583 0.55 0.265625 0.550781 0.265625 0.553125 0.266667 0.553906 0.266667 0.555469 0.267708 0.55625 0.267708 0.557031 0.26875 0.557812 0.26875 0.558594 0.269792 0.559375 0.269792 0.560156 0.270833 0.560937 0.270833 0.561719 0.273958 0.564062 0.273958 0.564844 0.276042 0.566406 0.276042 0.567187 0.279167 0.569531 0.280208 0.569531 0.285417 0.573437 0.286458 0.573437 0.288542 0.575 0.289583 0.575 0.290625 0.575781 0.291667 0.575781 0.292708 0.576562 0.29375 0.576562 0.294792 0.577344 0.295833 0.577344 0.297917 0.578906 0.3 0.578906 0.301042 0.579687 0.302083 0.579687 0.303125 0.580469 0.304167 0.580469 0.305208 0.58125 0.307292 0.58125 0.308333 0.582031 0.311458 0.582031 0.3125 0.582812 0.315625 0.582812 0.316667 0.583594 0.319792 0.583594 0.320833 0.584375 0.327083 0.584375 0.328125 0.585156 0.35625 0.585156 0.357292 0.584375 0.363542 0.584375 0.364583 0.583594 0.36875 0.583594 0.369792 0.582812 0.372917 0.582812 0.373958 0.582031 0.378125 0.582031 0.379167 0.58125 0.38125 0.58125 0.382292 0.580469 0.384375 0.580469 0.385417 0.579687 0.386458 0.579687 0.3875 0.578906 0.388542 0.578906 0.389583 0.578125 0.390625 0.578125 0.391667 0.577344 0.39375 0.577344 0.394792 0.576562 0.395833 0.576562 0.396875 0.575781 0.397917 0.575781 0.398958 0.575 0.4 0.575 0.402083 0.573437 0.403125 0.573437 0.404167 0.572656 0.405208 0.572656 0.407292 0.571094 0.408333 0.571094 0.411458 0.56875 0.4125 0.56875 0.421875 0.561719 0.421875 0.560937 0.423958 0.559375 0.423958 0.558594 0.427083 0.55625 0.427083 0.555469 0.428125 0.554688 0.428125 0.553906 0.429167 0.553125 0.429167 0.552344 0.430208 0.551562 0.430208 0.550781 0.43125 0.55 0.43125 0.549219 0.432292 0.548437 0.432292 0.544531 0.43125 0.54375 0.430208 0.544531 0.430208 0.545312 0.429167 0.546094 0.429167 0.546875 0.4125 0.559375 0.411458 0.559375 0.408333 0.561719 0.407292 0.561719 0.40625 0.5625 0.405208 0.5625 0.403125 0.564062 0.402083 0.564062 0.4 0.565625 0.398958 0.565625 0.397917 0.566406 0.395833 0.566406 0.394792 0.567187 0.39375 0.567187 0.392708 0.567969 0.391667 0.567969 0.390625 0.56875 0.388542 0.56875 0.3875 0.569531 0.386458 0.569531 0.385417 0.570312 0.382292 0.570312 0.38125 0.571094 0.379167 0.571094 0.378125 0.571875 0.376042 0.571875 0.375 0.572656 0.371875 0.572656 0.370833 0.573437 0.365625 0.573437 0.364583 0.574219 0.35625 0.574219 0.355208 0.575 0.333333 0.575 0.332292 0.574219 0.322917 0.574219 0.321875 0.573437 0.316667 0.573437 0.315625 0.572656 0.313542 0.572656 0.3125 0.571875 0.309375 0.571875 0.308333 0.571094 0.30625 0.571094 0.305208 0.570312 0.304167 0.570312 0.303125 0.569531 0.301042 0.569531 0.3 0.56875 0.298958 0.56875 0.297917 0.567969 0.296875 0.567969 0.295833 0.567187 0.29375 0.567187 0.291667 0.565625 0.290625 0.565625 0.2875 0.563281 0.286458 0.563281 0.284375 0.561719 0.283333 0.561719 0.273958 0.554688 0.273958 0.553906 0.271875 0.552344 0.271875 0.551562 0.269792 0.55 0.269792 0.549219 0.26875 0.548437 0.26875 0.547656 0.267708 0.546875 0.267708 0.546094 0.266667 0.545312 0.266667 0.544531 0.265625 0.54375 0.265625 0.542969 0.264583 0.542187 0.895664
0 0.432292 0.54375 0.43125 0.54375 0.430208 0.544531 0.430208 0.545312 0.428125 0.546875 0.428125 0.547656 0.413542 0.558594 0.4125 0.558594 0.409375 0.560937 0.408333 0.560937 0.40625 0.5625 0.405208 0.5625 0.403125 0.564062 0.402083 0.564062 0.401042 0.564844 0.4 0.564844 0.398958 0.565625 0.397917 0.565625 0.396875 0.566406 0.395833 0.566406 0.394792 0.567187 0.39375 0.567187 0.392708 0.567969 0.391667 0.567969 0.390625 0.56875 0.388542 0.56875 0.3875 0.569531 0.385417 0.569531 0.384375 0.570312 0.382292 0.570312 0.38125 0.571094 0.379167 0.571094 0.378125 0.571875 0.375 0.571875 0.373958 0.572656 0.371875 0.572656 0.370833 0.573437 0.365625 0.573437 0.364583 0.574219 0.35625 0.574219 0.355208 0.575 0.334375 0.575 0.333333 0.574219 0.322917 0.574219 0.321875 0.573437 0.317708 0.573437 0.316667 0.572656 0.313542 0.572656 0.3125 0.571875 0.310417 0.571875 0.309375 0.571094 0.307292 0.571094 0.30625 0.570312 0.304167 0.570312 0.303125 0.569531 0.302083 0.569531 0.301042 0.56875 0.298958 0.56875 0.297917 0.567969 0.296875 0.567969 0.295833 0.567187 0.294792 0.567187 0.29375 0.566406 0.292708 0.566406 0.290625 0.564844 0.289583 0.564844 0.286458 0.5625 0.285417 0.5625 0.282292 0.560156 0.28125 0.560156 0.275 0.555469 0.275 0.554688 0.272917 0.553125 0.272917 0.552344 0.270833 0.550781 0.270833 0.55 0.269792 0.549219 0.269792 0.548437 0.26875 0.547656 0.26875 0.546875 0.267708 0.546094 0.267708 0.544531 0.265625 0.542969 0.265625 0.539062 0.265625 0.553906 0.266667 0.554688 0.266667 0.55625 0.26875 0.557812 0.26875 0.559375 0.269792 0.560156 0.269792 0.560937 0.271875 0.5625 0.271875 0.563281 0.275 0.565625 0.275 0.566406 0.28125 0.571094 0.282292 0.571094 0.286458 0.574219 0.2875 0.574219 0.289583 0.575781 0.290625 0.575781 0.291667 0.576562 0.292708 0.576562 0.29375 0.577344 0.294792 0.577344 0.295833 0.578125 0.296875 0.578125 0.297917 0.578906 0.298958 0.578906 0.3 0.579687 0.302083 0.579687 0.303125 0.580469 0.304167 0.580469 0.305208 0.58125 0.307292 0.58125 0.308333 0.582031 0.311458 0.582031 0.3125 0.582812 0.315625 0.582812 0.316667 0.583594 0.319792 0.583594 0.320833 0.584375 0.326042 0.584375 0.327083 0.585156 0.357292 0.585156 0.358333 0.584375 0.364583 0.584375 0.365625 0.583594 0.36875 0.583594 0.369792 0.582812 0.373958 0.582812 0.375 0.582031 0.378125 0.582031 0.379167 0.58125 0.382292 0.58125 0.383333 0.580469 0.384375 0.580469 0.385417 0.579687 0.386458 0.579687 0.3875 0.578906 0.388542 0.578906 0.389583 0.578125 0.391667 0.578125 0.392708 0.577344 0.39375 0.577344 0.394792 0.576562 0.395833 0.576562 0.396875 0.575781 0.397917 0.575781 0.398958 0.575 0.4 0.575 0.401042 0.574219 0.402083 0.574219 0.404167 0.572656 0.405208 0.572656 0.40625 0.571875 0.407292 0.571875 0.410417 0.569531 0.411458 0.569531 0.422917 0.560937 0.422917 0.560156 0.426042 0.557812 0.426042 0.557031 0.428125 0.555469 0.428125 0.554688 0.429167 0.553906 0.429167 0.553125 0.430208 0.552344 0.430208 0.551562 0.43125 0.550781 0.43125 0.55 0.432292 0.549219 0.432292 0.54375 0.434375 0.542187 0.434375 0.541406 0.435417 0.540625 0.435417 0.538281 0.434375 0.538281 0.434375 0.542187 0.888716
0 0.511458 0.505469 0.511458 0.510937 0.5125 0.511719 0.5125 0.514062 0.513542 0.514844 0.513542 0.515625 0.514583 0.516406 0.514583 0.517188 0.515625 0.517969 0.515625 0.51875 0.516667 0.519531 0.516667 0.521094 0.51875 0.522656 0.51875 0.523438 0.523958 0.527344 0.523958 0.528125 0.532292 0.534375 0.533333 0.534375 0.5375 0.5375 0.538542 0.5375 0.540625 0.539062 0.541667 0.539062 0.54375 0.540625 0.544792 0.540625 0.545833 0.541406 0.546875 0.541406 0.547917 0.542187 0.55 0.542187 0.551042 0.542969 0.552083 0.542969 0.553125 0.54375 0.554167 0.54375 0.555208 0.544531 0.557292 0.544531 0.558333 0.545312 0.560417 0.545312 0.561458 0.546094 0.5625 0.546094 0.563542 0.546875 0.565625 0.546875 0.566667 0.547656 0.569792 0.547656 0.570833 0.548437 0.575 0.548437 0.576042 0.549219 0.578125 0.549219 0.579167 0.55 0.582292 0.55 0.583333 0.550781 0.590625 0.550781 0.591667 0.551562 0.61875 0.551562 0.619792 0.550781 0.623958 0.550781 0.625 0.55 0.628125 0.55 0.629167 0.549219 0.63125 0.549219 0.632292 0.548437 0.634375 0.548437 0.635417 0.547656 0.639583 0.547656 0.640625 0.546875 0.641667 0.546875 0.642708 0.546094 0.64375 0.546094 0.644792 0.545312 0.646875 0.545312 0.647917 0.544531 0.648958 0.544531 0.65 0.54375 0.651042 0.54375 0.652083 0.542969 0.653125 0.542969 0.654167 0.542187 0.655208 0.542187 0.657292 0.540625 0.658333 0.540625 0.660417 0.539062 0.661458 0.539062 0.664583 0.536719 0.665625 0.536719 0.669792 0.533594 0.669792 0.532812 0.672917 0.530469 0.672917 0.529687 0.673958 0.528906 0.673958 0.528125 0.675 0.527344 0.675 0.526562 0.676042 0.525781 0.676042 0.525 0.677083 0.524219 0.677083 0.520312 0.676042 0.521094 0.676042 0.521875 0.673958 0.523438 0.672917 0.523438 0.671875 0.524219 0.671875 0.525 0.666667 0.528906 0.665625 0.528906 0.661458 0.532031 0.660417 0.532031 0.659375 0.532812 0.658333 0.532812 0.657292 0.533594 0.65625 0.533594 0.654167 0.535156 0.653125 0.535156 0.652083 0.535937 0.65 0.535937 0.648958 0.536719 0.647917 0.536719 0.646875 0.5375 0.645833 0.5375 0.644792 0.538281 0.642708 0.538281 0.641667 0.539062 0.638542 0.539062 0.6375 0.539844 0.634375 0.539844 0.633333 0.540625 0.632292 0.540625 0.63125 0.541406 0.627083 0.541406 0.626042 0.542187 0.614583 0.542187 0.613542 0.542969 0.596875 0.542969 0.595833 0.542187 0.583333 0.542187 0.582292 0.541406 0.578125 0.541406 0.577083 0.540625 0.575 0.540625 0.573958 0.539844 0.570833 0.539844 0.569792 0.539062 0.565625 0.539062 0.564583 0.538281 0.5625 0.538281 0.561458 0.5375 0.560417 0.5375 0.559375 0.536719 0.557292 0.536719 0.55625 0.535937 0.554167 0.535937 0.553125 0.535156 0.552083 0.535156 0.551042 0.534375 0.55 0.534375 0.548958 0.533594 0.547917 0.533594 0.546875 0.532812 0.545833 0.532812 0.54375 0.53125 0.542708 0.53125 0.541667 0.530469 0.540625 0.530469 0.538542 0.528906 0.5375 0.528906 0.533333 0.525781 0.532292 0.525781 0.522917 0.51875 0.522917 0.517969 0.51875 0.514844 0.51875 0.514062 0.515625 0.511719 0.515625 0.510937 0.514583 0.510156 0.514583 0.508594 0.513542 0.507812 0.513542 0.50625 0.5125 0.50625 0.806184
0 0.421875 0.339062 0.421875 0.340625 0.419792 0.342187 0.41875 0.342187 0.41875 0.342969 0.417708 0.34375 0.417708 0.344531 0.416667 0.345312 0.416667 0.346094 0.413542 0.348437 0.413542 0.349219 0.411458 0.350781 0.410417 0.350781 0.410417 0.351562 0.407292 0.353906 0.40625 0.353906 0.402083 0.357031 0.401042 0.357031 0.398958 0.358594 0.397917 0.358594 0.395833 0.360156 0.394792 0.360156 0.39375 0.360937 0.392708 0.360937 0.390625 0.3625 0.389583 0.3625 0.388542 0.363281 0.3875 0.363281 0.386458 0.364062 0.384375 0.364062 0.383333 0.364844 0.382292 0.364844 0.38125 0.365625 0.380208 0.365625 0.379167 0.366406 0.378125 0.366406 0.377083 0.367188 0.373958 0.367188 0.372917 0.367969 0.371875 0.367969 0.370833 0.36875 0.36875 0.36875 0.367708 0.369531 0.365625 0.369531 0.364583 0.370312 0.361458 0.370312 0.360417 0.371094 0.357292 0.371094 0.35625 0.371875 0.354167 0.371875 0.353125 0.372656 0.35 0.372656 0.348958 0.373437 0.34375 0.373437 0.342708 0.374219 0.334375 0.374219 0.333333 0.375 0.325 0.375 0.323958 0.375781 0.297917 0.375781 0.296875 0.375 0.290625 0.375 0.289583 0.374219 0.28125 0.374219 0.280208 0.373437 0.271875 0.373437 0.270833 0.372656 0.267708 0.372656 0.266667 0.371875 0.265625 0.371875 0.264583 0.371094 0.260417 0.371094 0.259375 0.370312 0.257292 0.370312 0.25625 0.369531 0.254167 0.369531 0.253125 0.36875 0.252083 0.36875 0.251042 0.367969 0.25 0.367969 0.248958 0.367188 0.246875 0.367188 0.245833 0.366406 0.244792 0.366406 0.242708 0.364844 0.241667 0.364844 0.240625 0.364062 0.239583 0.364062 0.238542 0.363281 0.2375 0.363281 0.229167 0.357031 0.228125 0.357031 0.227083 0.35625 0.227083 0.355469 0.225 0.353906 0.223958 0.353906 0.222917 0.353125 0.222917 0.352344 0.221875 0.351562 0.220833 0.351562 0.220833 0.355469 0.221875 0.35625 0.221875 0.357031 0.222917 0.357812 0.222917 0.358594 0.223958 0.359375 0.223958 0.360156 0.228125 0.363281 0.228125 0.364062 0.238542 0.371875 0.239583 0.371875 0.240625 0.372656 0.241667 0.372656 0.24375 0.374219 0.244792 0.374219 0.245833 0.375 0.246875 0.375 0.247917 0.375781 0.248958 0.375781 0.25 0.376562 0.251042 0.376562 0.252083 0.377344 0.253125 0.377344 0.254167 0.378125 0.255208 0.378125 0.25625 0.378906 0.259375 0.378906 0.260417 0.379687 0.2625 0.379687 0.263542 0.380469 0.264583 0.380469 0.265625 0.38125 0.267708 0.38125 0.26875 0.382031 0.275 0.382031 0.276042 0.382812 0.279167 0.382812 0.280208 0.383594 0.283333 0.383594 0.284375 0.384375 0.288542 0.384375 0.289583 0.385156 0.335417 0.385156 0.336458 0.384375 0.341667 0.384375 0.342708 0.383594 0.344792 0.383594 0.345833 0.382812 0.35 0.382812 0.351042 0.382031 0.357292 0.382031 0.358333 0.38125 0.360417 0.38125 0.361458 0.380469 0.363542 0.380469 0.364583 0.379687 0.367708 0.379687 0.36875 0.378906 0.371875 0.378906 0.372917 0.378125 0.373958 0.378125 0.375 0.377344 0.376042 0.377344 0.377083 0.376562 0.378125 0.376562 0.379167 0.375781 0.38125 0.375781 0.382292 0.375 0.384375 0.375 0.386458 0.373437 0.3875 0.373437 0.388542 0.372656 0.389583 0.372656 0.390625 0.371875 0.391667 0.371875 0.392708 0.371094 0.39375 0.371094 0.395833 0.369531 0.396875 0.369531 0.398958 0.367969 0.4 0.367969 0.402083 0.366406 0.403125 0.366406 0.40625 0.364062 0.407292 0.364062 0.413542 0.359375 0.413542 0.358594 0.414583 0.357812 0.414583 0.357031 0.417708 0.354687 0.417708 0.353906 0.41875 0.353125 0.41875 0.351562 0.419792 0.350781 0.419792 0.348437 0.420833 0.347656 0.420833 0.344531 0.421875 0.34375 0.761749
