0 0.28125 0.282031 0.280208 0.282812 0.277083 0.282812 0.276042 0.283594 0.271875 0.283594 0.270833 0.284375 0.26875 0.284375 0.267708 0.285156 0.266667 0.285156 0.265625 0.285937 0.2625 0.285937 0.261458 0.286719 0.259375 0.286719 0.258333 0.2875 0.257292 0.2875 0.255208 0.289062 0.253125 0.289062 0.252083 0.289844 0.251042 0.289844 0.25 0.290625 0.248958 0.290625 0.247917 0.291406 0.246875 0.291406 0.245833 0.292187 0.244792 0.292187 0.24375 0.292969 0.242708 0.292969 0.241667 0.29375 0.240625 0.29375 0.2375 0.296094 0.236458 0.296094 0.234375 0.297656 0.233333 0.297656 0.227083 0.302344 0.226042 0.302344 0.223958 0.303906 0.223958 0.304688 0.219792 0.307812 0.219792 0.308594 0.217708 0.310156 0.217708 0.335156 0.21875 0.335938 0.21875 0.336719 0.219792 0.3375 0.219792 0.338281 0.221875 0.339844 0.221875 0.340625 0.232292 0.348437 0.233333 0.348437 0.235417 0.35 0.236458 0.35 0.238542 0.351562 0.239583 0.351562 0.240625 0.352344 0.241667 0.352344 0.242708 0.353125 0.24375 0.353125 0.244792 0.353906 0.245833 0.353906 0.246875 0.354687 0.248958 0.354687 0.25 0.355469 0.251042 0.355469 0.252083 0.35625 0.254167 0.35625 0.255208 0.357031 0.258333 0.357031 0.259375 0.357812 0.2625 0.357812 0.263542 0.358594 0.265625 0.358594 0.266667 0.359375 0.269792 0.359375 0.270833 0.360156 0.277083 0.360156 0.278125 0.360937 0.344792 0.360937 0.345833 0.360156 0.351042 0.360156 0.352083 0.359375 0.355208 0.359375 0.35625 0.358594 0.358333 0.358594 0.359375 0.357812 0.363542 0.357812 0.364583 0.357031 0.366667 0.357031 0.367708 0.35625 0.369792 0.35625 0.370833 0.355469 0.372917 0.355469 0.373958 0.354687 0.376042 0.354687 0.377083 0.353906 0.379167 0.353906 0.380208 0.353125 0.382292 0.353125 0.383333 0.352344 0.384375 0.352344 0.385417 0.351562 0.386458 0.351562 0.3875 0.350781 0.388542 0.350781 0.389583 0.35 0.390625 0.35 0.391667 0.349219 0.392708 0.349219 0.39375 0.348437 0.394792 0.348437 0.395833 0.347656 0.396875 0.347656 0.398958 0.346094 0.4 0.346094 0.403125 0.34375 0.404167 0.34375 0.40625 0.342187 0.407292 0.342187 0.415625 0.335938 0.415625 0.335156 0.416667 0.334375 0.416667 0.333594 0.419792 0.33125 0.420833 0.33125 0.420833 0.330469 0.421875 0.329687 0.421875 0.328125 0.422917 0.327344 0.422917 0.311719 0.421875 0.310937 0.421875 0.308594 0.420833 0.307812 0.420833 0.30625 0.419792 0.305469 0.419792 0.304688 0.41875 0.303906 0.41875 0.303125 0.417708 0.302344 0.417708 0.301562 0.415625 0.3 0.415625 0.299219 0.414583 0.299219 0.413542 0.298437 0.413542 0.297656 0.410417 0.295312 0.409375 0.295312 0.405208 0.292187 0.404167 0.292187 0.402083 0.290625 0.401042 0.290625 0.398958 0.289062 0.397917 0.289062 0.396875 0.288281 0.395833 0.288281 0.39375 0.286719 0.391667 0.286719 0.390625 0.285937 0.388542 0.285937 0.386458 0.284375 0.384375 0.284375 0.383333 0.283594 0.38125 0.283594 0.380208 0.282812 0.377083 0.282812 0.376042 0.282031 0.978763
0 0.56875 0.375781 0.567708 0.376562 0.564583 0.376562 0.563542 0.377344 0.5625 0.377344 0.561458 0.378125 0.559375 0.378125 0.558333 0.378906 0.55625 0.378906 0.555208 0.379687 0.553125 0.379687 0.552083 0.380469 0.551042 0.380469 0.55 0.38125 0.548958 0.38125 0.547917 0.382031 0.546875 0.382031 0.545833 0.382812 0.544792 0.382812 0.54375 0.383594 0.542708 0.383594 0.541667 0.384375 0.540625 0.384375 0.539583 0.385156 0.538542 0.385156 0.536458 0.386719 0.535417 0.386719 0.53125 0.389844 0.530208 0.389844 0.527083 0.392187 0.527083 0.392969 0.523958 0.395312 0.523958 0.396094 0.520833 0.398438 0.520833 0.399219 0.519792 0.4 0.519792 0.425 0.520833 0.425781 0.520833 0.427344 0.521875 0.428125 0.521875 0.428906 0.522917 0.429688 0.522917 0.430469 0.523958 0.43125 0.523958 0.432031 0.527083 0.434375 0.527083 0.435156 0.536458 0.442187 0.5375 0.442187 0.541667 0.445312 0.542708 0.445312 0.54375 0.446094 0.544792 0.446094 0.547917 0.448437 0.548958 0.448437 0.55 0.449219 0.552083 0.449219 0.553125 0.45 0.554167 0.45 0.55625 0.451562 0.558333 0.451562 0.559375 0.452344 0.561458 0.452344 0.5625 0.453125 0.563542 0.453125 0.564583 0.453906 0.566667 0.453906 0.567708 0.454687 0.570833 0.454687 0.571875 0.455469 0.573958 0.455469 0.575 0.45625 0.577083 0.45625 0.578125 0.457031 0.58125 0.457031 0.582292 0.457812 0.586458 0.457812 0.5875 0.458594 0.591667 0.458594 0.592708 0.459375 0.644792 0.459375 0.645833 0.458594 0.65 0.458594 0.651042 0.457812 0.654167 0.457812 0.655208 0.457031 0.658333 0.457031 0.659375 0.45625 0.661458 0.45625 0.6625 0.455469 0.664583 0.455469 0.665625 0.454687 0.666667 0.454687 0.667708 0.453906 0.669792 0.453906 0.670833 0.453125 0.671875 0.453125 0.672917 0.452344 0.673958 0.452344 0.675 0.451562 0.676042 0.451562 0.678125 0.45 0.679167 0.45 0.680208 0.449219 0.68125 0.449219 0.683333 0.447656 0.684375 0.447656 0.696875 0.438281 0.696875 0.4375 0.697917 0.436719 0.697917 0.435937 0.698958 0.435156 0.698958 0.434375 0.7 0.433594 0.7 0.432031 0.701042 0.43125 0.701042 0.430469 0.703125 0.428906 0.703125 0.428125 0.704167 0.427344 0.704167 0.425781 0.705208 0.425 0.705208 0.414844 0.704167 0.414062 0.704167 0.411719 0.703125 0.410937 0.703125 0.409375 0.702083 0.408594 0.702083 0.407812 0.701042 0.407031 0.701042 0.40625 0.7 0.405469 0.7 0.404687 0.697917 0.403125 0.697917 0.402344 0.695833 0.400781 0.695833 0.4 0.689583 0.395312 0.688542 0.395312 0.683333 0.391406 0.682292 0.391406 0.679167 0.389062 0.678125 0.389062 0.675 0.386719 0.673958 0.386719 0.672917 0.385937 0.671875 0.385937 0.669792 0.384375 0.66875 0.384375 0.667708 0.383594 0.665625 0.383594 0.664583 0.382812 0.663542 0.382812 0.6625 0.382031 0.661458 0.382031 0.660417 0.38125 0.659375 0.38125 0.658333 0.380469 0.65625 0.380469 0.655208 0.379687 0.654167 0.379687 0.653125 0.378906 0.652083 0.378906 0.651042 0.378125 0.648958 0.378125 0.647917 0.377344 0.644792 0.377344 0.64375 0.376562 0.641667 0.376562 0.640625 0.375781 0.977716
0 0.520833 0.459375 0.520833 0.465625 0.522917 0.467187 0.522917 0.46875 0.525 0.470312 0.526042 0.470312 0.527083 0.471094 0.527083 0.471875 0.535417 0.478125 0.536458 0.478125 0.5375 0.478906 0.538542 0.478906 0.541667 0.48125 0.542708 0.48125 0.544792 0.482812 0.545833 0.482812 0.547917 0.484375 0.55 0.484375 0.551042 0.485156 0.552083 0.485156 0.554167 0.486719 0.555208 0.486719 0.55625 0.4875 0.558333 0.4875 0.559375 0.488281 0.560417 0.488281 0.561458 0.489062 0.563542 0.489062 0.564583 0.489844 0.565625 0.489844 0.566667 0.490625 0.569792 0.490625 0.570833 0.491406 0.573958 0.491406 0.575 0.492187 0.577083 0.492187 0.578125 0.492969 0.58125 0.492969 0.582292 0.49375 0.586458 0.49375 0.5875 0.494531 0.594792 0.494531 0.595833 0.495312 0.604167 0.495312 0.605208 0.496094 0.622917 0.496094 0.623958 0.495312 0.63125 0.495312 0.632292 0.494531 0.6375 0.494531 0.638542 0.49375 0.642708 0.49375 0.64375 0.492969 0.645833 0.492969 0.646875 0.492187 0.65 0.492187 0.651042 0.491406 0.653125 0.491406 0.654167 0.490625 0.65625 0.490625 0.657292 0.489844 0.659375 0.489844 0.660417 0.489062 0.661458 0.489062 0.6625 0.488281 0.663542 0.488281 0.664583 0.4875 0.665625 0.4875 0.666667 0.486719 0.667708 0.486719 0.66875 0.485937 0.669792 0.485937 0.671875 0.484375 0.672917 0.484375 0.675 0.482812 0.676042 0.482812 0.678125 0.48125 0.679167 0.48125 0.685417 0.476562 0.686458 0.476562 0.688542 0.475 0.688542 0.474219 0.689583 0.473437 0.689583 0.471875 0.690625 0.471094 0.690625 0.466406 0.689583 0.466406 0.688542 0.467187 0.688542 0.467969 0.685417 0.470312 0.684375 0.470312 0.677083 0.475781 0.676042 0.475781 0.675 0.476562 0.673958 0.476562 0.672917 0.477344 0.671875 0.477344 0.670833 0.478125 0.669792 0.478125 0.667708 0.479687 0.666667 0.479687 0.665625 0.480469 0.663542 0.480469 0.6625 0.48125 0.661458 0.48125 0.659375 0.482812 0.657292 0.482812 0.65625 0.483594 0.653125 0.483594 0.652083 0.484375 0.65 0.484375 0.648958 0.485156 0.646875 0.485156 0.645833 0.485937 0.642708 0.485937 0.641667 0.486719 0.635417 0.486719 0.634375 0.4875 0.628125 0.4875 0.627083 0.488281 0.603125 0.488281 0.602083 0.4875 0.595833 0.4875 0.594792 0.486719 0.5875 0.486719 0.586458 0.485937 0.580208 0.485937 0.579167 0.485156 0.577083 0.485156 0.576042 0.484375 0.573958 0.484375 0.572917 0.483594 0.569792 0.483594 0.56875 0.482812 0.566667 0.482812 0.565625 0.482031 0.563542 0.482031 0.5625 0.48125 0.561458 0.48125 0.560417 0.480469 0.558333 0.480469 0.557292 0.479687 0.55625 0.479687 0.555208 0.478906 0.554167 0.478906 0.553125 0.478125 0.552083 0.478125 0.551042 0.477344 0.55 0.477344 0.548958 0.476562 0.547917 0.476562 0.546875 0.475781 0.545833 0.475781 0.54375 0.474219 0.542708 0.474219 0.540625 0.472656 0.539583 0.472656 0.538542 0.471875 0.5375 0.471875 0.534375 0.469531 0.533333 0.469531 0.522917 0.461719 0.522917 0.460937 0.521875 0.460156 0.521875 0.459375 0.963274
0 0.434375 0.421094 0.434375 0.421875 0.429167 0.425781 0.429167 0.426562 0.422917 0.43125 0.421875 0.43125 0.416667 0.435156 0.415625 0.435156 0.4125 0.4375 0.411458 0.4375 0.410417 0.438281 0.409375 0.438281 0.408333 0.439062 0.407292 0.439062 0.405208 0.440625 0.404167 0.440625 0.403125 0.441406 0.402083 0.441406 0.401042 0.442187 0.398958 0.442187 0.397917 0.442969 0.396875 0.442969 0.395833 0.44375 0.394792 0.44375 0.39375 0.444531 0.391667 0.444531 0.390625 0.445312 0.388542 0.445312 0.3875 0.446094 0.385417 0.446094 0.384375 0.446875 0.382292 0.446875 0.38125 0.447656 0.378125 0.447656 0.377083 0.448437 0.370833 0.448437 0.369792 0.449219 0.366667 0.449219 0.365625 0.45 0.3625 0.45 0.361458 0.450781 0.3125 0.450781 0.311458 0.45 0.308333 0.45 0.307292 0.449219 0.303125 0.449219 0.302083 0.448437 0.297917 0.448437 0.296875 0.447656 0.29375 0.447656 0.292708 0.446875 0.290625 0.446875 0.289583 0.446094 0.288542 0.446094 0.2875 0.445312 0.284375 0.445312 0.283333 0.444531 0.28125 0.444531 0.280208 0.44375 0.279167 0.44375 0.278125 0.442969 0.277083 0.442969 0.276042 0.442187 0.275 0.442187 0.273958 0.441406 0.272917 0.441406 0.271875 0.440625 0.270833 0.440625 0.267708 0.438281 0.266667 0.438281 0.2625 0.435156 0.261458 0.435156 0.260417 0.434375 0.260417 0.433594 0.252083 0.427344 0.252083 0.425781 0.251042 0.425 0.251042 0.424219 0.251042 0.432031 0.253125 0.433594 0.253125 0.435156 0.254167 0.435937 0.254167 0.436719 0.25625 0.438281 0.25625 0.439062 0.258333 0.440625 0.258333 0.441406 0.264583 0.446094 0.265625 0.446094 0.26875 0.448437 0.269792 0.448437 0.271875 0.45 0.272917 0.45 0.275 0.451562 0.277083 0.451562 0.278125 0.452344 0.279167 0.452344 0.280208 0.453125 0.28125 0.453125 0.282292 0.453906 0.283333 0.453906 0.284375 0.454687 0.286458 0.454687 0.2875 0.455469 0.288542 0.455469 0.289583 0.45625 0.291667 0.45625 0.292708 0.457031 0.295833 0.457031 0.296875 0.457812 0.298958 0.457812 0.3 0.458594 0.303125 0.458594 0.304167 0.459375 0.309375 0.459375 0.310417 0.460156 0.317708 0.460156 0.31875 0.460937 0.327083 0.460937 0.328125 0.461719 0.34375 0.461719 0.344792 0.460937 0.353125 0.460937 0.354167 0.460156 0.3625 0.460156 0.363542 0.459375 0.36875 0.459375 0.369792 0.458594 0.372917 0.458594 0.373958 0.457812 0.377083 0.457812 0.378125 0.457031 0.380208 0.457031 0.38125 0.45625 0.383333 0.45625 0.384375 0.455469 0.386458 0.455469 0.3875 0.454687 0.389583 0.454687 0.390625 0.453906 0.391667 0.453906 0.392708 0.453125 0.39375 0.453125 0.394792 0.452344 0.396875 0.452344 0.397917 0.451562 0.398958 0.451562 0.4 0.450781 0.401042 0.450781 0.403125 0.449219 0.405208 0.449219 0.40625 0.448437 0.407292 0.448437 0.408333 0.447656 0.409375 0.447656 0.4125 0.445312 0.413542 0.445312 0.416667 0.442969 0.417708 0.442969 0.427083 0.435937 0.427083 0.435156 0.430208 0.432812 0.430208 0.432031 0.432292 0.430469 0.432292 0.429688 0.433333 0.428906 0.433333 0.428125 0.434375 0.427344 0.434375 0.426562 0.435417 0.425781 0.435417 0.421094 0.961004
0 0.438542 0.508594 0.4375 0.509375 0.4375 0.510937 0.435417 0.5125 0.435417 0.513281 0.434375 0.514062 0.434375 0.516406 0.433333 0.517188 0.433333 0.517969 0.430208 0.520312 0.430208 0.521094 0.429167 0.521875 0.429167 0.522656 0.428125 0.523438 0.427083 0.523438 0.427083 0.524219 0.416667 0.532031 0.415625 0.532031 0.411458 0.535156 0.410417 0.535156 0.409375 0.535937 0.408333 0.535937 0.40625 0.5375 0.405208 0.5375 0.404167 0.538281 0.403125 0.538281 0.402083 0.539062 0.401042 0.539062 0.4 0.539844 0.398958 0.539844 0.397917 0.540625 0.396875 0.540625 0.395833 0.541406 0.394792 0.541406 0.39375 0.542187 0.390625 0.542187 0.389583 0.542969 0.388542 0.542969 0.3875 0.54375 0.385417 0.54375 0.384375 0.544531 0.382292 0.544531 0.38125 0.545312 0.376042 0.545312 0.375 0.546094 0.371875 0.546094 0.370833 0.546875 0.36875 0.546875 0.367708 0.547656 0.3625 0.547656 0.361458 0.548437 0.329167 0.548437 0.328125 0.547656 0.322917 0.547656 0.321875 0.546875 0.31875 0.546875 0.317708 0.546094 0.313542 0.546094 0.3125 0.545312 0.309375 0.545312 0.308333 0.544531 0.30625 0.544531 0.305208 0.54375 0.304167 0.54375 0.303125 0.542969 0.302083 0.542969 0.301042 0.542187 0.297917 0.542187 0.296875 0.541406 0.295833 0.541406 0.29375 0.539844 0.292708 0.539844 0.291667 0.539062 0.290625 0.539062 0.289583 0.538281 0.288542 0.538281 0.2875 0.5375 0.286458 0.5375 0.282292 0.534375 0.28125 0.534375 0.276042 0.530469 0.275 0.530469 0.273958 0.529687 0.273958 0.528906 0.272917 0.528125 0.271875 0.528125 0.270833 0.527344 0.270833 0.532812 0.272917 0.534375 0.272917 0.535156 0.278125 0.539062 0.278125 0.539844 0.279167 0.540625 0.280208 0.540625 0.284375 0.54375 0.285417 0.54375 0.286458 0.544531 0.2875 0.544531 0.288542 0.545312 0.289583 0.545312 0.291667 0.546875 0.292708 0.546875 0.294792 0.548437 0.295833 0.548437 0.296875 0.549219 0.298958 0.549219 0.3 0.55 0.301042 0.55 0.302083 0.550781 0.304167 0.550781 0.305208 0.551562 0.307292 0.551562 0.308333 0.552344 0.309375 0.552344 0.310417 0.553125 0.313542 0.553125 0.314583 0.553906 0.319792 0.553906 0.320833 0.554688 0.323958 0.554688 0.325 0.555469 0.329167 0.555469 0.330208 0.55625 0.358333 0.55625 0.359375 0.555469 0.364583 0.555469 0.365625 0.554688 0.36875 0.554688 0.369792 0.553906 0.373958 0.553906 0.375 0.553125 0.380208 0.553125 0.38125 0.552344 0.382292 0.552344 0.383333 0.551562 0.385417 0.551562 0.386458 0.550781 0.388542 0.550781 0.389583 0.55 0.391667 0.55 0.392708 0.549219 0.39375 0.549219 0.394792 0.548437 0.395833 0.548437 0.396875 0.547656 0.397917 0.547656 0.398958 0.546875 0.401042 0.546875 0.402083 0.546094 0.403125 0.546094 0.405208 0.544531 0.40625 0.544531 0.407292 0.54375 0.408333 0.54375 0.409375 0.542969 0.410417 0.542969 0.4125 0.541406 0.413542 0.541406 0.417708 0.538281 0.41875 0.538281 0.426042 0.532812 0.426042 0.532031 0.427083 0.53125 0.428125 0.53125 0.428125 0.530469 0.429167 0.529687 0.429167 0.528906 0.432292 0.526562 0.432292 0.525781 0.433333 0.525 0.433333 0.524219 0.435417 0.522656 0.435417 0.521875 0.436458 0.521094 0.436458 0.520312 0.4375 0.519531 0.4375 0.517969 0.438542 0.517188 0.957098
0 0.429167 0.371875 0.429167 0.373437 0.428125 0.374219 0.428125 0.375781 0.427083 0.376562 0.427083 0.378906 0.426042 0.379687 0.426042 0.382031 0.425 0.382812 0.425 0.383594 0.423958 0.384375 0.423958 0.385156 0.422917 0.385937 0.422917 0.3875 0.421875 0.388281 0.421875 0.389062 0.420833 0.389844 0.420833 0.390625 0.41875 0.392187 0.41875 0.392969 0.408333 0.400781 0.407292 0.400781 0.403125 0.403906 0.402083 0.403906 0.401042 0.404687 0.4 0.404687 0.398958 0.405469 0.397917 0.405469 0.395833 0.407031 0.394792 0.407031 0.39375 0.407812 0.392708 0.407812 0.390625 0.409375 0.389583 0.409375 0.388542 0.410156 0.386458 0.410156 0.385417 0.410937 0.384375 0.410937 0.383333 0.411719 0.38125 0.411719 0.380208 0.4125 0.379167 0.4125 0.378125 0.413281 0.377083 0.413281 0.376042 0.414062 0.372917 0.414062 0.371875 0.414844 0.36875 0.414844 0.367708 0.415625 0.366667 0.415625 0.365625 0.416406 0.3625 0.416406 0.361458 0.417187 0.358333 0.417187 0.357292 0.417969 0.351042 0.417969 0.35 0.41875 0.344792 0.41875 0.34375 0.419531 0.3375 0.419531 0.336458 0.420312 0.305208 0.420312 0.304167 0.419531 0.298958 0.419531 0.297917 0.41875 0.29375 0.41875 0.292708 0.417969 0.284375 0.417969 0.283333 0.417187 0.279167 0.417187 0.278125 0.416406 0.276042 0.416406 0.275 0.415625 0.271875 0.415625 0.270833 0.414844 0.26875 0.414844 0.267708 0.414062 0.266667 0.414062 0.265625 0.413281 0.263542 0.413281 0.2625 0.4125 0.260417 0.4125 0.258333 0.410937 0.257292 0.410937 0.25625 0.410156 0.254167 0.410156 0.253125 0.409375 0.252083 0.409375 0.25 0.407812 0.25 0.410937 0.253125 0.413281 0.254167 0.413281 0.25625 0.414844 0.257292 0.414844 0.259375 0.416406 0.260417 0.416406 0.2625 0.417969 0.263542 0.417969 0.266667 0.420312 0.267708 0.420312 0.26875 0.421094 0.270833 0.421094 0.271875 0.421875 0.272917 0.421875 0.275 0.423437 0.277083 0.423437 0.278125 0.424219 0.279167 0.424219 0.280208 0.425 0.283333 0.425 0.284375 0.425781 0.2875 0.425781 0.288542 0.426562 0.291667 0.426562 0.292708 0.427344 0.295833 0.427344 0.296875 0.428125 0.304167 0.428125 0.305208 0.428906 0.315625 0.428906 0.316667 0.429688 0.339583 0.429688 0.340625 0.428906 0.35 0.428906 0.351042 0.428125 0.358333 0.428125 0.359375 0.427344 0.363542 0.427344 0.364583 0.426562 0.367708 0.426562 0.36875 0.425781 0.371875 0.425781 0.372917 0.425 0.376042 0.425 0.377083 0.424219 0.380208 0.424219 0.38125 0.423437 0.383333 0.423437 0.384375 0.422656 0.386458 0.422656 0.3875 0.421875 0.389583 0.421875 0.390625 0.421094 0.391667 0.421094 0.392708 0.420312 0.394792 0.420312 0.395833 0.419531 0.396875 0.419531 0.397917 0.41875 0.398958 0.41875 0.4 0.417969 0.401042 0.417969 0.402083 0.417187 0.403125 0.417187 0.404167 0.416406 0.405208 0.416406 0.407292 0.414844 0.408333 0.414844 0.4125 0.411719 0.413542 0.411719 0.417708 0.408594 0.41875 0.408594 0.420833 0.407031 0.420833 0.40625 0.425 0.403125 0.425 0.402344 0.427083 0.400781 0.427083 0.4 0.429167 0.398438 0.429167 0.397656 0.430208 0.396875 0.430208 0.395312 0.43125 0.394531 0.43125 0.392187 0.432292 0.391406 0.432292 0.389062 0.433333 0.388281 0.433333 0.384375 0.434375 0.383594 0.434375 0.378125 0.433333 0.377344 0.433333 0.375 0.432292 0.374219 0.432292 0.372656 0.43125 0.371875 0.954968
0 0.517708 0.484375 0.517708 0.492187 0.51875 0.492969 0.51875 0.494531 0.520833 0.496094 0.520833 0.496875 0.526042 0.500781 0.526042 0.501562 0.529167 0.503906 0.530208 0.503906 0.535417 0.507812 0.536458 0.507812 0.538542 0.509375 0.539583 0.509375 0.540625 0.510156 0.541667 0.510156 0.542708 0.510937 0.54375 0.510937 0.545833 0.5125 0.546875 0.5125 0.547917 0.513281 0.548958 0.513281 0.55 0.514062 0.552083 0.514062 0.553125 0.514844 0.554167 0.514844 0.555208 0.515625 0.55625 0.515625 0.557292 0.516406 0.559375 0.516406 0.560417 0.517188 0.561458 0.517188 0.5625 0.517969 0.564583 0.517969 0.565625 0.51875 0.567708 0.51875 0.56875 0.519531 0.572917 0.519531 0.573958 0.520312 0.577083 0.520312 0.578125 0.521094 0.580208 0.521094 0.58125 0.521875 0.584375 0.521875 0.585417 0.522656 0.598958 0.522656 0.6 0.523438 0.615625 0.523438 0.616667 0.522656 0.630208 0.522656 0.63125 0.521875 0.634375 0.521875 0.635417 0.521094 0.636458 0.521094 0.6375 0.520312 0.640625 0.520312 0.641667 0.519531 0.645833 0.519531 0.646875 0.51875 0.647917 0.51875 0.648958 0.517969 0.65 0.517969 0.651042 0.517188 0.653125 0.517188 0.654167 0.516406 0.65625 0.516406 0.658333 0.514844 0.659375 0.514844 0.660417 0.514062 0.661458 0.514062 0.6625 0.513281 0.663542 0.513281 0.664583 0.5125 0.665625 0.5125 0.670833 0.508594 0.671875 0.508594 0.680208 0.502344 0.680208 0.501562 0.682292 0.5 0.682292 0.499219 0.683333 0.498437 0.683333 0.492969 0.672917 0.500781 0.671875 0.500781 0.669792 0.502344 0.66875 0.502344 0.667708 0.503125 0.666667 0.503125 0.664583 0.504687 0.663542 0.504687 0.661458 0.50625 0.659375 0.50625 0.658333 0.507031 0.657292 0.507031 0.65625 0.507812 0.655208 0.507812 0.654167 0.508594 0.652083 0.508594 0.651042 0.509375 0.65 0.509375 0.648958 0.510156 0.646875 0.510156 0.645833 0.510937 0.642708 0.510937 0.641667 0.511719 0.6375 0.511719 0.636458 0.5125 0.632292 0.5125 0.63125 0.513281 0.626042 0.513281 0.625 0.514062 0.591667 0.514062 0.590625 0.513281 0.585417 0.513281 0.584375 0.5125 0.58125 0.5125 0.580208 0.511719 0.576042 0.511719 0.575 0.510937 0.569792 0.510937 0.56875 0.510156 0.566667 0.510156 0.565625 0.509375 0.564583 0.509375 0.563542 0.508594 0.561458 0.508594 0.560417 0.507812 0.558333 0.507812 0.557292 0.507031 0.555208 0.507031 0.554167 0.50625 0.553125 0.50625 0.552083 0.505469 0.551042 0.505469 0.55 0.504687 0.547917 0.504687 0.546875 0.503906 0.545833 0.503906 0.544792 0.503125 0.54375 0.503125 0.541667 0.501562 0.540625 0.501562 0.539583 0.500781 0.538542 0.500781 0.5375 0.5 0.536458 0.5 0.529167 0.494531 0.528125 0.494531 0.527083 0.49375 0.527083 0.492969 0.525 0.491406 0.523958 0.491406 0.522917 0.490625 0.522917 0.489844 0.51875 0.486719 0.51875 0.485156 0.954121
0 0.438542 0.435937 0.438542 0.436719 0.4375 0.4375 0.4375 0.44375 0.436458 0.444531 0.436458 0.447656 0.435417 0.448437 0.435417 0.45 0.434375 0.450781 0.434375 0.451562 0.432292 0.453125 0.432292 0.453906 0.429167 0.45625 0.429167 0.457031 0.419792 0.464062 0.41875 0.464062 0.414583 0.467187 0.413542 0.467187 0.410417 0.469531 0.409375 0.469531 0.408333 0.470312 0.407292 0.470312 0.405208 0.471875 0.404167 0.471875 0.403125 0.472656 0.402083 0.472656 0.401042 0.473437 0.4 0.473437 0.398958 0.474219 0.397917 0.474219 0.396875 0.475 0.395833 0.475 0.394792 0.475781 0.392708 0.475781 0.391667 0.476562 0.390625 0.476562 0.389583 0.477344 0.388542 0.477344 0.3875 0.478125 0.385417 0.478125 0.384375 0.478906 0.38125 0.478906 0.380208 0.479687 0.378125 0.479687 0.377083 0.480469 0.373958 0.480469 0.372917 0.48125 0.367708 0.48125 0.366667 0.482031 0.3625 0.482031 0.361458 0.482812 0.35625 0.482812 0.355208 0.483594 0.321875 0.483594 0.320833 0.482812 0.316667 0.482812 0.315625 0.482031 0.309375 0.482031 0.308333 0.48125 0.304167 0.48125 0.303125 0.480469 0.298958 0.480469 0.297917 0.479687 0.295833 0.479687 0.294792 0.478906 0.291667 0.478906 0.290625 0.478125 0.289583 0.478125 0.288542 0.477344 0.286458 0.477344 0.285417 0.476562 0.284375 0.476562 0.283333 0.475781 0.282292 0.475781 0.28125 0.475 0.279167 0.475 0.277083 0.473437 0.276042 0.473437 0.275 0.472656 0.273958 0.472656 0.270833 0.470312 0.269792 0.470312 0.26875 0.469531 0.267708 0.469531 0.266667 0.46875 0.265625 0.46875 0.264583 0.467969 0.264583 0.467187 0.263542 0.467187 0.263542 0.469531 0.264583 0.470312 0.264583 0.471094 0.265625 0.471875 0.265625 0.472656 0.266667 0.473437 0.266667 0.474219 0.271875 0.478125 0.272917 0.478125 0.276042 0.480469 0.277083 0.480469 0.278125 0.48125 0.279167 0.48125 0.28125 0.482812 0.282292 0.482812 0.284375 0.484375 0.285417 0.484375 0.286458 0.485156 0.2875 0.485156 0.288542 0.485937 0.289583 0.485937 0.290625 0.486719 0.291667 0.486719 0.292708 0.4875 0.294792 0.4875 0.295833 0.488281 0.296875 0.488281 0.297917 0.489062 0.298958 0.489062 0.3 0.489844 0.303125 0.489844 0.304167 0.490625 0.308333 0.490625 0.309375 0.491406 0.3125 0.491406 0.313542 0.492187 0.315625 0.492187 0.316667 0.492969 0.321875 0.492969 0.322917 0.49375 0.361458 0.49375 0.3625 0.492969 0.367708 0.492969 0.36875 0.492187 0.371875 0.492187 0.372917 0.491406 0.376042 0.491406 0.377083 0.490625 0.382292 0.490625 0.383333 0.489844 0.385417 0.489844 0.386458 0.489062 0.388542 0.489062 0.389583 0.488281 0.390625 0.488281 0.391667 0.4875 0.39375 0.4875 0.394792 0.486719 0.396875 0.486719 0.397917 0.485937 0.398958 0.485937 0.4 0.485156 0.401042 0.485156 0.402083 0.484375 0.404167 0.484375 0.405208 0.483594 0.40625 0.483594 0.407292 0.482812 0.408333 0.482812 0.410417 0.48125 0.411458 0.48125 0.4125 0.480469 0.413542 0.480469 0.416667 0.478125 0.417708 0.478125 0.419792 0.476562 0.420833 0.476562 0.433333 0.467187 0.433333 0.466406 0.434375 0.465625 0.434375 0.464844 0.436458 0.463281 0.436458 0.4625 0.4375 0.461719 0.4375 0.460937 0.438542 0.460156 0.438542 0.458594 0.439583 0.457812 0.439583 0.45625 0.440625 0.455469 0.440625 0.454687 0.441667 0.453906 0.441667 0.441406 0.440625 0.440625 0.440625 0.438281 0.439583 0.4375 0.439583 0.435937 0.953748
0 0.422917 0.349219 0.422917 0.35 0.421875 0.350781 0.421875 0.353125 0.416667 0.357031 0.416667 0.357812 0.415625 0.358594 0.415625 0.359375 0.407292 0.365625 0.40625 0.365625 0.403125 0.367969 0.402083 0.367969 0.401042 0.36875 0.4 0.36875 0.396875 0.371094 0.395833 0.371094 0.39375 0.372656 0.392708 0.372656 0.391667 0.373437 0.389583 0.373437 0.388542 0.374219 0.3875 0.374219 0.385417 0.375781 0.383333 0.375781 0.382292 0.376562 0.38125 0.376562 0.380208 0.377344 0.378125 0.377344 0.377083 0.378125 0.376042 0.378125 0.375 0.378906 0.373958 0.378906 0.372917 0.379687 0.369792 0.379687 0.36875 0.380469 0.365625 0.380469 0.364583 0.38125 0.363542 0.38125 0.3625 0.382031 0.359375 0.382031 0.358333 0.382812 0.353125 0.382812 0.352083 0.383594 0.347917 0.383594 0.346875 0.384375 0.34375 0.384375 0.342708 0.385156 0.338542 0.385156 0.3375 0.385937 0.322917 0.385937 0.321875 0.386719 0.30625 0.386719 0.305208 0.385937 0.2875 0.385937 0.286458 0.385156 0.282292 0.385156 0.28125 0.384375 0.278125 0.384375 0.277083 0.383594 0.272917 0.383594 0.271875 0.382812 0.267708 0.382812 0.266667 0.382031 0.264583 0.382031 0.263542 0.38125 0.261458 0.38125 0.260417 0.380469 0.258333 0.380469 0.257292 0.379687 0.255208 0.379687 0.254167 0.378906 0.253125 0.378906 0.252083 0.378125 0.25 0.378125 0.248958 0.377344 0.247917 0.377344 0.245833 0.375781 0.244792 0.375781 0.24375 0.375 0.242708 0.375 0.241667 0.374219 0.240625 0.374219 0.239583 0.373437 0.238542 0.373437 0.233333 0.369531 0.232292 0.369531 0.23125 0.36875 0.23125 0.367969 0.23125 0.374219 0.232292 0.375 0.232292 0.375781 0.239583 0.38125 0.240625 0.38125 0.242708 0.382812 0.24375 0.382812 0.245833 0.384375 0.246875 0.384375 0.247917 0.385156 0.248958 0.385156 0.251042 0.386719 0.253125 0.386719 0.254167 0.3875 0.255208 0.3875 0.25625 0.388281 0.257292 0.388281 0.258333 0.389062 0.259375 0.389062 0.260417 0.389844 0.261458 0.389844 0.2625 0.390625 0.263542 0.390625 0.264583 0.391406 0.26875 0.391406 0.269792 0.392187 0.272917 0.392187 0.273958 0.392969 0.275 0.392969 0.276042 0.39375 0.279167 0.39375 0.280208 0.394531 0.290625 0.394531 0.291667 0.395312 0.3 0.395312 0.301042 0.396094 0.335417 0.396094 0.336458 0.395312 0.342708 0.395312 0.34375 0.394531 0.352083 0.394531 0.353125 0.39375 0.355208 0.39375 0.35625 0.392969 0.358333 0.392969 0.359375 0.392187 0.3625 0.392187 0.363542 0.391406 0.367708 0.391406 0.36875 0.390625 0.370833 0.390625 0.371875 0.389844 0.372917 0.389844 0.373958 0.389062 0.376042 0.389062 0.377083 0.388281 0.380208 0.388281 0.38125 0.3875 0.382292 0.3875 0.383333 0.386719 0.384375 0.386719 0.385417 0.385937 0.386458 0.385937 0.3875 0.385156 0.388542 0.385156 0.389583 0.384375 0.390625 0.384375 0.391667 0.383594 0.392708 0.383594 0.39375 0.382812 0.394792 0.382812 0.395833 0.382031 0.396875 0.382031 0.398958 0.380469 0.4 0.380469 0.402083 0.378906 0.403125 0.378906 0.405208 0.377344 0.40625 0.377344 0.408333 0.375781 0.409375 0.375781 0.416667 0.370312 0.416667 0.369531 0.41875 0.367969 0.41875 0.367188 0.419792 0.366406 0.419792 0.365625 0.420833 0.364844 0.420833 0.3625 0.421875 0.361719 0.421875 0.359375 0.422917 0.358594 0.951661
0 0.439583 0.457812 0.439583 0.458594 0.438542 0.459375 0.438542 0.460937 0.4375 0.461719 0.4375 0.4625 0.435417 0.464062 0.435417 0.464844 0.433333 0.466406 0.433333 0.467187 0.430208 0.469531 0.430208 0.470312 0.422917 0.475781 0.421875 0.475781 0.417708 0.478906 0.416667 0.478906 0.413542 0.48125 0.4125 0.48125 0.411458 0.482031 0.410417 0.482031 0.409375 0.482812 0.408333 0.482812 0.407292 0.483594 0.40625 0.483594 0.405208 0.484375 0.404167 0.484375 0.403125 0.485156 0.402083 0.485156 0.401042 0.485937 0.4 0.485937 0.398958 0.486719 0.397917 0.486719 0.396875 0.4875 0.394792 0.4875 0.39375 0.488281 0.391667 0.488281 0.390625 0.489062 0.388542 0.489062 0.3875 0.489844 0.385417 0.489844 0.384375 0.490625 0.38125 0.490625 0.380208 0.491406 0.376042 0.491406 0.375 0.492187 0.371875 0.492187 0.370833 0.492969 0.364583 0.492969 0.363542 0.49375 0.323958 0.49375 0.322917 0.492969 0.315625 0.492969 0.314583 0.492187 0.311458 0.492187 0.310417 0.491406 0.308333 0.491406 0.307292 0.490625 0.302083 0.490625 0.301042 0.489844 0.298958 0.489844 0.297917 0.489062 0.296875 0.489062 0.295833 0.488281 0.294792 0.488281 0.29375 0.4875 0.291667 0.4875 0.290625 0.486719 0.288542 0.486719 0.286458 0.485156 0.285417 0.485156 0.284375 0.484375 0.283333 0.484375 0.282292 0.483594 0.28125 0.483594 0.278125 0.48125 0.277083 0.48125 0.273958 0.478906 0.272917 0.478906 0.271875 0.478125 0.270833 0.478125 0.269792 0.477344 0.269792 0.476562 0.267708 0.475 0.266667 0.475 0.265625 0.474219 0.265625 0.473437 0.264583 0.472656 0.264583 0.471875 0.264583 0.478906 0.265625 0.479687 0.265625 0.480469 0.267708 0.482031 0.267708 0.482812 0.270833 0.485156 0.270833 0.485937 0.271875 0.486719 0.272917 0.486719 0.277083 0.489844 0.278125 0.489844 0.28125 0.492187 0.282292 0.492187 0.285417 0.494531 0.286458 0.494531 0.2875 0.495312 0.289583 0.495312 0.290625 0.496094 0.291667 0.496094 0.29375 0.497656 0.294792 0.497656 0.295833 0.498437 0.297917 0.498437 0.298958 0.499219 0.3 0.499219 0.301042 0.5 0.303125 0.5 0.304167 0.500781 0.305208 0.500781 0.30625 0.501562 0.309375 0.501562 0.310417 0.502344 0.313542 0.502344 0.314583 0.503125 0.316667 0.503125 0.317708 0.503906 0.322917 0.503906 0.323958 0.504687 0.366667 0.504687 0.367708 0.503906 0.369792 0.503906 0.370833 0.503125 0.373958 0.503125 0.375 0.502344 0.378125 0.502344 0.379167 0.501562 0.383333 0.501562 0.384375 0.500781 0.386458 0.500781 0.3875 0.5 0.389583 0.5 0.390625 0.499219 0.391667 0.499219 0.392708 0.498437 0.394792 0.498437 0.395833 0.497656 0.396875 0.497656 0.398958 0.496094 0.4 0.496094 0.401042 0.495312 0.403125 0.495312 0.404167 0.494531 0.405208 0.494531 0.407292 0.492969 0.408333 0.492969 0.409375 0.492187 0.410417 0.492187 0.413542 0.489844 0.414583 0.489844 0.415625 0.489062 0.416667 0.489062 0.417708 0.488281 0.41875 0.488281 0.419792 0.4875 0.420833 0.4875 0.422917 0.485937 0.423958 0.485937 0.426042 0.484375 0.427083 0.484375 0.434375 0.478906 0.434375 0.478125 0.435417 0.477344 0.435417 0.476562 0.436458 0.475781 0.436458 0.474219 0.4375 0.473437 0.4375 0.472656 0.438542 0.471875 0.438542 0.471094 0.439583 0.470312 0.439583 0.46875 0.440625 0.467969 0.440625 0.464844 0.441667 0.464062 0.441667 0.4625 0.440625 0.461719 0.440625 0.458594 0.949403
0 0.417708 0.334375 0.417708 0.335156 0.416667 0.335938 0.416667 0.336719 0.414583 0.338281 0.413542 0.338281 0.413542 0.339062 0.408333 0.342969 0.407292 0.342969 0.405208 0.344531 0.404167 0.344531 0.402083 0.346094 0.401042 0.346094 0.398958 0.347656 0.397917 0.347656 0.395833 0.349219 0.394792 0.349219 0.39375 0.35 0.392708 0.35 0.391667 0.350781 0.390625 0.350781 0.389583 0.351562 0.388542 0.351562 0.3875 0.352344 0.386458 0.352344 0.385417 0.353125 0.384375 0.353125 0.383333 0.353906 0.38125 0.353906 0.380208 0.354687 0.379167 0.354687 0.378125 0.355469 0.376042 0.355469 0.375 0.35625 0.372917 0.35625 0.371875 0.357031 0.369792 0.357031 0.36875 0.357812 0.365625 0.357812 0.364583 0.358594 0.361458 0.358594 0.360417 0.359375 0.358333 0.359375 0.357292 0.360156 0.353125 0.360156 0.352083 0.360937 0.347917 0.360937 0.346875 0.361719 0.340625 0.361719 0.339583 0.3625 0.333333 0.3625 0.332292 0.363281 0.319792 0.363281 0.31875 0.364062 0.304167 0.364062 0.303125 0.363281 0.288542 0.363281 0.2875 0.3625 0.28125 0.3625 0.280208 0.361719 0.275 0.361719 0.273958 0.360937 0.26875 0.360937 0.267708 0.360156 0.264583 0.360156 0.263542 0.359375 0.260417 0.359375 0.259375 0.358594 0.257292 0.358594 0.25625 0.357812 0.254167 0.357812 0.253125 0.357031 0.251042 0.357031 0.25 0.35625 0.247917 0.35625 0.246875 0.355469 0.245833 0.355469 0.244792 0.354687 0.24375 0.354687 0.242708 0.353906 0.241667 0.353906 0.240625 0.353125 0.239583 0.353125 0.238542 0.352344 0.2375 0.352344 0.235417 0.350781 0.234375 0.350781 0.23125 0.348437 0.230208 0.348437 0.222917 0.342969 0.222917 0.342187 0.220833 0.340625 0.220833 0.35 0.221875 0.350781 0.221875 0.351562 0.232292 0.359375 0.233333 0.359375 0.2375 0.3625 0.238542 0.3625 0.239583 0.363281 0.240625 0.363281 0.241667 0.364062 0.242708 0.364062 0.244792 0.365625 0.245833 0.365625 0.246875 0.366406 0.248958 0.366406 0.25 0.367188 0.252083 0.367188 0.253125 0.367969 0.254167 0.367969 0.255208 0.36875 0.25625 0.36875 0.257292 0.369531 0.260417 0.369531 0.261458 0.370312 0.263542 0.370312 0.264583 0.371094 0.266667 0.371094 0.267708 0.371875 0.269792 0.371875 0.270833 0.372656 0.279167 0.372656 0.280208 0.373437 0.288542 0.373437 0.289583 0.374219 0.296875 0.374219 0.297917 0.375 0.323958 0.375 0.325 0.374219 0.332292 0.374219 0.333333 0.373437 0.341667 0.373437 0.342708 0.372656 0.35 0.372656 0.351042 0.371875 0.353125 0.371875 0.354167 0.371094 0.355208 0.371094 0.35625 0.370312 0.359375 0.370312 0.360417 0.369531 0.364583 0.369531 0.365625 0.36875 0.367708 0.36875 0.36875 0.367969 0.369792 0.367969 0.370833 0.367188 0.371875 0.367188 0.372917 0.366406 0.377083 0.366406 0.378125 0.365625 0.379167 0.365625 0.380208 0.364844 0.38125 0.364844 0.382292 0.364062 0.383333 0.364062 0.384375 0.363281 0.385417 0.363281 0.386458 0.3625 0.3875 0.3625 0.388542 0.361719 0.389583 0.361719 0.390625 0.360937 0.391667 0.360937 0.392708 0.360156 0.39375 0.360156 0.394792 0.359375 0.395833 0.359375 0.397917 0.357812 0.398958 0.357812 0.4 0.357031 0.401042 0.357031 0.415625 0.346094 0.415625 0.345312 0.416667 0.344531 0.416667 0.34375 0.417708 0.342969 0.417708 0.342187 0.41875 0.341406 0.41875 0.334375 0.946911
0 0.435417 0.524219 0.434375 0.525 0.434375 0.527344 0.432292 0.528906 0.43125 0.528906 0.430208 0.529687 0.430208 0.53125 0.429167 0.532031 0.428125 0.532031 0.426042 0.533594 0.426042 0.534375 0.425 0.535156 0.423958 0.535156 0.416667 0.540625 0.415625 0.540625 0.4125 0.542969 0.411458 0.542969 0.409375 0.544531 0.407292 0.544531 0.404167 0.546875 0.403125 0.546875 0.402083 0.547656 0.401042 0.547656 0.4 0.548437 0.397917 0.548437 0.395833 0.55 0.394792 0.55 0.39375 0.550781 0.390625 0.550781 0.389583 0.551562 0.3875 0.551562 0.386458 0.552344 0.384375 0.552344 0.383333 0.553125 0.382292 0.553125 0.38125 0.553906 0.377083 0.553906 0.376042 0.554688 0.370833 0.554688 0.369792 0.555469 0.366667 0.555469 0.365625 0.55625 0.361458 0.55625 0.360417 0.557031 0.330208 0.557031 0.329167 0.55625 0.325 0.55625 0.323958 0.555469 0.320833 0.555469 0.319792 0.554688 0.314583 0.554688 0.313542 0.553906 0.310417 0.553906 0.309375 0.553125 0.307292 0.553125 0.30625 0.552344 0.305208 0.552344 0.304167 0.551562 0.302083 0.551562 0.301042 0.550781 0.3 0.550781 0.298958 0.55 0.296875 0.55 0.295833 0.549219 0.294792 0.549219 0.292708 0.547656 0.291667 0.547656 0.289583 0.546094 0.288542 0.546094 0.286458 0.544531 0.285417 0.544531 0.284375 0.54375 0.283333 0.54375 0.272917 0.535937 0.272917 0.535156 0.271875 0.534375 0.270833 0.534375 0.270833 0.539844 0.271875 0.540625 0.271875 0.541406 0.273958 0.542969 0.273958 0.54375 0.277083 0.546094 0.277083 0.546875 0.283333 0.551562 0.284375 0.551562 0.286458 0.553125 0.2875 0.553125 0.289583 0.554688 0.290625 0.554688 0.29375 0.557031 0.295833 0.557031 0.296875 0.557812 0.297917 0.557812 0.298958 0.558594 0.3 0.558594 0.301042 0.559375 0.303125 0.559375 0.304167 0.560156 0.30625 0.560156 0.307292 0.560937 0.310417 0.560937 0.311458 0.561719 0.3125 0.561719 0.313542 0.5625 0.316667 0.5625 0.317708 0.563281 0.326042 0.563281 0.327083 0.564062 0.332292 0.564062 0.333333 0.564844 0.341667 0.564844 0.342708 0.565625 0.348958 0.565625 0.35 0.564844 0.357292 0.564844 0.358333 0.564062 0.363542 0.564062 0.364583 0.563281 0.372917 0.563281 0.373958 0.5625 0.377083 0.5625 0.378125 0.561719 0.379167 0.561719 0.380208 0.560937 0.383333 0.560937 0.384375 0.560156 0.3875 0.560156 0.388542 0.559375 0.389583 0.559375 0.390625 0.558594 0.391667 0.558594 0.392708 0.557812 0.39375 0.557812 0.394792 0.557031 0.396875 0.557031 0.397917 0.55625 0.398958 0.55625 0.401042 0.554688 0.402083 0.554688 0.403125 0.553906 0.404167 0.553906 0.405208 0.553125 0.40625 0.553125 0.408333 0.551562 0.409375 0.551562 0.4125 0.549219 0.413542 0.549219 0.417708 0.546094 0.41875 0.546094 0.428125 0.539062 0.428125 0.538281 0.430208 0.536719 0.430208 0.535937 0.432292 0.534375 0.432292 0.533594 0.433333 0.532812 0.433333 0.53125 0.434375 0.530469 0.434375 0.529687 0.435417 0.528906 0.946703
0 0.517708 0.503125 0.517708 0.5125 0.51875 0.513281 0.51875 0.514062 0.520833 0.515625 0.520833 0.516406 0.526042 0.520312 0.526042 0.521094 0.528125 0.522656 0.529167 0.522656 0.533333 0.525781 0.534375 0.525781 0.538542 0.528906 0.539583 0.528906 0.540625 0.529687 0.541667 0.529687 0.54375 0.53125 0.544792 0.53125 0.545833 0.532031 0.546875 0.532031 0.547917 0.532812 0.548958 0.532812 0.55 0.533594 0.551042 0.533594 0.552083 0.534375 0.553125 0.534375 0.554167 0.535156 0.55625 0.535156 0.557292 0.535937 0.559375 0.535937 0.560417 0.536719 0.561458 0.536719 0.5625 0.5375 0.564583 0.5375 0.565625 0.538281 0.569792 0.538281 0.570833 0.539062 0.573958 0.539062 0.575 0.539844 0.577083 0.539844 0.578125 0.540625 0.582292 0.540625 0.583333 0.541406 0.594792 0.541406 0.595833 0.542187 0.615625 0.542187 0.616667 0.541406 0.627083 0.541406 0.628125 0.540625 0.63125 0.540625 0.632292 0.539844 0.634375 0.539844 0.635417 0.539062 0.6375 0.539062 0.638542 0.538281 0.641667 0.538281 0.642708 0.5375 0.64375 0.5375 0.644792 0.536719 0.646875 0.536719 0.647917 0.535937 0.648958 0.535937 0.65 0.535156 0.651042 0.535156 0.652083 0.534375 0.653125 0.534375 0.654167 0.533594 0.655208 0.533594 0.65625 0.532812 0.657292 0.532812 0.658333 0.532031 0.659375 0.532031 0.6625 0.529687 0.663542 0.529687 0.666667 0.527344 0.667708 0.527344 0.670833 0.525 0.670833 0.524219 0.671875 0.523438 0.672917 0.523438 0.673958 0.522656 0.673958 0.521875 0.678125 0.51875 0.678125 0.517969 0.680208 0.516406 0.680208 0.514844 0.68125 0.514062 0.68125 0.507031 0.680208 0.507812 0.680208 0.509375 0.679167 0.510156 0.679167 0.510937 0.676042 0.513281 0.676042 0.514062 0.66875 0.519531 0.667708 0.519531 0.665625 0.521094 0.664583 0.521094 0.6625 0.522656 0.661458 0.522656 0.660417 0.523438 0.659375 0.523438 0.657292 0.525 0.65625 0.525 0.655208 0.525781 0.653125 0.525781 0.652083 0.526562 0.651042 0.526562 0.65 0.527344 0.648958 0.527344 0.647917 0.528125 0.645833 0.528125 0.644792 0.528906 0.641667 0.528906 0.640625 0.529687 0.638542 0.529687 0.6375 0.530469 0.634375 0.530469 0.633333 0.53125 0.630208 0.53125 0.629167 0.532031 0.61875 0.532031 0.617708 0.532812 0.592708 0.532812 0.591667 0.532031 0.582292 0.532031 0.58125 0.53125 0.577083 0.53125 0.576042 0.530469 0.573958 0.530469 0.572917 0.529687 0.56875 0.529687 0.567708 0.528906 0.564583 0.528906 0.563542 0.528125 0.561458 0.528125 0.560417 0.527344 0.559375 0.527344 0.558333 0.526562 0.557292 0.526562 0.55625 0.525781 0.554167 0.525781 0.553125 0.525 0.552083 0.525 0.551042 0.524219 0.55 0.524219 0.548958 0.523438 0.547917 0.523438 0.546875 0.522656 0.545833 0.522656 0.54375 0.521094 0.542708 0.521094 0.541667 0.520312 0.540625 0.520312 0.539583 0.519531 0.538542 0.519531 0.534375 0.516406 0.533333 0.516406 0.522917 0.508594 0.522917 0.507812 0.519792 0.505469 0.519792 0.504687 0.51875 0.503906 0.51875 0.503125 0.944643
0 0.513542 0.517969 0.513542 0.525 0.514583 0.525781 0.514583 0.526562 0.515625 0.527344 0.515625 0.529687 0.51875 0.532031 0.51875 0.532812 0.520833 0.534375 0.520833 0.535156 0.525 0.538281 0.525 0.539062 0.530208 0.542969 0.53125 0.542969 0.533333 0.544531 0.534375 0.544531 0.5375 0.546875 0.538542 0.546875 0.541667 0.549219 0.542708 0.549219 0.54375 0.55 0.544792 0.55 0.545833 0.550781 0.546875 0.550781 0.547917 0.551562 0.548958 0.551562 0.551042 0.553125 0.554167 0.553125 0.555208 0.553906 0.55625 0.553906 0.557292 0.554688 0.558333 0.554688 0.559375 0.555469 0.561458 0.555469 0.5625 0.55625 0.564583 0.55625 0.565625 0.557031 0.569792 0.557031 0.570833 0.557812 0.572917 0.557812 0.573958 0.558594 0.576042 0.558594 0.577083 0.559375 0.583333 0.559375 0.584375 0.560156 0.614583 0.560156 0.615625 0.559375 0.626042 0.559375 0.627083 0.558594 0.629167 0.558594 0.630208 0.557812 0.632292 0.557812 0.633333 0.557031 0.636458 0.557031 0.6375 0.55625 0.640625 0.55625 0.641667 0.555469 0.642708 0.555469 0.64375 0.554688 0.644792 0.554688 0.645833 0.553906 0.646875 0.553906 0.647917 0.553125 0.648958 0.553125 0.65 0.552344 0.652083 0.552344 0.654167 0.550781 0.655208 0.550781 0.65625 0.55 0.657292 0.55 0.661458 0.546875 0.6625 0.546875 0.669792 0.541406 0.669792 0.540625 0.675 0.536719 0.675 0.532031 0.673958 0.532812 0.672917 0.532812 0.671875 0.533594 0.671875 0.534375 0.669792 0.535937 0.66875 0.535937 0.664583 0.539062 0.663542 0.539062 0.661458 0.540625 0.660417 0.540625 0.659375 0.541406 0.658333 0.541406 0.65625 0.542969 0.655208 0.542969 0.654167 0.54375 0.653125 0.54375 0.652083 0.544531 0.651042 0.544531 0.65 0.545312 0.648958 0.545312 0.647917 0.546094 0.646875 0.546094 0.645833 0.546875 0.64375 0.546875 0.642708 0.547656 0.640625 0.547656 0.639583 0.548437 0.6375 0.548437 0.636458 0.549219 0.632292 0.549219 0.63125 0.55 0.628125 0.55 0.627083 0.550781 0.622917 0.550781 0.621875 0.551562 0.6125 0.551562 0.611458 0.552344 0.595833 0.552344 0.594792 0.551562 0.585417 0.551562 0.584375 0.550781 0.580208 0.550781 0.579167 0.55 0.576042 0.55 0.575 0.549219 0.571875 0.549219 0.570833 0.548437 0.566667 0.548437 0.565625 0.547656 0.563542 0.547656 0.5625 0.546875 0.561458 0.546875 0.560417 0.546094 0.558333 0.546094 0.557292 0.545312 0.555208 0.545312 0.554167 0.544531 0.553125 0.544531 0.552083 0.54375 0.551042 0.54375 0.55 0.542969 0.547917 0.542969 0.546875 0.542187 0.545833 0.542187 0.544792 0.541406 0.54375 0.541406 0.542708 0.540625 0.541667 0.540625 0.539583 0.539062 0.538542 0.539062 0.535417 0.536719 0.534375 0.536719 0.53125 0.534375 0.530208 0.534375 0.519792 0.526562 0.519792 0.525781 0.517708 0.524219 0.517708 0.523438 0.516667 0.523438 0.514583 0.521875 0.514583 0.520312 0.513542 0.519531 0.943919
0 0.515625 0.5125 0.515625 0.520312 0.516667 0.521094 0.516667 0.521875 0.517708 0.522656 0.517708 0.523438 0.520833 0.525781 0.520833 0.526562 0.526042 0.530469 0.526042 0.53125 0.528125 0.532812 0.529167 0.532812 0.532292 0.535156 0.533333 0.535156 0.535417 0.536719 0.536458 0.536719 0.539583 0.539062 0.540625 0.539062 0.542708 0.540625 0.54375 0.540625 0.544792 0.541406 0.546875 0.541406 0.547917 0.542187 0.548958 0.542187 0.55 0.542969 0.551042 0.542969 0.552083 0.54375 0.553125 0.54375 0.554167 0.544531 0.55625 0.544531 0.557292 0.545312 0.559375 0.545312 0.560417 0.546094 0.561458 0.546094 0.5625 0.546875 0.564583 0.546875 0.565625 0.547656 0.569792 0.547656 0.570833 0.548437 0.575 0.548437 0.576042 0.549219 0.578125 0.549219 0.579167 0.55 0.582292 0.55 0.583333 0.550781 0.590625 0.550781 0.591667 0.551562 0.61875 0.551562 0.619792 0.550781 0.625 0.550781 0.626042 0.55 0.628125 0.55 0.629167 0.549219 0.632292 0.549219 0.633333 0.548437 0.636458 0.548437 0.6375 0.547656 0.640625 0.547656 0.641667 0.546875 0.64375 0.546875 0.645833 0.545312 0.647917 0.545312 0.648958 0.544531 0.651042 0.544531 0.653125 0.542969 0.654167 0.542969 0.655208 0.542187 0.65625 0.542187 0.657292 0.541406 0.658333 0.541406 0.660417 0.539844 0.661458 0.539844 0.663542 0.538281 0.664583 0.538281 0.673958 0.53125 0.673958 0.530469 0.675 0.529687 0.675 0.528906 0.676042 0.528125 0.676042 0.527344 0.677083 0.526562 0.677083 0.521875 0.667708 0.528906 0.666667 0.528906 0.6625 0.532031 0.661458 0.532031 0.660417 0.532812 0.659375 0.532812 0.657292 0.534375 0.65625 0.534375 0.655208 0.535156 0.654167 0.535156 0.653125 0.535937 0.651042 0.535937 0.65 0.536719 0.648958 0.536719 0.647917 0.5375 0.646875 0.5375 0.645833 0.538281 0.64375 0.538281 0.642708 0.539062 0.639583 0.539062 0.638542 0.539844 0.636458 0.539844 0.635417 0.540625 0.633333 0.540625 0.632292 0.541406 0.629167 0.541406 0.628125 0.542187 0.616667 0.542187 0.615625 0.542969 0.594792 0.542969 0.59375 0.542187 0.582292 0.542187 0.58125 0.541406 0.577083 0.541406 0.576042 0.540625 0.573958 0.540625 0.572917 0.539844 0.569792 0.539844 0.56875 0.539062 0.565625 0.539062 0.564583 0.538281 0.5625 0.538281 0.561458 0.5375 0.559375 0.5375 0.558333 0.536719 0.557292 0.536719 0.55625 0.535937 0.554167 0.535937 0.553125 0.535156 0.551042 0.535156 0.55 0.534375 0.548958 0.534375 0.546875 0.532812 0.545833 0.532812 0.544792 0.532031 0.542708 0.532031 0.540625 0.530469 0.539583 0.530469 0.5375 0.528906 0.536458 0.528906 0.53125 0.525 0.530208 0.525 0.521875 0.51875 0.521875 0.517969 0.517708 0.514844 0.517708 0.514062 0.943578
0 0.426042 0.346094 0.425 0.346875 0.425 0.352344 0.423958 0.353125 0.423958 0.358594 0.422917 0.359375 0.422917 0.361719 0.421875 0.3625 0.421875 0.364062 0.420833 0.364844 0.420833 0.366406 0.419792 0.367188 0.419792 0.367969 0.416667 0.370312 0.416667 0.371094 0.409375 0.376562 0.408333 0.376562 0.405208 0.378906 0.404167 0.378906 0.402083 0.380469 0.401042 0.380469 0.398958 0.382031 0.397917 0.382031 0.396875 0.382812 0.395833 0.382812 0.394792 0.383594 0.39375 0.383594 0.392708 0.384375 0.391667 0.384375 0.389583 0.385937 0.3875 0.385937 0.386458 0.386719 0.385417 0.386719 0.384375 0.3875 0.383333 0.3875 0.382292 0.388281 0.38125 0.388281 0.380208 0.389062 0.378125 0.389062 0.377083 0.389844 0.376042 0.389844 0.375 0.390625 0.372917 0.390625 0.371875 0.391406 0.369792 0.391406 0.36875 0.392187 0.365625 0.392187 0.364583 0.392969 0.361458 0.392969 0.360417 0.39375 0.357292 0.39375 0.35625 0.394531 0.353125 0.394531 0.352083 0.395312 0.346875 0.395312 0.345833 0.396094 0.339583 0.396094 0.338542 0.396875 0.33125 0.396875 0.330208 0.397656 0.307292 0.397656 0.30625 0.396875 0.3 0.396875 0.298958 0.396094 0.291667 0.396094 0.290625 0.395312 0.279167 0.395312 0.278125 0.394531 0.275 0.394531 0.273958 0.39375 0.272917 0.39375 0.271875 0.392969 0.26875 0.392969 0.267708 0.392187 0.263542 0.392187 0.2625 0.391406 0.261458 0.391406 0.260417 0.390625 0.259375 0.390625 0.258333 0.389844 0.257292 0.389844 0.25625 0.389062 0.255208 0.389062 0.254167 0.388281 0.253125 0.388281 0.252083 0.3875 0.25 0.3875 0.247917 0.385937 0.246875 0.385937 0.245833 0.385156 0.244792 0.385156 0.24375 0.384375 0.241667 0.384375 0.240625 0.383594 0.240625 0.385937 0.25 0.392969 0.251042 0.392969 0.253125 0.394531 0.254167 0.394531 0.25625 0.396094 0.258333 0.396094 0.259375 0.396875 0.260417 0.396875 0.2625 0.398438 0.263542 0.398438 0.264583 0.399219 0.266667 0.399219 0.267708 0.4 0.26875 0.4 0.269792 0.400781 0.271875 0.400781 0.272917 0.401562 0.273958 0.401562 0.275 0.402344 0.277083 0.402344 0.278125 0.403125 0.282292 0.403125 0.283333 0.403906 0.286458 0.403906 0.2875 0.404687 0.290625 0.404687 0.291667 0.405469 0.294792 0.405469 0.295833 0.40625 0.304167 0.40625 0.305208 0.407031 0.3375 0.407031 0.338542 0.40625 0.348958 0.40625 0.35 0.405469 0.354167 0.405469 0.355208 0.404687 0.358333 0.404687 0.359375 0.403906 0.363542 0.403906 0.364583 0.403125 0.366667 0.403125 0.367708 0.402344 0.370833 0.402344 0.371875 0.401562 0.373958 0.401562 0.375 0.400781 0.378125 0.400781 0.379167 0.4 0.38125 0.4 0.382292 0.399219 0.383333 0.399219 0.384375 0.398438 0.386458 0.398438 0.3875 0.397656 0.388542 0.397656 0.389583 0.396875 0.390625 0.396875 0.391667 0.396094 0.392708 0.396094 0.39375 0.395312 0.394792 0.395312 0.396875 0.39375 0.397917 0.39375 0.398958 0.392969 0.4 0.392969 0.401042 0.392187 0.402083 0.392187 0.403125 0.391406 0.404167 0.391406 0.40625 0.389844 0.407292 0.389844 0.411458 0.386719 0.4125 0.386719 0.422917 0.378906 0.423958 0.378906 0.425 0.378125 0.425 0.377344 0.426042 0.376562 0.426042 0.375781 0.427083 0.375 0.427083 0.374219 0.429167 0.372656 0.429167 0.371094 0.430208 0.370312 0.430208 0.353906 0.429167 0.353125 0.429167 0.350781 0.428125 0.35 0.428125 0.348437 0.427083 0.347656 0.427083 0.346094 0.943189
0 0.435417 0.492187 0.434375 0.492969 0.434375 0.496094 0.433333 0.496875 0.433333 0.498437 0.432292 0.499219 0.43125 0.499219 0.43125 0.5 0.430208 0.500781 0.430208 0.501562 0.426042 0.504687 0.426042 0.505469 0.4125 0.515625 0.411458 0.515625 0.408333 0.517969 0.407292 0.517969 0.40625 0.51875 0.405208 0.51875 0.403125 0.520312 0.402083 0.520312 0.401042 0.521094 0.4 0.521094 0.398958 0.521875 0.397917 0.521875 0.396875 0.522656 0.395833 0.522656 0.39375 0.524219 0.390625 0.524219 0.389583 0.525 0.388542 0.525 0.3875 0.525781 0.386458 0.525781 0.385417 0.526562 0.384375 0.526562 0.383333 0.527344 0.379167 0.527344 0.378125 0.528125 0.376042 0.528125 0.375 0.528906 0.372917 0.528906 0.371875 0.529687 0.369792 0.529687 0.36875 0.530469 0.361458 0.530469 0.360417 0.53125 0.353125 0.53125 0.352083 0.532031 0.328125 0.532031 0.327083 0.53125 0.320833 0.53125 0.319792 0.530469 0.310417 0.530469 0.309375 0.529687 0.307292 0.529687 0.30625 0.528906 0.304167 0.528906 0.303125 0.528125 0.301042 0.528125 0.3 0.527344 0.296875 0.527344 0.295833 0.526562 0.294792 0.526562 0.292708 0.525 0.291667 0.525 0.290625 0.524219 0.2875 0.524219 0.286458 0.523438 0.285417 0.523438 0.284375 0.522656 0.283333 0.522656 0.282292 0.521875 0.28125 0.521875 0.280208 0.521094 0.279167 0.521094 0.277083 0.519531 0.276042 0.519531 0.271875 0.516406 0.270833 0.516406 0.265625 0.5125 0.265625 0.511719 0.264583 0.510937 0.264583 0.510156 0.263542 0.509375 0.263542 0.514844 0.264583 0.515625 0.264583 0.516406 0.266667 0.517969 0.266667 0.51875 0.271875 0.522656 0.271875 0.523438 0.272917 0.523438 0.276042 0.525781 0.277083 0.525781 0.279167 0.527344 0.280208 0.527344 0.28125 0.528125 0.282292 0.528125 0.284375 0.529687 0.285417 0.529687 0.286458 0.530469 0.288542 0.530469 0.289583 0.53125 0.290625 0.53125 0.291667 0.532031 0.292708 0.532031 0.29375 0.532812 0.294792 0.532812 0.295833 0.533594 0.298958 0.533594 0.3 0.534375 0.301042 0.534375 0.302083 0.535156 0.304167 0.535156 0.305208 0.535937 0.307292 0.535937 0.308333 0.536719 0.311458 0.536719 0.3125 0.5375 0.31875 0.5375 0.319792 0.538281 0.327083 0.538281 0.328125 0.539062 0.35 0.539062 0.351042 0.538281 0.363542 0.538281 0.364583 0.5375 0.369792 0.5375 0.370833 0.536719 0.372917 0.536719 0.373958 0.535937 0.376042 0.535937 0.377083 0.535156 0.38125 0.535156 0.382292 0.534375 0.385417 0.534375 0.386458 0.533594 0.3875 0.533594 0.388542 0.532812 0.389583 0.532812 0.390625 0.532031 0.392708 0.532031 0.39375 0.53125 0.394792 0.53125 0.395833 0.530469 0.396875 0.530469 0.397917 0.529687 0.398958 0.529687 0.4 0.528906 0.401042 0.528906 0.403125 0.527344 0.404167 0.527344 0.40625 0.525781 0.407292 0.525781 0.409375 0.524219 0.410417 0.524219 0.4125 0.522656 0.413542 0.522656 0.427083 0.5125 0.427083 0.511719 0.429167 0.510156 0.429167 0.509375 0.43125 0.507812 0.43125 0.507031 0.432292 0.50625 0.432292 0.505469 0.433333 0.504687 0.433333 0.503125 0.434375 0.502344 0.434375 0.500781 0.435417 0.5 0.942916
0 0.428125 0.444531 0.428125 0.445312 0.426042 0.446875 0.426042 0.447656 0.417708 0.453906 0.416667 0.453906 0.4125 0.457031 0.411458 0.457031 0.409375 0.458594 0.408333 0.458594 0.40625 0.460156 0.405208 0.460156 0.404167 0.460937 0.403125 0.460937 0.402083 0.461719 0.401042 0.461719 0.398958 0.463281 0.396875 0.463281 0.395833 0.464062 0.39375 0.464062 0.392708 0.464844 0.391667 0.464844 0.390625 0.465625 0.389583 0.465625 0.388542 0.466406 0.386458 0.466406 0.385417 0.467187 0.382292 0.467187 0.38125 0.467969 0.379167 0.467969 0.378125 0.46875 0.376042 0.46875 0.375 0.469531 0.371875 0.469531 0.370833 0.470312 0.364583 0.470312 0.363542 0.471094 0.359375 0.471094 0.358333 0.471875 0.353125 0.471875 0.352083 0.472656 0.321875 0.472656 0.320833 0.471875 0.314583 0.471875 0.313542 0.471094 0.309375 0.471094 0.308333 0.470312 0.301042 0.470312 0.3 0.469531 0.296875 0.469531 0.295833 0.46875 0.294792 0.46875 0.29375 0.467969 0.291667 0.467969 0.290625 0.467187 0.288542 0.467187 0.2875 0.466406 0.285417 0.466406 0.284375 0.465625 0.283333 0.465625 0.282292 0.464844 0.28125 0.464844 0.280208 0.464062 0.278125 0.464062 0.277083 0.463281 0.276042 0.463281 0.275 0.4625 0.273958 0.4625 0.271875 0.460937 0.270833 0.460937 0.26875 0.459375 0.267708 0.459375 0.264583 0.457031 0.263542 0.457031 0.257292 0.452344 0.257292 0.451562 0.257292 0.459375 0.259375 0.460937 0.259375 0.461719 0.260417 0.4625 0.260417 0.463281 0.2625 0.464844 0.263542 0.464844 0.265625 0.466406 0.265625 0.467187 0.266667 0.467969 0.267708 0.467969 0.270833 0.470312 0.271875 0.470312 0.273958 0.471875 0.275 0.471875 0.276042 0.472656 0.277083 0.472656 0.278125 0.473437 0.279167 0.473437 0.280208 0.474219 0.28125 0.474219 0.282292 0.475 0.283333 0.475 0.284375 0.475781 0.285417 0.475781 0.286458 0.476562 0.288542 0.476562 0.289583 0.477344 0.291667 0.477344 0.292708 0.478125 0.294792 0.478125 0.295833 0.478906 0.297917 0.478906 0.298958 0.479687 0.303125 0.479687 0.304167 0.480469 0.308333 0.480469 0.309375 0.48125 0.313542 0.48125 0.314583 0.482031 0.31875 0.482031 0.319792 0.482812 0.35625 0.482812 0.357292 0.482031 0.361458 0.482031 0.3625 0.48125 0.366667 0.48125 0.367708 0.480469 0.370833 0.480469 0.371875 0.479687 0.376042 0.479687 0.377083 0.478906 0.380208 0.478906 0.38125 0.478125 0.383333 0.478125 0.384375 0.477344 0.385417 0.477344 0.386458 0.476562 0.388542 0.476562 0.389583 0.475781 0.391667 0.475781 0.392708 0.475 0.39375 0.475 0.394792 0.474219 0.395833 0.474219 0.396875 0.473437 0.398958 0.473437 0.4 0.472656 0.401042 0.472656 0.403125 0.471094 0.404167 0.471094 0.405208 0.470312 0.40625 0.470312 0.407292 0.469531 0.408333 0.469531 0.410417 0.467969 0.411458 0.467969 0.415625 0.464844 0.416667 0.464844 0.430208 0.454687 0.430208 0.453906 0.43125 0.453125 0.43125 0.452344 0.433333 0.450781 0.433333 0.45 0.434375 0.449219 0.434375 0.447656 0.435417 0.446875 0.435417 0.44375 0.436458 0.442969 0.436458 0.435156 0.435417 0.434375 0.435417 0.433594 0.434375 0.434375 0.434375 0.438281 0.433333 0.439062 0.433333 0.439844 0.430208 0.442187 0.430208 0.442969 0.428125 0.444531 0.4 0.438281 0.398958 0.439062 0.396875 0.439062 0.395833 0.439844 0.394792 0.439844 0.392708 0.441406 0.389583 0.441406 0.388542 0.442187 0.386458 0.442187 0.385417 0.441406 0.382292 0.441406 0.38125 0.440625 0.380208 0.440625 0.379167 0.439844 0.379167 0.439062 0.380208 0.439062 0.38125 0.438281 0.388542 0.438281 0.392708 0.435156 0.30625 0.442187 0.297917 0.442187 0.296875 0.441406 0.295833 0.441406 0.29375 0.439844 0.29375 0.439062 0.291667 0.439062 0.290625 0.438281 0.284375 0.438281 0.28125 0.435937 0.279167 0.435937 0.278125 0.435156 0.276042 0.435156 0.275 0.434375 0.273958 0.434375 0.271875 0.432812 0.263542 0.432812 0.264583 0.433594 0.265625 0.433594 0.266667 0.434375 0.266667 0.435156 0.267708 0.435937 0.26875 0.435937 0.272917 0.439062 0.273958 0.439062 0.275 0.439844 0.276042 0.439844 0.277083 0.440625 0.278125 0.440625 0.279167 0.441406 0.28125 0.441406 0.282292 0.442187 0.284375 0.442187 0.285417 0.442969 0.294792 0.442969 0.295833 0.44375 0.298958 0.44375 0.3 0.442969 0.301042 0.442969 0.302083 0.442187 0.30625 0.442187 0.392708 0.435156 0.398958 0.435156 0.402083 0.432812 0.407292 0.432812 0.407292 0.434375 0.408333 0.435156 0.407292 0.435156 0.405208 0.436719 0.404167 0.436719 0.402083 0.438281 0.4 0.438281 0.941063
0 0.438542 0.492969 0.438542 0.49375 0.4375 0.494531 0.4375 0.496875 0.436458 0.497656 0.436458 0.499219 0.435417 0.5 0.435417 0.502344 0.434375 0.503125 0.434375 0.505469 0.433333 0.50625 0.433333 0.507031 0.430208 0.509375 0.430208 0.510156 0.429167 0.510937 0.429167 0.511719 0.425 0.514844 0.425 0.515625 0.423958 0.516406 0.422917 0.516406 0.421875 0.517188 0.421875 0.517969 0.419792 0.519531 0.41875 0.519531 0.413542 0.523438 0.4125 0.523438 0.409375 0.525781 0.408333 0.525781 0.407292 0.526562 0.40625 0.526562 0.404167 0.528125 0.403125 0.528125 0.401042 0.529687 0.4 0.529687 0.398958 0.530469 0.397917 0.530469 0.396875 0.53125 0.395833 0.53125 0.394792 0.532031 0.39375 0.532031 0.392708 0.532812 0.390625 0.532812 0.389583 0.533594 0.388542 0.533594 0.3875 0.534375 0.386458 0.534375 0.385417 0.535156 0.382292 0.535156 0.38125 0.535937 0.377083 0.535937 0.376042 0.536719 0.373958 0.536719 0.372917 0.5375 0.370833 0.5375 0.369792 0.538281 0.363542 0.538281 0.3625 0.539062 0.352083 0.539062 0.351042 0.539844 0.330208 0.539844 0.329167 0.539062 0.320833 0.539062 0.319792 0.538281 0.3125 0.538281 0.311458 0.5375 0.308333 0.5375 0.307292 0.536719 0.30625 0.536719 0.305208 0.535937 0.303125 0.535937 0.302083 0.535156 0.297917 0.535156 0.296875 0.534375 0.295833 0.534375 0.294792 0.533594 0.29375 0.533594 0.292708 0.532812 0.291667 0.532812 0.290625 0.532031 0.288542 0.532031 0.2875 0.53125 0.286458 0.53125 0.284375 0.529687 0.283333 0.529687 0.282292 0.528906 0.28125 0.528906 0.280208 0.528125 0.279167 0.528125 0.277083 0.526562 0.276042 0.526562 0.275 0.525781 0.273958 0.525781 0.272917 0.525 0.271875 0.525 0.271875 0.526562 0.272917 0.527344 0.272917 0.528125 0.277083 0.53125 0.278125 0.53125 0.28125 0.533594 0.282292 0.533594 0.285417 0.535937 0.286458 0.535937 0.288542 0.5375 0.289583 0.5375 0.290625 0.538281 0.291667 0.538281 0.292708 0.539062 0.29375 0.539062 0.294792 0.539844 0.295833 0.539844 0.296875 0.540625 0.297917 0.540625 0.298958 0.541406 0.301042 0.541406 0.302083 0.542187 0.303125 0.542187 0.304167 0.542969 0.30625 0.542969 0.307292 0.54375 0.308333 0.54375 0.309375 0.544531 0.313542 0.544531 0.314583 0.545312 0.317708 0.545312 0.31875 0.546094 0.320833 0.546094 0.321875 0.546875 0.326042 0.546875 0.327083 0.547656 0.360417 0.547656 0.361458 0.546875 0.367708 0.546875 0.36875 0.546094 0.370833 0.546094 0.371875 0.545312 0.375 0.545312 0.376042 0.544531 0.38125 0.544531 0.382292 0.54375 0.384375 0.54375 0.385417 0.542969 0.386458 0.542969 0.3875 0.542187 0.389583 0.542187 0.390625 0.541406 0.392708 0.541406 0.39375 0.540625 0.394792 0.540625 0.395833 0.539844 0.397917 0.539844 0.398958 0.539062 0.4 0.539062 0.401042 0.538281 0.402083 0.538281 0.403125 0.5375 0.404167 0.5375 0.40625 0.535937 0.407292 0.535937 0.408333 0.535156 0.409375 0.535156 0.410417 0.534375 0.411458 0.534375 0.415625 0.53125 0.416667 0.53125 0.422917 0.526562 0.423958 0.526562 0.425 0.525781 0.425 0.525 0.427083 0.523438 0.428125 0.523438 0.428125 0.522656 0.432292 0.519531 0.432292 0.51875 0.433333 0.517969 0.433333 0.517188 0.434375 0.516406 0.434375 0.514844 0.435417 0.514062 0.435417 0.513281 0.436458 0.5125 0.436458 0.510937 0.4375 0.510156 0.4375 0.507812 0.438542 0.507031 0.939147
0 0.520833 0.45 0.520833 0.457031 0.521875 0.457812 0.521875 0.458594 0.522917 0.459375 0.522917 0.460156 0.523958 0.460937 0.523958 0.461719 0.530208 0.466406 0.53125 0.466406 0.535417 0.469531 0.536458 0.469531 0.538542 0.471094 0.539583 0.471094 0.541667 0.472656 0.542708 0.472656 0.545833 0.475 0.546875 0.475 0.547917 0.475781 0.548958 0.475781 0.55 0.476562 0.551042 0.476562 0.552083 0.477344 0.553125 0.477344 0.554167 0.478125 0.555208 0.478125 0.55625 0.478906 0.558333 0.478906 0.559375 0.479687 0.560417 0.479687 0.561458 0.480469 0.5625 0.480469 0.563542 0.48125 0.565625 0.48125 0.566667 0.482031 0.569792 0.482031 0.570833 0.482812 0.572917 0.482812 0.573958 0.483594 0.575 0.483594 0.576042 0.484375 0.578125 0.484375 0.579167 0.485156 0.585417 0.485156 0.586458 0.485937 0.59375 0.485937 0.594792 0.486719 0.6 0.486719 0.601042 0.4875 0.629167 0.4875 0.630208 0.486719 0.634375 0.486719 0.635417 0.485937 0.642708 0.485937 0.64375 0.485156 0.646875 0.485156 0.647917 0.484375 0.65 0.484375 0.651042 0.483594 0.652083 0.483594 0.653125 0.482812 0.655208 0.482812 0.65625 0.482031 0.659375 0.482031 0.660417 0.48125 0.661458 0.48125 0.6625 0.480469 0.663542 0.480469 0.664583 0.479687 0.665625 0.479687 0.666667 0.478906 0.667708 0.478906 0.66875 0.478125 0.669792 0.478125 0.671875 0.476562 0.672917 0.476562 0.673958 0.475781 0.675 0.475781 0.676042 0.475 0.677083 0.475 0.679167 0.473437 0.680208 0.473437 0.685417 0.469531 0.685417 0.46875 0.689583 0.465625 0.689583 0.464844 0.691667 0.463281 0.691667 0.4625 0.692708 0.461719 0.692708 0.457031 0.692708 0.457812 0.690625 0.459375 0.689583 0.459375 0.6875 0.460937 0.6875 0.461719 0.686458 0.4625 0.685417 0.4625 0.684375 0.463281 0.683333 0.463281 0.677083 0.467969 0.676042 0.467969 0.675 0.46875 0.673958 0.46875 0.671875 0.470312 0.670833 0.470312 0.669792 0.471094 0.667708 0.471094 0.666667 0.471875 0.665625 0.471875 0.664583 0.472656 0.663542 0.472656 0.6625 0.473437 0.660417 0.473437 0.659375 0.474219 0.657292 0.474219 0.65625 0.475 0.655208 0.475 0.654167 0.475781 0.652083 0.475781 0.651042 0.476562 0.645833 0.476562 0.644792 0.477344 0.640625 0.477344 0.639583 0.478125 0.636458 0.478125 0.635417 0.478906 0.627083 0.478906 0.626042 0.479687 0.605208 0.479687 0.604167 0.478906 0.594792 0.478906 0.59375 0.478125 0.590625 0.478125 0.589583 0.477344 0.585417 0.477344 0.584375 0.476562 0.577083 0.476562 0.576042 0.475781 0.575 0.475781 0.573958 0.475 0.571875 0.475 0.570833 0.474219 0.56875 0.474219 0.567708 0.473437 0.564583 0.473437 0.563542 0.472656 0.561458 0.472656 0.560417 0.471875 0.559375 0.471875 0.558333 0.471094 0.557292 0.471094 0.55625 0.470312 0.555208 0.470312 0.554167 0.469531 0.553125 0.469531 0.552083 0.46875 0.551042 0.46875 0.55 0.467969 0.548958 0.467969 0.547917 0.467187 0.546875 0.467187 0.545833 0.466406 0.544792 0.466406 0.542708 0.464844 0.541667 0.464844 0.540625 0.464062 0.539583 0.464062 0.5375 0.4625 0.536458 0.4625 0.535417 0.461719 0.535417 0.460937 0.534375 0.460937 0.522917 0.452344 0.522917 0.451562 0.935216
0 0.702083 0.430469 0.701042 0.43125 0.701042 0.433594 0.7 0.434375 0.7 0.435937 0.697917 0.4375 0.697917 0.438281 0.695833 0.439844 0.695833 0.440625 0.6875 0.446875 0.686458 0.446875 0.683333 0.449219 0.682292 0.449219 0.68125 0.45 0.680208 0.45 0.679167 0.450781 0.678125 0.450781 0.676042 0.452344 0.675 0.452344 0.673958 0.453125 0.672917 0.453125 0.671875 0.453906 0.670833 0.453906 0.669792 0.454687 0.66875 0.454687 0.667708 0.455469 0.665625 0.455469 0.664583 0.45625 0.6625 0.45625 0.661458 0.457031 0.659375 0.457031 0.658333 0.457812 0.655208 0.457812 0.654167 0.458594 0.652083 0.458594 0.651042 0.459375 0.646875 0.459375 0.645833 0.460156 0.639583 0.460156 0.638542 0.460937 0.626042 0.460937 0.625 0.461719 0.610417 0.461719 0.609375 0.460937 0.597917 0.460937 0.596875 0.460156 0.591667 0.460156 0.590625 0.459375 0.586458 0.459375 0.585417 0.458594 0.582292 0.458594 0.58125 0.457812 0.578125 0.457812 0.577083 0.457031 0.575 0.457031 0.573958 0.45625 0.571875 0.45625 0.570833 0.455469 0.567708 0.455469 0.566667 0.454687 0.564583 0.454687 0.563542 0.453906 0.5625 0.453906 0.561458 0.453125 0.559375 0.453125 0.558333 0.452344 0.55625 0.452344 0.554167 0.450781 0.553125 0.450781 0.552083 0.45 0.55 0.45 0.548958 0.449219 0.547917 0.449219 0.544792 0.446875 0.54375 0.446875 0.542708 0.446094 0.541667 0.446094 0.5375 0.442969 0.536458 0.442969 0.528125 0.436719 0.528125 0.435937 0.526042 0.434375 0.525 0.434375 0.523958 0.433594 0.523958 0.432812 0.523958 0.438281 0.525 0.439062 0.525 0.439844 0.527083 0.441406 0.527083 0.442187 0.528125 0.442969 0.528125 0.44375 0.529167 0.444531 0.529167 0.445312 0.533333 0.448437 0.533333 0.449219 0.534375 0.45 0.535417 0.45 0.539583 0.453125 0.540625 0.453125 0.542708 0.454687 0.54375 0.454687 0.545833 0.45625 0.546875 0.45625 0.548958 0.457812 0.55 0.457812 0.551042 0.458594 0.552083 0.458594 0.553125 0.459375 0.555208 0.459375 0.55625 0.460156 0.557292 0.460156 0.558333 0.460937 0.559375 0.460937 0.560417 0.461719 0.561458 0.461719 0.5625 0.4625 0.564583 0.4625 0.565625 0.463281 0.567708 0.463281 0.56875 0.464062 0.569792 0.464062 0.570833 0.464844 0.571875 0.464844 0.572917 0.465625 0.577083 0.465625 0.578125 0.466406 0.582292 0.466406 0.583333 0.467187 0.585417 0.467187 0.586458 0.467969 0.588542 0.467969 0.589583 0.46875 0.597917 0.46875 0.598958 0.469531 0.639583 0.469531 0.640625 0.46875 0.646875 0.46875 0.647917 0.467969 0.65 0.467969 0.651042 0.467187 0.653125 0.467187 0.654167 0.466406 0.657292 0.466406 0.658333 0.465625 0.661458 0.465625 0.6625 0.464844 0.663542 0.464844 0.664583 0.464062 0.666667 0.464062 0.667708 0.463281 0.66875 0.463281 0.669792 0.4625 0.670833 0.4625 0.671875 0.461719 0.672917 0.461719 0.673958 0.460937 0.675 0.460937 0.676042 0.460156 0.677083 0.460156 0.678125 0.459375 0.679167 0.459375 0.680208 0.458594 0.68125 0.458594 0.682292 0.457812 0.683333 0.457812 0.685417 0.45625 0.686458 0.45625 0.697917 0.447656 0.697917 0.446875 0.698958 0.446094 0.698958 0.445312 0.701042 0.44375 0.701042 0.442969 0.702083 0.442187 0.702083 0.439844 0.703125 0.439062 0.703125 0.43125 0.934957
0 0.51875 0.428125 0.51875 0.444531 0.519792 0.445312 0.519792 0.446094 0.521875 0.447656 0.521875 0.448437 0.522917 0.449219 0.522917 0.45 0.523958 0.450781 0.523958 0.451562 0.5375 0.461719 0.538542 0.461719 0.540625 0.463281 0.541667 0.463281 0.542708 0.464062 0.54375 0.464062 0.545833 0.465625 0.546875 0.465625 0.547917 0.466406 0.548958 0.466406 0.55 0.467187 0.551042 0.467187 0.552083 0.467969 0.553125 0.467969 0.554167 0.46875 0.555208 0.46875 0.55625 0.469531 0.557292 0.469531 0.558333 0.470312 0.559375 0.470312 0.560417 0.471094 0.561458 0.471094 0.5625 0.471875 0.563542 0.471875 0.564583 0.472656 0.56875 0.472656 0.569792 0.473437 0.570833 0.473437 0.571875 0.474219 0.573958 0.474219 0.575 0.475 0.577083 0.475 0.578125 0.475781 0.585417 0.475781 0.586458 0.476562 0.589583 0.476562 0.590625 0.477344 0.594792 0.477344 0.595833 0.478125 0.604167 0.478125 0.605208 0.478906 0.627083 0.478906 0.628125 0.478125 0.634375 0.478125 0.635417 0.477344 0.638542 0.477344 0.639583 0.476562 0.644792 0.476562 0.645833 0.475781 0.651042 0.475781 0.652083 0.475 0.653125 0.475 0.654167 0.474219 0.65625 0.474219 0.657292 0.473437 0.659375 0.473437 0.660417 0.472656 0.6625 0.472656 0.663542 0.471875 0.664583 0.471875 0.666667 0.470312 0.66875 0.470312 0.669792 0.469531 0.671875 0.469531 0.673958 0.467969 0.675 0.467969 0.679167 0.464844 0.680208 0.464844 0.684375 0.461719 0.685417 0.461719 0.686458 0.460937 0.686458 0.460156 0.688542 0.458594 0.689583 0.458594 0.689583 0.457812 0.690625 0.457031 0.690625 0.45625 0.691667 0.455469 0.692708 0.455469 0.692708 0.453125 0.6875 0.457031 0.686458 0.457031 0.685417 0.457812 0.684375 0.457812 0.682292 0.459375 0.680208 0.459375 0.679167 0.460156 0.678125 0.460156 0.677083 0.460937 0.676042 0.460937 0.673958 0.4625 0.672917 0.4625 0.671875 0.463281 0.669792 0.463281 0.66875 0.464062 0.667708 0.464062 0.666667 0.464844 0.665625 0.464844 0.664583 0.465625 0.6625 0.465625 0.661458 0.466406 0.658333 0.466406 0.657292 0.467187 0.654167 0.467187 0.653125 0.467969 0.651042 0.467969 0.65 0.46875 0.647917 0.46875 0.646875 0.469531 0.639583 0.469531 0.638542 0.470312 0.629167 0.470312 0.628125 0.471094 0.608333 0.471094 0.607292 0.470312 0.597917 0.470312 0.596875 0.469531 0.588542 0.469531 0.5875 0.46875 0.585417 0.46875 0.584375 0.467969 0.582292 0.467969 0.58125 0.467187 0.577083 0.467187 0.576042 0.466406 0.572917 0.466406 0.571875 0.465625 0.569792 0.465625 0.56875 0.464844 0.567708 0.464844 0.566667 0.464062 0.564583 0.464062 0.563542 0.463281 0.561458 0.463281 0.560417 0.4625 0.559375 0.4625 0.558333 0.461719 0.557292 0.461719 0.55625 0.460937 0.555208 0.460937 0.554167 0.460156 0.552083 0.460156 0.551042 0.459375 0.55 0.459375 0.547917 0.457812 0.546875 0.457812 0.544792 0.45625 0.54375 0.45625 0.540625 0.453906 0.539583 0.453906 0.535417 0.450781 0.534375 0.450781 0.53125 0.448437 0.53125 0.447656 0.529167 0.446094 0.529167 0.445312 0.526042 0.442969 0.526042 0.442187 0.525 0.441406 0.525 0.440625 0.523958 0.439844 0.523958 0.439062 0.522917 0.438281 0.522917 0.4375 0.521875 0.436719 0.521875 0.435937 0.520833 0.435156 0.520833 0.434375 0.519792 0.433594 0.519792 0.43125 0.51875 0.430469 0.933456
0 0.438542 0.401562 0.4375 0.402344 0.4375 0.403125 0.435417 0.404687 0.435417 0.40625 0.434375 0.407031 0.434375 0.408594 0.433333 0.409375 0.433333 0.410156 0.43125 0.411719 0.43125 0.4125 0.430208 0.413281 0.430208 0.414062 0.41875 0.422656 0.417708 0.422656 0.416667 0.423437 0.415625 0.423437 0.4125 0.425781 0.411458 0.425781 0.410417 0.426562 0.409375 0.426562 0.40625 0.428906 0.404167 0.428906 0.403125 0.429688 0.402083 0.429688 0.401042 0.430469 0.4 0.430469 0.398958 0.43125 0.397917 0.43125 0.396875 0.432031 0.394792 0.432031 0.39375 0.432812 0.391667 0.432812 0.390625 0.433594 0.389583 0.433594 0.388542 0.434375 0.386458 0.434375 0.385417 0.435156 0.383333 0.435156 0.382292 0.435937 0.378125 0.435937 0.377083 0.436719 0.373958 0.436719 0.372917 0.4375 0.370833 0.4375 0.369792 0.438281 0.366667 0.438281 0.365625 0.439062 0.358333 0.439062 0.357292 0.439844 0.35 0.439844 0.348958 0.440625 0.339583 0.440625 0.338542 0.441406 0.330208 0.441406 0.329167 0.440625 0.319792 0.440625 0.31875 0.439844 0.3125 0.439844 0.311458 0.439062 0.304167 0.439062 0.303125 0.438281 0.298958 0.438281 0.297917 0.4375 0.295833 0.4375 0.294792 0.436719 0.291667 0.436719 0.290625 0.435937 0.2875 0.435937 0.286458 0.435156 0.284375 0.435156 0.283333 0.434375 0.282292 0.434375 0.28125 0.433594 0.279167 0.433594 0.278125 0.432812 0.277083 0.432812 0.276042 0.432031 0.275 0.432031 0.273958 0.43125 0.272917 0.43125 0.271875 0.430469 0.270833 0.430469 0.26875 0.428906 0.267708 0.428906 0.264583 0.426562 0.263542 0.426562 0.260417 0.424219 0.259375 0.424219 0.255208 0.421094 0.255208 0.428125 0.259375 0.43125 0.259375 0.432031 0.264583 0.435937 0.265625 0.435937 0.26875 0.438281 0.269792 0.438281 0.271875 0.439844 0.272917 0.439844 0.273958 0.440625 0.275 0.440625 0.276042 0.441406 0.277083 0.441406 0.278125 0.442187 0.279167 0.442187 0.280208 0.442969 0.28125 0.442969 0.282292 0.44375 0.284375 0.44375 0.285417 0.444531 0.2875 0.444531 0.288542 0.445312 0.290625 0.445312 0.291667 0.446094 0.292708 0.446094 0.29375 0.446875 0.295833 0.446875 0.296875 0.447656 0.302083 0.447656 0.303125 0.448437 0.30625 0.448437 0.307292 0.449219 0.310417 0.449219 0.311458 0.45 0.321875 0.45 0.322917 0.450781 0.347917 0.450781 0.348958 0.45 0.361458 0.45 0.3625 0.449219 0.366667 0.449219 0.367708 0.448437 0.370833 0.448437 0.371875 0.447656 0.377083 0.447656 0.378125 0.446875 0.38125 0.446875 0.382292 0.446094 0.383333 0.446094 0.384375 0.445312 0.3875 0.445312 0.388542 0.444531 0.390625 0.444531 0.391667 0.44375 0.39375 0.44375 0.394792 0.442969 0.395833 0.442969 0.396875 0.442187 0.397917 0.442187 0.398958 0.441406 0.401042 0.441406 0.403125 0.439844 0.404167 0.439844 0.405208 0.439062 0.40625 0.439062 0.407292 0.438281 0.408333 0.438281 0.409375 0.4375 0.410417 0.4375 0.4125 0.435937 0.413542 0.435937 0.416667 0.433594 0.417708 0.433594 0.421875 0.430469 0.422917 0.430469 0.433333 0.422656 0.433333 0.421875 0.434375 0.421094 0.434375 0.420312 0.435417 0.419531 0.435417 0.417969 0.436458 0.417187 0.436458 0.416406 0.4375 0.415625 0.4375 0.414062 0.438542 0.413281 0.933061
0 0.260417 0.395312 0.260417 0.395312 0.434375 0.40625 0.434375 0.407031 0.433333 0.407812 0.433333 0.408594 0.432292 0.409375 0.432292 0.410156 0.43125 0.410937 0.43125 0.411719 0.429167 0.413281 0.429167 0.414062 0.420833 0.420312 0.419792 0.420312 0.417708 0.421875 0.416667 0.421875 0.414583 0.423437 0.413542 0.423437 0.410417 0.425781 0.409375 0.425781 0.407292 0.427344 0.40625 0.427344 0.405208 0.428125 0.404167 0.428125 0.403125 0.428906 0.401042 0.428906 0.398958 0.430469 0.397917 0.430469 0.396875 0.43125 0.395833 0.43125 0.394792 0.432031 0.392708 0.432031 0.391667 0.432812 0.389583 0.432812 0.388542 0.433594 0.3875 0.433594 0.386458 0.434375 0.384375 0.434375 0.383333 0.435156 0.380208 0.435156 0.379167 0.435937 0.376042 0.435937 0.375 0.436719 0.372917 0.436719 0.371875 0.4375 0.36875 0.4375 0.367708 0.438281 0.361458 0.438281 0.360417 0.439062 0.354167 0.439062 0.353125 0.439844 0.346875 0.439844 0.345833 0.440625 0.323958 0.440625 0.322917 0.439844 0.316667 0.439844 0.315625 0.439062 0.309375 0.439062 0.308333 0.438281 0.301042 0.438281 0.3 0.4375 0.297917 0.4375 0.296875 0.436719 0.294792 0.436719 0.29375 0.435937 0.291667 0.435937 0.290625 0.435156 0.2875 0.435156 0.286458 0.434375 0.284375 0.434375 0.282292 0.432812 0.280208 0.432812 0.279167 0.432031 0.277083 0.432031 0.276042 0.43125 0.275 0.43125 0.272917 0.429688 0.270833 0.429688 0.269792 0.428906 0.26875 0.428906 0.2625 0.424219 0.261458 0.424219 0.259375 0.422656 0.259375 0.421875 0.257292 0.420312 0.25625 0.420312 0.255208 0.419531 0.411458 0.385156 0.402083 0.385156 0.401042 0.385937 0.4 0.385937 0.397917 0.3875 0.397917 0.388281 0.396875 0.389062 0.396875 0.389844 0.395833 0.390625 0.395833 0.392187 0.397917 0.392187 0.4 0.390625 0.401042 0.390625 0.402083 0.389844 0.404167 0.389844 0.405208 0.389062 0.40625 0.389062 0.411458 0.385156 0.255208 0.419531 0.255208 0.416406 0.25625 0.416406 0.258333 0.417969 0.259375 0.417969 0.260417 0.41875 0.261458 0.41875 0.263542 0.420312 0.264583 0.420312 0.265625 0.421094 0.266667 0.421094 0.267708 0.421875 0.26875 0.421875 0.269792 0.422656 0.271875 0.422656 0.272917 0.423437 0.273958 0.423437 0.275 0.424219 0.276042 0.424219 0.277083 0.425 0.278125 0.425 0.279167 0.425781 0.283333 0.425781 0.284375 0.426562 0.2875 0.426562 0.288542 0.427344 0.290625 0.427344 0.291667 0.428125 0.294792 0.428125 0.295833 0.428906 0.304167 0.428906 0.305208 0.429688 0.314583 0.429688 0.315625 0.430469 0.340625 0.430469 0.341667 0.429688 0.35 0.429688 0.351042 0.428906 0.359375 0.428906 0.360417 0.428125 0.364583 0.428125 0.365625 0.427344 0.36875 0.427344 0.369792 0.426562 0.371875 0.426562 0.372917 0.425781 0.377083 0.425781 0.378125 0.425 0.38125 0.425 0.382292 0.424219 0.383333 0.424219 0.384375 0.423437 0.386458 0.423437 0.3875 0.422656 0.389583 0.422656 0.390625 0.421875 0.392708 0.421875 0.39375 0.421094 0.394792 0.421094 0.395833 0.420312 0.396875 0.420312 0.397917 0.419531 0.398958 0.419531 0.4 0.41875 0.402083 0.41875 0.404167 0.417187 0.405208 0.417187 0.40625 0.416406 0.407292 0.416406 0.410417 0.414062 0.411458 0.414062 0.414583 0.411719 0.415625 0.411719 0.423958 0.405469 0.423958 0.404687 0.426042 0.403125 0.426042 0.402344 0.429167 0.4 0.429167 0.399219 0.430208 0.398438 0.430208 0.396875 0.43125 0.396094 0.43125 0.394531 0.432292 0.39375 0.432292 0.391406 0.433333 0.390625 0.433333 0.3875 0.434375 0.386719 0.434375 0.385156 0.436458 0.385156 0.436458 0.404687 0.434375 0.40625 0.932905
0 0.5125 0.523438 0.5125 0.535156 0.513542 0.535937 0.513542 0.536719 0.514583 0.5375 0.514583 0.538281 0.516667 0.539844 0.516667 0.540625 0.517708 0.541406 0.517708 0.542187 0.520833 0.544531 0.520833 0.545312 0.533333 0.554688 0.534375 0.554688 0.536458 0.55625 0.5375 0.55625 0.539583 0.557812 0.540625 0.557812 0.542708 0.559375 0.54375 0.559375 0.544792 0.560156 0.545833 0.560156 0.546875 0.560937 0.548958 0.560937 0.55 0.561719 0.551042 0.561719 0.552083 0.5625 0.554167 0.5625 0.555208 0.563281 0.55625 0.563281 0.557292 0.564062 0.559375 0.564062 0.560417 0.564844 0.5625 0.564844 0.563542 0.565625 0.566667 0.565625 0.567708 0.566406 0.572917 0.566406 0.573958 0.567187 0.576042 0.567187 0.577083 0.567969 0.579167 0.567969 0.580208 0.56875 0.589583 0.56875 0.590625 0.569531 0.613542 0.569531 0.614583 0.56875 0.620833 0.56875 0.621875 0.567969 0.625 0.567969 0.626042 0.567187 0.628125 0.567187 0.629167 0.566406 0.632292 0.566406 0.633333 0.565625 0.636458 0.565625 0.6375 0.564844 0.638542 0.564844 0.639583 0.564062 0.641667 0.564062 0.642708 0.563281 0.64375 0.563281 0.644792 0.5625 0.645833 0.5625 0.646875 0.561719 0.647917 0.561719 0.648958 0.560937 0.65 0.560937 0.651042 0.560156 0.652083 0.560156 0.654167 0.558594 0.655208 0.558594 0.657292 0.557031 0.658333 0.557031 0.669792 0.548437 0.669792 0.547656 0.671875 0.546094 0.671875 0.545312 0.672917 0.544531 0.672917 0.539062 0.671875 0.539844 0.671875 0.540625 0.6625 0.547656 0.661458 0.547656 0.657292 0.550781 0.65625 0.550781 0.655208 0.551562 0.654167 0.551562 0.652083 0.553125 0.65 0.553125 0.648958 0.553906 0.647917 0.553906 0.646875 0.554688 0.644792 0.554688 0.64375 0.555469 0.642708 0.555469 0.641667 0.55625 0.640625 0.55625 0.639583 0.557031 0.636458 0.557031 0.635417 0.557812 0.632292 0.557812 0.63125 0.558594 0.629167 0.558594 0.628125 0.559375 0.625 0.559375 0.623958 0.560156 0.609375 0.560156 0.608333 0.560937 0.589583 0.560937 0.588542 0.560156 0.577083 0.560156 0.576042 0.559375 0.573958 0.559375 0.572917 0.558594 0.569792 0.558594 0.56875 0.557812 0.565625 0.557812 0.564583 0.557031 0.5625 0.557031 0.561458 0.55625 0.559375 0.55625 0.558333 0.555469 0.557292 0.555469 0.55625 0.554688 0.554167 0.554688 0.553125 0.553906 0.551042 0.553906 0.55 0.553125 0.548958 0.553125 0.546875 0.551562 0.545833 0.551562 0.544792 0.550781 0.54375 0.550781 0.542708 0.55 0.541667 0.55 0.539583 0.548437 0.538542 0.548437 0.534375 0.545312 0.533333 0.545312 0.527083 0.540625 0.526042 0.540625 0.525 0.539844 0.525 0.539062 0.521875 0.536719 0.521875 0.535937 0.51875 0.533594 0.51875 0.532812 0.515625 0.530469 0.515625 0.529687 0.514583 0.528906 0.514583 0.527344 0.513542 0.526562 0.513542 0.525 0.5125 0.524219 0.932144
0 0.434375 0.430469 0.434375 0.432031 0.433333 0.432812 0.43125 0.432812 0.430208 0.433594 0.430208 0.434375 0.416667 0.444531 0.415625 0.444531 0.4125 0.446875 0.411458 0.446875 0.409375 0.448437 0.408333 0.448437 0.407292 0.449219 0.40625 0.449219 0.405208 0.45 0.404167 0.45 0.403125 0.450781 0.402083 0.450781 0.401042 0.451562 0.4 0.451562 0.398958 0.452344 0.397917 0.452344 0.396875 0.453125 0.395833 0.453125 0.394792 0.453906 0.39375 0.453906 0.392708 0.454687 0.390625 0.454687 0.389583 0.455469 0.3875 0.455469 0.386458 0.45625 0.384375 0.45625 0.383333 0.457031 0.38125 0.457031 0.380208 0.457812 0.378125 0.457812 0.377083 0.458594 0.375 0.458594 0.373958 0.459375 0.370833 0.459375 0.369792 0.460156 0.3625 0.460156 0.361458 0.460937 0.353125 0.460937 0.352083 0.461719 0.320833 0.461719 0.319792 0.460937 0.3125 0.460937 0.311458 0.460156 0.305208 0.460156 0.304167 0.459375 0.3 0.459375 0.298958 0.458594 0.295833 0.458594 0.294792 0.457812 0.29375 0.457812 0.292708 0.457031 0.289583 0.457031 0.288542 0.45625 0.286458 0.45625 0.285417 0.455469 0.284375 0.455469 0.283333 0.454687 0.28125 0.454687 0.280208 0.453906 0.278125 0.453906 0.277083 0.453125 0.276042 0.453125 0.273958 0.451562 0.272917 0.451562 0.271875 0.450781 0.270833 0.450781 0.267708 0.448437 0.266667 0.448437 0.264583 0.446875 0.263542 0.446875 0.257292 0.442187 0.257292 0.441406 0.255208 0.439844 0.255208 0.439062 0.253125 0.4375 0.253125 0.435937 0.253125 0.446094 0.254167 0.446875 0.254167 0.447656 0.25625 0.449219 0.25625 0.45 0.257292 0.450781 0.257292 0.451562 0.260417 0.453906 0.261458 0.453906 0.264583 0.45625 0.265625 0.45625 0.267708 0.457812 0.26875 0.457812 0.270833 0.459375 0.271875 0.459375 0.273958 0.460937 0.275 0.460937 0.276042 0.461719 0.277083 0.461719 0.278125 0.4625 0.279167 0.4625 0.280208 0.463281 0.28125 0.463281 0.282292 0.464062 0.283333 0.464062 0.284375 0.464844 0.286458 0.464844 0.2875 0.465625 0.288542 0.465625 0.289583 0.466406 0.291667 0.466406 0.292708 0.467187 0.294792 0.467187 0.295833 0.467969 0.296875 0.467969 0.297917 0.46875 0.301042 0.46875 0.302083 0.469531 0.309375 0.469531 0.310417 0.470312 0.314583 0.470312 0.315625 0.471094 0.319792 0.471094 0.320833 0.471875 0.353125 0.471875 0.354167 0.471094 0.358333 0.471094 0.359375 0.470312 0.363542 0.470312 0.364583 0.469531 0.371875 0.469531 0.372917 0.46875 0.375 0.46875 0.376042 0.467969 0.377083 0.467969 0.378125 0.467187 0.380208 0.467187 0.38125 0.466406 0.385417 0.466406 0.386458 0.465625 0.3875 0.465625 0.388542 0.464844 0.389583 0.464844 0.390625 0.464062 0.392708 0.464062 0.39375 0.463281 0.395833 0.463281 0.396875 0.4625 0.397917 0.4625 0.4 0.460937 0.401042 0.460937 0.402083 0.460156 0.403125 0.460156 0.404167 0.459375 0.405208 0.459375 0.407292 0.457812 0.408333 0.457812 0.409375 0.457031 0.410417 0.457031 0.413542 0.454687 0.414583 0.454687 0.419792 0.450781 0.420833 0.450781 0.422917 0.449219 0.422917 0.448437 0.426042 0.446094 0.426042 0.445312 0.429167 0.442969 0.429167 0.442187 0.43125 0.440625 0.43125 0.439844 0.432292 0.439062 0.432292 0.438281 0.433333 0.4375 0.433333 0.434375 0.434375 0.433594 0.931339
0 0.51875 0.475 0.51875 0.485156 0.523958 0.489062 0.523958 0.489844 0.534375 0.497656 0.535417 0.497656 0.5375 0.499219 0.538542 0.499219 0.539583 0.5 0.540625 0.5 0.542708 0.501562 0.54375 0.501562 0.545833 0.503125 0.546875 0.503125 0.547917 0.503906 0.55 0.503906 0.551042 0.504687 0.552083 0.504687 0.553125 0.505469 0.554167 0.505469 0.555208 0.50625 0.557292 0.50625 0.558333 0.507031 0.560417 0.507031 0.561458 0.507812 0.563542 0.507812 0.564583 0.508594 0.565625 0.508594 0.566667 0.509375 0.569792 0.509375 0.570833 0.510156 0.576042 0.510156 0.577083 0.510937 0.580208 0.510937 0.58125 0.511719 0.584375 0.511719 0.585417 0.5125 0.590625 0.5125 0.591667 0.513281 0.625 0.513281 0.626042 0.5125 0.63125 0.5125 0.632292 0.511719 0.635417 0.511719 0.636458 0.510937 0.639583 0.510937 0.640625 0.510156 0.644792 0.510156 0.645833 0.509375 0.647917 0.509375 0.648958 0.508594 0.65 0.508594 0.651042 0.507812 0.653125 0.507812 0.654167 0.507031 0.65625 0.507031 0.657292 0.50625 0.658333 0.50625 0.659375 0.505469 0.660417 0.505469 0.661458 0.504687 0.6625 0.504687 0.664583 0.503125 0.665625 0.503125 0.667708 0.501562 0.66875 0.501562 0.671875 0.499219 0.672917 0.499219 0.680208 0.49375 0.680208 0.492969 0.682292 0.491406 0.682292 0.490625 0.684375 0.489062 0.684375 0.485156 0.684375 0.485937 0.682292 0.4875 0.680208 0.4875 0.675 0.491406 0.673958 0.491406 0.669792 0.494531 0.66875 0.494531 0.667708 0.495312 0.666667 0.495312 0.665625 0.496094 0.664583 0.496094 0.663542 0.496875 0.6625 0.496875 0.661458 0.497656 0.660417 0.497656 0.659375 0.498437 0.657292 0.498437 0.65625 0.499219 0.654167 0.499219 0.653125 0.5 0.652083 0.5 0.651042 0.500781 0.648958 0.500781 0.647917 0.501562 0.644792 0.501562 0.64375 0.502344 0.641667 0.502344 0.640625 0.503125 0.6375 0.503125 0.636458 0.503906 0.633333 0.503906 0.632292 0.504687 0.619792 0.504687 0.61875 0.505469 0.604167 0.505469 0.603125 0.504687 0.588542 0.504687 0.5875 0.503906 0.583333 0.503906 0.582292 0.503125 0.579167 0.503125 0.578125 0.502344 0.575 0.502344 0.573958 0.501562 0.569792 0.501562 0.56875 0.500781 0.566667 0.500781 0.565625 0.5 0.563542 0.5 0.5625 0.499219 0.561458 0.499219 0.560417 0.498437 0.558333 0.498437 0.557292 0.497656 0.555208 0.497656 0.554167 0.496875 0.553125 0.496875 0.551042 0.495312 0.55 0.495312 0.548958 0.494531 0.546875 0.494531 0.544792 0.492969 0.54375 0.492969 0.541667 0.491406 0.540625 0.491406 0.5375 0.489062 0.536458 0.489062 0.535417 0.488281 0.534375 0.488281 0.530208 0.485156 0.529167 0.485156 0.527083 0.483594 0.527083 0.482812 0.526042 0.482031 0.525 0.482031 0.523958 0.48125 0.523958 0.480469 0.522917 0.479687 0.522917 0.478906 0.521875 0.478125 0.520833 0.478125 0.519792 0.477344 0.519792 0.476562 0.51875 0.475781 0.930422
0 0.434375 0.532031 0.434375 0.534375 0.430208 0.5375 0.430208 0.538281 0.425 0.542187 0.425 0.542969 0.422917 0.544531 0.421875 0.544531 0.421875 0.545312 0.419792 0.546875 0.41875 0.546875 0.414583 0.55 0.413542 0.55 0.411458 0.551562 0.410417 0.551562 0.407292 0.553906 0.40625 0.553906 0.405208 0.554688 0.404167 0.554688 0.403125 0.555469 0.402083 0.555469 0.401042 0.55625 0.4 0.55625 0.397917 0.557812 0.395833 0.557812 0.394792 0.558594 0.39375 0.558594 0.392708 0.559375 0.391667 0.559375 0.390625 0.560156 0.389583 0.560156 0.388542 0.560937 0.385417 0.560937 0.384375 0.561719 0.382292 0.561719 0.38125 0.5625 0.379167 0.5625 0.378125 0.563281 0.375 0.563281 0.373958 0.564062 0.366667 0.564062 0.365625 0.564844 0.360417 0.564844 0.359375 0.565625 0.354167 0.565625 0.353125 0.566406 0.3375 0.566406 0.336458 0.565625 0.33125 0.565625 0.330208 0.564844 0.326042 0.564844 0.325 0.564062 0.316667 0.564062 0.315625 0.563281 0.3125 0.563281 0.311458 0.5625 0.310417 0.5625 0.309375 0.561719 0.307292 0.561719 0.30625 0.560937 0.302083 0.560937 0.301042 0.560156 0.3 0.560156 0.298958 0.559375 0.297917 0.559375 0.296875 0.558594 0.295833 0.558594 0.294792 0.557812 0.29375 0.557812 0.292708 0.557031 0.291667 0.557031 0.288542 0.554688 0.2875 0.554688 0.285417 0.553125 0.284375 0.553125 0.276042 0.546875 0.276042 0.546094 0.271875 0.542969 0.271875 0.542187 0.26875 0.539844 0.26875 0.5375 0.26875 0.546094 0.269792 0.546875 0.269792 0.547656 0.270833 0.548437 0.270833 0.549219 0.271875 0.55 0.271875 0.551562 0.275 0.553906 0.275 0.554688 0.282292 0.560156 0.283333 0.560156 0.286458 0.5625 0.2875 0.5625 0.290625 0.564844 0.291667 0.564844 0.292708 0.565625 0.29375 0.565625 0.294792 0.566406 0.295833 0.566406 0.296875 0.567187 0.297917 0.567187 0.298958 0.567969 0.3 0.567969 0.301042 0.56875 0.303125 0.56875 0.304167 0.569531 0.305208 0.569531 0.30625 0.570312 0.309375 0.570312 0.310417 0.571094 0.3125 0.571094 0.313542 0.571875 0.316667 0.571875 0.317708 0.572656 0.320833 0.572656 0.321875 0.573437 0.329167 0.573437 0.330208 0.574219 0.360417 0.574219 0.361458 0.573437 0.366667 0.573437 0.367708 0.572656 0.371875 0.572656 0.372917 0.571875 0.376042 0.571875 0.377083 0.571094 0.379167 0.571094 0.380208 0.570312 0.382292 0.570312 0.383333 0.569531 0.385417 0.569531 0.386458 0.56875 0.388542 0.56875 0.389583 0.567969 0.390625 0.567969 0.391667 0.567187 0.392708 0.567187 0.39375 0.566406 0.395833 0.566406 0.396875 0.565625 0.397917 0.565625 0.398958 0.564844 0.4 0.564844 0.401042 0.564062 0.402083 0.564062 0.404167 0.5625 0.405208 0.5625 0.407292 0.560937 0.408333 0.560937 0.411458 0.558594 0.4125 0.558594 0.417708 0.554688 0.41875 0.554688 0.41875 0.553906 0.428125 0.546875 0.428125 0.546094 0.429167 0.545312 0.429167 0.544531 0.43125 0.542969 0.43125 0.542187 0.432292 0.541406 0.432292 0.539844 0.434375 0.538281 0.434375 0.536719 0.435417 0.535937 0.435417 0.532031 0.930024
0 0.513542 0.536719 0.513542 0.546094 0.515625 0.547656 0.515625 0.548437 0.516667 0.549219 0.516667 0.55 0.51875 0.551562 0.51875 0.552344 0.520833 0.553906 0.520833 0.554688 0.53125 0.5625 0.532292 0.5625 0.535417 0.564844 0.536458 0.564844 0.538542 0.566406 0.539583 0.566406 0.541667 0.567969 0.542708 0.567969 0.54375 0.56875 0.544792 0.56875 0.545833 0.569531 0.546875 0.569531 0.547917 0.570312 0.548958 0.570312 0.55 0.571094 0.551042 0.571094 0.552083 0.571875 0.554167 0.571875 0.555208 0.572656 0.55625 0.572656 0.557292 0.573437 0.559375 0.573437 0.560417 0.574219 0.561458 0.574219 0.5625 0.575 0.565625 0.575 0.566667 0.575781 0.569792 0.575781 0.570833 0.576562 0.572917 0.576562 0.573958 0.577344 0.577083 0.577344 0.578125 0.578125 0.619792 0.578125 0.620833 0.577344 0.623958 0.577344 0.625 0.576562 0.628125 0.576562 0.629167 0.575781 0.632292 0.575781 0.633333 0.575 0.635417 0.575 0.636458 0.574219 0.6375 0.574219 0.638542 0.573437 0.640625 0.573437 0.641667 0.572656 0.642708 0.572656 0.64375 0.571875 0.644792 0.571875 0.645833 0.571094 0.646875 0.571094 0.647917 0.570312 0.648958 0.570312 0.651042 0.56875 0.652083 0.56875 0.654167 0.567187 0.655208 0.567187 0.658333 0.564844 0.659375 0.564844 0.665625 0.560156 0.665625 0.559375 0.66875 0.557031 0.66875 0.55625 0.669792 0.555469 0.669792 0.554688 0.670833 0.553906 0.670833 0.552344 0.671875 0.551562 0.671875 0.550781 0.672917 0.55 0.672917 0.546875 0.671875 0.546875 0.671875 0.547656 0.659375 0.557031 0.658333 0.557031 0.65625 0.558594 0.655208 0.558594 0.652083 0.560937 0.651042 0.560937 0.65 0.561719 0.648958 0.561719 0.647917 0.5625 0.646875 0.5625 0.645833 0.563281 0.644792 0.563281 0.64375 0.564062 0.641667 0.564062 0.640625 0.564844 0.639583 0.564844 0.638542 0.565625 0.636458 0.565625 0.635417 0.566406 0.633333 0.566406 0.632292 0.567187 0.627083 0.567187 0.626042 0.567969 0.623958 0.567969 0.622917 0.56875 0.619792 0.56875 0.61875 0.569531 0.60625 0.569531 0.605208 0.570312 0.592708 0.570312 0.591667 0.569531 0.58125 0.569531 0.580208 0.56875 0.577083 0.56875 0.576042 0.567969 0.573958 0.567969 0.572917 0.567187 0.566667 0.567187 0.565625 0.566406 0.5625 0.566406 0.561458 0.565625 0.560417 0.565625 0.559375 0.564844 0.557292 0.564844 0.55625 0.564062 0.554167 0.564062 0.553125 0.563281 0.551042 0.563281 0.548958 0.561719 0.546875 0.561719 0.545833 0.560937 0.544792 0.560937 0.54375 0.560156 0.542708 0.560156 0.540625 0.558594 0.539583 0.558594 0.5375 0.557031 0.536458 0.557031 0.534375 0.555469 0.533333 0.555469 0.519792 0.545312 0.519792 0.544531 0.517708 0.542969 0.517708 0.542187 0.515625 0.540625 0.515625 0.539844 0.514583 0.539062 0.514583 0.538281 0.513542 0.5375 0.925272
0 0.419792 0.342187 0.417708 0.34375 0.417708 0.344531 0.416667 0.345312 0.416667 0.346094 0.413542 0.348437 0.413542 0.349219 0.40625 0.354687 0.405208 0.354687 0.401042 0.357812 0.4 0.357812 0.398958 0.358594 0.397917 0.358594 0.395833 0.360156 0.394792 0.360156 0.392708 0.361719 0.391667 0.361719 0.390625 0.3625 0.389583 0.3625 0.388542 0.363281 0.3875 0.363281 0.386458 0.364062 0.384375 0.364062 0.383333 0.364844 0.382292 0.364844 0.38125 0.365625 0.380208 0.365625 0.379167 0.366406 0.378125 0.366406 0.377083 0.367188 0.373958 0.367188 0.372917 0.367969 0.370833 0.367969 0.369792 0.36875 0.36875 0.36875 0.367708 0.369531 0.365625 0.369531 0.364583 0.370312 0.360417 0.370312 0.359375 0.371094 0.35625 0.371094 0.355208 0.371875 0.353125 0.371875 0.352083 0.372656 0.348958 0.372656 0.347917 0.373437 0.341667 0.373437 0.340625 0.374219 0.332292 0.374219 0.33125 0.375 0.31875 0.375 0.317708 0.375781 0.302083 0.375781 0.301042 0.375 0.292708 0.375 0.291667 0.374219 0.283333 0.374219 0.282292 0.373437 0.271875 0.373437 0.270833 0.372656 0.267708 0.372656 0.266667 0.371875 0.265625 0.371875 0.264583 0.371094 0.261458 0.371094 0.260417 0.370312 0.257292 0.370312 0.25625 0.369531 0.254167 0.369531 0.253125 0.36875 0.252083 0.36875 0.251042 0.367969 0.25 0.367969 0.248958 0.367188 0.246875 0.367188 0.245833 0.366406 0.244792 0.366406 0.242708 0.364844 0.241667 0.364844 0.240625 0.364062 0.239583 0.364062 0.238542 0.363281 0.2375 0.363281 0.233333 0.360156 0.232292 0.360156 0.226042 0.355469 0.226042 0.3625 0.227083 0.363281 0.227083 0.364062 0.2375 0.371875 0.238542 0.371875 0.240625 0.373437 0.241667 0.373437 0.242708 0.374219 0.24375 0.374219 0.244792 0.375 0.245833 0.375 0.246875 0.375781 0.247917 0.375781 0.248958 0.376562 0.25 0.376562 0.251042 0.377344 0.252083 0.377344 0.253125 0.378125 0.254167 0.378125 0.255208 0.378906 0.258333 0.378906 0.259375 0.379687 0.261458 0.379687 0.2625 0.380469 0.263542 0.380469 0.264583 0.38125 0.266667 0.38125 0.267708 0.382031 0.271875 0.382031 0.272917 0.382812 0.277083 0.382812 0.278125 0.383594 0.28125 0.383594 0.282292 0.384375 0.2875 0.384375 0.288542 0.385156 0.3375 0.385156 0.338542 0.384375 0.34375 0.384375 0.344792 0.383594 0.346875 0.383594 0.347917 0.382812 0.352083 0.382812 0.353125 0.382031 0.358333 0.382031 0.359375 0.38125 0.361458 0.38125 0.3625 0.380469 0.364583 0.380469 0.365625 0.379687 0.36875 0.379687 0.369792 0.378906 0.372917 0.378906 0.373958 0.378125 0.375 0.378125 0.376042 0.377344 0.377083 0.377344 0.378125 0.376562 0.380208 0.376562 0.38125 0.375781 0.382292 0.375781 0.383333 0.375 0.385417 0.375 0.3875 0.373437 0.388542 0.373437 0.389583 0.372656 0.390625 0.372656 0.391667 0.371875 0.392708 0.371875 0.39375 0.371094 0.394792 0.371094 0.396875 0.369531 0.397917 0.369531 0.401042 0.367188 0.402083 0.367188 0.403125 0.366406 0.404167 0.366406 0.407292 0.364062 0.408333 0.364062 0.413542 0.360156 0.413542 0.359375 0.414583 0.358594 0.414583 0.357812 0.416667 0.35625 0.416667 0.355469 0.41875 0.353906 0.41875 0.353125 0.419792 0.352344 0.924626
0 0.515625 0.492187 0.515625 0.496094 0.516667 0.496875 0.516667 0.499219 0.517708 0.5 0.517708 0.500781 0.51875 0.501562 0.51875 0.502344 0.519792 0.503125 0.519792 0.503906 0.520833 0.504687 0.520833 0.505469 0.523958 0.507812 0.523958 0.508594 0.533333 0.515625 0.534375 0.515625 0.538542 0.51875 0.539583 0.51875 0.540625 0.519531 0.541667 0.519531 0.542708 0.520312 0.54375 0.520312 0.545833 0.521875 0.546875 0.521875 0.547917 0.522656 0.548958 0.522656 0.55 0.523438 0.551042 0.523438 0.552083 0.524219 0.553125 0.524219 0.554167 0.525 0.55625 0.525 0.557292 0.525781 0.558333 0.525781 0.559375 0.526562 0.560417 0.526562 0.561458 0.527344 0.563542 0.527344 0.564583 0.528125 0.566667 0.528125 0.567708 0.528906 0.571875 0.528906 0.572917 0.529687 0.575 0.529687 0.576042 0.530469 0.579167 0.530469 0.580208 0.53125 0.5875 0.53125 0.588542 0.532031 0.620833 0.532031 0.621875 0.53125 0.630208 0.53125 0.63125 0.530469 0.634375 0.530469 0.635417 0.529687 0.6375 0.529687 0.638542 0.528906 0.640625 0.528906 0.641667 0.528125 0.64375 0.528125 0.644792 0.527344 0.646875 0.527344 0.647917 0.526562 0.65 0.526562 0.651042 0.525781 0.652083 0.525781 0.653125 0.525 0.655208 0.525 0.657292 0.523438 0.658333 0.523438 0.659375 0.522656 0.660417 0.522656 0.6625 0.521094 0.663542 0.521094 0.664583 0.520312 0.665625 0.520312 0.66875 0.517969 0.669792 0.517969 0.670833 0.517188 0.670833 0.516406 0.671875 0.515625 0.672917 0.515625 0.675 0.514062 0.675 0.513281 0.678125 0.510937 0.678125 0.510156 0.679167 0.509375 0.679167 0.507812 0.680208 0.507031 0.680208 0.50625 0.68125 0.505469 0.68125 0.502344 0.680208 0.503125 0.680208 0.503906 0.678125 0.505469 0.677083 0.505469 0.673958 0.507812 0.672917 0.507812 0.665625 0.513281 0.664583 0.513281 0.663542 0.514062 0.6625 0.514062 0.661458 0.514844 0.660417 0.514844 0.659375 0.515625 0.658333 0.515625 0.657292 0.516406 0.65625 0.516406 0.655208 0.517188 0.654167 0.517188 0.653125 0.517969 0.651042 0.517969 0.65 0.51875 0.648958 0.51875 0.647917 0.519531 0.646875 0.519531 0.645833 0.520312 0.642708 0.520312 0.641667 0.521094 0.638542 0.521094 0.6375 0.521875 0.634375 0.521875 0.633333 0.522656 0.628125 0.522656 0.627083 0.523438 0.586458 0.523438 0.585417 0.522656 0.582292 0.522656 0.58125 0.521875 0.578125 0.521875 0.577083 0.521094 0.573958 0.521094 0.572917 0.520312 0.56875 0.520312 0.567708 0.519531 0.566667 0.519531 0.565625 0.51875 0.563542 0.51875 0.5625 0.517969 0.560417 0.517969 0.559375 0.517188 0.558333 0.517188 0.557292 0.516406 0.555208 0.516406 0.554167 0.515625 0.553125 0.515625 0.552083 0.514844 0.551042 0.514844 0.55 0.514062 0.547917 0.514062 0.545833 0.5125 0.544792 0.5125 0.54375 0.511719 0.542708 0.511719 0.541667 0.510937 0.540625 0.510937 0.538542 0.509375 0.5375 0.509375 0.534375 0.507031 0.533333 0.507031 0.51875 0.496094 0.51875 0.494531 0.517708 0.49375 0.516667 0.49375 0.515625 0.492969 0.918993
0 0.254167 0.460937 0.254167 0.461719 0.253125 0.4625 0.253125 0.482812 0.254167 0.483594 0.254167 0.484375 0.255208 0.485156 0.255208 0.485937 0.25625 0.486719 0.25625 0.4875 0.257292 0.488281 0.257292 0.489844 0.2625 0.49375 0.2625 0.494531 0.271875 0.501562 0.272917 0.501562 0.275 0.503125 0.276042 0.503125 0.278125 0.504687 0.279167 0.504687 0.280208 0.505469 0.28125 0.505469 0.282292 0.50625 0.283333 0.50625 0.284375 0.507031 0.285417 0.507031 0.286458 0.507812 0.2875 0.507812 0.288542 0.508594 0.290625 0.508594 0.291667 0.509375 0.29375 0.509375 0.294792 0.510156 0.295833 0.510156 0.296875 0.510937 0.3 0.510937 0.301042 0.511719 0.304167 0.511719 0.305208 0.5125 0.308333 0.5125 0.309375 0.513281 0.3125 0.513281 0.313542 0.514062 0.320833 0.514062 0.321875 0.514844 0.352083 0.514844 0.353125 0.514062 0.358333 0.514062 0.359375 0.513281 0.3625 0.513281 0.363542 0.5125 0.367708 0.5125 0.36875 0.511719 0.372917 0.511719 0.373958 0.510937 0.376042 0.510937 0.377083 0.510156 0.379167 0.510156 0.380208 0.509375 0.38125 0.509375 0.382292 0.508594 0.385417 0.508594 0.386458 0.507812 0.388542 0.507812 0.389583 0.507031 0.390625 0.507031 0.391667 0.50625 0.392708 0.50625 0.39375 0.505469 0.394792 0.505469 0.395833 0.504687 0.397917 0.504687 0.401042 0.502344 0.402083 0.502344 0.403125 0.501562 0.404167 0.501562 0.407292 0.499219 0.408333 0.499219 0.409375 0.498437 0.410417 0.498437 0.41875 0.492187 0.41875 0.490625 0.417708 0.490625 0.416667 0.491406 0.414583 0.491406 0.411458 0.49375 0.410417 0.49375 0.409375 0.494531 0.408333 0.494531 0.407292 0.495312 0.40625 0.495312 0.405208 0.496094 0.404167 0.496094 0.403125 0.496875 0.401042 0.496875 0.4 0.497656 0.398958 0.497656 0.396875 0.499219 0.395833 0.499219 0.394792 0.5 0.392708 0.5 0.391667 0.500781 0.388542 0.500781 0.3875 0.501562 0.386458 0.501562 0.385417 0.502344 0.383333 0.502344 0.382292 0.503125 0.377083 0.503125 0.376042 0.503906 0.371875 0.503906 0.370833 0.504687 0.367708 0.504687 0.366667 0.505469 0.3625 0.505469 0.361458 0.50625 0.333333 0.50625 0.332292 0.505469 0.322917 0.505469 0.321875 0.504687 0.317708 0.504687 0.316667 0.503906 0.313542 0.503906 0.3125 0.503125 0.309375 0.503125 0.308333 0.502344 0.30625 0.502344 0.305208 0.501562 0.303125 0.501562 0.302083 0.500781 0.3 0.500781 0.298958 0.5 0.297917 0.5 0.296875 0.499219 0.294792 0.499219 0.29375 0.498437 0.292708 0.498437 0.291667 0.497656 0.290625 0.497656 0.289583 0.496875 0.2875 0.496875 0.285417 0.495312 0.284375 0.495312 0.282292 0.49375 0.28125 0.49375 0.278125 0.491406 0.277083 0.491406 0.271875 0.4875 0.270833 0.4875 0.269792 0.486719 0.269792 0.485937 0.266667 0.483594 0.266667 0.482812 0.265625 0.482031 0.265625 0.48125 0.263542 0.479687 0.263542 0.478906 0.2625 0.478125 0.2625 0.476562 0.261458 0.475781 0.261458 0.473437 0.260417 0.472656 0.260417 0.471094 0.259375 0.470312 0.259375 0.467969 0.258333 0.467187 0.258333 0.464844 0.257292 0.464062 0.257292 0.4625 0.25625 0.461719 0.25625 0.460937 0.91878
0 0.432292 0.482812 0.432292 0.483594 0.43125 0.484375 0.43125 0.485937 0.430208 0.486719 0.430208 0.489062 0.429167 0.489844 0.429167 0.491406 0.428125 0.492187 0.428125 0.492969 0.426042 0.494531 0.426042 0.495312 0.423958 0.496875 0.423958 0.497656 0.411458 0.507031 0.410417 0.507031 0.407292 0.509375 0.40625 0.509375 0.405208 0.510156 0.404167 0.510156 0.403125 0.510937 0.402083 0.510937 0.4 0.5125 0.398958 0.5125 0.397917 0.513281 0.396875 0.513281 0.395833 0.514062 0.394792 0.514062 0.39375 0.514844 0.391667 0.514844 0.390625 0.515625 0.389583 0.515625 0.388542 0.516406 0.3875 0.516406 0.386458 0.517188 0.384375 0.517188 0.383333 0.517969 0.382292 0.517969 0.38125 0.51875 0.380208 0.51875 0.379167 0.519531 0.377083 0.519531 0.376042 0.520312 0.371875 0.520312 0.370833 0.521094 0.36875 0.521094 0.367708 0.521875 0.365625 0.521875 0.364583 0.522656 0.360417 0.522656 0.359375 0.523438 0.345833 0.523438 0.344792 0.524219 0.333333 0.524219 0.332292 0.523438 0.313542 0.523438 0.3125 0.522656 0.309375 0.522656 0.308333 0.521875 0.305208 0.521875 0.304167 0.521094 0.302083 0.521094 0.301042 0.520312 0.297917 0.520312 0.296875 0.519531 0.295833 0.519531 0.294792 0.51875 0.292708 0.51875 0.291667 0.517969 0.290625 0.517969 0.289583 0.517188 0.288542 0.517188 0.2875 0.516406 0.285417 0.516406 0.284375 0.515625 0.283333 0.515625 0.28125 0.514062 0.280208 0.514062 0.278125 0.5125 0.277083 0.5125 0.276042 0.511719 0.275 0.511719 0.272917 0.510156 0.271875 0.510156 0.267708 0.507031 0.266667 0.507031 0.265625 0.50625 0.265625 0.510156 0.267708 0.511719 0.267708 0.5125 0.273958 0.517188 0.275 0.517188 0.277083 0.51875 0.278125 0.51875 0.280208 0.520312 0.28125 0.520312 0.282292 0.521094 0.283333 0.521094 0.285417 0.522656 0.286458 0.522656 0.2875 0.523438 0.289583 0.523438 0.290625 0.524219 0.291667 0.524219 0.292708 0.525 0.29375 0.525 0.294792 0.525781 0.296875 0.525781 0.297917 0.526562 0.301042 0.526562 0.302083 0.527344 0.304167 0.527344 0.305208 0.528125 0.307292 0.528125 0.308333 0.528906 0.311458 0.528906 0.3125 0.529687 0.319792 0.529687 0.320833 0.530469 0.358333 0.530469 0.359375 0.529687 0.365625 0.529687 0.366667 0.528906 0.371875 0.528906 0.372917 0.528125 0.373958 0.528125 0.375 0.527344 0.377083 0.527344 0.378125 0.526562 0.382292 0.526562 0.383333 0.525781 0.385417 0.525781 0.386458 0.525 0.3875 0.525 0.388542 0.524219 0.389583 0.524219 0.390625 0.523438 0.392708 0.523438 0.39375 0.522656 0.394792 0.522656 0.395833 0.521875 0.396875 0.521875 0.397917 0.521094 0.398958 0.521094 0.4 0.520312 0.401042 0.520312 0.402083 0.519531 0.403125 0.519531 0.405208 0.517969 0.40625 0.517969 0.407292 0.517188 0.408333 0.517188 0.416667 0.510937 0.417708 0.510937 0.421875 0.507812 0.421875 0.507031 0.429167 0.501562 0.429167 0.500781 0.43125 0.499219 0.43125 0.498437 0.432292 0.497656 0.432292 0.496094 0.433333 0.495312 0.433333 0.492969 0.434375 0.492187 0.434375 0.490625 0.435417 0.489844 0.435417 0.482812 0.91687
0 0.519792 0.432031 0.519792 0.445312 0.520833 0.446094 0.520833 0.446875 0.521875 0.447656 0.521875 0.448437 0.522917 0.449219 0.522917 0.45 0.523958 0.450781 0.523958 0.451562 0.5375 0.461719 0.538542 0.461719 0.539583 0.4625 0.540625 0.4625 0.542708 0.464062 0.54375 0.464062 0.545833 0.465625 0.546875 0.465625 0.547917 0.466406 0.548958 0.466406 0.55 0.467187 0.551042 0.467187 0.552083 0.467969 0.553125 0.467969 0.554167 0.46875 0.555208 0.46875 0.55625 0.469531 0.557292 0.469531 0.558333 0.470312 0.559375 0.470312 0.560417 0.471094 0.561458 0.471094 0.5625 0.471875 0.564583 0.471875 0.565625 0.472656 0.56875 0.472656 0.569792 0.473437 0.570833 0.473437 0.571875 0.474219 0.573958 0.474219 0.575 0.475 0.577083 0.475 0.578125 0.475781 0.585417 0.475781 0.586458 0.476562 0.589583 0.476562 0.590625 0.477344 0.594792 0.477344 0.595833 0.478125 0.634375 0.478125 0.635417 0.477344 0.638542 0.477344 0.639583 0.476562 0.64375 0.476562 0.644792 0.475781 0.65 0.475781 0.651042 0.475 0.654167 0.475 0.655208 0.474219 0.65625 0.474219 0.657292 0.473437 0.659375 0.473437 0.660417 0.472656 0.6625 0.472656 0.663542 0.471875 0.664583 0.471875 0.666667 0.470312 0.66875 0.470312 0.669792 0.469531 0.671875 0.469531 0.673958 0.467969 0.675 0.467969 0.679167 0.464844 0.680208 0.464844 0.684375 0.461719 0.685417 0.461719 0.6875 0.460156 0.6875 0.459375 0.690625 0.457031 0.690625 0.45625 0.691667 0.455469 0.692708 0.455469 0.69375 0.454687 0.69375 0.453125 0.692708 0.453125 0.6875 0.457031 0.686458 0.457031 0.685417 0.457812 0.684375 0.457812 0.682292 0.459375 0.680208 0.459375 0.679167 0.460156 0.678125 0.460156 0.676042 0.461719 0.675 0.461719 0.673958 0.4625 0.672917 0.4625 0.671875 0.463281 0.669792 0.463281 0.66875 0.464062 0.667708 0.464062 0.666667 0.464844 0.665625 0.464844 0.664583 0.465625 0.6625 0.465625 0.661458 0.466406 0.658333 0.466406 0.657292 0.467187 0.654167 0.467187 0.653125 0.467969 0.651042 0.467969 0.65 0.46875 0.647917 0.46875 0.646875 0.469531 0.639583 0.469531 0.638542 0.470312 0.629167 0.470312 0.628125 0.471094 0.608333 0.471094 0.607292 0.470312 0.595833 0.470312 0.594792 0.469531 0.588542 0.469531 0.5875 0.46875 0.585417 0.46875 0.584375 0.467969 0.582292 0.467969 0.58125 0.467187 0.576042 0.467187 0.575 0.466406 0.571875 0.466406 0.570833 0.465625 0.569792 0.465625 0.56875 0.464844 0.567708 0.464844 0.566667 0.464062 0.564583 0.464062 0.563542 0.463281 0.561458 0.463281 0.560417 0.4625 0.559375 0.4625 0.558333 0.461719 0.557292 0.461719 0.55625 0.460937 0.555208 0.460937 0.554167 0.460156 0.552083 0.460156 0.551042 0.459375 0.55 0.459375 0.547917 0.457812 0.546875 0.457812 0.544792 0.45625 0.54375 0.45625 0.540625 0.453906 0.539583 0.453906 0.535417 0.450781 0.534375 0.450781 0.53125 0.448437 0.53125 0.447656 0.529167 0.446094 0.529167 0.445312 0.526042 0.442969 0.526042 0.442187 0.525 0.441406 0.525 0.440625 0.523958 0.439844 0.523958 0.439062 0.522917 0.438281 0.522917 0.4375 0.521875 0.436719 0.521875 0.435937 0.520833 0.435156 0.520833 0.434375 0.519792 0.433594 0.911573
0 0.429167 0.485937 0.429167 0.486719 0.428125 0.4875 0.427083 0.4875 0.426042 0.488281 0.426042 0.489062 0.423958 0.490625 0.422917 0.490625 0.414583 0.496875 0.413542 0.496875 0.409375 0.5 0.408333 0.5 0.407292 0.500781 0.40625 0.500781 0.403125 0.503125 0.402083 0.503125 0.401042 0.503906 0.4 0.503906 0.396875 0.50625 0.394792 0.50625 0.39375 0.507031 0.391667 0.507031 0.389583 0.508594 0.388542 0.508594 0.3875 0.509375 0.384375 0.509375 0.383333 0.510156 0.380208 0.510156 0.379167 0.510937 0.378125 0.510937 0.377083 0.511719 0.375 0.511719 0.373958 0.5125 0.369792 0.5125 0.36875 0.513281 0.363542 0.513281 0.3625 0.514062 0.359375 0.514062 0.358333 0.514844 0.354167 0.514844 0.353125 0.515625 0.31875 0.515625 0.317708 0.514844 0.313542 0.514844 0.3125 0.514062 0.309375 0.514062 0.308333 0.513281 0.304167 0.513281 0.303125 0.5125 0.3 0.5125 0.298958 0.511719 0.296875 0.511719 0.295833 0.510937 0.294792 0.510937 0.29375 0.510156 0.289583 0.510156 0.288542 0.509375 0.286458 0.509375 0.284375 0.507812 0.283333 0.507812 0.282292 0.507031 0.28125 0.507031 0.280208 0.50625 0.278125 0.50625 0.275 0.503906 0.273958 0.503906 0.271875 0.502344 0.270833 0.502344 0.269792 0.501562 0.269792 0.500781 0.26875 0.500781 0.260417 0.494531 0.260417 0.49375 0.259375 0.492969 0.259375 0.492187 0.259375 0.5 0.2625 0.502344 0.2625 0.503125 0.272917 0.510937 0.273958 0.510937 0.275 0.511719 0.276042 0.511719 0.277083 0.5125 0.278125 0.5125 0.279167 0.513281 0.280208 0.513281 0.282292 0.514844 0.283333 0.514844 0.284375 0.515625 0.285417 0.515625 0.286458 0.516406 0.288542 0.516406 0.289583 0.517188 0.290625 0.517188 0.291667 0.517969 0.292708 0.517969 0.29375 0.51875 0.295833 0.51875 0.296875 0.519531 0.298958 0.519531 0.3 0.520312 0.304167 0.520312 0.305208 0.521094 0.307292 0.521094 0.308333 0.521875 0.310417 0.521875 0.311458 0.522656 0.315625 0.522656 0.316667 0.523438 0.354167 0.523438 0.355208 0.522656 0.3625 0.522656 0.363542 0.521875 0.365625 0.521875 0.366667 0.521094 0.36875 0.521094 0.369792 0.520312 0.371875 0.520312 0.372917 0.519531 0.378125 0.519531 0.379167 0.51875 0.38125 0.51875 0.382292 0.517969 0.383333 0.517969 0.384375 0.517188 0.386458 0.517188 0.3875 0.516406 0.388542 0.516406 0.389583 0.515625 0.390625 0.515625 0.391667 0.514844 0.392708 0.514844 0.39375 0.514062 0.394792 0.514062 0.395833 0.513281 0.396875 0.513281 0.397917 0.5125 0.398958 0.5125 0.401042 0.510937 0.402083 0.510937 0.403125 0.510156 0.404167 0.510156 0.40625 0.508594 0.407292 0.508594 0.409375 0.507031 0.410417 0.507031 0.413542 0.504687 0.414583 0.504687 0.425 0.496875 0.425 0.496094 0.427083 0.494531 0.427083 0.49375 0.428125 0.492969 0.428125 0.492187 0.429167 0.491406 0.429167 0.489844 0.43125 0.488281 0.43125 0.485937 0.897643
0 0.421875 0.38125 0.421875 0.382031 0.419792 0.383594 0.41875 0.383594 0.4125 0.388281 0.411458 0.388281 0.407292 0.391406 0.40625 0.391406 0.405208 0.392187 0.404167 0.392187 0.403125 0.392969 0.402083 0.392969 0.401042 0.39375 0.4 0.39375 0.398958 0.394531 0.397917 0.394531 0.396875 0.395312 0.395833 0.395312 0.39375 0.396875 0.392708 0.396875 0.391667 0.397656 0.389583 0.397656 0.388542 0.398438 0.3875 0.398438 0.386458 0.399219 0.385417 0.399219 0.384375 0.4 0.383333 0.4 0.382292 0.400781 0.379167 0.400781 0.378125 0.401562 0.376042 0.401562 0.375 0.402344 0.372917 0.402344 0.371875 0.403125 0.369792 0.403125 0.36875 0.403906 0.364583 0.403906 0.363542 0.404687 0.360417 0.404687 0.359375 0.405469 0.35625 0.405469 0.355208 0.40625 0.35 0.40625 0.348958 0.407031 0.3375 0.407031 0.336458 0.407812 0.305208 0.407812 0.304167 0.407031 0.29375 0.407031 0.292708 0.40625 0.289583 0.40625 0.288542 0.405469 0.286458 0.405469 0.285417 0.404687 0.28125 0.404687 0.280208 0.403906 0.276042 0.403906 0.275 0.403125 0.273958 0.403125 0.272917 0.402344 0.271875 0.402344 0.270833 0.401562 0.26875 0.401562 0.267708 0.400781 0.265625 0.400781 0.264583 0.4 0.2625 0.4 0.259375 0.397656 0.257292 0.397656 0.25625 0.396875 0.255208 0.396875 0.253125 0.395312 0.252083 0.395312 0.25 0.39375 0.248958 0.39375 0.242708 0.389062 0.241667 0.389062 0.239583 0.3875 0.239583 0.386719 0.238542 0.385937 0.238542 0.385156 0.2375 0.384375 0.2375 0.396875 0.238542 0.397656 0.238542 0.398438 0.245833 0.403906 0.246875 0.403906 0.251042 0.407031 0.252083 0.407031 0.253125 0.407812 0.254167 0.407812 0.255208 0.408594 0.25625 0.408594 0.258333 0.410156 0.259375 0.410156 0.260417 0.410937 0.261458 0.410937 0.2625 0.411719 0.264583 0.411719 0.265625 0.4125 0.266667 0.4125 0.267708 0.413281 0.269792 0.413281 0.270833 0.414062 0.273958 0.414062 0.275 0.414844 0.277083 0.414844 0.278125 0.415625 0.279167 0.415625 0.280208 0.416406 0.284375 0.416406 0.285417 0.417187 0.29375 0.417187 0.294792 0.417969 0.297917 0.417969 0.298958 0.41875 0.342708 0.41875 0.34375 0.417969 0.348958 0.417969 0.35 0.417187 0.35625 0.417187 0.357292 0.416406 0.360417 0.416406 0.361458 0.415625 0.364583 0.415625 0.365625 0.414844 0.367708 0.414844 0.36875 0.414062 0.371875 0.414062 0.372917 0.413281 0.375 0.413281 0.376042 0.4125 0.378125 0.4125 0.379167 0.411719 0.380208 0.411719 0.38125 0.410937 0.383333 0.410937 0.384375 0.410156 0.385417 0.410156 0.386458 0.409375 0.3875 0.409375 0.388542 0.408594 0.389583 0.408594 0.390625 0.407812 0.391667 0.407812 0.392708 0.407031 0.39375 0.407031 0.395833 0.405469 0.396875 0.405469 0.397917 0.404687 0.398958 0.404687 0.4 0.403906 0.401042 0.403906 0.404167 0.401562 0.405208 0.401562 0.409375 0.398438 0.410417 0.398438 0.415625 0.394531 0.415625 0.39375 0.417708 0.392187 0.417708 0.391406 0.41875 0.390625 0.41875 0.389844 0.420833 0.388281 0.420833 0.3875 0.421875 0.386719 0.421875 0.385156 0.422917 0.384375 0.422917 0.38125 0.871346
0 0.519792 0.464062 0.519792 0.475781 0.522917 0.478125 0.522917 0.478906 0.532292 0.485937 0.533333 0.485937 0.536458 0.488281 0.5375 0.488281 0.539583 0.489844 0.540625 0.489844 0.542708 0.491406 0.54375 0.491406 0.545833 0.492969 0.546875 0.492969 0.547917 0.49375 0.548958 0.49375 0.55 0.494531 0.551042 0.494531 0.552083 0.495312 0.553125 0.495312 0.554167 0.496094 0.555208 0.496094 0.55625 0.496875 0.557292 0.496875 0.558333 0.497656 0.560417 0.497656 0.561458 0.498437 0.563542 0.498437 0.564583 0.499219 0.565625 0.499219 0.566667 0.5 0.56875 0.5 0.569792 0.500781 0.573958 0.500781 0.575 0.501562 0.578125 0.501562 0.579167 0.502344 0.582292 0.502344 0.583333 0.503125 0.586458 0.503125 0.5875 0.503906 0.592708 0.503906 0.59375 0.504687 0.628125 0.504687 0.629167 0.503906 0.633333 0.503906 0.634375 0.503125 0.6375 0.503125 0.638542 0.502344 0.640625 0.502344 0.641667 0.501562 0.644792 0.501562 0.645833 0.500781 0.647917 0.500781 0.648958 0.5 0.651042 0.5 0.652083 0.499219 0.653125 0.499219 0.654167 0.498437 0.65625 0.498437 0.657292 0.497656 0.659375 0.497656 0.660417 0.496875 0.661458 0.496875 0.663542 0.495312 0.665625 0.495312 0.666667 0.494531 0.667708 0.494531 0.670833 0.492187 0.671875 0.492187 0.676042 0.489062 0.677083 0.489062 0.685417 0.482812 0.685417 0.482031 0.686458 0.48125 0.686458 0.480469 0.6875 0.479687 0.6875 0.478125 0.688542 0.477344 0.688542 0.475781 0.686458 0.477344 0.685417 0.477344 0.680208 0.48125 0.679167 0.48125 0.677083 0.482812 0.676042 0.482812 0.672917 0.485156 0.671875 0.485156 0.670833 0.485937 0.669792 0.485937 0.66875 0.486719 0.667708 0.486719 0.666667 0.4875 0.665625 0.4875 0.663542 0.489062 0.661458 0.489062 0.660417 0.489844 0.659375 0.489844 0.658333 0.490625 0.657292 0.490625 0.65625 0.491406 0.653125 0.491406 0.652083 0.492187 0.65 0.492187 0.648958 0.492969 0.646875 0.492969 0.645833 0.49375 0.642708 0.49375 0.641667 0.494531 0.635417 0.494531 0.634375 0.495312 0.629167 0.495312 0.628125 0.496094 0.601042 0.496094 0.6 0.495312 0.590625 0.495312 0.589583 0.494531 0.583333 0.494531 0.582292 0.49375 0.579167 0.49375 0.578125 0.492969 0.576042 0.492969 0.575 0.492187 0.571875 0.492187 0.570833 0.491406 0.567708 0.491406 0.566667 0.490625 0.564583 0.490625 0.563542 0.489844 0.5625 0.489844 0.561458 0.489062 0.560417 0.489062 0.559375 0.488281 0.557292 0.488281 0.55625 0.4875 0.555208 0.4875 0.554167 0.486719 0.553125 0.486719 0.552083 0.485937 0.551042 0.485937 0.55 0.485156 0.548958 0.485156 0.547917 0.484375 0.546875 0.484375 0.545833 0.483594 0.544792 0.483594 0.542708 0.482031 0.541667 0.482031 0.538542 0.479687 0.5375 0.479687 0.536458 0.478906 0.535417 0.478906 0.527083 0.472656 0.527083 0.471875 0.521875 0.467969 0.521875 0.466406 0.519792 0.464844 0.850999
0 0.43125 0.544531 0.430208 0.545312 0.430208 0.546094 0.429167 0.546875 0.429167 0.547656 0.428125 0.548437 0.427083 0.548437 0.426042 0.549219 0.426042 0.55 0.416667 0.557031 0.415625 0.557031 0.410417 0.560937 0.409375 0.560937 0.407292 0.5625 0.40625 0.5625 0.404167 0.564062 0.403125 0.564062 0.402083 0.564844 0.401042 0.564844 0.398958 0.566406 0.396875 0.566406 0.395833 0.567187 0.394792 0.567187 0.39375 0.567969 0.392708 0.567969 0.391667 0.56875 0.389583 0.56875 0.388542 0.569531 0.3875 0.569531 0.386458 0.570312 0.383333 0.570312 0.382292 0.571094 0.380208 0.571094 0.379167 0.571875 0.377083 0.571875 0.376042 0.572656 0.373958 0.572656 0.372917 0.573437 0.367708 0.573437 0.366667 0.574219 0.360417 0.574219 0.359375 0.575 0.332292 0.575 0.33125 0.574219 0.321875 0.574219 0.320833 0.573437 0.316667 0.573437 0.315625 0.572656 0.3125 0.572656 0.311458 0.571875 0.309375 0.571875 0.308333 0.571094 0.30625 0.571094 0.305208 0.570312 0.303125 0.570312 0.302083 0.569531 0.301042 0.569531 0.3 0.56875 0.298958 0.56875 0.297917 0.567969 0.295833 0.567969 0.294792 0.567187 0.29375 0.567187 0.292708 0.566406 0.291667 0.566406 0.288542 0.564062 0.2875 0.564062 0.284375 0.561719 0.283333 0.561719 0.28125 0.560156 0.280208 0.560156 0.277083 0.557812 0.277083 0.557031 0.272917 0.553906 0.272917 0.553125 0.271875 0.552344 0.271875 0.551562 0.269792 0.55 0.269792 0.549219 0.26875 0.548437 0.26875 0.547656 0.267708 0.546875 0.267708 0.546094 0.267708 0.557031 0.26875 0.557812 0.26875 0.558594 0.269792 0.559375 0.269792 0.560156 0.270833 0.560937 0.270833 0.561719 0.273958 0.564062 0.273958 0.564844 0.276042 0.566406 0.276042 0.567187 0.278125 0.56875 0.279167 0.56875 0.285417 0.573437 0.286458 0.573437 0.288542 0.575 0.289583 0.575 0.290625 0.575781 0.291667 0.575781 0.292708 0.576562 0.29375 0.576562 0.294792 0.577344 0.295833 0.577344 0.297917 0.578906 0.3 0.578906 0.301042 0.579687 0.302083 0.579687 0.303125 0.580469 0.304167 0.580469 0.305208 0.58125 0.307292 0.58125 0.308333 0.582031 0.311458 0.582031 0.3125 0.582812 0.315625 0.582812 0.316667 0.583594 0.319792 0.583594 0.320833 0.584375 0.364583 0.584375 0.365625 0.583594 0.36875 0.583594 0.369792 0.582812 0.373958 0.582812 0.375 0.582031 0.378125 0.582031 0.379167 0.58125 0.382292 0.58125 0.383333 0.580469 0.384375 0.580469 0.385417 0.579687 0.386458 0.579687 0.3875 0.578906 0.388542 0.578906 0.389583 0.578125 0.391667 0.578125 0.392708 0.577344 0.39375 0.577344 0.394792 0.576562 0.395833 0.576562 0.396875 0.575781 0.397917 0.575781 0.398958 0.575 0.4 0.575 0.401042 0.574219 0.402083 0.574219 0.404167 0.572656 0.405208 0.572656 0.40625 0.571875 0.407292 0.571875 0.410417 0.569531 0.411458 0.569531 0.421875 0.561719 0.421875 0.560937 0.425 0.558594 0.425 0.557812 0.427083 0.55625 0.427083 0.555469 0.428125 0.554688 0.428125 0.553906 0.429167 0.553125 0.429167 0.552344 0.430208 0.551562 0.430208 0.550781 0.43125 0.55 0.43125 0.549219 0.432292 0.548437 0.432292 0.546094 0.43125 0.545312 0.779843
