0 0.166667 0.386719 0.165625 0.3875 0.163542 0.3875 0.1625 0.388281 0.160417 0.388281 0.159375 0.389062 0.155208 0.389062 0.154167 0.389844 0.152083 0.389844 0.151042 0.390625 0.148958 0.390625 0.147917 0.391406 0.145833 0.391406 0.144792 0.392187 0.142708 0.392187 0.141667 0.392969 0.139583 0.392969 0.138542 0.39375 0.1375 0.39375 0.136458 0.394531 0.135417 0.394531 0.134375 0.395312 0.132292 0.395312 0.13125 0.396094 0.130208 0.396094 0.129167 0.396875 0.128125 0.396875 0.127083 0.397656 0.126042 0.397656 0.125 0.398438 0.123958 0.398438 0.122917 0.399219 0.121875 0.399219 0.120833 0.4 0.119792 0.4 0.117708 0.401562 0.116667 0.401562 0.115625 0.402344 0.114583 0.402344 0.1125 0.403906 0.111458 0.403906 0.108333 0.40625 0.107292 0.40625 0.103125 0.409375 0.102083 0.409375 0.096875 0.413281 0.0958333 0.413281 0.0895833 0.417969 0.0895833 0.41875 0.0854167 0.421875 0.0854167 0.422656 0.0833333 0.424219 0.0833333 0.425 0.08125 0.426562 0.08125 0.427344 0.0802083 0.428125 0.0802083 0.428906 0.0791667 0.429688 0.0791667 0.430469 0.078125 0.43125 0.078125 0.432812 0.0760417 0.434375 0.0760417 0.45 0.0770833 0.450781 0.0770833 0.452344 0.078125 0.453125 0.078125 0.453906 0.0791667 0.454687 0.0791667 0.45625 0.0802083 0.457031 0.0802083 0.457812 0.08125 0.458594 0.08125 0.460156 0.0833333 0.461719 0.0833333 0.4625 0.0854167 0.464062 0.0854167 0.464844 0.090625 0.46875 0.0916667 0.46875 0.0958333 0.471875 0.096875 0.471875 0.1 0.474219 0.101042 0.474219 0.102083 0.475 0.103125 0.475 0.104167 0.475781 0.105208 0.475781 0.10625 0.476562 0.107292 0.476562 0.109375 0.478125 0.111458 0.478125 0.1125 0.478906 0.113542 0.478906 0.114583 0.479687 0.115625 0.479687 0.116667 0.480469 0.119792 0.480469 0.120833 0.48125 0.123958 0.48125 0.125 0.482031 0.127083 0.482031 0.128125 0.482812 0.13125 0.482812 0.132292 0.483594 0.1375 0.483594 0.138542 0.484375 0.145833 0.484375 0.146875 0.485156 0.180208 0.485156 0.18125 0.484375 0.1875 0.484375 0.188542 0.483594 0.19375 0.483594 0.194792 0.482812 0.198958 0.482812 0.2 0.482031 0.203125 0.482031 0.204167 0.48125 0.207292 0.48125 0.208333 0.480469 0.210417 0.480469 0.211458 0.479687 0.214583 0.479687 0.215625 0.478906 0.217708 0.478906 0.21875 0.478125 0.221875 0.478125 0.222917 0.477344 0.225 0.477344 0.226042 0.476562 0.227083 0.476562 0.228125 0.475781 0.229167 0.475781 0.230208 0.475 0.232292 0.475 0.234375 0.473437 0.235417 0.473437 0.236458 0.472656 0.2375 0.472656 0.238542 0.471875 0.239583 0.471875 0.240625 0.471094 0.241667 0.471094 0.242708 0.470312 0.24375 0.470312 0.245833 0.46875 0.246875 0.46875 0.247917 0.467969 0.248958 0.467969 0.25 0.467187 0.251042 0.467187 0.253125 0.465625 0.254167 0.465625 0.25625 0.464062 0.257292 0.464062 0.260417 0.461719 0.261458 0.461719 0.273958 0.452344 0.273958 0.451562 0.277083 0.449219 0.277083 0.448437 0.280208 0.446094 0.280208 0.445312 0.28125 0.444531 0.28125 0.44375 0.282292 0.442969 0.282292 0.442187 0.283333 0.441406 0.283333 0.439844 0.284375 0.439062 0.284375 0.4375 0.285417 0.436719 0.285417 0.428125 0.286458 0.427344 0.286458 0.421094 0.2875 0.420312 0.286458 0.419531 0.286458 0.417187 0.285417 0.416406 0.285417 0.414062 0.284375 0.413281 0.284375 0.4125 0.283333 0.411719 0.283333 0.410937 0.282292 0.410156 0.282292 0.409375 0.28125 0.408594 0.28125 0.407812 0.279167 0.40625 0.279167 0.405469 0.269792 0.398438 0.26875 0.398438 0.265625 0.396094 0.264583 0.396094 0.263542 0.395312 0.2625 0.395312 0.261458 0.394531 0.260417 0.394531 0.258333 0.392969 0.25625 0.392969 0.255208 0.392187 0.254167 0.392187 0.253125 0.391406 0.252083 0.391406 0.251042 0.390625 0.25 0.390625 0.248958 0.389844 0.245833 0.389844 0.244792 0.389062 0.242708 0.389062 0.241667 0.388281 0.240625 0.388281 0.239583 0.3875 0.2375 0.3875 0.236458 0.386719 0.985912
0 0.419792 0.474219 0.41875 0.475 0.416667 0.475 0.415625 0.475781 0.413542 0.475781 0.4125 0.476562 0.410417 0.476562 0.409375 0.477344 0.40625 0.477344 0.405208 0.478125 0.404167 0.478125 0.403125 0.478906 0.401042 0.478906 0.4 0.479687 0.398958 0.479687 0.397917 0.480469 0.395833 0.480469 0.39375 0.482031 0.392708 0.482031 0.391667 0.482812 0.390625 0.482812 0.389583 0.483594 0.388542 0.483594 0.3875 0.484375 0.386458 0.484375 0.383333 0.486719 0.382292 0.486719 0.380208 0.488281 0.379167 0.488281 0.377083 0.489844 0.376042 0.489844 0.372917 0.492187 0.371875 0.492187 0.363542 0.498437 0.363542 0.499219 0.361458 0.500781 0.361458 0.501562 0.358333 0.503906 0.358333 0.504687 0.357292 0.505469 0.357292 0.50625 0.35625 0.507031 0.35625 0.507812 0.354167 0.509375 0.354167 0.510156 0.353125 0.510937 0.353125 0.5125 0.352083 0.513281 0.352083 0.514062 0.35 0.515625 0.35 0.535937 0.351042 0.536719 0.351042 0.5375 0.352083 0.538281 0.352083 0.540625 0.353125 0.541406 0.353125 0.542969 0.354167 0.54375 0.354167 0.544531 0.35625 0.546094 0.35625 0.546875 0.357292 0.547656 0.357292 0.549219 0.358333 0.55 0.358333 0.550781 0.3625 0.553906 0.3625 0.554688 0.365625 0.557031 0.365625 0.557812 0.36875 0.560156 0.369792 0.560156 0.375 0.564062 0.376042 0.564062 0.378125 0.565625 0.379167 0.565625 0.38125 0.567187 0.382292 0.567187 0.384375 0.56875 0.385417 0.56875 0.386458 0.569531 0.3875 0.569531 0.388542 0.570312 0.389583 0.570312 0.390625 0.571094 0.391667 0.571094 0.392708 0.571875 0.39375 0.571875 0.394792 0.572656 0.395833 0.572656 0.396875 0.573437 0.397917 0.573437 0.398958 0.574219 0.401042 0.574219 0.402083 0.575 0.404167 0.575 0.405208 0.575781 0.40625 0.575781 0.407292 0.576562 0.410417 0.576562 0.411458 0.577344 0.414583 0.577344 0.415625 0.578125 0.417708 0.578125 0.41875 0.578906 0.421875 0.578906 0.422917 0.579687 0.427083 0.579687 0.428125 0.580469 0.434375 0.580469 0.435417 0.58125 0.458333 0.58125 0.459375 0.580469 0.467708 0.580469 0.46875 0.579687 0.472917 0.579687 0.473958 0.578906 0.477083 0.578906 0.478125 0.578125 0.482292 0.578125 0.483333 0.577344 0.486458 0.577344 0.4875 0.576562 0.488542 0.576562 0.489583 0.575781 0.491667 0.575781 0.492708 0.575 0.494792 0.575 0.495833 0.574219 0.496875 0.574219 0.497917 0.573437 0.5 0.573437 0.502083 0.571875 0.503125 0.571875 0.504167 0.571094 0.50625 0.571094 0.507292 0.570312 0.508333 0.570312 0.511458 0.567969 0.5125 0.567969 0.513542 0.567187 0.514583 0.567187 0.516667 0.565625 0.517708 0.565625 0.520833 0.563281 0.521875 0.563281 0.532292 0.555469 0.532292 0.554688 0.535417 0.552344 0.535417 0.551562 0.5375 0.55 0.5375 0.549219 0.539583 0.547656 0.539583 0.546875 0.540625 0.546094 0.540625 0.544531 0.541667 0.54375 0.541667 0.542187 0.542708 0.541406 0.542708 0.540625 0.544792 0.539062 0.544792 0.538281 0.545833 0.5375 0.545833 0.536719 0.546875 0.535937 0.546875 0.532812 0.547917 0.532031 0.547917 0.520312 0.546875 0.519531 0.546875 0.515625 0.545833 0.514844 0.545833 0.5125 0.544792 0.511719 0.544792 0.510156 0.54375 0.509375 0.54375 0.508594 0.542708 0.507812 0.542708 0.507031 0.541667 0.50625 0.541667 0.505469 0.540625 0.504687 0.540625 0.503906 0.538542 0.502344 0.538542 0.501562 0.536458 0.5 0.536458 0.499219 0.523958 0.489844 0.522917 0.489844 0.519792 0.4875 0.51875 0.4875 0.515625 0.485156 0.514583 0.485156 0.513542 0.484375 0.5125 0.484375 0.511458 0.483594 0.510417 0.483594 0.509375 0.482812 0.508333 0.482812 0.50625 0.48125 0.505208 0.48125 0.504167 0.480469 0.502083 0.480469 0.501042 0.479687 0.5 0.479687 0.498958 0.478906 0.497917 0.478906 0.496875 0.478125 0.494792 0.478125 0.49375 0.477344 0.491667 0.477344 0.490625 0.476562 0.488542 0.476562 0.4875 0.475781 0.485417 0.475781 0.484375 0.475 0.482292 0.475 0.48125 0.474219 0.978124
0 0.298958 0.6125 0.297917 0.6125 0.296875 0.613281 0.296875 0.614844 0.292708 0.617969 0.292708 0.61875 0.282292 0.626562 0.28125 0.626562 0.28125 0.627344 0.280208 0.628125 0.279167 0.628125 0.278125 0.628906 0.276042 0.628906 0.275 0.629687 0.275 0.630469 0.273958 0.63125 0.272917 0.63125 0.269792 0.633594 0.26875 0.633594 0.266667 0.635156 0.265625 0.635156 0.264583 0.635937 0.263542 0.635937 0.2625 0.636719 0.260417 0.636719 0.259375 0.6375 0.258333 0.6375 0.257292 0.638281 0.255208 0.638281 0.254167 0.639062 0.252083 0.639062 0.251042 0.639844 0.25 0.639844 0.248958 0.640625 0.246875 0.640625 0.245833 0.641406 0.242708 0.641406 0.241667 0.642187 0.240625 0.642187 0.239583 0.642969 0.2375 0.642969 0.236458 0.64375 0.232292 0.64375 0.23125 0.644531 0.227083 0.644531 0.226042 0.645312 0.222917 0.645312 0.221875 0.646094 0.217708 0.646094 0.216667 0.646875 0.191667 0.646875 0.190625 0.646094 0.185417 0.646094 0.184375 0.645312 0.182292 0.645312 0.18125 0.644531 0.178125 0.644531 0.177083 0.64375 0.172917 0.64375 0.171875 0.642969 0.169792 0.642969 0.16875 0.642187 0.167708 0.642187 0.166667 0.641406 0.164583 0.641406 0.163542 0.640625 0.161458 0.640625 0.159375 0.639062 0.158333 0.639062 0.15625 0.6375 0.155208 0.6375 0.154167 0.636719 0.153125 0.636719 0.151042 0.635156 0.15 0.635156 0.14375 0.630469 0.14375 0.629687 0.142708 0.628906 0.141667 0.628906 0.140625 0.628125 0.140625 0.627344 0.138542 0.625781 0.138542 0.625 0.136458 0.623437 0.136458 0.622656 0.135417 0.621875 0.135417 0.621094 0.134375 0.620312 0.134375 0.619531 0.133333 0.61875 0.133333 0.617969 0.132292 0.617188 0.132292 0.615625 0.13125 0.614844 0.13125 0.614062 0.130208 0.613281 0.129167 0.613281 0.129167 0.622656 0.130208 0.623437 0.130208 0.625 0.13125 0.625781 0.13125 0.626562 0.133333 0.628125 0.133333 0.628906 0.136458 0.63125 0.136458 0.632031 0.1375 0.632812 0.1375 0.633594 0.139583 0.635156 0.139583 0.635937 0.146875 0.641406 0.147917 0.641406 0.15 0.642969 0.151042 0.642969 0.152083 0.64375 0.153125 0.64375 0.155208 0.645312 0.15625 0.645312 0.158333 0.646875 0.159375 0.646875 0.161458 0.648438 0.164583 0.648438 0.165625 0.649219 0.166667 0.649219 0.167708 0.65 0.16875 0.65 0.169792 0.650781 0.172917 0.650781 0.173958 0.651562 0.178125 0.651562 0.179167 0.652344 0.182292 0.652344 0.183333 0.653125 0.1875 0.653125 0.188542 0.653906 0.209375 0.653906 0.210417 0.653125 0.217708 0.653125 0.21875 0.652344 0.221875 0.652344 0.222917 0.651562 0.228125 0.651562 0.229167 0.650781 0.235417 0.650781 0.236458 0.65 0.238542 0.65 0.239583 0.649219 0.241667 0.649219 0.242708 0.648438 0.244792 0.648438 0.246875 0.65 0.246875 0.650781 0.247917 0.650781 0.247917 0.65 0.251042 0.647656 0.252083 0.647656 0.253125 0.648438 0.254167 0.648438 0.255208 0.649219 0.25625 0.648438 0.257292 0.648438 0.258333 0.647656 0.260417 0.647656 0.261458 0.646875 0.2625 0.646875 0.263542 0.646094 0.264583 0.646094 0.265625 0.645312 0.266667 0.645312 0.270833 0.642187 0.271875 0.642187 0.273958 0.640625 0.273958 0.639844 0.275 0.639062 0.276042 0.639062 0.277083 0.638281 0.277083 0.6375 0.279167 0.635937 0.280208 0.635937 0.28125 0.635156 0.28125 0.633594 0.288542 0.628125 0.288542 0.627344 0.290625 0.625781 0.291667 0.625781 0.29375 0.624219 0.29375 0.623437 0.294792 0.622656 0.294792 0.621875 0.296875 0.620312 0.296875 0.619531 0.297917 0.61875 0.297917 0.617188 0.298958 0.616406 0.298958 0.6125 0.301042 0.610937 0.301042 0.610937 0.973995
0 0.29375 0.489062 0.29375 0.489844 0.291667 0.491406 0.291667 0.492187 0.289583 0.49375 0.288542 0.49375 0.288542 0.494531 0.275 0.504687 0.273958 0.504687 0.270833 0.507031 0.269792 0.507031 0.266667 0.509375 0.265625 0.509375 0.263542 0.510937 0.2625 0.510937 0.260417 0.5125 0.259375 0.5125 0.258333 0.513281 0.257292 0.513281 0.25625 0.514062 0.255208 0.514062 0.253125 0.515625 0.251042 0.515625 0.25 0.516406 0.248958 0.516406 0.247917 0.517188 0.246875 0.517188 0.245833 0.517969 0.244792 0.517969 0.24375 0.51875 0.242708 0.51875 0.241667 0.519531 0.239583 0.519531 0.238542 0.520312 0.2375 0.520312 0.236458 0.521094 0.234375 0.521094 0.233333 0.521875 0.232292 0.521875 0.23125 0.522656 0.228125 0.522656 0.227083 0.523438 0.223958 0.523438 0.222917 0.524219 0.219792 0.524219 0.21875 0.525 0.215625 0.525 0.214583 0.525781 0.210417 0.525781 0.209375 0.526562 0.20625 0.526562 0.205208 0.527344 0.198958 0.527344 0.197917 0.528125 0.164583 0.528125 0.163542 0.527344 0.157292 0.527344 0.15625 0.526562 0.153125 0.526562 0.152083 0.525781 0.145833 0.525781 0.144792 0.525 0.142708 0.525 0.141667 0.524219 0.140625 0.524219 0.139583 0.523438 0.1375 0.523438 0.136458 0.522656 0.134375 0.522656 0.133333 0.521875 0.132292 0.521875 0.13125 0.521094 0.130208 0.521094 0.129167 0.520312 0.128125 0.520312 0.127083 0.519531 0.125 0.519531 0.123958 0.51875 0.121875 0.51875 0.119792 0.517188 0.11875 0.517188 0.117708 0.516406 0.116667 0.516406 0.114583 0.514844 0.114583 0.514062 0.113542 0.513281 0.1125 0.513281 0.110417 0.511719 0.110417 0.510937 0.109375 0.510156 0.109375 0.509375 0.108333 0.508594 0.108333 0.507812 0.107292 0.507031 0.107292 0.50625 0.10625 0.505469 0.10625 0.504687 0.105208 0.503906 0.105208 0.503125 0.104167 0.502344 0.104167 0.500781 0.103125 0.5 0.103125 0.497656 0.102083 0.496875 0.102083 0.492969 0.101042 0.492187 0.1 0.492187 0.1 0.50625 0.101042 0.507031 0.101042 0.507812 0.102083 0.508594 0.102083 0.509375 0.105208 0.511719 0.10625 0.511719 0.107292 0.5125 0.108333 0.5125 0.110417 0.514062 0.110417 0.514844 0.113542 0.517188 0.1125 0.517969 0.1125 0.519531 0.113542 0.520312 0.113542 0.521094 0.121875 0.527344 0.122917 0.527344 0.125 0.528906 0.126042 0.528906 0.127083 0.529687 0.128125 0.529687 0.130208 0.53125 0.13125 0.53125 0.133333 0.532812 0.135417 0.532812 0.136458 0.533594 0.1375 0.533594 0.138542 0.534375 0.140625 0.534375 0.141667 0.535156 0.14375 0.535156 0.144792 0.535937 0.145833 0.535937 0.146875 0.536719 0.15 0.536719 0.151042 0.5375 0.154167 0.5375 0.155208 0.538281 0.159375 0.538281 0.160417 0.539062 0.169792 0.539062 0.170833 0.539844 0.192708 0.539844 0.19375 0.539062 0.203125 0.539062 0.204167 0.538281 0.208333 0.538281 0.209375 0.5375 0.213542 0.5375 0.214583 0.536719 0.217708 0.536719 0.21875 0.535937 0.220833 0.535937 0.221875 0.535156 0.223958 0.535156 0.225 0.534375 0.228125 0.534375 0.229167 0.533594 0.23125 0.533594 0.232292 0.532812 0.234375 0.532812 0.235417 0.532031 0.236458 0.532031 0.2375 0.53125 0.239583 0.53125 0.240625 0.530469 0.241667 0.530469 0.242708 0.529687 0.244792 0.529687 0.246875 0.528125 0.247917 0.528125 0.248958 0.527344 0.251042 0.527344 0.252083 0.526562 0.253125 0.526562 0.254167 0.525781 0.255208 0.525781 0.257292 0.524219 0.258333 0.524219 0.261458 0.521875 0.2625 0.521875 0.263542 0.521094 0.264583 0.521094 0.267708 0.51875 0.26875 0.51875 0.273958 0.514844 0.275 0.514844 0.280208 0.510937 0.280208 0.510156 0.284375 0.507031 0.284375 0.50625 0.286458 0.504687 0.286458 0.503906 0.288542 0.502344 0.288542 0.501562 0.290625 0.5 0.290625 0.499219 0.291667 0.498437 0.291667 0.496094 0.292708 0.495312 0.292708 0.494531 0.29375 0.49375 0.29375 0.492969 0.294792 0.492187 0.294792 0.490625 0.29375 0.489844 0.961618
0 0.517708 0.628906 0.517708 0.628906 0.355208 0.625781 0.355208 0.626562 0.35625 0.627344 0.35625 0.628125 0.360417 0.63125 0.360417 0.632031 0.36875 0.638281 0.369792 0.638281 0.376042 0.642969 0.377083 0.642969 0.379167 0.644531 0.380208 0.644531 0.38125 0.645312 0.382292 0.645312 0.383333 0.646094 0.384375 0.646094 0.385417 0.646875 0.386458 0.646875 0.3875 0.647656 0.388542 0.647656 0.389583 0.648438 0.390625 0.648438 0.391667 0.649219 0.392708 0.649219 0.39375 0.65 0.397917 0.65 0.398958 0.650781 0.4 0.650781 0.401042 0.651562 0.402083 0.651562 0.403125 0.652344 0.407292 0.652344 0.408333 0.653125 0.411458 0.653125 0.4125 0.653906 0.415625 0.653906 0.416667 0.654687 0.420833 0.654687 0.421875 0.655469 0.447917 0.655469 0.448958 0.654687 0.453125 0.654687 0.454167 0.653906 0.458333 0.653906 0.459375 0.653125 0.463542 0.653125 0.464583 0.652344 0.46875 0.652344 0.469792 0.651562 0.470833 0.651562 0.471875 0.650781 0.475 0.650781 0.476042 0.65 0.478125 0.65 0.479167 0.649219 0.480208 0.649219 0.48125 0.648438 0.482292 0.648438 0.483333 0.647656 0.484375 0.647656 0.485417 0.646875 0.4875 0.646875 0.489583 0.645312 0.490625 0.645312 0.491667 0.644531 0.492708 0.644531 0.49375 0.64375 0.494792 0.64375 0.497917 0.641406 0.498958 0.641406 0.502083 0.639062 0.503125 0.639062 0.510417 0.633594 0.511458 0.633594 0.514583 0.63125 0.515625 0.632031 0.514583 0.632812 0.514583 0.633594 0.5125 0.635156 0.5125 0.635937 0.510417 0.6375 0.510417 0.638281 0.509375 0.639062 0.508333 0.639062 0.50625 0.640625 0.50625 0.641406 0.505208 0.642187 0.504167 0.642187 0.502083 0.64375 0.502083 0.644531 0.501042 0.645312 0.5 0.645312 0.497917 0.646875 0.496875 0.646875 0.494792 0.648438 0.49375 0.648438 0.352083 0.624219 0.352083 0.621875 0.351042 0.621094 0.351042 0.619531 0.351042 0.623437 0.352083 0.624219 0.49375 0.648438 0.492708 0.649219 0.491667 0.649219 0.489583 0.650781 0.488542 0.650781 0.4875 0.651562 0.486458 0.651562 0.484375 0.653125 0.483333 0.653125 0.482292 0.653906 0.480208 0.653906 0.479167 0.654687 0.478125 0.654687 0.477083 0.655469 0.475 0.655469 0.473958 0.65625 0.472917 0.65625 0.471875 0.657031 0.46875 0.657031 0.467708 0.657812 0.465625 0.657812 0.464583 0.658594 0.4625 0.658594 0.461458 0.659375 0.458333 0.659375 0.457292 0.660156 0.45 0.660156 0.448958 0.660937 0.442708 0.660937 0.441667 0.661719 0.427083 0.661719 0.426042 0.660937 0.417708 0.660937 0.416667 0.660156 0.408333 0.660156 0.407292 0.659375 0.405208 0.659375 0.404167 0.658594 0.403125 0.658594 0.402083 0.657812 0.4 0.657812 0.398958 0.657031 0.395833 0.657031 0.394792 0.65625 0.39375 0.65625 0.392708 0.655469 0.391667 0.655469 0.390625 0.654687 0.389583 0.654687 0.388542 0.653906 0.386458 0.653906 0.385417 0.653125 0.384375 0.653125 0.382292 0.651562 0.38125 0.651562 0.378125 0.649219 0.377083 0.649219 0.376042 0.648438 0.375 0.648438 0.370833 0.645312 0.369792 0.645312 0.367708 0.64375 0.367708 0.642969 0.361458 0.638281 0.361458 0.6375 0.359375 0.635937 0.359375 0.635156 0.358333 0.634375 0.358333 0.633594 0.357292 0.632812 0.357292 0.632031 0.355208 0.630469 0.355208 0.628906 0.354167 0.628125 0.354167 0.625781 0.355208 0.625781 0.957883
0 0.54375 0.552344 0.54375 0.553125 0.542708 0.553906 0.542708 0.55625 0.541667 0.557031 0.541667 0.558594 0.539583 0.560156 0.539583 0.560937 0.538542 0.561719 0.538542 0.5625 0.5375 0.563281 0.5375 0.564062 0.536458 0.564844 0.535417 0.564844 0.533333 0.566406 0.533333 0.567187 0.53125 0.56875 0.530208 0.56875 0.525 0.572656 0.523958 0.572656 0.519792 0.575781 0.51875 0.575781 0.516667 0.577344 0.515625 0.577344 0.513542 0.578906 0.5125 0.578906 0.511458 0.579687 0.510417 0.579687 0.508333 0.58125 0.507292 0.58125 0.50625 0.582031 0.504167 0.582031 0.503125 0.582812 0.502083 0.582812 0.501042 0.583594 0.5 0.583594 0.498958 0.584375 0.497917 0.584375 0.496875 0.585156 0.494792 0.585156 0.49375 0.585938 0.491667 0.585938 0.490625 0.586719 0.489583 0.586719 0.488542 0.5875 0.486458 0.5875 0.485417 0.588281 0.48125 0.588281 0.480208 0.589062 0.477083 0.589062 0.476042 0.589844 0.472917 0.589844 0.471875 0.590625 0.467708 0.590625 0.466667 0.591406 0.428125 0.591406 0.427083 0.590625 0.423958 0.590625 0.422917 0.589844 0.419792 0.589844 0.41875 0.589062 0.415625 0.589062 0.414583 0.588281 0.410417 0.588281 0.409375 0.5875 0.408333 0.5875 0.407292 0.586719 0.40625 0.586719 0.405208 0.585938 0.403125 0.585938 0.402083 0.585156 0.4 0.585156 0.398958 0.584375 0.397917 0.584375 0.396875 0.583594 0.395833 0.583594 0.394792 0.582812 0.39375 0.582812 0.392708 0.582031 0.391667 0.582031 0.390625 0.58125 0.389583 0.58125 0.388542 0.580469 0.3875 0.580469 0.385417 0.578906 0.383333 0.578906 0.380208 0.576562 0.379167 0.576562 0.378125 0.575781 0.377083 0.575781 0.372917 0.572656 0.371875 0.572656 0.367708 0.569531 0.366667 0.569531 0.364583 0.567969 0.364583 0.567187 0.361458 0.564844 0.361458 0.564062 0.360417 0.563281 0.360417 0.5625 0.359375 0.561719 0.359375 0.560937 0.358333 0.560937 0.357292 0.560156 0.357292 0.561719 0.358333 0.5625 0.358333 0.564062 0.359375 0.564844 0.359375 0.565625 0.360417 0.566406 0.360417 0.567187 0.3625 0.56875 0.3625 0.569531 0.363542 0.570312 0.363542 0.571094 0.364583 0.571875 0.364583 0.572656 0.366667 0.574219 0.366667 0.575 0.369792 0.577344 0.370833 0.577344 0.371875 0.578125 0.371875 0.578906 0.372917 0.578906 0.378125 0.582812 0.379167 0.582812 0.38125 0.584375 0.382292 0.584375 0.384375 0.585938 0.385417 0.585938 0.386458 0.586719 0.3875 0.586719 0.390625 0.589062 0.391667 0.589062 0.392708 0.589844 0.39375 0.589844 0.394792 0.590625 0.395833 0.590625 0.396875 0.591406 0.397917 0.591406 0.398958 0.592187 0.4 0.592187 0.401042 0.592969 0.403125 0.592969 0.404167 0.59375 0.405208 0.59375 0.40625 0.594531 0.409375 0.594531 0.410417 0.595312 0.4125 0.595312 0.413542 0.596094 0.415625 0.596094 0.416667 0.596875 0.419792 0.596875 0.420833 0.597656 0.425 0.597656 0.426042 0.598437 0.429167 0.598437 0.430208 0.599219 0.433333 0.599219 0.434375 0.6 0.461458 0.6 0.4625 0.599219 0.467708 0.599219 0.46875 0.598437 0.472917 0.598437 0.473958 0.597656 0.479167 0.597656 0.480208 0.596875 0.483333 0.596875 0.484375 0.596094 0.486458 0.596094 0.4875 0.595312 0.488542 0.595312 0.489583 0.594531 0.491667 0.594531 0.492708 0.59375 0.494792 0.59375 0.495833 0.592969 0.496875 0.592969 0.497917 0.592187 0.498958 0.592187 0.5 0.591406 0.501042 0.591406 0.502083 0.590625 0.503125 0.590625 0.504167 0.589844 0.505208 0.589844 0.50625 0.589062 0.507292 0.589062 0.508333 0.588281 0.509375 0.588281 0.510417 0.5875 0.511458 0.5875 0.514583 0.585156 0.515625 0.585156 0.517708 0.583594 0.51875 0.583594 0.520833 0.582031 0.521875 0.582031 0.525 0.579687 0.526042 0.579687 0.533333 0.574219 0.533333 0.573437 0.535417 0.571875 0.535417 0.571094 0.536458 0.570312 0.536458 0.569531 0.5375 0.56875 0.5375 0.567969 0.540625 0.565625 0.540625 0.564844 0.541667 0.564062 0.542708 0.564062 0.542708 0.561719 0.54375 0.560937 0.955875
0 0.292708 0.45625 0.292708 0.458594 0.291667 0.459375 0.291667 0.460156 0.290625 0.460937 0.289583 0.460937 0.289583 0.461719 0.2875 0.463281 0.2875 0.464062 0.285417 0.465625 0.285417 0.466406 0.280208 0.470312 0.280208 0.471094 0.275 0.475 0.273958 0.475 0.272917 0.475781 0.271875 0.475781 0.267708 0.478906 0.266667 0.478906 0.263542 0.48125 0.2625 0.48125 0.260417 0.482812 0.259375 0.482812 0.257292 0.484375 0.25625 0.484375 0.255208 0.485156 0.254167 0.485156 0.253125 0.485937 0.252083 0.485937 0.251042 0.486719 0.25 0.486719 0.248958 0.4875 0.247917 0.4875 0.246875 0.488281 0.245833 0.488281 0.244792 0.489062 0.242708 0.489062 0.241667 0.489844 0.240625 0.489844 0.239583 0.490625 0.238542 0.490625 0.2375 0.491406 0.235417 0.491406 0.234375 0.492187 0.232292 0.492187 0.23125 0.492969 0.230208 0.492969 0.229167 0.49375 0.227083 0.49375 0.226042 0.494531 0.223958 0.494531 0.222917 0.495312 0.220833 0.495312 0.219792 0.496094 0.216667 0.496094 0.215625 0.496875 0.2125 0.496875 0.211458 0.497656 0.209375 0.497656 0.208333 0.498437 0.205208 0.498437 0.204167 0.499219 0.198958 0.499219 0.197917 0.5 0.1875 0.5 0.186458 0.500781 0.158333 0.500781 0.157292 0.5 0.148958 0.5 0.147917 0.499219 0.141667 0.499219 0.140625 0.498437 0.1375 0.498437 0.136458 0.497656 0.133333 0.497656 0.132292 0.496875 0.130208 0.496875 0.129167 0.496094 0.127083 0.496094 0.126042 0.495312 0.125 0.495312 0.123958 0.494531 0.122917 0.494531 0.121875 0.49375 0.119792 0.49375 0.11875 0.492969 0.117708 0.492969 0.115625 0.491406 0.114583 0.491406 0.113542 0.490625 0.1125 0.490625 0.110417 0.489062 0.109375 0.489062 0.108333 0.488281 0.107292 0.488281 0.105208 0.486719 0.105208 0.485937 0.104167 0.485937 0.096875 0.480469 0.096875 0.483594 0.0979167 0.484375 0.0979167 0.485156 0.101042 0.4875 0.101042 0.488281 0.104167 0.490625 0.105208 0.490625 0.107292 0.492187 0.107292 0.492969 0.109375 0.494531 0.110417 0.494531 0.111458 0.495312 0.111458 0.496094 0.1125 0.496094 0.114583 0.497656 0.115625 0.497656 0.117708 0.499219 0.11875 0.499219 0.119792 0.5 0.121875 0.5 0.126042 0.503125 0.129167 0.503125 0.130208 0.503906 0.132292 0.503906 0.133333 0.504687 0.134375 0.504687 0.135417 0.505469 0.1375 0.505469 0.138542 0.50625 0.140625 0.50625 0.141667 0.507031 0.147917 0.507031 0.148958 0.507812 0.153125 0.507812 0.154167 0.508594 0.191667 0.508594 0.192708 0.507812 0.197917 0.507812 0.198958 0.507031 0.20625 0.507031 0.207292 0.50625 0.211458 0.50625 0.2125 0.505469 0.215625 0.505469 0.216667 0.504687 0.219792 0.504687 0.220833 0.503906 0.225 0.503906 0.226042 0.503125 0.229167 0.503125 0.230208 0.502344 0.23125 0.502344 0.232292 0.501562 0.234375 0.501562 0.235417 0.500781 0.236458 0.500781 0.2375 0.5 0.239583 0.5 0.240625 0.499219 0.241667 0.499219 0.242708 0.498437 0.24375 0.498437 0.244792 0.497656 0.246875 0.497656 0.247917 0.496875 0.248958 0.496875 0.252083 0.494531 0.253125 0.494531 0.254167 0.49375 0.255208 0.49375 0.25625 0.492969 0.257292 0.492969 0.258333 0.492187 0.259375 0.492187 0.261458 0.490625 0.2625 0.490625 0.264583 0.489062 0.265625 0.489062 0.267708 0.4875 0.26875 0.4875 0.270833 0.485937 0.271875 0.485937 0.277083 0.482031 0.279167 0.482031 0.285417 0.477344 0.285417 0.476562 0.286458 0.475781 0.286458 0.475 0.289583 0.472656 0.289583 0.470312 0.290625 0.469531 0.290625 0.46875 0.291667 0.467969 0.291667 0.467187 0.292708 0.466406 0.292708 0.463281 0.29375 0.4625 0.29375 0.45625 0.955457
0 0.102083 0.489844 0.102083 0.489062 0.102083 0.489844 0.104167 0.492187 0.105208 0.492969 0.105208 0.495312 0.10625 0.496094 0.107292 0.496094 0.108333 0.496875 0.108333 0.498437 0.113542 0.502344 0.114583 0.502344 0.11875 0.505469 0.11875 0.50625 0.119792 0.507031 0.120833 0.507031 0.121875 0.507812 0.122917 0.507812 0.123958 0.508594 0.125 0.508594 0.126042 0.509375 0.127083 0.509375 0.128125 0.510156 0.129167 0.510156 0.130208 0.510937 0.13125 0.510937 0.132292 0.511719 0.134375 0.511719 0.135417 0.5125 0.1375 0.5125 0.138542 0.513281 0.139583 0.513281 0.140625 0.514062 0.14375 0.514062 0.144792 0.514844 0.147917 0.514844 0.148958 0.515625 0.151042 0.515625 0.152083 0.516406 0.155208 0.516406 0.15625 0.517188 0.165625 0.517188 0.166667 0.517969 0.194792 0.517969 0.195833 0.517188 0.204167 0.517188 0.205208 0.516406 0.208333 0.516406 0.209375 0.515625 0.2125 0.515625 0.213542 0.514844 0.216667 0.514844 0.217708 0.514062 0.220833 0.514062 0.221875 0.513281 0.223958 0.513281 0.225 0.5125 0.227083 0.5125 0.228125 0.511719 0.23125 0.511719 0.232292 0.510937 0.235417 0.510937 0.236458 0.510156 0.238542 0.510156 0.239583 0.509375 0.240625 0.509375 0.241667 0.508594 0.242708 0.508594 0.24375 0.507812 0.245833 0.507812 0.247917 0.50625 0.248958 0.50625 0.25 0.505469 0.252083 0.505469 0.253125 0.504687 0.254167 0.504687 0.255208 0.503906 0.25625 0.503906 0.259375 0.501562 0.260417 0.501562 0.261458 0.500781 0.2625 0.500781 0.264583 0.499219 0.265625 0.499219 0.267708 0.497656 0.26875 0.497656 0.271875 0.495312 0.272917 0.495312 0.285417 0.485937 0.285417 0.485156 0.286458 0.484375 0.286458 0.483594 0.2875 0.482812 0.2875 0.482031 0.290625 0.479687 0.290625 0.478906 0.294792 0.475781 0.294792 0.475 0.295833 0.474219 0.295833 0.473437 0.297917 0.471875 0.297917 0.457812 0.296875 0.457031 0.294792 0.458594 0.294792 0.459375 0.29375 0.460156 0.29375 0.4625 0.292708 0.463281 0.292708 0.467187 0.291667 0.467969 0.291667 0.46875 0.289583 0.470312 0.289583 0.471094 0.288542 0.471875 0.288542 0.473437 0.280208 0.479687 0.280208 0.480469 0.278125 0.482031 0.277083 0.482031 0.276042 0.482812 0.276042 0.483594 0.275 0.484375 0.273958 0.484375 0.269792 0.4875 0.26875 0.4875 0.266667 0.489062 0.265625 0.489062 0.264583 0.489844 0.263542 0.489844 0.261458 0.491406 0.260417 0.491406 0.258333 0.492969 0.257292 0.492969 0.25625 0.49375 0.255208 0.49375 0.254167 0.494531 0.253125 0.494531 0.251042 0.496094 0.25 0.496094 0.248958 0.496875 0.247917 0.496875 0.246875 0.497656 0.245833 0.497656 0.244792 0.498437 0.24375 0.498437 0.242708 0.499219 0.241667 0.499219 0.240625 0.5 0.239583 0.5 0.238542 0.500781 0.236458 0.500781 0.235417 0.501562 0.233333 0.501562 0.232292 0.502344 0.23125 0.502344 0.230208 0.503125 0.228125 0.503125 0.227083 0.503906 0.223958 0.503906 0.222917 0.504687 0.219792 0.504687 0.21875 0.505469 0.216667 0.505469 0.215625 0.50625 0.213542 0.50625 0.2125 0.507031 0.20625 0.507031 0.205208 0.507812 0.197917 0.507812 0.196875 0.508594 0.191667 0.508594 0.190625 0.509375 0.157292 0.509375 0.15625 0.508594 0.152083 0.508594 0.151042 0.507812 0.144792 0.507812 0.14375 0.507031 0.140625 0.507031 0.139583 0.50625 0.1375 0.50625 0.136458 0.505469 0.134375 0.505469 0.133333 0.504687 0.13125 0.504687 0.130208 0.503906 0.129167 0.503906 0.128125 0.503125 0.126042 0.503125 0.123958 0.501562 0.122917 0.501562 0.121875 0.500781 0.120833 0.500781 0.119792 0.5 0.11875 0.5 0.117708 0.499219 0.116667 0.499219 0.114583 0.497656 0.1125 0.497656 0.109375 0.495312 0.108333 0.495312 0.10625 0.49375 0.10625 0.492969 0.105208 0.492187 0.104167 0.492187 0.953866
0 0.511458 0.646875 0.510417 0.646875 0.508333 0.648438 0.508333 0.649219 0.507292 0.65 0.50625 0.65 0.505208 0.650781 0.504167 0.650781 0.503125 0.651562 0.502083 0.651562 0.498958 0.653906 0.497917 0.653906 0.494792 0.65625 0.49375 0.65625 0.491667 0.657812 0.490625 0.657812 0.4875 0.660156 0.486458 0.660156 0.485417 0.660937 0.484375 0.660937 0.482292 0.6625 0.480208 0.6625 0.479167 0.663281 0.478125 0.663281 0.477083 0.664062 0.476042 0.664062 0.473958 0.665625 0.471875 0.665625 0.470833 0.666406 0.46875 0.666406 0.467708 0.667187 0.463542 0.667187 0.4625 0.667969 0.461458 0.667969 0.460417 0.66875 0.458333 0.66875 0.457292 0.669531 0.454167 0.669531 0.453125 0.670312 0.44375 0.670312 0.442708 0.671094 0.416667 0.671094 0.415625 0.670312 0.409375 0.670312 0.408333 0.669531 0.405208 0.669531 0.404167 0.66875 0.403125 0.66875 0.402083 0.667969 0.4 0.667969 0.398958 0.667187 0.395833 0.667187 0.394792 0.666406 0.392708 0.666406 0.391667 0.665625 0.390625 0.665625 0.388542 0.664062 0.386458 0.664062 0.385417 0.663281 0.383333 0.663281 0.380208 0.660937 0.379167 0.660937 0.377083 0.659375 0.376042 0.659375 0.373958 0.657812 0.372917 0.657812 0.367708 0.653906 0.366667 0.653906 0.363542 0.651562 0.3625 0.651562 0.358333 0.648438 0.358333 0.647656 0.357292 0.646875 0.355208 0.646875 0.355208 0.649219 0.35625 0.65 0.35625 0.651562 0.358333 0.653125 0.358333 0.653906 0.359375 0.654687 0.359375 0.655469 0.360417 0.65625 0.360417 0.657031 0.3625 0.658594 0.3625 0.659375 0.365625 0.661719 0.366667 0.661719 0.369792 0.664062 0.370833 0.664062 0.371875 0.664844 0.372917 0.664844 0.378125 0.66875 0.379167 0.66875 0.380208 0.669531 0.38125 0.669531 0.382292 0.670312 0.383333 0.670312 0.384375 0.671094 0.385417 0.671094 0.386458 0.671875 0.3875 0.671875 0.388542 0.672656 0.390625 0.672656 0.391667 0.673437 0.39375 0.673437 0.394792 0.674219 0.396875 0.674219 0.397917 0.675 0.4 0.675 0.401042 0.675781 0.40625 0.675781 0.407292 0.676562 0.411458 0.676562 0.4125 0.677344 0.414583 0.677344 0.415625 0.678125 0.420833 0.678125 0.421875 0.678906 0.441667 0.678906 0.442708 0.678125 0.448958 0.678125 0.45 0.677344 0.452083 0.677344 0.453125 0.676562 0.45625 0.676562 0.457292 0.675781 0.460417 0.675781 0.461458 0.675 0.464583 0.675 0.465625 0.674219 0.466667 0.674219 0.467708 0.673437 0.46875 0.673437 0.469792 0.672656 0.471875 0.672656 0.472917 0.671875 0.473958 0.671875 0.475 0.671094 0.476042 0.671094 0.477083 0.670312 0.478125 0.670312 0.479167 0.669531 0.48125 0.669531 0.483333 0.667969 0.484375 0.667969 0.485417 0.667187 0.486458 0.667187 0.4875 0.666406 0.488542 0.666406 0.490625 0.664844 0.491667 0.664844 0.495833 0.661719 0.496875 0.661719 0.501042 0.658594 0.502083 0.658594 0.503125 0.657812 0.504167 0.657812 0.50625 0.65625 0.50625 0.654687 0.507292 0.653906 0.507292 0.653125 0.509375 0.651562 0.509375 0.650781 0.510417 0.65 0.510417 0.649219 0.511458 0.648438 0.511458 0.646875 0.513542 0.646094 0.514583 0.646094 0.514583 0.645312 0.515625 0.644531 0.515625 0.642187 0.517708 0.641406 0.355208 0.642187 0.353125 0.640625 0.353125 0.639062 0.352083 0.638281 0.352083 0.635156 0.351042 0.634375 0.351042 0.632812 0.35 0.632031 0.35 0.630469 0.35 0.639062 0.351042 0.639844 0.351042 0.642187 0.352083 0.642969 0.352083 0.64375 0.353125 0.64375 0.355208 0.642187 0.517708 0.641406 0.517708 0.638281 0.517708 0.641406 0.515625 0.642187 0.514583 0.642187 0.514583 0.642969 0.513542 0.64375 0.513542 0.646094 0.953332
0 0.517708 0.639844 0.517708 0.641406 0.516667 0.642187 0.516667 0.642969 0.514583 0.644531 0.514583 0.645312 0.513542 0.646094 0.513542 0.646875 0.509375 0.65 0.509375 0.650781 0.508333 0.651562 0.508333 0.652344 0.505208 0.654687 0.505208 0.655469 0.503125 0.657031 0.502083 0.657031 0.490625 0.665625 0.489583 0.665625 0.4875 0.667187 0.486458 0.667187 0.485417 0.667969 0.484375 0.667969 0.482292 0.669531 0.48125 0.669531 0.480208 0.670312 0.479167 0.670312 0.478125 0.671094 0.476042 0.671094 0.475 0.671875 0.473958 0.671875 0.472917 0.672656 0.471875 0.672656 0.470833 0.673437 0.46875 0.673437 0.467708 0.674219 0.465625 0.674219 0.464583 0.675 0.463542 0.675 0.4625 0.675781 0.460417 0.675781 0.459375 0.676562 0.454167 0.676562 0.453125 0.677344 0.45 0.677344 0.448958 0.678125 0.444792 0.678125 0.44375 0.678906 0.433333 0.678906 0.432292 0.679688 0.426042 0.679688 0.425 0.678906 0.417708 0.678906 0.416667 0.678125 0.413542 0.678125 0.4125 0.677344 0.408333 0.677344 0.407292 0.676562 0.401042 0.676562 0.4 0.675781 0.398958 0.675781 0.397917 0.675 0.395833 0.675 0.394792 0.674219 0.39375 0.674219 0.392708 0.673437 0.389583 0.673437 0.3875 0.671875 0.386458 0.671875 0.385417 0.671094 0.384375 0.671094 0.383333 0.670312 0.382292 0.670312 0.38125 0.669531 0.380208 0.669531 0.379167 0.66875 0.378125 0.66875 0.375 0.666406 0.373958 0.666406 0.369792 0.663281 0.36875 0.663281 0.360417 0.657031 0.360417 0.65625 0.359375 0.655469 0.358333 0.655469 0.35625 0.653906 0.35625 0.653125 0.355208 0.652344 0.355208 0.651562 0.355208 0.654687 0.35625 0.655469 0.35625 0.65625 0.357292 0.657031 0.357292 0.657812 0.358333 0.658594 0.358333 0.660156 0.359375 0.660937 0.359375 0.661719 0.360417 0.6625 0.360417 0.663281 0.3625 0.664844 0.3625 0.665625 0.370833 0.671875 0.371875 0.671875 0.375 0.674219 0.376042 0.674219 0.377083 0.675 0.378125 0.675 0.379167 0.675781 0.380208 0.675781 0.38125 0.676562 0.382292 0.676562 0.383333 0.677344 0.384375 0.677344 0.385417 0.678125 0.386458 0.678125 0.3875 0.678906 0.389583 0.678906 0.391667 0.680469 0.39375 0.680469 0.394792 0.68125 0.396875 0.68125 0.397917 0.682031 0.401042 0.682031 0.402083 0.682812 0.403125 0.682812 0.404167 0.683594 0.407292 0.683594 0.408333 0.684375 0.415625 0.684375 0.416667 0.685156 0.423958 0.685156 0.425 0.685937 0.438542 0.685937 0.439583 0.685156 0.446875 0.685156 0.447917 0.684375 0.453125 0.684375 0.454167 0.683594 0.457292 0.683594 0.458333 0.682812 0.459375 0.682812 0.460417 0.682031 0.464583 0.682031 0.465625 0.68125 0.467708 0.68125 0.46875 0.680469 0.470833 0.680469 0.472917 0.678906 0.475 0.678906 0.476042 0.678125 0.477083 0.678125 0.478125 0.677344 0.479167 0.677344 0.480208 0.676562 0.48125 0.676562 0.482292 0.675781 0.483333 0.675781 0.484375 0.675 0.485417 0.675 0.488542 0.672656 0.489583 0.672656 0.49375 0.669531 0.494792 0.669531 0.496875 0.667969 0.497917 0.667969 0.509375 0.659375 0.509375 0.658594 0.513542 0.655469 0.513542 0.654687 0.514583 0.653906 0.514583 0.651562 0.515625 0.650781 0.515625 0.648438 0.516667 0.647656 0.516667 0.645312 0.517708 0.644531 0.952715
0 0.517708 0.635156 0.517708 0.635156 0.51875 0.633594 0.515625 0.636719 0.514583 0.636719 0.5 0.647656 0.498958 0.647656 0.497917 0.648438 0.496875 0.648438 0.496875 0.649219 0.495833 0.65 0.494792 0.65 0.49375 0.650781 0.492708 0.650781 0.491667 0.651562 0.489583 0.651562 0.486458 0.653906 0.485417 0.653906 0.484375 0.654687 0.482292 0.654687 0.479167 0.657031 0.477083 0.657031 0.476042 0.657812 0.472917 0.657812 0.471875 0.658594 0.469792 0.658594 0.46875 0.659375 0.467708 0.659375 0.466667 0.660156 0.463542 0.660156 0.4625 0.660937 0.45625 0.660937 0.455208 0.661719 0.451042 0.661719 0.45 0.6625 0.446875 0.6625 0.445833 0.663281 0.423958 0.663281 0.422917 0.6625 0.416667 0.6625 0.415625 0.661719 0.410417 0.661719 0.409375 0.660937 0.405208 0.660937 0.404167 0.660156 0.402083 0.660156 0.401042 0.659375 0.4 0.659375 0.398958 0.658594 0.396875 0.658594 0.395833 0.657812 0.392708 0.657812 0.391667 0.657031 0.390625 0.657031 0.389583 0.65625 0.388542 0.65625 0.3875 0.655469 0.386458 0.655469 0.385417 0.654687 0.384375 0.654687 0.383333 0.653906 0.382292 0.653906 0.379167 0.651562 0.378125 0.651562 0.377083 0.650781 0.376042 0.650781 0.375 0.65 0.373958 0.65 0.366667 0.644531 0.365625 0.644531 0.364583 0.64375 0.364583 0.642969 0.360417 0.639844 0.360417 0.639062 0.357292 0.636719 0.357292 0.635937 0.35625 0.635156 0.35625 0.634375 0.355208 0.633594 0.355208 0.632812 0.353125 0.63125 0.353125 0.630469 0.352083 0.629687 0.352083 0.627344 0.351042 0.626562 0.351042 0.625 0.35 0.624219 0.35 0.622656 0.35 0.634375 0.353125 0.636719 0.353125 0.6375 0.354167 0.638281 0.354167 0.639844 0.355208 0.640625 0.355208 0.642969 0.35625 0.64375 0.35625 0.644531 0.360417 0.647656 0.360417 0.650781 0.3625 0.650781 0.365625 0.653125 0.366667 0.653125 0.367708 0.653906 0.36875 0.653906 0.369792 0.654687 0.369792 0.655469 0.370833 0.655469 0.371875 0.65625 0.372917 0.65625 0.376042 0.658594 0.377083 0.658594 0.380208 0.660937 0.38125 0.660937 0.382292 0.661719 0.383333 0.661719 0.384375 0.6625 0.385417 0.6625 0.386458 0.663281 0.3875 0.663281 0.388542 0.664062 0.389583 0.664062 0.390625 0.664844 0.392708 0.664844 0.39375 0.665625 0.394792 0.665625 0.395833 0.666406 0.398958 0.666406 0.4 0.667187 0.405208 0.667187 0.40625 0.667969 0.408333 0.667969 0.409375 0.66875 0.4125 0.66875 0.413542 0.669531 0.416667 0.669531 0.417708 0.670312 0.445833 0.670312 0.446875 0.669531 0.452083 0.669531 0.453125 0.66875 0.45625 0.66875 0.457292 0.667969 0.458333 0.667969 0.459375 0.667187 0.4625 0.667187 0.463542 0.666406 0.465625 0.666406 0.466667 0.665625 0.46875 0.665625 0.469792 0.664844 0.471875 0.664844 0.472917 0.664062 0.475 0.664062 0.477083 0.6625 0.478125 0.6625 0.479167 0.661719 0.48125 0.661719 0.482292 0.660937 0.483333 0.660937 0.485417 0.659375 0.486458 0.659375 0.4875 0.658594 0.488542 0.658594 0.489583 0.657812 0.490625 0.657812 0.492708 0.65625 0.49375 0.65625 0.494792 0.655469 0.495833 0.655469 0.496875 0.654687 0.497917 0.654687 0.5 0.653125 0.501042 0.653125 0.503125 0.651562 0.504167 0.651562 0.50625 0.65 0.50625 0.649219 0.510417 0.646094 0.510417 0.645312 0.511458 0.644531 0.511458 0.64375 0.5125 0.642969 0.5125 0.642187 0.514583 0.640625 0.514583 0.639844 0.515625 0.639062 0.515625 0.636719 0.51875 0.633594 0.51875 0.632031 0.51875 0.633594 0.95061
0 0.297917 0.50625 0.296875 0.507031 0.296875 0.511719 0.295833 0.5125 0.295833 0.514844 0.294792 0.515625 0.294792 0.516406 0.29375 0.517188 0.29375 0.51875 0.292708 0.519531 0.292708 0.520312 0.288542 0.523438 0.288542 0.525 0.2875 0.525781 0.286458 0.525781 0.284375 0.527344 0.284375 0.528125 0.282292 0.529687 0.28125 0.529687 0.28125 0.530469 0.278125 0.532812 0.277083 0.532812 0.272917 0.535937 0.271875 0.535937 0.271875 0.536719 0.270833 0.5375 0.269792 0.5375 0.26875 0.538281 0.267708 0.538281 0.266667 0.539062 0.265625 0.539062 0.2625 0.541406 0.261458 0.541406 0.260417 0.542187 0.259375 0.542187 0.257292 0.54375 0.25625 0.54375 0.255208 0.544531 0.254167 0.544531 0.253125 0.545312 0.252083 0.545312 0.251042 0.546094 0.25 0.546094 0.248958 0.546875 0.247917 0.546875 0.246875 0.547656 0.245833 0.547656 0.244792 0.548437 0.242708 0.548437 0.241667 0.549219 0.240625 0.549219 0.239583 0.55 0.238542 0.55 0.2375 0.550781 0.235417 0.550781 0.234375 0.551562 0.232292 0.551562 0.23125 0.552344 0.230208 0.552344 0.229167 0.553125 0.227083 0.553125 0.226042 0.553906 0.222917 0.553906 0.221875 0.554688 0.217708 0.554688 0.216667 0.555469 0.213542 0.555469 0.2125 0.55625 0.208333 0.55625 0.207292 0.557031 0.197917 0.557031 0.196875 0.557812 0.16875 0.557812 0.167708 0.557031 0.161458 0.557031 0.160417 0.55625 0.158333 0.55625 0.157292 0.555469 0.154167 0.555469 0.153125 0.554688 0.148958 0.554688 0.147917 0.553906 0.144792 0.553906 0.142708 0.552344 0.140625 0.552344 0.139583 0.551562 0.138542 0.551562 0.1375 0.550781 0.135417 0.550781 0.133333 0.549219 0.132292 0.549219 0.13125 0.548437 0.130208 0.548437 0.129167 0.547656 0.128125 0.547656 0.122917 0.54375 0.121875 0.54375 0.11875 0.541406 0.117708 0.541406 0.115625 0.539844 0.115625 0.539062 0.114583 0.538281 0.114583 0.5375 0.113542 0.536719 0.1125 0.536719 0.110417 0.535156 0.110417 0.534375 0.110417 0.535937 0.111458 0.535937 0.1125 0.536719 0.1125 0.539062 0.113542 0.539844 0.113542 0.540625 0.117708 0.54375 0.117708 0.545312 0.11875 0.545312 0.120833 0.546875 0.120833 0.547656 0.126042 0.551562 0.127083 0.551562 0.130208 0.553906 0.13125 0.553906 0.134375 0.55625 0.135417 0.55625 0.136458 0.557031 0.1375 0.557031 0.138542 0.557812 0.140625 0.557812 0.141667 0.558594 0.142708 0.558594 0.14375 0.559375 0.144792 0.559375 0.145833 0.560156 0.146875 0.560156 0.147917 0.560937 0.15 0.560937 0.151042 0.561719 0.153125 0.561719 0.154167 0.5625 0.15625 0.5625 0.157292 0.563281 0.161458 0.563281 0.1625 0.564062 0.167708 0.564062 0.16875 0.564844 0.207292 0.564844 0.208333 0.564062 0.213542 0.564062 0.214583 0.563281 0.219792 0.563281 0.220833 0.5625 0.223958 0.5625 0.225 0.561719 0.227083 0.561719 0.228125 0.560937 0.23125 0.560937 0.232292 0.560156 0.234375 0.560156 0.235417 0.559375 0.236458 0.559375 0.2375 0.558594 0.239583 0.558594 0.240625 0.557812 0.241667 0.557812 0.242708 0.557031 0.24375 0.557031 0.244792 0.55625 0.245833 0.55625 0.246875 0.555469 0.247917 0.555469 0.248958 0.554688 0.25 0.554688 0.251042 0.553906 0.252083 0.553906 0.253125 0.553125 0.254167 0.553125 0.255208 0.552344 0.25625 0.552344 0.257292 0.551562 0.258333 0.551562 0.260417 0.55 0.261458 0.55 0.2625 0.549219 0.263542 0.549219 0.266667 0.546875 0.267708 0.546875 0.269792 0.545312 0.270833 0.545312 0.276042 0.541406 0.277083 0.541406 0.286458 0.534375 0.2875 0.534375 0.289583 0.532812 0.289583 0.53125 0.290625 0.530469 0.290625 0.529687 0.291667 0.528906 0.291667 0.528125 0.292708 0.527344 0.29375 0.527344 0.296875 0.525 0.296875 0.522656 0.297917 0.521875 0.297917 0.5125 0.298958 0.511719 0.298958 0.509375 0.297917 0.508594 0.950159
0 0.54375 0.541406 0.542708 0.542187 0.542708 0.544531 0.541667 0.545312 0.541667 0.546875 0.538542 0.549219 0.538542 0.55 0.5375 0.550781 0.5375 0.551562 0.533333 0.554688 0.533333 0.555469 0.529167 0.558594 0.529167 0.559375 0.528125 0.560156 0.527083 0.560156 0.520833 0.564844 0.519792 0.564844 0.517708 0.566406 0.516667 0.566406 0.514583 0.567969 0.513542 0.567969 0.511458 0.569531 0.510417 0.569531 0.508333 0.571094 0.507292 0.571094 0.50625 0.571875 0.505208 0.571875 0.504167 0.572656 0.503125 0.572656 0.502083 0.573437 0.501042 0.573437 0.5 0.574219 0.498958 0.574219 0.497917 0.575 0.495833 0.575 0.494792 0.575781 0.492708 0.575781 0.491667 0.576562 0.489583 0.576562 0.488542 0.577344 0.486458 0.577344 0.485417 0.578125 0.482292 0.578125 0.48125 0.578906 0.477083 0.578906 0.476042 0.579687 0.472917 0.579687 0.471875 0.580469 0.466667 0.580469 0.465625 0.58125 0.454167 0.58125 0.453125 0.582031 0.440625 0.582031 0.439583 0.58125 0.429167 0.58125 0.428125 0.580469 0.423958 0.580469 0.422917 0.579687 0.419792 0.579687 0.41875 0.578906 0.415625 0.578906 0.414583 0.578125 0.411458 0.578125 0.410417 0.577344 0.407292 0.577344 0.40625 0.576562 0.405208 0.576562 0.404167 0.575781 0.402083 0.575781 0.401042 0.575 0.398958 0.575 0.397917 0.574219 0.396875 0.574219 0.395833 0.573437 0.394792 0.573437 0.39375 0.572656 0.392708 0.572656 0.391667 0.571875 0.390625 0.571875 0.389583 0.571094 0.388542 0.571094 0.3875 0.570312 0.386458 0.570312 0.385417 0.569531 0.384375 0.569531 0.383333 0.56875 0.382292 0.56875 0.379167 0.566406 0.378125 0.566406 0.376042 0.564844 0.375 0.564844 0.36875 0.560156 0.367708 0.560156 0.364583 0.557812 0.364583 0.557031 0.360417 0.553906 0.360417 0.553125 0.357292 0.550781 0.357292 0.549219 0.35625 0.548437 0.35625 0.546875 0.354167 0.545312 0.354167 0.544531 0.354167 0.551562 0.355208 0.552344 0.355208 0.553125 0.35625 0.553906 0.35625 0.554688 0.357292 0.555469 0.357292 0.55625 0.358333 0.557031 0.358333 0.557812 0.359375 0.558594 0.359375 0.559375 0.361458 0.560937 0.361458 0.561719 0.3625 0.5625 0.3625 0.563281 0.364583 0.564844 0.364583 0.565625 0.372917 0.571875 0.373958 0.571875 0.377083 0.574219 0.378125 0.574219 0.38125 0.576562 0.382292 0.576562 0.383333 0.577344 0.384375 0.577344 0.386458 0.578906 0.3875 0.578906 0.388542 0.579687 0.389583 0.579687 0.390625 0.580469 0.391667 0.580469 0.392708 0.58125 0.39375 0.58125 0.394792 0.582031 0.395833 0.582031 0.396875 0.582812 0.397917 0.582812 0.398958 0.583594 0.4 0.583594 0.401042 0.584375 0.403125 0.584375 0.404167 0.585156 0.405208 0.585156 0.40625 0.585938 0.407292 0.585938 0.408333 0.586719 0.411458 0.586719 0.4125 0.5875 0.415625 0.5875 0.416667 0.588281 0.419792 0.588281 0.420833 0.589062 0.422917 0.589062 0.423958 0.589844 0.429167 0.589844 0.430208 0.590625 0.465625 0.590625 0.466667 0.589844 0.470833 0.589844 0.471875 0.589062 0.475 0.589062 0.476042 0.588281 0.479167 0.588281 0.480208 0.5875 0.484375 0.5875 0.485417 0.586719 0.4875 0.586719 0.488542 0.585938 0.490625 0.585938 0.491667 0.585156 0.492708 0.585156 0.49375 0.584375 0.495833 0.584375 0.496875 0.583594 0.497917 0.583594 0.498958 0.582812 0.5 0.582812 0.501042 0.582031 0.502083 0.582031 0.503125 0.58125 0.505208 0.58125 0.50625 0.580469 0.507292 0.580469 0.509375 0.578906 0.510417 0.578906 0.511458 0.578125 0.5125 0.578125 0.513542 0.577344 0.514583 0.577344 0.517708 0.575 0.51875 0.575 0.520833 0.573437 0.521875 0.573437 0.526042 0.570312 0.527083 0.570312 0.532292 0.566406 0.532292 0.565625 0.535417 0.563281 0.535417 0.5625 0.536458 0.561719 0.536458 0.560937 0.538542 0.559375 0.538542 0.558594 0.539583 0.557812 0.539583 0.557031 0.540625 0.55625 0.540625 0.555469 0.541667 0.554688 0.541667 0.553125 0.542708 0.552344 0.542708 0.551562 0.54375 0.550781 0.54375 0.55 0.544792 0.549219 0.544792 0.542187 0.949857
0 0.28125 0.534375 0.280208 0.534375 0.279167 0.535156 0.279167 0.535937 0.280208 0.535937 0.28125 0.535156 0.28125 0.534375 0.284375 0.532031 0.284375 0.530469 0.107292 0.523438 0.10625 0.524219 0.296875 0.511719 0.297917 0.5125 0.297917 0.516406 0.296875 0.517188 0.296875 0.51875 0.294792 0.51875 0.291667 0.521094 0.290625 0.521094 0.2875 0.523438 0.2875 0.525 0.285417 0.525 0.284375 0.525781 0.284375 0.527344 0.283333 0.528125 0.28125 0.528125 0.279167 0.529687 0.279167 0.530469 0.278125 0.53125 0.277083 0.53125 0.275 0.532812 0.275 0.533594 0.273958 0.533594 0.272917 0.534375 0.271875 0.534375 0.270833 0.535156 0.270833 0.535937 0.269792 0.535937 0.26875 0.536719 0.267708 0.536719 0.265625 0.538281 0.264583 0.538281 0.2625 0.539844 0.261458 0.539844 0.260417 0.540625 0.259375 0.540625 0.257292 0.542187 0.25625 0.542187 0.254167 0.54375 0.252083 0.54375 0.25 0.545312 0.248958 0.545312 0.247917 0.546094 0.245833 0.546094 0.244792 0.546875 0.24375 0.546875 0.242708 0.547656 0.241667 0.547656 0.240625 0.548437 0.238542 0.548437 0.2375 0.549219 0.236458 0.549219 0.235417 0.55 0.233333 0.55 0.232292 0.550781 0.230208 0.550781 0.229167 0.551562 0.227083 0.551562 0.226042 0.552344 0.223958 0.552344 0.222917 0.553125 0.21875 0.553125 0.217708 0.553906 0.214583 0.553906 0.213542 0.554688 0.211458 0.554688 0.210417 0.555469 0.20625 0.555469 0.205208 0.55625 0.164583 0.55625 0.163542 0.555469 0.161458 0.555469 0.160417 0.554688 0.157292 0.554688 0.15625 0.553906 0.153125 0.553906 0.152083 0.553125 0.147917 0.553125 0.146875 0.552344 0.145833 0.552344 0.144792 0.551562 0.142708 0.551562 0.141667 0.550781 0.140625 0.550781 0.139583 0.55 0.138542 0.55 0.1375 0.549219 0.136458 0.549219 0.135417 0.548437 0.134375 0.548437 0.133333 0.547656 0.132292 0.547656 0.13125 0.546875 0.130208 0.546875 0.127083 0.544531 0.126042 0.544531 0.122917 0.542187 0.121875 0.542187 0.117708 0.539062 0.117708 0.538281 0.115625 0.536719 0.115625 0.535937 0.296875 0.505469 0.297917 0.504687 0.297917 0.501562 0.297917 0.502344 0.296875 0.503125 0.296875 0.505469 0.115625 0.535937 0.113542 0.534375 0.113542 0.533594 0.111458 0.532031 0.111458 0.53125 0.109375 0.529687 0.109375 0.525781 0.109375 0.526562 0.110417 0.527344 0.110417 0.528125 0.117708 0.533594 0.11875 0.533594 0.125 0.538281 0.126042 0.538281 0.127083 0.539062 0.128125 0.539062 0.129167 0.539844 0.130208 0.539844 0.13125 0.540625 0.132292 0.540625 0.134375 0.542187 0.135417 0.542187 0.136458 0.542969 0.138542 0.542969 0.139583 0.54375 0.141667 0.54375 0.142708 0.544531 0.14375 0.544531 0.144792 0.545312 0.146875 0.545312 0.147917 0.546094 0.151042 0.546094 0.152083 0.546875 0.154167 0.546875 0.155208 0.547656 0.157292 0.547656 0.158333 0.548437 0.1625 0.548437 0.163542 0.549219 0.176042 0.549219 0.177083 0.55 0.184375 0.55 0.185417 0.549219 0.204167 0.549219 0.205208 0.548437 0.210417 0.548437 0.211458 0.547656 0.213542 0.547656 0.214583 0.546875 0.217708 0.546875 0.21875 0.546094 0.222917 0.546094 0.223958 0.545312 0.226042 0.545312 0.227083 0.544531 0.229167 0.544531 0.230208 0.54375 0.232292 0.54375 0.233333 0.542969 0.235417 0.542969 0.236458 0.542187 0.2375 0.542187 0.238542 0.541406 0.239583 0.541406 0.240625 0.540625 0.241667 0.540625 0.242708 0.539844 0.244792 0.539844 0.245833 0.539062 0.246875 0.539062 0.247917 0.538281 0.248958 0.538281 0.25 0.5375 0.251042 0.5375 0.252083 0.536719 0.253125 0.536719 0.254167 0.535937 0.255208 0.535937 0.25625 0.535156 0.257292 0.535156 0.258333 0.534375 0.259375 0.534375 0.261458 0.532812 0.2625 0.532812 0.264583 0.53125 0.265625 0.53125 0.267708 0.529687 0.26875 0.529687 0.270833 0.528125 0.271875 0.528125 0.275 0.525781 0.276042 0.525781 0.277083 0.525 0.278125 0.525 0.284375 0.520312 0.284375 0.519531 0.285417 0.519531 0.288542 0.517188 0.288542 0.516406 0.289583 0.515625 0.291667 0.515625 0.292708 0.514844 0.292708 0.514062 0.29375 0.513281 0.29375 0.510156 0.295833 0.510156 0.296875 0.509375 0.296875 0.511719 0.10625 0.524219 0.10625 0.523438 0.105208 0.522656 0.105208 0.519531 0.10625 0.519531 0.10625 0.521875 0.107292 0.522656 0.107292 0.523438 0.284375 0.530469 0.284375 0.532031 0.949235
0 0.355208 0.611719 0.355208 0.614844 0.35625 0.615625 0.35625 0.616406 0.358333 0.617969 0.358333 0.61875 0.359375 0.619531 0.359375 0.620312 0.361458 0.621875 0.361458 0.622656 0.370833 0.629687 0.371875 0.629687 0.376042 0.632812 0.377083 0.632812 0.378125 0.633594 0.379167 0.633594 0.382292 0.635937 0.383333 0.635937 0.385417 0.6375 0.3875 0.6375 0.388542 0.638281 0.389583 0.638281 0.390625 0.639062 0.391667 0.639062 0.392708 0.639844 0.39375 0.639844 0.394792 0.640625 0.396875 0.640625 0.397917 0.641406 0.401042 0.641406 0.402083 0.642187 0.403125 0.642187 0.404167 0.642969 0.40625 0.642969 0.407292 0.64375 0.409375 0.64375 0.410417 0.644531 0.416667 0.644531 0.417708 0.645312 0.426042 0.645312 0.427083 0.646094 0.442708 0.646094 0.44375 0.645312 0.452083 0.645312 0.453125 0.644531 0.461458 0.644531 0.4625 0.64375 0.464583 0.64375 0.466667 0.642187 0.467708 0.642187 0.46875 0.641406 0.472917 0.641406 0.473958 0.640625 0.476042 0.640625 0.477083 0.639844 0.478125 0.639844 0.479167 0.639062 0.480208 0.639062 0.48125 0.638281 0.483333 0.638281 0.484375 0.6375 0.485417 0.6375 0.4875 0.635937 0.488542 0.635937 0.489583 0.635156 0.490625 0.635156 0.491667 0.634375 0.492708 0.634375 0.49375 0.633594 0.494792 0.633594 0.495833 0.632812 0.496875 0.632812 0.501042 0.629687 0.505208 0.629687 0.507292 0.628125 0.509375 0.628125 0.51875 0.621094 0.51875 0.620312 0.519792 0.619531 0.519792 0.616406 0.51875 0.616406 0.516667 0.617969 0.516667 0.61875 0.515625 0.619531 0.514583 0.619531 0.508333 0.624219 0.507292 0.624219 0.505208 0.625781 0.5 0.625781 0.498958 0.626562 0.497917 0.626562 0.495833 0.628125 0.494792 0.628125 0.49375 0.628906 0.492708 0.628906 0.491667 0.629687 0.490625 0.629687 0.488542 0.63125 0.4875 0.63125 0.486458 0.632031 0.484375 0.632031 0.483333 0.632812 0.482292 0.632812 0.48125 0.633594 0.480208 0.633594 0.479167 0.634375 0.477083 0.634375 0.476042 0.635156 0.473958 0.635156 0.472917 0.635937 0.471875 0.635937 0.470833 0.636719 0.466667 0.636719 0.465625 0.6375 0.460417 0.6375 0.459375 0.638281 0.45625 0.638281 0.455208 0.639062 0.45 0.639062 0.448958 0.639844 0.419792 0.639844 0.41875 0.639062 0.414583 0.639062 0.413542 0.638281 0.409375 0.638281 0.408333 0.6375 0.405208 0.6375 0.404167 0.636719 0.402083 0.636719 0.401042 0.635937 0.4 0.635937 0.398958 0.635156 0.395833 0.635156 0.394792 0.634375 0.39375 0.634375 0.392708 0.633594 0.390625 0.633594 0.389583 0.632812 0.388542 0.632812 0.3875 0.632031 0.386458 0.632031 0.385417 0.63125 0.384375 0.63125 0.382292 0.629687 0.380208 0.629687 0.378125 0.628125 0.377083 0.628125 0.373958 0.625781 0.372917 0.625781 0.364583 0.619531 0.364583 0.61875 0.363542 0.617969 0.3625 0.617969 0.359375 0.615625 0.359375 0.614844 0.358333 0.614844 0.35625 0.613281 0.35625 0.6125 0.355208 0.611719 0.352083 0.60625 0.352083 0.603906 0.351042 0.603125 0.351042 0.600781 0.35 0.600781 0.348958 0.6 0.348958 0.598437 0.348958 0.601562 0.35 0.602344 0.35 0.603906 0.351042 0.604687 0.351042 0.60625 0.352083 0.60625 0.948708
0 0.0927083 0.470312 0.0927083 0.470312 0.0947917 0.472656 0.0947917 0.473437 0.0979167 0.475781 0.0979167 0.476562 0.1 0.476562 0.101042 0.477344 0.103125 0.477344 0.104167 0.478125 0.104167 0.478906 0.105208 0.479687 0.107292 0.479687 0.110417 0.482031 0.111458 0.482031 0.1125 0.482812 0.114583 0.482812 0.115625 0.483594 0.116667 0.483594 0.11875 0.485156 0.120833 0.485156 0.121875 0.485937 0.123958 0.485937 0.125 0.486719 0.126042 0.486719 0.127083 0.4875 0.128125 0.4875 0.129167 0.488281 0.130208 0.488281 0.13125 0.489062 0.136458 0.489062 0.1375 0.489844 0.141667 0.489844 0.142708 0.490625 0.145833 0.490625 0.146875 0.491406 0.160417 0.491406 0.161458 0.492187 0.189583 0.492187 0.190625 0.491406 0.195833 0.491406 0.196875 0.490625 0.201042 0.490625 0.202083 0.489844 0.204167 0.489844 0.205208 0.489062 0.209375 0.489062 0.210417 0.488281 0.213542 0.488281 0.214583 0.4875 0.216667 0.4875 0.217708 0.486719 0.220833 0.486719 0.221875 0.485937 0.223958 0.485937 0.225 0.485156 0.227083 0.485156 0.228125 0.484375 0.230208 0.484375 0.23125 0.483594 0.232292 0.483594 0.233333 0.482812 0.234375 0.482812 0.235417 0.482031 0.2375 0.482031 0.238542 0.48125 0.239583 0.48125 0.241667 0.479687 0.242708 0.479687 0.24375 0.478906 0.244792 0.478906 0.245833 0.478125 0.246875 0.478125 0.247917 0.477344 0.248958 0.477344 0.251042 0.475781 0.252083 0.475781 0.253125 0.475 0.254167 0.475 0.25625 0.473437 0.257292 0.473437 0.258333 0.472656 0.259375 0.472656 0.263542 0.469531 0.264583 0.469531 0.280208 0.457812 0.280208 0.457031 0.283333 0.454687 0.283333 0.453906 0.284375 0.453125 0.284375 0.452344 0.285417 0.451562 0.285417 0.450781 0.2875 0.449219 0.2875 0.448437 0.288542 0.447656 0.288542 0.446094 0.289583 0.445312 0.289583 0.44375 0.290625 0.442969 0.290625 0.439844 0.291667 0.439062 0.291667 0.434375 0.290625 0.433594 0.290625 0.426562 0.289583 0.425781 0.289583 0.421875 0.288542 0.421094 0.2875 0.421094 0.286458 0.421875 0.286458 0.4375 0.285417 0.438281 0.285417 0.439062 0.284375 0.439844 0.284375 0.442187 0.283333 0.442969 0.283333 0.44375 0.282292 0.444531 0.282292 0.445312 0.279167 0.447656 0.279167 0.448437 0.276042 0.450781 0.276042 0.451562 0.261458 0.4625 0.260417 0.4625 0.257292 0.464844 0.25625 0.464844 0.254167 0.466406 0.253125 0.466406 0.251042 0.467969 0.25 0.467969 0.248958 0.46875 0.247917 0.46875 0.246875 0.469531 0.245833 0.469531 0.24375 0.471094 0.242708 0.471094 0.240625 0.472656 0.238542 0.472656 0.236458 0.474219 0.234375 0.474219 0.232292 0.475781 0.230208 0.475781 0.229167 0.476562 0.228125 0.476562 0.227083 0.477344 0.226042 0.477344 0.225 0.478125 0.222917 0.478125 0.221875 0.478906 0.21875 0.478906 0.217708 0.479687 0.214583 0.479687 0.213542 0.480469 0.211458 0.480469 0.210417 0.48125 0.207292 0.48125 0.20625 0.482031 0.203125 0.482031 0.202083 0.482812 0.2 0.482812 0.198958 0.483594 0.195833 0.483594 0.194792 0.484375 0.188542 0.484375 0.1875 0.485156 0.180208 0.485156 0.179167 0.485937 0.151042 0.485937 0.15 0.485156 0.138542 0.485156 0.1375 0.484375 0.130208 0.484375 0.129167 0.483594 0.128125 0.483594 0.127083 0.482812 0.126042 0.482812 0.125 0.482031 0.119792 0.482031 0.11875 0.48125 0.116667 0.48125 0.115625 0.480469 0.114583 0.480469 0.113542 0.479687 0.1125 0.479687 0.111458 0.478906 0.108333 0.478906 0.107292 0.478125 0.10625 0.478125 0.104167 0.476562 0.103125 0.476562 0.102083 0.475781 0.1 0.475781 0.0979167 0.474219 0.0979167 0.473437 0.096875 0.472656 0.0947917 0.472656 0.941742
0 0.297917 0.561719 0.298958 0.5625 0.298958 0.564062 0.3 0.564844 0.3 0.565625 0.301042 0.566406 0.301042 0.56875 0.302083 0.569531 0.302083 0.571875 0.303125 0.572656 0.303125 0.578906 0.302083 0.579687 0.302083 0.583594 0.303125 0.584375 0.303125 0.586719 0.302083 0.5875 0.302083 0.589062 0.301042 0.589844 0.301042 0.591406 0.3 0.592187 0.3 0.59375 0.298958 0.594531 0.297917 0.594531 0.297917 0.595312 0.296875 0.596094 0.296875 0.596875 0.294792 0.598437 0.29375 0.598437 0.292708 0.599219 0.292708 0.6 0.28125 0.608594 0.280208 0.608594 0.273958 0.613281 0.272917 0.613281 0.26875 0.616406 0.267708 0.616406 0.264583 0.61875 0.263542 0.61875 0.2625 0.619531 0.261458 0.619531 0.258333 0.621875 0.257292 0.621875 0.25625 0.622656 0.255208 0.622656 0.254167 0.623437 0.252083 0.623437 0.25 0.625 0.246875 0.625 0.245833 0.625781 0.242708 0.625781 0.241667 0.626562 0.240625 0.626562 0.238542 0.628125 0.234375 0.628125 0.233333 0.628906 0.229167 0.628906 0.228125 0.629687 0.228125 0.630469 0.226042 0.632031 0.222917 0.632031 0.221875 0.632812 0.204167 0.632812 0.203125 0.633594 0.197917 0.633594 0.196875 0.634375 0.192708 0.634375 0.191667 0.635156 0.189583 0.635156 0.191667 0.635156 0.192708 0.635937 0.201042 0.635937 0.202083 0.636719 0.203125 0.636719 0.204167 0.635937 0.215625 0.635937 0.216667 0.635156 0.21875 0.635156 0.220833 0.633594 0.221875 0.633594 0.222917 0.632812 0.236458 0.632812 0.2375 0.632031 0.239583 0.632031 0.240625 0.63125 0.241667 0.63125 0.242708 0.630469 0.244792 0.630469 0.245833 0.629687 0.247917 0.629687 0.248958 0.628906 0.25 0.628906 0.251042 0.628125 0.252083 0.628125 0.253125 0.627344 0.254167 0.627344 0.255208 0.626562 0.257292 0.626562 0.259375 0.625 0.260417 0.625 0.261458 0.624219 0.2625 0.624219 0.263542 0.623437 0.264583 0.623437 0.265625 0.622656 0.266667 0.622656 0.267708 0.621875 0.26875 0.621875 0.270833 0.620312 0.271875 0.620312 0.273958 0.61875 0.275 0.61875 0.276042 0.617969 0.277083 0.617969 0.292708 0.60625 0.292708 0.605469 0.294792 0.603906 0.294792 0.603125 0.296875 0.601562 0.296875 0.6 0.297917 0.599219 0.297917 0.597656 0.298958 0.596875 0.298958 0.596094 0.3 0.595312 0.301042 0.595312 0.305208 0.592187 0.305208 0.589844 0.30625 0.589062 0.30625 0.578906 0.307292 0.578125 0.307292 0.574219 0.30625 0.573437 0.30625 0.567969 0.305208 0.567187 0.305208 0.564844 0.303125 0.563281 0.303125 0.561719 0.941474
0 0.10625 0.533594 0.105208 0.534375 0.105208 0.55 0.10625 0.550781 0.10625 0.552344 0.107292 0.553125 0.107292 0.554688 0.108333 0.555469 0.108333 0.55625 0.109375 0.557031 0.109375 0.557812 0.110417 0.558594 0.110417 0.560156 0.115625 0.564062 0.115625 0.564844 0.121875 0.569531 0.121875 0.570312 0.122917 0.571094 0.123958 0.571094 0.125 0.571875 0.125 0.572656 0.126042 0.573437 0.127083 0.573437 0.129167 0.575 0.130208 0.575 0.133333 0.577344 0.134375 0.577344 0.135417 0.578125 0.1375 0.578125 0.139583 0.579687 0.140625 0.579687 0.141667 0.580469 0.14375 0.580469 0.144792 0.58125 0.146875 0.58125 0.147917 0.582031 0.15 0.582031 0.151042 0.582812 0.153125 0.582812 0.154167 0.583594 0.160417 0.583594 0.161458 0.584375 0.165625 0.584375 0.166667 0.585156 0.172917 0.585156 0.173958 0.585938 0.191667 0.585938 0.192708 0.585156 0.196875 0.585156 0.197917 0.584375 0.204167 0.584375 0.205208 0.583594 0.210417 0.583594 0.211458 0.582812 0.213542 0.582812 0.214583 0.582031 0.216667 0.582031 0.217708 0.58125 0.220833 0.58125 0.221875 0.580469 0.223958 0.580469 0.225 0.579687 0.227083 0.579687 0.228125 0.578906 0.229167 0.578906 0.230208 0.578125 0.232292 0.578125 0.233333 0.577344 0.236458 0.577344 0.2375 0.576562 0.239583 0.576562 0.240625 0.575781 0.241667 0.575781 0.242708 0.575 0.244792 0.575 0.246875 0.573437 0.247917 0.573437 0.25 0.571875 0.252083 0.571875 0.254167 0.570312 0.255208 0.570312 0.257292 0.56875 0.258333 0.56875 0.259375 0.567969 0.260417 0.567969 0.263542 0.565625 0.264583 0.565625 0.270833 0.560937 0.271875 0.560937 0.279167 0.555469 0.279167 0.554688 0.283333 0.551562 0.283333 0.550781 0.286458 0.548437 0.286458 0.546875 0.285417 0.546094 0.285417 0.545312 0.282292 0.547656 0.28125 0.547656 0.280208 0.548437 0.280208 0.549219 0.279167 0.55 0.278125 0.55 0.273958 0.553125 0.272917 0.553125 0.269792 0.555469 0.26875 0.555469 0.265625 0.557812 0.264583 0.557812 0.261458 0.560156 0.260417 0.560156 0.259375 0.560937 0.258333 0.560937 0.25625 0.5625 0.255208 0.5625 0.254167 0.563281 0.253125 0.563281 0.251042 0.564844 0.25 0.564844 0.248958 0.565625 0.247917 0.565625 0.246875 0.566406 0.245833 0.566406 0.244792 0.567187 0.24375 0.567187 0.242708 0.567969 0.241667 0.567969 0.240625 0.56875 0.238542 0.56875 0.2375 0.569531 0.236458 0.569531 0.235417 0.570312 0.233333 0.570312 0.232292 0.571094 0.230208 0.571094 0.229167 0.571875 0.226042 0.571875 0.225 0.572656 0.221875 0.572656 0.220833 0.573437 0.21875 0.573437 0.217708 0.574219 0.214583 0.574219 0.213542 0.575 0.208333 0.575 0.207292 0.575781 0.2 0.575781 0.198958 0.576562 0.175 0.576562 0.173958 0.575781 0.166667 0.575781 0.165625 0.575 0.161458 0.575 0.160417 0.574219 0.15625 0.574219 0.155208 0.573437 0.153125 0.573437 0.152083 0.572656 0.148958 0.572656 0.147917 0.571875 0.145833 0.571875 0.144792 0.571094 0.14375 0.571094 0.142708 0.570312 0.141667 0.570312 0.140625 0.569531 0.138542 0.569531 0.1375 0.56875 0.136458 0.56875 0.134375 0.567187 0.133333 0.567187 0.132292 0.566406 0.13125 0.566406 0.129167 0.564844 0.128125 0.564844 0.115625 0.555469 0.115625 0.554688 0.114583 0.553906 0.114583 0.553125 0.113542 0.552344 0.113542 0.551562 0.111458 0.55 0.111458 0.548437 0.110417 0.547656 0.110417 0.546094 0.109375 0.545312 0.109375 0.542187 0.108333 0.541406 0.108333 0.539062 0.107292 0.538281 0.107292 0.535937 0.10625 0.535156 0.938825
0 0.521875 0.653125 0.521875 0.65625 0.522917 0.657031 0.522917 0.657812 0.523958 0.658594 0.523958 0.659375 0.525 0.660156 0.525 0.660937 0.527083 0.6625 0.527083 0.663281 0.534375 0.66875 0.534375 0.669531 0.54375 0.676562 0.544792 0.676562 0.548958 0.679688 0.55 0.679688 0.551042 0.680469 0.552083 0.680469 0.554167 0.682031 0.555208 0.682031 0.55625 0.682812 0.557292 0.682812 0.558333 0.683594 0.559375 0.683594 0.560417 0.684375 0.561458 0.684375 0.5625 0.685156 0.563542 0.685156 0.564583 0.685937 0.565625 0.685937 0.566667 0.686719 0.56875 0.686719 0.569792 0.6875 0.570833 0.6875 0.571875 0.688281 0.573958 0.688281 0.575 0.689062 0.578125 0.689062 0.579167 0.689844 0.58125 0.689844 0.582292 0.690625 0.585417 0.690625 0.586458 0.691406 0.590625 0.691406 0.591667 0.692187 0.620833 0.692187 0.621875 0.691406 0.626042 0.691406 0.627083 0.690625 0.630208 0.690625 0.63125 0.689844 0.634375 0.689844 0.635417 0.689062 0.6375 0.689062 0.638542 0.688281 0.640625 0.688281 0.641667 0.6875 0.642708 0.6875 0.64375 0.686719 0.644792 0.686719 0.645833 0.685937 0.646875 0.685937 0.647917 0.685156 0.648958 0.685156 0.65 0.684375 0.651042 0.684375 0.653125 0.682812 0.654167 0.682812 0.657292 0.680469 0.658333 0.680469 0.6625 0.677344 0.663542 0.677344 0.66875 0.673437 0.66875 0.672656 0.671875 0.670312 0.671875 0.669531 0.672917 0.66875 0.672917 0.667969 0.675 0.666406 0.675 0.665625 0.677083 0.664062 0.677083 0.660937 0.676042 0.661719 0.676042 0.663281 0.673958 0.664844 0.672917 0.664844 0.670833 0.666406 0.670833 0.667187 0.669792 0.667969 0.66875 0.667969 0.6625 0.672656 0.661458 0.672656 0.657292 0.675781 0.65625 0.675781 0.654167 0.677344 0.653125 0.677344 0.652083 0.678125 0.651042 0.678125 0.65 0.678906 0.648958 0.678906 0.647917 0.679688 0.646875 0.679688 0.644792 0.68125 0.642708 0.68125 0.641667 0.682031 0.639583 0.682031 0.638542 0.682812 0.636458 0.682812 0.635417 0.683594 0.633333 0.683594 0.632292 0.684375 0.629167 0.684375 0.628125 0.685156 0.623958 0.685156 0.622917 0.685937 0.610417 0.685937 0.609375 0.686719 0.601042 0.686719 0.6 0.685937 0.592708 0.685937 0.591667 0.685156 0.586458 0.685156 0.585417 0.684375 0.582292 0.684375 0.58125 0.683594 0.578125 0.683594 0.577083 0.682812 0.575 0.682812 0.573958 0.682031 0.570833 0.682031 0.569792 0.68125 0.56875 0.68125 0.567708 0.680469 0.566667 0.680469 0.565625 0.679688 0.564583 0.679688 0.563542 0.678906 0.5625 0.678906 0.561458 0.678125 0.559375 0.678125 0.557292 0.676562 0.55625 0.676562 0.555208 0.675781 0.554167 0.675781 0.552083 0.674219 0.551042 0.674219 0.548958 0.672656 0.547917 0.672656 0.546875 0.671875 0.545833 0.671875 0.539583 0.667187 0.538542 0.667187 0.53125 0.661719 0.53125 0.660937 0.530208 0.660156 0.529167 0.660156 0.528125 0.659375 0.528125 0.658594 0.527083 0.657812 0.527083 0.65625 0.526042 0.655469 0.525 0.655469 0.522917 0.653906 0.522917 0.653125 0.937917
0 0.292708 0.585938 0.292708 0.585938 0.286458 0.585938 0.285417 0.585156 0.288542 0.582812 0.289583 0.582812 0.29375 0.579687 0.294792 0.579687 0.294792 0.578125 0.295833 0.577344 0.295833 0.574219 0.296875 0.573437 0.296875 0.572656 0.29375 0.572656 0.29375 0.573437 0.292708 0.574219 0.292708 0.575781 0.291667 0.576562 0.291667 0.577344 0.289583 0.578906 0.289583 0.580469 0.288542 0.58125 0.288542 0.582812 0.285417 0.585156 0.285417 0.585938 0.283333 0.5875 0.282292 0.5875 0.28125 0.588281 0.280208 0.588281 0.280208 0.589062 0.277083 0.591406 0.276042 0.591406 0.276042 0.592187 0.272917 0.594531 0.271875 0.594531 0.267708 0.597656 0.266667 0.597656 0.265625 0.598437 0.264583 0.598437 0.261458 0.600781 0.260417 0.600781 0.259375 0.601562 0.258333 0.601562 0.25625 0.603125 0.255208 0.603125 0.254167 0.603906 0.253125 0.603906 0.25 0.60625 0.248958 0.60625 0.247917 0.607031 0.245833 0.607031 0.244792 0.607812 0.24375 0.607812 0.241667 0.609375 0.239583 0.609375 0.238542 0.610156 0.236458 0.610156 0.235417 0.610937 0.234375 0.610937 0.233333 0.611719 0.232292 0.611719 0.23125 0.6125 0.229167 0.6125 0.228125 0.613281 0.223958 0.613281 0.222917 0.614062 0.21875 0.614062 0.217708 0.614844 0.214583 0.614844 0.213542 0.615625 0.208333 0.615625 0.207292 0.616406 0.175 0.616406 0.173958 0.615625 0.167708 0.615625 0.166667 0.614844 0.163542 0.614844 0.1625 0.614062 0.159375 0.614062 0.158333 0.613281 0.155208 0.613281 0.154167 0.6125 0.151042 0.6125 0.15 0.611719 0.148958 0.611719 0.147917 0.610937 0.146875 0.610937 0.145833 0.610156 0.144792 0.610156 0.14375 0.609375 0.141667 0.609375 0.138542 0.607031 0.1375 0.607031 0.135417 0.605469 0.134375 0.605469 0.122917 0.596875 0.122917 0.596094 0.120833 0.594531 0.120833 0.59375 0.119792 0.592969 0.119792 0.592187 0.11875 0.591406 0.11875 0.590625 0.115625 0.588281 0.115625 0.585156 0.115625 0.592969 0.116667 0.59375 0.116667 0.596094 0.117708 0.596875 0.117708 0.597656 0.11875 0.598437 0.11875 0.599219 0.119792 0.6 0.119792 0.600781 0.120833 0.601562 0.120833 0.602344 0.122917 0.603906 0.122917 0.604687 0.13125 0.610937 0.132292 0.610937 0.136458 0.614062 0.1375 0.614062 0.140625 0.616406 0.141667 0.616406 0.14375 0.617969 0.144792 0.617969 0.145833 0.61875 0.146875 0.61875 0.147917 0.619531 0.148958 0.619531 0.15 0.620312 0.153125 0.620312 0.154167 0.621094 0.155208 0.621094 0.15625 0.621875 0.161458 0.621875 0.1625 0.622656 0.16875 0.622656 0.169792 0.623437 0.173958 0.623437 0.175 0.624219 0.205208 0.624219 0.20625 0.623437 0.209375 0.623437 0.210417 0.622656 0.213542 0.622656 0.214583 0.621875 0.217708 0.621875 0.21875 0.621094 0.220833 0.621094 0.221875 0.620312 0.223958 0.620312 0.225 0.619531 0.228125 0.619531 0.229167 0.61875 0.232292 0.61875 0.233333 0.617969 0.234375 0.617969 0.235417 0.617188 0.236458 0.617188 0.2375 0.616406 0.238542 0.616406 0.239583 0.615625 0.241667 0.615625 0.242708 0.614844 0.24375 0.614844 0.244792 0.614062 0.245833 0.614062 0.247917 0.6125 0.25 0.6125 0.251042 0.611719 0.252083 0.611719 0.254167 0.610156 0.255208 0.610156 0.25625 0.609375 0.257292 0.609375 0.259375 0.607812 0.260417 0.607812 0.263542 0.605469 0.264583 0.605469 0.267708 0.603125 0.26875 0.603125 0.271875 0.600781 0.271875 0.6 0.273958 0.598437 0.275 0.598437 0.275 0.597656 0.279167 0.594531 0.279167 0.59375 0.282292 0.591406 0.282292 0.590625 0.285417 0.588281 0.285417 0.586719 0.286458 0.585938 0.937707
0 0.530208 0.592187 0.530208 0.589844 0.530208 0.592187 0.527083 0.59375 0.522917 0.596875 0.521875 0.596875 0.520833 0.597656 0.519792 0.597656 0.516667 0.6 0.515625 0.6 0.514583 0.600781 0.513542 0.600781 0.5125 0.601562 0.511458 0.601562 0.511458 0.602344 0.510417 0.603125 0.509375 0.603125 0.508333 0.603906 0.507292 0.603906 0.503125 0.607031 0.501042 0.607031 0.5 0.607812 0.498958 0.607812 0.496875 0.609375 0.494792 0.609375 0.49375 0.610156 0.490625 0.610156 0.489583 0.610937 0.4875 0.610937 0.485417 0.6125 0.48125 0.6125 0.480208 0.613281 0.475 0.613281 0.473958 0.614062 0.470833 0.614062 0.469792 0.614844 0.467708 0.614844 0.466667 0.615625 0.463542 0.615625 0.4625 0.616406 0.43125 0.616406 0.430208 0.615625 0.425 0.615625 0.423958 0.614844 0.419792 0.614844 0.41875 0.614062 0.414583 0.614062 0.413542 0.613281 0.410417 0.613281 0.409375 0.6125 0.407292 0.6125 0.40625 0.611719 0.405208 0.611719 0.404167 0.610937 0.4 0.610937 0.398958 0.610156 0.397917 0.610156 0.394792 0.607812 0.39375 0.607812 0.392708 0.607031 0.390625 0.607031 0.3875 0.604687 0.386458 0.604687 0.385417 0.603906 0.383333 0.603906 0.379167 0.600781 0.378125 0.600781 0.364583 0.590625 0.364583 0.589844 0.363542 0.589062 0.3625 0.589062 0.360417 0.5875 0.360417 0.586719 0.359375 0.585938 0.359375 0.585156 0.357292 0.583594 0.357292 0.582812 0.35625 0.582031 0.35625 0.580469 0.355208 0.579687 0.355208 0.585938 0.35625 0.586719 0.35625 0.5875 0.358333 0.589062 0.358333 0.590625 0.359375 0.591406 0.359375 0.592969 0.360417 0.59375 0.360417 0.594531 0.363542 0.596875 0.363542 0.597656 0.366667 0.6 0.366667 0.600781 0.367708 0.601562 0.367708 0.602344 0.377083 0.609375 0.378125 0.609375 0.380208 0.610937 0.38125 0.610937 0.382292 0.611719 0.383333 0.611719 0.386458 0.614062 0.3875 0.614062 0.389583 0.615625 0.391667 0.615625 0.392708 0.616406 0.39375 0.616406 0.394792 0.617188 0.395833 0.617188 0.396875 0.617969 0.398958 0.617969 0.4 0.61875 0.401042 0.61875 0.402083 0.619531 0.405208 0.619531 0.40625 0.620312 0.408333 0.620312 0.410417 0.621875 0.4125 0.621875 0.413542 0.622656 0.416667 0.622656 0.417708 0.623437 0.469792 0.623437 0.470833 0.622656 0.472917 0.622656 0.475 0.621094 0.477083 0.621094 0.478125 0.620312 0.483333 0.620312 0.484375 0.619531 0.485417 0.619531 0.486458 0.61875 0.4875 0.61875 0.488542 0.617969 0.489583 0.617969 0.490625 0.617188 0.492708 0.617188 0.495833 0.614844 0.496875 0.614844 0.497917 0.614062 0.498958 0.614062 0.5 0.613281 0.502083 0.613281 0.502083 0.6125 0.504167 0.610937 0.505208 0.610937 0.508333 0.608594 0.509375 0.608594 0.510417 0.607812 0.511458 0.607812 0.5125 0.607031 0.513542 0.607031 0.516667 0.604687 0.517708 0.604687 0.51875 0.603906 0.51875 0.603125 0.520833 0.601562 0.521875 0.601562 0.521875 0.600781 0.526042 0.597656 0.526042 0.596094 0.527083 0.595312 0.527083 0.59375 0.937557
0 0.108333 0.535937 0.108333 0.546094 0.109375 0.546094 0.111458 0.547656 0.111458 0.548437 0.1125 0.549219 0.1125 0.55 0.113542 0.550781 0.113542 0.551562 0.116667 0.553906 0.116667 0.554688 0.11875 0.55625 0.11875 0.557031 0.119792 0.557812 0.120833 0.557812 0.128125 0.563281 0.129167 0.563281 0.13125 0.564844 0.132292 0.564844 0.134375 0.566406 0.135417 0.566406 0.136458 0.567187 0.1375 0.567187 0.138542 0.567969 0.139583 0.567969 0.140625 0.56875 0.141667 0.56875 0.142708 0.569531 0.14375 0.569531 0.144792 0.570312 0.146875 0.570312 0.147917 0.571094 0.151042 0.571094 0.152083 0.571875 0.154167 0.571875 0.155208 0.572656 0.159375 0.572656 0.160417 0.573437 0.164583 0.573437 0.165625 0.574219 0.169792 0.574219 0.170833 0.575 0.203125 0.575 0.204167 0.574219 0.208333 0.574219 0.209375 0.573437 0.214583 0.573437 0.215625 0.572656 0.21875 0.572656 0.219792 0.571875 0.222917 0.571875 0.223958 0.571094 0.226042 0.571094 0.227083 0.570312 0.230208 0.570312 0.23125 0.569531 0.234375 0.569531 0.235417 0.56875 0.236458 0.56875 0.2375 0.567969 0.238542 0.567969 0.239583 0.567187 0.241667 0.567187 0.242708 0.566406 0.24375 0.566406 0.244792 0.565625 0.245833 0.565625 0.246875 0.564844 0.247917 0.564844 0.248958 0.564062 0.25 0.564062 0.251042 0.563281 0.252083 0.563281 0.253125 0.5625 0.254167 0.5625 0.25625 0.560937 0.257292 0.560937 0.258333 0.560156 0.259375 0.560156 0.261458 0.558594 0.2625 0.558594 0.264583 0.557031 0.265625 0.557031 0.26875 0.554688 0.269792 0.554688 0.272917 0.552344 0.273958 0.552344 0.284375 0.544531 0.284375 0.542969 0.283333 0.542187 0.28125 0.542187 0.278125 0.544531 0.277083 0.544531 0.276042 0.545312 0.275 0.545312 0.272917 0.546875 0.271875 0.546875 0.270833 0.547656 0.269792 0.547656 0.26875 0.548437 0.267708 0.548437 0.267708 0.549219 0.266667 0.55 0.265625 0.55 0.264583 0.550781 0.263542 0.550781 0.261458 0.552344 0.260417 0.552344 0.258333 0.553906 0.25625 0.553906 0.255208 0.554688 0.254167 0.554688 0.252083 0.55625 0.251042 0.55625 0.25 0.557031 0.247917 0.557031 0.246875 0.557812 0.245833 0.557812 0.244792 0.558594 0.24375 0.558594 0.242708 0.559375 0.241667 0.559375 0.240625 0.560156 0.238542 0.560156 0.2375 0.560937 0.236458 0.560937 0.235417 0.561719 0.233333 0.561719 0.232292 0.5625 0.229167 0.5625 0.228125 0.563281 0.225 0.563281 0.223958 0.564062 0.221875 0.564062 0.220833 0.564844 0.217708 0.564844 0.216667 0.565625 0.208333 0.565625 0.207292 0.566406 0.197917 0.566406 0.196875 0.567187 0.177083 0.567187 0.176042 0.566406 0.16875 0.566406 0.167708 0.565625 0.161458 0.565625 0.160417 0.564844 0.15625 0.564844 0.155208 0.564062 0.154167 0.564062 0.153125 0.563281 0.151042 0.563281 0.15 0.5625 0.146875 0.5625 0.145833 0.561719 0.144792 0.561719 0.14375 0.560937 0.142708 0.560937 0.141667 0.560156 0.140625 0.560156 0.139583 0.559375 0.1375 0.559375 0.135417 0.557812 0.134375 0.557812 0.133333 0.557031 0.132292 0.557031 0.129167 0.554688 0.128125 0.554688 0.126042 0.553125 0.125 0.553125 0.11875 0.548437 0.11875 0.547656 0.117708 0.547656 0.114583 0.545312 0.114583 0.544531 0.111458 0.542187 0.111458 0.541406 0.110417 0.540625 0.110417 0.5375 0.109375 0.536719 0.109375 0.535937 0.937357
0 0.35 0.640625 0.35 0.658594 0.351042 0.659375 0.351042 0.660156 0.352083 0.660937 0.352083 0.6625 0.353125 0.663281 0.353125 0.664062 0.354167 0.664844 0.354167 0.665625 0.355208 0.666406 0.355208 0.667187 0.35625 0.667969 0.35625 0.66875 0.357292 0.669531 0.357292 0.670312 0.360417 0.672656 0.360417 0.673437 0.366667 0.678125 0.367708 0.678125 0.369792 0.679688 0.370833 0.679688 0.373958 0.682031 0.375 0.682031 0.376042 0.682812 0.377083 0.682812 0.379167 0.684375 0.380208 0.684375 0.38125 0.685156 0.382292 0.685156 0.383333 0.685937 0.384375 0.685937 0.385417 0.686719 0.386458 0.686719 0.3875 0.6875 0.388542 0.6875 0.389583 0.688281 0.391667 0.688281 0.392708 0.689062 0.39375 0.689062 0.394792 0.689844 0.395833 0.689844 0.396875 0.690625 0.398958 0.690625 0.4 0.691406 0.403125 0.691406 0.404167 0.692187 0.408333 0.692187 0.409375 0.692969 0.413542 0.692969 0.414583 0.69375 0.445833 0.69375 0.446875 0.692969 0.451042 0.692969 0.452083 0.692187 0.454167 0.692187 0.455208 0.691406 0.458333 0.691406 0.459375 0.690625 0.461458 0.690625 0.4625 0.689844 0.464583 0.689844 0.465625 0.689062 0.467708 0.689062 0.46875 0.688281 0.470833 0.688281 0.471875 0.6875 0.472917 0.6875 0.473958 0.686719 0.475 0.686719 0.476042 0.685937 0.477083 0.685937 0.478125 0.685156 0.479167 0.685156 0.48125 0.683594 0.482292 0.683594 0.484375 0.682031 0.485417 0.682031 0.4875 0.680469 0.488542 0.680469 0.491667 0.678125 0.492708 0.678125 0.503125 0.670312 0.503125 0.669531 0.50625 0.667187 0.50625 0.666406 0.507292 0.665625 0.507292 0.664844 0.509375 0.663281 0.509375 0.6625 0.510417 0.661719 0.510417 0.660937 0.511458 0.660156 0.510417 0.659375 0.510417 0.658594 0.508333 0.660156 0.508333 0.660937 0.498958 0.667969 0.497917 0.667969 0.494792 0.670312 0.49375 0.670312 0.490625 0.672656 0.489583 0.672656 0.485417 0.675781 0.483333 0.675781 0.482292 0.676562 0.48125 0.676562 0.479167 0.678125 0.478125 0.678125 0.477083 0.678906 0.476042 0.678906 0.475 0.679688 0.472917 0.679688 0.471875 0.680469 0.470833 0.680469 0.469792 0.68125 0.46875 0.68125 0.467708 0.682031 0.465625 0.682031 0.464583 0.682812 0.460417 0.682812 0.459375 0.683594 0.458333 0.683594 0.457292 0.684375 0.454167 0.684375 0.453125 0.685156 0.446875 0.685156 0.445833 0.685937 0.435417 0.685937 0.434375 0.686719 0.427083 0.686719 0.426042 0.685937 0.415625 0.685937 0.414583 0.685156 0.407292 0.685156 0.40625 0.684375 0.404167 0.684375 0.403125 0.683594 0.401042 0.683594 0.4 0.682812 0.397917 0.682812 0.396875 0.682031 0.394792 0.682031 0.39375 0.68125 0.392708 0.68125 0.391667 0.680469 0.390625 0.680469 0.389583 0.679688 0.388542 0.679688 0.3875 0.678906 0.385417 0.678906 0.384375 0.678125 0.383333 0.678125 0.38125 0.676562 0.380208 0.676562 0.379167 0.675781 0.378125 0.675781 0.377083 0.675 0.376042 0.675 0.375 0.674219 0.373958 0.674219 0.371875 0.672656 0.370833 0.672656 0.361458 0.665625 0.361458 0.664844 0.360417 0.664062 0.360417 0.663281 0.358333 0.661719 0.358333 0.660937 0.357292 0.660156 0.357292 0.657812 0.35625 0.657031 0.35625 0.65625 0.355208 0.655469 0.355208 0.654687 0.354167 0.653906 0.354167 0.650781 0.353125 0.65 0.353125 0.648438 0.352083 0.647656 0.352083 0.646094 0.351042 0.645312 0.351042 0.642969 0.35 0.642187 0.936587
0 0.296875 0.467969 0.296875 0.471875 0.295833 0.472656 0.295833 0.474219 0.29375 0.475781 0.29375 0.476562 0.292708 0.477344 0.292708 0.478906 0.291667 0.479687 0.291667 0.480469 0.289583 0.482031 0.289583 0.482812 0.288542 0.483594 0.288542 0.484375 0.284375 0.4875 0.284375 0.488281 0.277083 0.49375 0.276042 0.49375 0.271875 0.496875 0.270833 0.496875 0.267708 0.499219 0.266667 0.499219 0.264583 0.500781 0.263542 0.500781 0.2625 0.501562 0.261458 0.501562 0.259375 0.503125 0.258333 0.503125 0.25625 0.504687 0.255208 0.504687 0.254167 0.505469 0.253125 0.505469 0.252083 0.50625 0.251042 0.50625 0.25 0.507031 0.248958 0.507031 0.247917 0.507812 0.245833 0.507812 0.244792 0.508594 0.24375 0.508594 0.242708 0.509375 0.241667 0.509375 0.240625 0.510156 0.239583 0.510156 0.238542 0.510937 0.236458 0.510937 0.235417 0.511719 0.232292 0.511719 0.23125 0.5125 0.229167 0.5125 0.228125 0.513281 0.226042 0.513281 0.225 0.514062 0.221875 0.514062 0.220833 0.514844 0.217708 0.514844 0.216667 0.515625 0.213542 0.515625 0.2125 0.516406 0.209375 0.516406 0.208333 0.517188 0.204167 0.517188 0.203125 0.517969 0.19375 0.517969 0.192708 0.51875 0.167708 0.51875 0.166667 0.517969 0.15625 0.517969 0.155208 0.517188 0.151042 0.517188 0.15 0.516406 0.147917 0.516406 0.146875 0.515625 0.14375 0.515625 0.142708 0.514844 0.140625 0.514844 0.139583 0.514062 0.1375 0.514062 0.136458 0.513281 0.134375 0.513281 0.133333 0.5125 0.132292 0.5125 0.13125 0.511719 0.130208 0.511719 0.129167 0.510937 0.128125 0.510937 0.127083 0.510156 0.123958 0.510156 0.120833 0.507812 0.119792 0.507812 0.117708 0.50625 0.116667 0.50625 0.115625 0.505469 0.115625 0.504687 0.107292 0.498437 0.107292 0.497656 0.10625 0.496875 0.10625 0.496094 0.105208 0.495312 0.104167 0.495312 0.103125 0.494531 0.103125 0.499219 0.104167 0.5 0.104167 0.501562 0.107292 0.503906 0.107292 0.504687 0.108333 0.505469 0.108333 0.50625 0.109375 0.507031 0.109375 0.507812 0.117708 0.514062 0.117708 0.514844 0.11875 0.515625 0.119792 0.515625 0.120833 0.516406 0.121875 0.516406 0.122917 0.517188 0.125 0.517188 0.126042 0.517969 0.127083 0.517969 0.128125 0.51875 0.129167 0.51875 0.13125 0.520312 0.132292 0.520312 0.133333 0.521094 0.135417 0.521094 0.136458 0.521875 0.1375 0.521875 0.138542 0.522656 0.140625 0.522656 0.141667 0.523438 0.14375 0.523438 0.144792 0.524219 0.146875 0.524219 0.147917 0.525 0.152083 0.525 0.153125 0.525781 0.15625 0.525781 0.157292 0.526562 0.204167 0.526562 0.205208 0.525781 0.209375 0.525781 0.210417 0.525 0.213542 0.525 0.214583 0.524219 0.217708 0.524219 0.21875 0.523438 0.222917 0.523438 0.223958 0.522656 0.227083 0.522656 0.228125 0.521875 0.230208 0.521875 0.23125 0.521094 0.233333 0.521094 0.234375 0.520312 0.236458 0.520312 0.2375 0.519531 0.238542 0.519531 0.239583 0.51875 0.240625 0.51875 0.241667 0.517969 0.24375 0.517969 0.244792 0.517188 0.245833 0.517188 0.246875 0.516406 0.247917 0.516406 0.248958 0.515625 0.25 0.515625 0.251042 0.514844 0.252083 0.514844 0.253125 0.514062 0.254167 0.514062 0.255208 0.513281 0.25625 0.513281 0.258333 0.511719 0.259375 0.511719 0.260417 0.510937 0.261458 0.510937 0.2625 0.510156 0.263542 0.510156 0.266667 0.507812 0.267708 0.507812 0.269792 0.50625 0.270833 0.50625 0.273958 0.503906 0.275 0.503906 0.290625 0.492187 0.290625 0.491406 0.291667 0.490625 0.291667 0.489844 0.29375 0.488281 0.29375 0.4875 0.294792 0.486719 0.294792 0.485937 0.295833 0.485156 0.295833 0.482031 0.296875 0.48125 0.296875 0.478906 0.297917 0.478125 0.297917 0.467969 0.930467
0 0.296875 0.544531 0.296875 0.547656 0.295833 0.548437 0.295833 0.550781 0.294792 0.551562 0.29375 0.551562 0.29375 0.552344 0.292708 0.553125 0.292708 0.553906 0.291667 0.554688 0.291667 0.555469 0.289583 0.557031 0.289583 0.557812 0.286458 0.560156 0.286458 0.560937 0.280208 0.565625 0.280208 0.566406 0.273958 0.571094 0.272917 0.571094 0.266667 0.575781 0.265625 0.575781 0.2625 0.578125 0.261458 0.578125 0.259375 0.579687 0.258333 0.579687 0.257292 0.580469 0.25625 0.580469 0.254167 0.582031 0.253125 0.582031 0.252083 0.582812 0.251042 0.582812 0.25 0.583594 0.248958 0.583594 0.247917 0.584375 0.246875 0.584375 0.245833 0.585156 0.244792 0.585156 0.24375 0.585938 0.241667 0.585938 0.240625 0.586719 0.239583 0.586719 0.238542 0.5875 0.236458 0.5875 0.235417 0.588281 0.233333 0.588281 0.232292 0.589062 0.230208 0.589062 0.229167 0.589844 0.227083 0.589844 0.226042 0.590625 0.223958 0.590625 0.222917 0.591406 0.219792 0.591406 0.21875 0.592187 0.214583 0.592187 0.213542 0.592969 0.210417 0.592969 0.209375 0.59375 0.202083 0.59375 0.201042 0.594531 0.176042 0.594531 0.175 0.59375 0.166667 0.59375 0.165625 0.592969 0.163542 0.592969 0.1625 0.592187 0.159375 0.592187 0.158333 0.591406 0.155208 0.591406 0.154167 0.590625 0.152083 0.590625 0.151042 0.589844 0.15 0.589844 0.147917 0.588281 0.145833 0.588281 0.144792 0.5875 0.14375 0.5875 0.142708 0.586719 0.141667 0.586719 0.139583 0.585156 0.138542 0.585156 0.1375 0.584375 0.136458 0.584375 0.135417 0.583594 0.134375 0.583594 0.13125 0.58125 0.130208 0.58125 0.123958 0.576562 0.123958 0.575781 0.11875 0.571875 0.11875 0.571094 0.117708 0.570312 0.116667 0.570312 0.115625 0.569531 0.115625 0.56875 0.114583 0.567969 0.114583 0.567187 0.113542 0.567187 0.113542 0.571094 0.114583 0.571875 0.114583 0.572656 0.115625 0.573437 0.115625 0.574219 0.116667 0.575 0.116667 0.575781 0.117708 0.576562 0.117708 0.578125 0.11875 0.578906 0.11875 0.579687 0.119792 0.580469 0.119792 0.58125 0.120833 0.582031 0.120833 0.582812 0.122917 0.584375 0.122917 0.585156 0.125 0.586719 0.125 0.5875 0.127083 0.589062 0.128125 0.589062 0.133333 0.592969 0.134375 0.592969 0.135417 0.59375 0.136458 0.59375 0.138542 0.595312 0.139583 0.595312 0.140625 0.596094 0.141667 0.596094 0.142708 0.596875 0.14375 0.596875 0.144792 0.597656 0.145833 0.597656 0.146875 0.598437 0.148958 0.598437 0.15 0.599219 0.151042 0.599219 0.152083 0.6 0.154167 0.6 0.155208 0.600781 0.159375 0.600781 0.160417 0.601562 0.1625 0.601562 0.163542 0.602344 0.165625 0.602344 0.166667 0.603125 0.169792 0.603125 0.170833 0.603906 0.205208 0.603906 0.20625 0.603125 0.211458 0.603125 0.2125 0.602344 0.215625 0.602344 0.216667 0.601562 0.219792 0.601562 0.220833 0.600781 0.226042 0.600781 0.227083 0.6 0.229167 0.6 0.230208 0.599219 0.23125 0.599219 0.232292 0.598437 0.234375 0.598437 0.235417 0.597656 0.2375 0.597656 0.238542 0.596875 0.240625 0.596875 0.242708 0.595312 0.244792 0.595312 0.245833 0.594531 0.247917 0.594531 0.25 0.592969 0.251042 0.592969 0.252083 0.592187 0.253125 0.592187 0.254167 0.591406 0.255208 0.591406 0.257292 0.589844 0.258333 0.589844 0.260417 0.588281 0.261458 0.588281 0.2625 0.5875 0.263542 0.5875 0.265625 0.585938 0.266667 0.585938 0.270833 0.582812 0.271875 0.582812 0.286458 0.571875 0.286458 0.571094 0.2875 0.570312 0.2875 0.569531 0.289583 0.567969 0.289583 0.567187 0.291667 0.565625 0.291667 0.564844 0.292708 0.564062 0.292708 0.5625 0.29375 0.561719 0.29375 0.560156 0.294792 0.559375 0.294792 0.558594 0.295833 0.557812 0.295833 0.555469 0.296875 0.554688 0.296875 0.552344 0.297917 0.551562 0.297917 0.545312 0.927926
0 0.292708 0.438281 0.292708 0.440625 0.291667 0.441406 0.291667 0.442969 0.290625 0.44375 0.290625 0.444531 0.289583 0.445312 0.289583 0.446875 0.288542 0.447656 0.288542 0.449219 0.2875 0.45 0.2875 0.450781 0.285417 0.452344 0.285417 0.453125 0.284375 0.453906 0.284375 0.454687 0.28125 0.457031 0.28125 0.457812 0.276042 0.461719 0.276042 0.4625 0.275 0.463281 0.273958 0.463281 0.264583 0.470312 0.263542 0.470312 0.263542 0.471094 0.261458 0.472656 0.260417 0.472656 0.259375 0.473437 0.258333 0.473437 0.257292 0.474219 0.25625 0.474219 0.254167 0.475781 0.253125 0.475781 0.252083 0.476562 0.251042 0.476562 0.248958 0.478125 0.247917 0.478125 0.246875 0.478906 0.245833 0.478906 0.244792 0.479687 0.24375 0.479687 0.242708 0.480469 0.241667 0.480469 0.239583 0.482031 0.2375 0.482031 0.236458 0.482812 0.235417 0.482812 0.234375 0.483594 0.233333 0.483594 0.232292 0.484375 0.230208 0.484375 0.229167 0.485156 0.228125 0.485156 0.227083 0.485937 0.225 0.485937 0.223958 0.486719 0.220833 0.486719 0.219792 0.4875 0.217708 0.4875 0.216667 0.488281 0.214583 0.488281 0.213542 0.489062 0.210417 0.489062 0.209375 0.489844 0.205208 0.489844 0.204167 0.490625 0.202083 0.490625 0.201042 0.491406 0.19375 0.491406 0.192708 0.492187 0.152083 0.492187 0.151042 0.491406 0.144792 0.491406 0.14375 0.490625 0.138542 0.490625 0.1375 0.489844 0.132292 0.489844 0.13125 0.489062 0.130208 0.489062 0.129167 0.488281 0.127083 0.488281 0.126042 0.4875 0.125 0.4875 0.123958 0.486719 0.121875 0.486719 0.120833 0.485937 0.119792 0.485937 0.11875 0.485156 0.117708 0.485156 0.116667 0.484375 0.114583 0.484375 0.113542 0.483594 0.1125 0.483594 0.110417 0.482031 0.109375 0.482031 0.108333 0.48125 0.107292 0.48125 0.105208 0.479687 0.104167 0.479687 0.101042 0.477344 0.1 0.477344 0.096875 0.475 0.0958333 0.475 0.0947917 0.474219 0.0947917 0.473437 0.0947917 0.474219 0.0958333 0.475 0.0958333 0.476562 0.096875 0.477344 0.096875 0.478125 0.0979167 0.478906 0.0979167 0.479687 0.108333 0.4875 0.109375 0.4875 0.111458 0.489062 0.1125 0.489062 0.114583 0.490625 0.115625 0.490625 0.116667 0.491406 0.117708 0.491406 0.11875 0.492187 0.119792 0.492187 0.120833 0.492969 0.121875 0.492969 0.122917 0.49375 0.125 0.49375 0.126042 0.494531 0.127083 0.494531 0.128125 0.495312 0.130208 0.495312 0.13125 0.496094 0.133333 0.496094 0.134375 0.496875 0.136458 0.496875 0.1375 0.497656 0.140625 0.497656 0.141667 0.498437 0.204167 0.498437 0.205208 0.497656 0.207292 0.497656 0.208333 0.496875 0.211458 0.496875 0.2125 0.496094 0.215625 0.496094 0.216667 0.495312 0.21875 0.495312 0.219792 0.494531 0.221875 0.494531 0.222917 0.49375 0.226042 0.49375 0.227083 0.492969 0.229167 0.492969 0.230208 0.492187 0.23125 0.492187 0.232292 0.491406 0.234375 0.491406 0.235417 0.490625 0.236458 0.490625 0.2375 0.489844 0.239583 0.489844 0.240625 0.489062 0.241667 0.489062 0.242708 0.488281 0.244792 0.488281 0.245833 0.4875 0.246875 0.4875 0.247917 0.486719 0.248958 0.486719 0.25 0.485937 0.251042 0.485937 0.252083 0.485156 0.253125 0.485156 0.254167 0.484375 0.255208 0.484375 0.25625 0.483594 0.257292 0.483594 0.259375 0.482031 0.260417 0.482031 0.263542 0.479687 0.264583 0.479687 0.266667 0.478125 0.267708 0.478125 0.270833 0.475781 0.271875 0.475781 0.273958 0.474219 0.275 0.474219 0.280208 0.470312 0.280208 0.469531 0.282292 0.467969 0.283333 0.467969 0.284375 0.467187 0.284375 0.466406 0.285417 0.465625 0.285417 0.464062 0.288542 0.461719 0.288542 0.460937 0.289583 0.460156 0.289583 0.459375 0.290625 0.458594 0.290625 0.457031 0.291667 0.45625 0.291667 0.454687 0.292708 0.453906 0.292708 0.451562 0.29375 0.450781 0.29375 0.439844 0.292708 0.439062 0.926864
0 0.352083 0.6125 0.352083 0.617969 0.353125 0.61875 0.353125 0.619531 0.354167 0.620312 0.354167 0.621875 0.355208 0.622656 0.355208 0.623437 0.357292 0.625 0.357292 0.625781 0.358333 0.626562 0.358333 0.627344 0.360417 0.628906 0.360417 0.629687 0.372917 0.639062 0.373958 0.639062 0.378125 0.642187 0.379167 0.642187 0.38125 0.64375 0.382292 0.64375 0.383333 0.644531 0.384375 0.644531 0.385417 0.645312 0.386458 0.645312 0.3875 0.646094 0.388542 0.646094 0.389583 0.646875 0.390625 0.646875 0.391667 0.647656 0.39375 0.647656 0.394792 0.648438 0.396875 0.648438 0.397917 0.649219 0.398958 0.649219 0.4 0.65 0.401042 0.65 0.402083 0.650781 0.407292 0.650781 0.408333 0.651562 0.4125 0.651562 0.413542 0.652344 0.415625 0.652344 0.416667 0.653125 0.420833 0.653125 0.421875 0.653906 0.451042 0.653906 0.452083 0.653125 0.455208 0.653125 0.45625 0.652344 0.459375 0.652344 0.460417 0.651562 0.466667 0.651562 0.467708 0.650781 0.469792 0.650781 0.470833 0.65 0.472917 0.65 0.473958 0.649219 0.475 0.649219 0.476042 0.648438 0.478125 0.648438 0.479167 0.647656 0.48125 0.647656 0.482292 0.646875 0.483333 0.646875 0.484375 0.646094 0.485417 0.646094 0.486458 0.645312 0.4875 0.645312 0.488542 0.644531 0.489583 0.644531 0.491667 0.642969 0.492708 0.642969 0.49375 0.642187 0.494792 0.642187 0.495833 0.641406 0.496875 0.641406 0.501042 0.638281 0.502083 0.638281 0.514583 0.628906 0.514583 0.628125 0.517708 0.625781 0.517708 0.625 0.519792 0.623437 0.519792 0.621875 0.520833 0.621094 0.521875 0.621094 0.521875 0.617969 0.522917 0.617188 0.522917 0.614062 0.522917 0.614844 0.521875 0.615625 0.521875 0.616406 0.520833 0.617188 0.520833 0.620312 0.519792 0.621094 0.517708 0.621094 0.516667 0.621875 0.515625 0.621875 0.514583 0.622656 0.513542 0.622656 0.511458 0.624219 0.510417 0.624219 0.503125 0.629687 0.502083 0.629687 0.497917 0.632812 0.496875 0.632812 0.49375 0.635156 0.491667 0.635156 0.490625 0.635937 0.489583 0.635937 0.486458 0.638281 0.484375 0.638281 0.483333 0.639062 0.48125 0.639062 0.479167 0.640625 0.478125 0.640625 0.477083 0.641406 0.473958 0.641406 0.472917 0.642187 0.469792 0.642187 0.46875 0.642969 0.467708 0.642969 0.466667 0.64375 0.464583 0.64375 0.463542 0.644531 0.460417 0.644531 0.459375 0.645312 0.454167 0.645312 0.453125 0.646094 0.446875 0.646094 0.445833 0.646875 0.422917 0.646875 0.421875 0.646094 0.414583 0.646094 0.413542 0.645312 0.409375 0.645312 0.408333 0.644531 0.40625 0.644531 0.405208 0.64375 0.403125 0.64375 0.402083 0.642969 0.398958 0.642969 0.397917 0.642187 0.395833 0.642187 0.394792 0.641406 0.392708 0.641406 0.391667 0.640625 0.390625 0.640625 0.388542 0.639062 0.3875 0.639062 0.386458 0.638281 0.384375 0.638281 0.382292 0.636719 0.38125 0.636719 0.380208 0.635937 0.379167 0.635937 0.377083 0.634375 0.376042 0.634375 0.372917 0.632031 0.371875 0.632031 0.360417 0.623437 0.360417 0.622656 0.359375 0.622656 0.357292 0.621094 0.357292 0.620312 0.35625 0.619531 0.35625 0.61875 0.355208 0.617969 0.355208 0.617188 0.354167 0.617188 0.352083 0.615625 0.926021
0 0.130208 0.621875 0.130208 0.629687 0.132292 0.63125 0.132292 0.632031 0.133333 0.632812 0.133333 0.634375 0.134375 0.635156 0.134375 0.636719 0.135417 0.6375 0.135417 0.638281 0.139583 0.641406 0.139583 0.642187 0.142708 0.644531 0.14375 0.644531 0.152083 0.650781 0.153125 0.650781 0.155208 0.652344 0.15625 0.652344 0.157292 0.653125 0.158333 0.653125 0.159375 0.653906 0.160417 0.653906 0.161458 0.654687 0.1625 0.654687 0.163542 0.655469 0.164583 0.655469 0.165625 0.65625 0.166667 0.65625 0.167708 0.657031 0.16875 0.657031 0.169792 0.657812 0.173958 0.657812 0.175 0.658594 0.177083 0.658594 0.178125 0.659375 0.180208 0.659375 0.18125 0.660156 0.184375 0.660156 0.185417 0.660937 0.194792 0.660937 0.195833 0.661719 0.201042 0.661719 0.202083 0.660937 0.215625 0.660937 0.216667 0.660156 0.221875 0.660156 0.222917 0.659375 0.226042 0.659375 0.227083 0.658594 0.230208 0.658594 0.23125 0.657812 0.234375 0.657812 0.235417 0.657031 0.236458 0.657031 0.2375 0.65625 0.238542 0.65625 0.239583 0.655469 0.240625 0.655469 0.241667 0.654687 0.24375 0.654687 0.244792 0.653906 0.245833 0.653906 0.247917 0.652344 0.248958 0.652344 0.25 0.651562 0.252083 0.651562 0.253125 0.650781 0.254167 0.650781 0.25625 0.649219 0.258333 0.649219 0.259375 0.648438 0.260417 0.648438 0.261458 0.647656 0.2625 0.647656 0.265625 0.645312 0.266667 0.645312 0.267708 0.644531 0.26875 0.644531 0.270833 0.642969 0.271875 0.642969 0.273958 0.641406 0.275 0.641406 0.280208 0.6375 0.280208 0.636719 0.282292 0.635156 0.283333 0.635156 0.290625 0.629687 0.290625 0.628906 0.29375 0.626562 0.29375 0.623437 0.291667 0.625 0.290625 0.625 0.2875 0.627344 0.2875 0.628125 0.286458 0.628906 0.285417 0.628906 0.285417 0.629687 0.28125 0.632812 0.28125 0.633594 0.279167 0.635156 0.277083 0.635156 0.276042 0.635937 0.275 0.635937 0.270833 0.639062 0.269792 0.639062 0.265625 0.642187 0.264583 0.642187 0.263542 0.642969 0.2625 0.642969 0.261458 0.64375 0.259375 0.64375 0.258333 0.644531 0.257292 0.644531 0.25625 0.645312 0.255208 0.645312 0.253125 0.646875 0.252083 0.646875 0.251042 0.647656 0.25 0.647656 0.248958 0.648438 0.246875 0.648438 0.245833 0.649219 0.242708 0.649219 0.241667 0.65 0.239583 0.65 0.238542 0.650781 0.235417 0.650781 0.234375 0.651562 0.23125 0.651562 0.230208 0.652344 0.226042 0.652344 0.225 0.653125 0.221875 0.653125 0.220833 0.653906 0.214583 0.653906 0.213542 0.654687 0.185417 0.654687 0.184375 0.653906 0.178125 0.653906 0.177083 0.653125 0.173958 0.653125 0.172917 0.652344 0.171875 0.652344 0.170833 0.651562 0.167708 0.651562 0.166667 0.650781 0.164583 0.650781 0.163542 0.65 0.1625 0.65 0.160417 0.648438 0.158333 0.648438 0.157292 0.647656 0.15625 0.647656 0.153125 0.645312 0.152083 0.645312 0.151042 0.644531 0.15 0.644531 0.145833 0.641406 0.144792 0.641406 0.142708 0.639844 0.142708 0.639062 0.141667 0.638281 0.140625 0.638281 0.139583 0.6375 0.139583 0.636719 0.138542 0.635937 0.138542 0.635156 0.136458 0.633594 0.136458 0.632812 0.135417 0.632031 0.135417 0.63125 0.134375 0.630469 0.134375 0.629687 0.132292 0.628125 0.132292 0.627344 0.13125 0.626562 0.13125 0.622656 0.92541
0 0.51875 0.607031 0.517708 0.607031 0.517708 0.608594 0.51875 0.607812 0.51875 0.607031 0.521875 0.604687 0.522917 0.604687 0.522917 0.603906 0.525 0.601562 0.515625 0.609375 0.514583 0.609375 0.513542 0.610156 0.510417 0.610156 0.507292 0.6125 0.50625 0.6125 0.505208 0.613281 0.504167 0.613281 0.502083 0.614844 0.501042 0.614844 0.498958 0.616406 0.497917 0.616406 0.495833 0.617969 0.494792 0.617969 0.49375 0.61875 0.492708 0.61875 0.491667 0.619531 0.489583 0.619531 0.488542 0.620312 0.4875 0.620312 0.486458 0.621094 0.485417 0.621094 0.484375 0.621875 0.482292 0.621875 0.48125 0.622656 0.478125 0.622656 0.477083 0.623437 0.476042 0.623437 0.475 0.624219 0.473958 0.624219 0.472917 0.625 0.464583 0.625 0.463542 0.625781 0.457292 0.625781 0.45625 0.626562 0.452083 0.626562 0.451042 0.627344 0.434375 0.627344 0.433333 0.626562 0.428125 0.626562 0.427083 0.625781 0.422917 0.625781 0.421875 0.625 0.414583 0.625 0.413542 0.624219 0.411458 0.624219 0.410417 0.623437 0.409375 0.623437 0.408333 0.622656 0.40625 0.622656 0.405208 0.621875 0.402083 0.621875 0.401042 0.621094 0.398958 0.621094 0.397917 0.620312 0.396875 0.620312 0.395833 0.619531 0.39375 0.619531 0.392708 0.61875 0.391667 0.61875 0.390625 0.617969 0.389583 0.617969 0.3875 0.616406 0.386458 0.616406 0.384375 0.614844 0.383333 0.614844 0.38125 0.613281 0.379167 0.613281 0.364583 0.602344 0.364583 0.601562 0.360417 0.598437 0.360417 0.597656 0.357292 0.595312 0.357292 0.594531 0.35625 0.59375 0.35625 0.591406 0.352083 0.588281 0.352083 0.585156 0.352083 0.595312 0.355208 0.597656 0.355208 0.598437 0.35625 0.599219 0.35625 0.6 0.357292 0.600781 0.357292 0.601562 0.359375 0.603125 0.359375 0.603906 0.360417 0.604687 0.360417 0.60625 0.361458 0.607031 0.361458 0.608594 0.3625 0.608594 0.363542 0.609375 0.364583 0.609375 0.365625 0.610156 0.365625 0.610937 0.364583 0.611719 0.364583 0.6125 0.363542 0.613281 0.364583 0.614062 0.367708 0.614062 0.36875 0.614844 0.369792 0.614844 0.370833 0.615625 0.372917 0.615625 0.373958 0.616406 0.375 0.616406 0.376042 0.617188 0.377083 0.617188 0.379167 0.61875 0.380208 0.61875 0.383333 0.621094 0.384375 0.621094 0.385417 0.621875 0.386458 0.621875 0.3875 0.622656 0.388542 0.622656 0.389583 0.623437 0.390625 0.623437 0.391667 0.624219 0.392708 0.624219 0.39375 0.625 0.395833 0.625 0.396875 0.625781 0.397917 0.625781 0.398958 0.626562 0.4 0.626562 0.401042 0.627344 0.404167 0.627344 0.405208 0.628125 0.407292 0.628125 0.408333 0.628906 0.411458 0.628906 0.4125 0.629687 0.414583 0.629687 0.415625 0.630469 0.417708 0.630469 0.41875 0.63125 0.428125 0.63125 0.429167 0.632031 0.45 0.632031 0.451042 0.63125 0.464583 0.63125 0.465625 0.630469 0.467708 0.630469 0.46875 0.629687 0.470833 0.629687 0.471875 0.628906 0.473958 0.628906 0.475 0.628125 0.479167 0.628125 0.480208 0.627344 0.482292 0.627344 0.484375 0.625781 0.485417 0.625781 0.486458 0.625 0.490625 0.625 0.492708 0.623437 0.49375 0.623437 0.494792 0.622656 0.496875 0.622656 0.5 0.620312 0.501042 0.620312 0.504167 0.617969 0.505208 0.617969 0.510417 0.614062 0.511458 0.614062 0.511458 0.613281 0.514583 0.610937 0.515625 0.610937 0.515625 0.609375 0.525 0.601562 0.526042 0.601562 0.526042 0.600781 0.525 0.601562 0.522917 0.603906 0.521875 0.603906 0.521875 0.604687 0.912253
0 0.292708 0.591406 0.291667 0.592187 0.289583 0.592187 0.288542 0.592969 0.290625 0.592969 0.292708 0.591406 0.29375 0.580469 0.292708 0.579687 0.292708 0.578906 0.29375 0.578125 0.29375 0.577344 0.297917 0.572656 0.297917 0.573437 0.296875 0.574219 0.296875 0.575 0.296875 0.574219 0.28125 0.565625 0.28125 0.564844 0.283333 0.563281 0.283333 0.5625 0.286458 0.560156 0.286458 0.559375 0.289583 0.557031 0.289583 0.55625 0.290625 0.555469 0.290625 0.553906 0.295833 0.55 0.295833 0.546094 0.296875 0.545312 0.296875 0.54375 0.297917 0.542969 0.297917 0.53125 0.296875 0.53125 0.296875 0.532812 0.295833 0.533594 0.295833 0.534375 0.294792 0.535156 0.294792 0.535937 0.29375 0.536719 0.29375 0.538281 0.292708 0.539062 0.292708 0.541406 0.291667 0.542187 0.291667 0.542969 0.289583 0.544531 0.289583 0.545312 0.288542 0.546094 0.288542 0.548437 0.283333 0.552344 0.283333 0.553125 0.269792 0.563281 0.26875 0.563281 0.264583 0.566406 0.263542 0.566406 0.260417 0.56875 0.259375 0.56875 0.258333 0.569531 0.257292 0.569531 0.254167 0.571875 0.253125 0.571875 0.252083 0.572656 0.251042 0.572656 0.25 0.573437 0.248958 0.573437 0.247917 0.574219 0.246875 0.574219 0.245833 0.575 0.244792 0.575 0.24375 0.575781 0.241667 0.575781 0.240625 0.576562 0.239583 0.576562 0.2375 0.578125 0.235417 0.578125 0.234375 0.578906 0.23125 0.578906 0.230208 0.579687 0.229167 0.579687 0.228125 0.580469 0.226042 0.580469 0.225 0.58125 0.222917 0.58125 0.221875 0.582031 0.21875 0.582031 0.217708 0.582812 0.215625 0.582812 0.214583 0.583594 0.2125 0.583594 0.211458 0.584375 0.207292 0.584375 0.20625 0.585156 0.201042 0.585156 0.2 0.585938 0.195833 0.585938 0.194792 0.586719 0.189583 0.586719 0.188542 0.5875 0.172917 0.5875 0.171875 0.586719 0.167708 0.586719 0.166667 0.585938 0.163542 0.585938 0.1625 0.585156 0.157292 0.585156 0.15625 0.584375 0.152083 0.584375 0.151042 0.583594 0.15 0.583594 0.148958 0.582812 0.146875 0.582812 0.145833 0.582031 0.14375 0.582031 0.142708 0.58125 0.140625 0.58125 0.138542 0.579687 0.1375 0.579687 0.136458 0.578906 0.135417 0.578906 0.134375 0.578125 0.132292 0.578125 0.13125 0.577344 0.13125 0.576562 0.130208 0.576562 0.129167 0.575781 0.128125 0.575781 0.11875 0.56875 0.11875 0.567187 0.117708 0.566406 0.116667 0.566406 0.115625 0.565625 0.115625 0.564844 0.114583 0.564062 0.114583 0.563281 0.114583 0.567969 0.116667 0.569531 0.116667 0.570312 0.121875 0.574219 0.122917 0.574219 0.125 0.575781 0.125 0.576562 0.126042 0.577344 0.127083 0.577344 0.13125 0.580469 0.132292 0.580469 0.135417 0.582812 0.136458 0.582812 0.138542 0.584375 0.139583 0.584375 0.140625 0.585156 0.141667 0.585156 0.142708 0.585938 0.14375 0.585938 0.144792 0.586719 0.145833 0.586719 0.146875 0.5875 0.147917 0.5875 0.148958 0.588281 0.151042 0.588281 0.152083 0.589062 0.153125 0.589062 0.154167 0.589844 0.15625 0.589844 0.157292 0.590625 0.159375 0.590625 0.160417 0.591406 0.163542 0.591406 0.164583 0.592187 0.169792 0.592187 0.170833 0.592969 0.210417 0.592969 0.211458 0.592187 0.214583 0.592187 0.215625 0.591406 0.219792 0.591406 0.220833 0.590625 0.223958 0.590625 0.225 0.589844 0.227083 0.589844 0.228125 0.589062 0.230208 0.589062 0.23125 0.588281 0.233333 0.588281 0.234375 0.5875 0.236458 0.5875 0.2375 0.586719 0.238542 0.586719 0.239583 0.585938 0.241667 0.585938 0.242708 0.585156 0.244792 0.585156 0.245833 0.584375 0.246875 0.584375 0.247917 0.583594 0.248958 0.583594 0.251042 0.582031 0.252083 0.582031 0.253125 0.58125 0.254167 0.58125 0.255208 0.580469 0.25625 0.580469 0.257292 0.579687 0.258333 0.579687 0.259375 0.578906 0.260417 0.578906 0.263542 0.576562 0.264583 0.576562 0.266667 0.575 0.267708 0.575 0.276042 0.56875 0.277083 0.56875 0.28125 0.565625 0.296875 0.574219 0.295833 0.573437 0.296875 0.572656 0.296875 0.571875 0.297917 0.572656 0.29375 0.577344 0.29375 0.580469 0.90872
0 0.305208 0.598437 0.305208 0.601562 0.304167 0.602344 0.304167 0.60625 0.303125 0.607031 0.303125 0.610156 0.302083 0.610937 0.302083 0.6125 0.301042 0.613281 0.301042 0.614844 0.3 0.615625 0.3 0.617969 0.298958 0.61875 0.298958 0.620312 0.297917 0.621094 0.297917 0.622656 0.296875 0.623437 0.296875 0.624219 0.295833 0.625 0.295833 0.625781 0.292708 0.628125 0.292708 0.629687 0.2875 0.633594 0.2875 0.634375 0.286458 0.635156 0.285417 0.635156 0.284375 0.635937 0.284375 0.636719 0.282292 0.638281 0.28125 0.638281 0.273958 0.64375 0.272917 0.64375 0.269792 0.646094 0.26875 0.646094 0.266667 0.647656 0.265625 0.647656 0.263542 0.649219 0.2625 0.649219 0.261458 0.65 0.260417 0.65 0.259375 0.650781 0.258333 0.650781 0.257292 0.651562 0.25625 0.651562 0.254167 0.653125 0.253125 0.653125 0.252083 0.653906 0.25 0.653906 0.248958 0.654687 0.247917 0.654687 0.246875 0.655469 0.245833 0.655469 0.244792 0.65625 0.24375 0.65625 0.242708 0.657031 0.239583 0.657031 0.238542 0.657812 0.236458 0.657812 0.235417 0.658594 0.234375 0.658594 0.233333 0.659375 0.23125 0.659375 0.230208 0.660156 0.226042 0.660156 0.225 0.660937 0.219792 0.660937 0.21875 0.661719 0.213542 0.661719 0.2125 0.6625 0.186458 0.6625 0.185417 0.661719 0.182292 0.661719 0.18125 0.660937 0.178125 0.660937 0.177083 0.660156 0.172917 0.660156 0.171875 0.659375 0.169792 0.659375 0.16875 0.658594 0.167708 0.658594 0.166667 0.657812 0.164583 0.657812 0.163542 0.657031 0.1625 0.657031 0.161458 0.65625 0.160417 0.65625 0.157292 0.653906 0.15625 0.653906 0.155208 0.653125 0.154167 0.653125 0.152083 0.651562 0.151042 0.651562 0.145833 0.647656 0.144792 0.647656 0.14375 0.646875 0.14375 0.646094 0.142708 0.645312 0.142708 0.648438 0.14375 0.649219 0.144792 0.649219 0.145833 0.65 0.145833 0.651562 0.151042 0.655469 0.151042 0.65625 0.153125 0.657812 0.154167 0.657812 0.160417 0.6625 0.164583 0.6625 0.165625 0.663281 0.166667 0.663281 0.167708 0.664062 0.16875 0.664062 0.169792 0.664844 0.171875 0.664844 0.172917 0.665625 0.175 0.665625 0.176042 0.666406 0.178125 0.666406 0.179167 0.667187 0.180208 0.667187 0.18125 0.667969 0.183333 0.667969 0.184375 0.66875 0.19375 0.66875 0.194792 0.669531 0.223958 0.669531 0.225 0.66875 0.23125 0.66875 0.232292 0.667969 0.236458 0.667969 0.238542 0.666406 0.240625 0.666406 0.241667 0.665625 0.244792 0.665625 0.245833 0.664844 0.247917 0.664844 0.25 0.663281 0.252083 0.663281 0.253125 0.6625 0.254167 0.6625 0.255208 0.661719 0.25625 0.661719 0.257292 0.660937 0.258333 0.660937 0.259375 0.660156 0.260417 0.660156 0.261458 0.659375 0.2625 0.659375 0.263542 0.658594 0.264583 0.658594 0.266667 0.657031 0.267708 0.657031 0.269792 0.655469 0.270833 0.655469 0.275 0.652344 0.276042 0.652344 0.280208 0.649219 0.28125 0.649219 0.294792 0.639062 0.295833 0.639062 0.297917 0.6375 0.297917 0.635937 0.304167 0.63125 0.304167 0.630469 0.305208 0.629687 0.305208 0.628125 0.30625 0.627344 0.30625 0.625 0.307292 0.624219 0.307292 0.600781 0.30625 0.6 0.30625 0.598437 0.900148
0 0.296875 0.609375 0.295833 0.609375 0.294792 0.610156 0.29375 0.610156 0.284375 0.617188 0.28125 0.617188 0.28125 0.617969 0.278125 0.620312 0.277083 0.620312 0.272917 0.623437 0.271875 0.623437 0.269792 0.625 0.26875 0.625 0.265625 0.627344 0.264583 0.627344 0.263542 0.628125 0.2625 0.628125 0.261458 0.628906 0.260417 0.628906 0.259375 0.629687 0.258333 0.629687 0.25625 0.63125 0.254167 0.63125 0.253125 0.632031 0.251042 0.632031 0.25 0.632812 0.247917 0.632812 0.246875 0.633594 0.245833 0.633594 0.244792 0.634375 0.241667 0.634375 0.240625 0.635156 0.2375 0.635156 0.236458 0.635937 0.234375 0.635937 0.233333 0.636719 0.232292 0.636719 0.23125 0.6375 0.226042 0.6375 0.225 0.638281 0.219792 0.638281 0.21875 0.639062 0.195833 0.639062 0.194792 0.638281 0.186458 0.638281 0.185417 0.6375 0.18125 0.6375 0.180208 0.636719 0.176042 0.636719 0.175 0.635937 0.173958 0.635937 0.172917 0.635156 0.170833 0.635156 0.169792 0.634375 0.167708 0.634375 0.166667 0.633594 0.165625 0.633594 0.164583 0.632812 0.163542 0.632812 0.1625 0.632031 0.161458 0.632031 0.160417 0.63125 0.158333 0.63125 0.15625 0.629687 0.155208 0.629687 0.154167 0.628906 0.153125 0.628906 0.148958 0.625781 0.147917 0.625781 0.142708 0.621875 0.141667 0.621875 0.140625 0.621094 0.140625 0.620312 0.134375 0.615625 0.133333 0.615625 0.132292 0.614844 0.132292 0.614062 0.132292 0.61875 0.133333 0.619531 0.133333 0.620312 0.1375 0.623437 0.1375 0.624219 0.142708 0.628125 0.142708 0.628906 0.14375 0.629687 0.144792 0.629687 0.152083 0.635156 0.153125 0.635156 0.155208 0.636719 0.15625 0.636719 0.157292 0.6375 0.158333 0.6375 0.160417 0.639062 0.161458 0.639062 0.1625 0.639844 0.163542 0.639844 0.164583 0.640625 0.166667 0.640625 0.167708 0.641406 0.16875 0.641406 0.169792 0.642187 0.173958 0.642187 0.175 0.642969 0.178125 0.642969 0.179167 0.64375 0.182292 0.64375 0.183333 0.644531 0.186458 0.644531 0.1875 0.645312 0.222917 0.645312 0.223958 0.644531 0.227083 0.644531 0.228125 0.64375 0.23125 0.64375 0.232292 0.642969 0.235417 0.642969 0.236458 0.642187 0.241667 0.642187 0.242708 0.641406 0.24375 0.641406 0.244792 0.640625 0.245833 0.640625 0.246875 0.639844 0.248958 0.639844 0.25 0.639062 0.252083 0.639062 0.253125 0.638281 0.254167 0.638281 0.255208 0.6375 0.259375 0.6375 0.260417 0.636719 0.263542 0.636719 0.265625 0.635156 0.266667 0.635156 0.26875 0.633594 0.269792 0.633594 0.270833 0.632812 0.271875 0.632812 0.272917 0.632031 0.273958 0.632031 0.278125 0.628906 0.278125 0.628125 0.279167 0.627344 0.279167 0.626562 0.28125 0.625 0.282292 0.625 0.283333 0.624219 0.284375 0.624219 0.289583 0.620312 0.289583 0.619531 0.29375 0.616406 0.29375 0.614844 0.295833 0.613281 0.295833 0.6125 0.297917 0.610937 0.297917 0.610156 0.296875 0.609375 0.298958 0.604687 0.3 0.604687 0.301042 0.605469 0.301042 0.603906 0.302083 0.603125 0.302083 0.598437 0.302083 0.6 0.301042 0.600781 0.301042 0.603125 0.298958 0.604687 0.889493
0 0.29375 0.563281 0.29375 0.564062 0.292708 0.564844 0.292708 0.565625 0.291667 0.566406 0.291667 0.567187 0.288542 0.569531 0.288542 0.570312 0.285417 0.572656 0.285417 0.573437 0.270833 0.584375 0.269792 0.584375 0.265625 0.5875 0.264583 0.5875 0.263542 0.588281 0.2625 0.588281 0.260417 0.589844 0.259375 0.589844 0.257292 0.591406 0.25625 0.591406 0.255208 0.592187 0.254167 0.592187 0.252083 0.59375 0.251042 0.59375 0.25 0.594531 0.248958 0.594531 0.247917 0.595312 0.246875 0.595312 0.245833 0.596094 0.24375 0.596094 0.242708 0.596875 0.241667 0.596875 0.240625 0.597656 0.239583 0.597656 0.238542 0.598437 0.236458 0.598437 0.235417 0.599219 0.234375 0.599219 0.233333 0.6 0.23125 0.6 0.230208 0.600781 0.227083 0.600781 0.226042 0.601562 0.221875 0.601562 0.220833 0.602344 0.217708 0.602344 0.216667 0.603125 0.213542 0.603125 0.2125 0.603906 0.207292 0.603906 0.20625 0.604687 0.197917 0.604687 0.196875 0.605469 0.173958 0.605469 0.172917 0.604687 0.16875 0.604687 0.167708 0.603906 0.164583 0.603906 0.163542 0.603125 0.161458 0.603125 0.160417 0.602344 0.157292 0.602344 0.15625 0.601562 0.154167 0.601562 0.153125 0.600781 0.151042 0.600781 0.15 0.6 0.148958 0.6 0.147917 0.599219 0.145833 0.599219 0.144792 0.598437 0.14375 0.598437 0.142708 0.597656 0.141667 0.597656 0.140625 0.596875 0.139583 0.596875 0.138542 0.596094 0.1375 0.596094 0.135417 0.594531 0.134375 0.594531 0.133333 0.59375 0.132292 0.59375 0.122917 0.586719 0.122917 0.585938 0.119792 0.583594 0.119792 0.582812 0.11875 0.582031 0.11875 0.580469 0.117708 0.579687 0.117708 0.578906 0.115625 0.577344 0.115625 0.575781 0.114583 0.575 0.114583 0.571875 0.113542 0.571094 0.113542 0.583594 0.114583 0.584375 0.114583 0.585156 0.115625 0.585938 0.115625 0.586719 0.116667 0.5875 0.116667 0.589062 0.120833 0.592187 0.120833 0.592969 0.121875 0.59375 0.121875 0.594531 0.125 0.596875 0.125 0.597656 0.13125 0.602344 0.132292 0.602344 0.136458 0.605469 0.1375 0.605469 0.139583 0.607031 0.140625 0.607031 0.141667 0.607812 0.142708 0.607812 0.14375 0.608594 0.144792 0.608594 0.146875 0.610156 0.147917 0.610156 0.148958 0.610937 0.152083 0.610937 0.153125 0.611719 0.154167 0.611719 0.155208 0.6125 0.158333 0.6125 0.159375 0.613281 0.1625 0.613281 0.163542 0.614062 0.167708 0.614062 0.16875 0.614844 0.172917 0.614844 0.173958 0.615625 0.203125 0.615625 0.204167 0.614844 0.210417 0.614844 0.211458 0.614062 0.214583 0.614062 0.215625 0.613281 0.21875 0.613281 0.219792 0.6125 0.223958 0.6125 0.225 0.611719 0.228125 0.611719 0.229167 0.610937 0.230208 0.610937 0.23125 0.610156 0.233333 0.610156 0.234375 0.609375 0.235417 0.609375 0.236458 0.608594 0.238542 0.608594 0.239583 0.607812 0.241667 0.607812 0.24375 0.60625 0.245833 0.60625 0.246875 0.605469 0.247917 0.605469 0.248958 0.604687 0.25 0.604687 0.252083 0.603125 0.253125 0.603125 0.254167 0.602344 0.255208 0.602344 0.25625 0.601562 0.257292 0.601562 0.259375 0.6 0.260417 0.6 0.261458 0.599219 0.2625 0.599219 0.265625 0.596875 0.266667 0.596875 0.267708 0.596094 0.26875 0.596094 0.272917 0.592969 0.273958 0.592969 0.273958 0.592187 0.277083 0.589844 0.278125 0.589844 0.278125 0.589062 0.28125 0.586719 0.282292 0.586719 0.284375 0.585156 0.284375 0.584375 0.286458 0.582812 0.286458 0.582031 0.288542 0.580469 0.288542 0.578906 0.289583 0.578125 0.289583 0.576562 0.290625 0.575781 0.290625 0.575 0.291667 0.574219 0.291667 0.572656 0.292708 0.571875 0.292708 0.571094 0.29375 0.570312 0.29375 0.563281 0.297917 0.557812 0.297917 0.55625 0.297917 0.557812 0.871031
0 0.304167 0.614844 0.305208 0.615625 0.305208 0.616406 0.304167 0.617188 0.304167 0.61875 0.303125 0.619531 0.303125 0.621875 0.304167 0.622656 0.304167 0.623437 0.303125 0.624219 0.303125 0.625781 0.3 0.628125 0.3 0.629687 0.297917 0.63125 0.297917 0.632031 0.296875 0.632812 0.296875 0.633594 0.295833 0.634375 0.295833 0.635156 0.294792 0.635937 0.294792 0.636719 0.291667 0.639062 0.291667 0.639844 0.289583 0.641406 0.289583 0.642187 0.276042 0.652344 0.275 0.652344 0.270833 0.655469 0.269792 0.655469 0.267708 0.657031 0.266667 0.657031 0.265625 0.657812 0.264583 0.657812 0.263542 0.658594 0.2625 0.658594 0.260417 0.660156 0.259375 0.660156 0.258333 0.660937 0.25625 0.660937 0.255208 0.661719 0.254167 0.661719 0.253125 0.6625 0.252083 0.6625 0.251042 0.663281 0.25 0.663281 0.248958 0.664062 0.246875 0.664062 0.245833 0.664844 0.24375 0.664844 0.242708 0.665625 0.241667 0.665625 0.240625 0.666406 0.239583 0.666406 0.238542 0.667187 0.233333 0.667187 0.232292 0.667969 0.229167 0.667969 0.228125 0.66875 0.225 0.66875 0.223958 0.669531 0.2125 0.669531 0.211458 0.670312 0.196875 0.670312 0.195833 0.669531 0.191667 0.669531 0.190625 0.66875 0.186458 0.66875 0.185417 0.667969 0.180208 0.667969 0.179167 0.667187 0.177083 0.667187 0.176042 0.666406 0.172917 0.666406 0.171875 0.665625 0.169792 0.665625 0.167708 0.664062 0.166667 0.664062 0.165625 0.663281 0.164583 0.663281 0.163542 0.6625 0.1625 0.6625 0.160417 0.660937 0.159375 0.660937 0.157292 0.659375 0.15625 0.659375 0.146875 0.652344 0.146875 0.651562 0.14375 0.649219 0.14375 0.653125 0.146875 0.655469 0.146875 0.657031 0.15 0.659375 0.15 0.660156 0.15625 0.664844 0.157292 0.664844 0.161458 0.667969 0.1625 0.667969 0.164583 0.669531 0.165625 0.669531 0.167708 0.671094 0.169792 0.671094 0.171875 0.672656 0.173958 0.672656 0.175 0.673437 0.178125 0.673437 0.179167 0.674219 0.18125 0.674219 0.182292 0.675 0.184375 0.675 0.185417 0.675781 0.189583 0.675781 0.190625 0.676562 0.2 0.676562 0.201042 0.677344 0.214583 0.677344 0.215625 0.676562 0.226042 0.676562 0.227083 0.675781 0.232292 0.675781 0.233333 0.675 0.236458 0.675 0.2375 0.674219 0.240625 0.674219 0.241667 0.673437 0.24375 0.673437 0.244792 0.672656 0.246875 0.672656 0.247917 0.671875 0.248958 0.671875 0.25 0.671094 0.252083 0.671094 0.253125 0.670312 0.254167 0.670312 0.255208 0.669531 0.25625 0.669531 0.257292 0.66875 0.259375 0.66875 0.260417 0.667969 0.261458 0.667969 0.263542 0.666406 0.264583 0.666406 0.265625 0.665625 0.266667 0.665625 0.26875 0.664062 0.269792 0.664062 0.270833 0.663281 0.271875 0.663281 0.275 0.660937 0.276042 0.660937 0.278125 0.659375 0.279167 0.659375 0.29375 0.648438 0.29375 0.647656 0.295833 0.646094 0.295833 0.645312 0.297917 0.64375 0.297917 0.642969 0.3 0.641406 0.3 0.640625 0.301042 0.639844 0.301042 0.639062 0.302083 0.638281 0.302083 0.6375 0.303125 0.636719 0.303125 0.635156 0.304167 0.634375 0.304167 0.633594 0.305208 0.632812 0.305208 0.63125 0.30625 0.630469 0.30625 0.617188 0.307292 0.616406 0.307292 0.614844 0.840995
0 0.159375 0.625 0.159375 0.625781 0.160417 0.626562 0.1625 0.626562 0.163542 0.627344 0.166667 0.627344 0.167708 0.628125 0.173958 0.628125 0.175 0.628906 0.178125 0.628906 0.179167 0.629687 0.18125 0.629687 0.182292 0.630469 0.204167 0.630469 0.204167 0.629687 0.20625 0.628125 0.208333 0.628125 0.209375 0.627344 0.2125 0.627344 0.213542 0.626562 0.216667 0.626562 0.217708 0.625781 0.21875 0.626562 0.220833 0.626562 0.221875 0.627344 0.222917 0.627344 0.223958 0.626562 0.225 0.626562 0.223958 0.625781 0.170833 0.625781 0.169792 0.625 0.166667 0.625 0.165625 0.624219 0.161458 0.624219 0.160417 0.625 0.159375 0.625 0.15625 0.623437 0.25625 0.613281 0.135417 0.613281 0.298958 0.563281 0.302083 0.563281 0.302083 0.5625 0.3 0.5625 0.298958 0.563281 0.135417 0.613281 0.134375 0.613281 0.135417 0.614062 0.135417 0.613281 0.25625 0.613281 0.25625 0.613281 0.15625 0.623437 0.155208 0.623437 0.154167 0.622656 0.153125 0.622656 0.148958 0.619531 0.146875 0.619531 0.145833 0.61875 0.144792 0.61875 0.14375 0.617969 0.14375 0.617188 0.141667 0.617188 0.140625 0.616406 0.139583 0.616406 0.139583 0.617188 0.141667 0.617188 0.142708 0.617969 0.142708 0.61875 0.144792 0.620312 0.145833 0.620312 0.148958 0.622656 0.15 0.622656 0.152083 0.624219 0.153125 0.624219 0.154167 0.623437 0.15625 0.623437 0.786533
0 0.298958 0.563281 0.298958 0.564062 0.301042 0.565625 0.301042 0.56875 0.302083 0.569531 0.302083 0.571875 0.303125 0.572656 0.303125 0.578125 0.302083 0.578906 0.302083 0.588281 0.301042 0.589062 0.301042 0.589844 0.3 0.590625 0.3 0.591406 0.298958 0.592187 0.298958 0.592969 0.297917 0.59375 0.297917 0.594531 0.296875 0.595312 0.296875 0.596094 0.295833 0.596875 0.295833 0.597656 0.294792 0.598437 0.29375 0.598437 0.29375 0.599219 0.283333 0.607031 0.282292 0.607031 0.276042 0.611719 0.275 0.611719 0.272917 0.613281 0.271875 0.613281 0.270833 0.614062 0.270833 0.614844 0.269792 0.615625 0.26875 0.615625 0.266667 0.617188 0.265625 0.617188 0.263542 0.61875 0.2625 0.61875 0.261458 0.619531 0.260417 0.619531 0.258333 0.621094 0.257292 0.621094 0.25625 0.621875 0.255208 0.621875 0.254167 0.622656 0.252083 0.622656 0.251042 0.623437 0.25 0.623437 0.248958 0.624219 0.247917 0.624219 0.246875 0.625 0.24375 0.625 0.242708 0.625781 0.241667 0.625781 0.240625 0.626562 0.238542 0.626562 0.2375 0.627344 0.235417 0.627344 0.234375 0.628125 0.230208 0.628125 0.229167 0.628906 0.228125 0.628906 0.227083 0.629687 0.226042 0.629687 0.225 0.630469 0.223958 0.630469 0.222917 0.63125 0.217708 0.63125 0.216667 0.632031 0.204167 0.632031 0.203125 0.632812 0.184375 0.632812 0.183333 0.632031 0.170833 0.632031 0.171875 0.632812 0.173958 0.632812 0.175 0.633594 0.177083 0.633594 0.178125 0.634375 0.18125 0.634375 0.182292 0.635156 0.184375 0.635156 0.185417 0.635937 0.190625 0.635937 0.191667 0.636719 0.197917 0.636719 0.198958 0.6375 0.214583 0.6375 0.215625 0.636719 0.219792 0.636719 0.220833 0.635937 0.222917 0.635937 0.223958 0.635156 0.229167 0.635156 0.230208 0.634375 0.235417 0.634375 0.236458 0.633594 0.238542 0.633594 0.239583 0.632812 0.240625 0.632812 0.241667 0.632031 0.24375 0.632031 0.244792 0.63125 0.247917 0.63125 0.248958 0.630469 0.25 0.630469 0.252083 0.628906 0.254167 0.628906 0.255208 0.628125 0.257292 0.628125 0.258333 0.627344 0.259375 0.627344 0.2625 0.625 0.264583 0.625 0.265625 0.624219 0.266667 0.624219 0.26875 0.622656 0.269792 0.622656 0.270833 0.621875 0.271875 0.621875 0.276042 0.61875 0.277083 0.61875 0.278125 0.617969 0.279167 0.617969 0.284375 0.614062 0.284375 0.613281 0.291667 0.607812 0.292708 0.607812 0.29375 0.607031 0.29375 0.60625 0.296875 0.603906 0.296875 0.603125 0.297917 0.602344 0.297917 0.6 0.298958 0.599219 0.298958 0.598437 0.301042 0.596875 0.301042 0.596094 0.302083 0.595312 0.302083 0.594531 0.304167 0.592969 0.305208 0.592969 0.305208 0.590625 0.30625 0.589844 0.30625 0.582812 0.307292 0.582031 0.307292 0.573437 0.30625 0.572656 0.30625 0.567969 0.305208 0.567187 0.305208 0.564844 0.303125 0.563281 0.756676
0 0.291667 0.44375 0.291667 0.444531 0.289583 0.446094 0.289583 0.447656 0.288542 0.448437 0.288542 0.449219 0.2875 0.45 0.2875 0.450781 0.285417 0.452344 0.285417 0.453125 0.284375 0.453906 0.284375 0.454687 0.28125 0.457031 0.28125 0.457812 0.264583 0.470312 0.263542 0.470312 0.259375 0.473437 0.258333 0.473437 0.257292 0.474219 0.25625 0.474219 0.254167 0.475781 0.253125 0.475781 0.252083 0.476562 0.251042 0.476562 0.25 0.477344 0.248958 0.477344 0.247917 0.478125 0.246875 0.478125 0.244792 0.479687 0.24375 0.479687 0.242708 0.480469 0.241667 0.480469 0.240625 0.48125 0.239583 0.48125 0.238542 0.482031 0.2375 0.482031 0.236458 0.482812 0.235417 0.482812 0.234375 0.483594 0.232292 0.483594 0.23125 0.484375 0.230208 0.484375 0.229167 0.485156 0.227083 0.485156 0.226042 0.485937 0.223958 0.485937 0.222917 0.486719 0.220833 0.486719 0.219792 0.4875 0.217708 0.4875 0.216667 0.488281 0.213542 0.488281 0.2125 0.489062 0.209375 0.489062 0.208333 0.489844 0.205208 0.489844 0.204167 0.490625 0.2 0.490625 0.198958 0.491406 0.192708 0.491406 0.191667 0.492187 0.158333 0.492187 0.157292 0.491406 0.146875 0.491406 0.145833 0.490625 0.140625 0.490625 0.139583 0.489844 0.133333 0.489844 0.132292 0.489062 0.130208 0.489062 0.129167 0.488281 0.128125 0.488281 0.127083 0.4875 0.125 0.4875 0.123958 0.486719 0.121875 0.486719 0.120833 0.485937 0.119792 0.485937 0.11875 0.485156 0.117708 0.485156 0.116667 0.484375 0.115625 0.484375 0.114583 0.483594 0.113542 0.483594 0.1125 0.482812 0.111458 0.482812 0.110417 0.482031 0.109375 0.482031 0.107292 0.480469 0.10625 0.480469 0.104167 0.478906 0.103125 0.478906 0.096875 0.474219 0.0958333 0.474219 0.0947917 0.473437 0.0947917 0.474219 0.0958333 0.475 0.0958333 0.476562 0.096875 0.477344 0.096875 0.478125 0.0979167 0.478906 0.0979167 0.479687 0.107292 0.486719 0.108333 0.486719 0.110417 0.488281 0.111458 0.488281 0.113542 0.489844 0.114583 0.489844 0.115625 0.490625 0.116667 0.490625 0.117708 0.491406 0.11875 0.491406 0.120833 0.492969 0.122917 0.492969 0.123958 0.49375 0.125 0.49375 0.126042 0.494531 0.127083 0.494531 0.128125 0.495312 0.13125 0.495312 0.132292 0.496094 0.133333 0.496094 0.134375 0.496875 0.1375 0.496875 0.138542 0.497656 0.141667 0.497656 0.142708 0.498437 0.146875 0.498437 0.147917 0.499219 0.196875 0.499219 0.197917 0.498437 0.203125 0.498437 0.204167 0.497656 0.20625 0.497656 0.207292 0.496875 0.210417 0.496875 0.211458 0.496094 0.214583 0.496094 0.215625 0.495312 0.217708 0.495312 0.21875 0.494531 0.221875 0.494531 0.222917 0.49375 0.225 0.49375 0.226042 0.492969 0.228125 0.492969 0.229167 0.492187 0.23125 0.492187 0.232292 0.491406 0.233333 0.491406 0.234375 0.490625 0.236458 0.490625 0.2375 0.489844 0.238542 0.489844 0.239583 0.489062 0.241667 0.489062 0.242708 0.488281 0.24375 0.488281 0.244792 0.4875 0.245833 0.4875 0.246875 0.486719 0.247917 0.486719 0.248958 0.485937 0.25 0.485937 0.251042 0.485156 0.252083 0.485156 0.253125 0.484375 0.254167 0.484375 0.255208 0.483594 0.25625 0.483594 0.257292 0.482812 0.258333 0.482812 0.260417 0.48125 0.261458 0.48125 0.265625 0.478125 0.266667 0.478125 0.26875 0.476562 0.269792 0.476562 0.272917 0.474219 0.273958 0.474219 0.283333 0.467187 0.283333 0.466406 0.284375 0.465625 0.284375 0.464844 0.285417 0.464062 0.285417 0.463281 0.288542 0.460937 0.288542 0.460156 0.289583 0.459375 0.289583 0.457812 0.290625 0.457031 0.290625 0.455469 0.291667 0.454687 0.723319
0 0.351042 0.597656 0.351042 0.607031 0.352083 0.607812 0.352083 0.608594 0.354167 0.610156 0.354167 0.611719 0.355208 0.6125 0.355208 0.614062 0.35625 0.614844 0.35625 0.615625 0.357292 0.616406 0.357292 0.617188 0.359375 0.61875 0.359375 0.619531 0.3625 0.621875 0.3625 0.622656 0.364583 0.624219 0.365625 0.624219 0.366667 0.625 0.366667 0.625781 0.371875 0.629687 0.372917 0.629687 0.373958 0.630469 0.375 0.630469 0.376042 0.63125 0.376042 0.632031 0.377083 0.632812 0.379167 0.632812 0.382292 0.635156 0.383333 0.635156 0.384375 0.635937 0.385417 0.635937 0.386458 0.636719 0.3875 0.636719 0.389583 0.638281 0.390625 0.638281 0.391667 0.639062 0.39375 0.639062 0.394792 0.639844 0.396875 0.639844 0.397917 0.640625 0.4 0.640625 0.401042 0.641406 0.403125 0.641406 0.404167 0.642187 0.40625 0.642187 0.407292 0.642969 0.409375 0.642969 0.410417 0.64375 0.413542 0.64375 0.414583 0.644531 0.420833 0.644531 0.421875 0.645312 0.448958 0.645312 0.45 0.644531 0.458333 0.644531 0.459375 0.64375 0.461458 0.64375 0.4625 0.642969 0.464583 0.642969 0.465625 0.642187 0.466667 0.642187 0.467708 0.641406 0.470833 0.641406 0.471875 0.640625 0.473958 0.640625 0.475 0.639844 0.477083 0.639844 0.478125 0.639062 0.479167 0.639062 0.480208 0.638281 0.48125 0.638281 0.482292 0.6375 0.484375 0.6375 0.486458 0.635937 0.4875 0.635937 0.488542 0.635156 0.489583 0.635156 0.491667 0.633594 0.49375 0.633594 0.495833 0.632031 0.496875 0.632031 0.5 0.629687 0.501042 0.629687 0.509375 0.623437 0.510417 0.623437 0.511458 0.622656 0.5125 0.622656 0.515625 0.620312 0.516667 0.620312 0.51875 0.61875 0.51875 0.615625 0.519792 0.614844 0.519792 0.6125 0.520833 0.611719 0.521875 0.611719 0.521875 0.610937 0.522917 0.610156 0.522917 0.607812 0.521875 0.608594 0.521875 0.610156 0.520833 0.610937 0.520833 0.611719 0.519792 0.6125 0.51875 0.6125 0.516667 0.614062 0.514583 0.614062 0.514583 0.614844 0.5125 0.616406 0.511458 0.616406 0.510417 0.617188 0.509375 0.617188 0.509375 0.617969 0.508333 0.61875 0.507292 0.61875 0.50625 0.619531 0.505208 0.619531 0.501042 0.622656 0.5 0.622656 0.498958 0.623437 0.497917 0.623437 0.494792 0.625781 0.49375 0.625781 0.492708 0.626562 0.491667 0.626562 0.490625 0.627344 0.489583 0.627344 0.488542 0.628125 0.4875 0.628125 0.485417 0.629687 0.483333 0.629687 0.482292 0.630469 0.480208 0.630469 0.479167 0.63125 0.478125 0.63125 0.477083 0.632031 0.473958 0.632031 0.472917 0.632812 0.469792 0.632812 0.46875 0.633594 0.467708 0.633594 0.466667 0.632812 0.455208 0.632812 0.454167 0.633594 0.452083 0.633594 0.451042 0.634375 0.447917 0.634375 0.446875 0.635156 0.435417 0.635156 0.434375 0.634375 0.427083 0.634375 0.426042 0.633594 0.423958 0.633594 0.422917 0.632812 0.416667 0.632812 0.415625 0.632031 0.405208 0.632031 0.403125 0.633594 0.4 0.633594 0.398958 0.632812 0.398958 0.632031 0.397917 0.63125 0.396875 0.63125 0.395833 0.632031 0.388542 0.632031 0.3875 0.63125 0.386458 0.63125 0.384375 0.629687 0.383333 0.629687 0.382292 0.628906 0.38125 0.628906 0.380208 0.628125 0.379167 0.628125 0.376042 0.625781 0.375 0.625781 0.36875 0.621094 0.36875 0.620312 0.367708 0.619531 0.366667 0.619531 0.364583 0.617969 0.364583 0.617188 0.360417 0.614062 0.360417 0.613281 0.358333 0.611719 0.358333 0.610937 0.357292 0.610156 0.357292 0.608594 0.35625 0.607812 0.35625 0.607031 0.355208 0.60625 0.355208 0.605469 0.354167 0.604687 0.354167 0.603125 0.353125 0.602344 0.353125 0.6 0.352083 0.599219 0.352083 0.598437 0.712321
0 0.353125 0.596875 0.353125 0.608594 0.354167 0.609375 0.354167 0.610937 0.355208 0.611719 0.355208 0.6125 0.35625 0.613281 0.35625 0.614062 0.358333 0.615625 0.358333 0.616406 0.359375 0.617188 0.359375 0.617969 0.360417 0.61875 0.360417 0.619531 0.363542 0.619531 0.364583 0.620312 0.364583 0.622656 0.365625 0.623437 0.366667 0.623437 0.367708 0.624219 0.367708 0.625 0.36875 0.625781 0.369792 0.625781 0.370833 0.625 0.372917 0.625 0.373958 0.625781 0.373958 0.626562 0.375 0.626562 0.376042 0.627344 0.379167 0.627344 0.382292 0.629687 0.383333 0.629687 0.384375 0.630469 0.386458 0.630469 0.388542 0.632031 0.389583 0.632031 0.390625 0.632812 0.39375 0.632812 0.394792 0.633594 0.397917 0.633594 0.398958 0.634375 0.4 0.634375 0.402083 0.635937 0.407292 0.635937 0.408333 0.636719 0.411458 0.636719 0.4125 0.6375 0.415625 0.6375 0.416667 0.638281 0.455208 0.638281 0.45625 0.6375 0.460417 0.6375 0.461458 0.636719 0.46875 0.636719 0.469792 0.635937 0.470833 0.635937 0.471875 0.635156 0.472917 0.635156 0.473958 0.634375 0.475 0.634375 0.476042 0.633594 0.48125 0.633594 0.48125 0.632812 0.483333 0.63125 0.484375 0.63125 0.485417 0.630469 0.486458 0.63125 0.490625 0.63125 0.491667 0.632031 0.492708 0.632031 0.492708 0.63125 0.491667 0.630469 0.491667 0.629687 0.492708 0.628906 0.49375 0.628906 0.494792 0.629687 0.497917 0.629687 0.498958 0.628906 0.5 0.628906 0.504167 0.625781 0.505208 0.625781 0.50625 0.625 0.50625 0.624219 0.507292 0.623437 0.508333 0.623437 0.5125 0.620312 0.513542 0.620312 0.514583 0.619531 0.514583 0.61875 0.516667 0.617188 0.517708 0.617188 0.51875 0.616406 0.51875 0.614844 0.519792 0.614062 0.519792 0.6125 0.520833 0.611719 0.520833 0.607031 0.520833 0.607812 0.517708 0.610156 0.517708 0.610937 0.515625 0.6125 0.514583 0.6125 0.5125 0.614062 0.5125 0.614844 0.511458 0.615625 0.510417 0.615625 0.509375 0.616406 0.508333 0.616406 0.507292 0.617188 0.50625 0.617188 0.50625 0.617969 0.505208 0.61875 0.504167 0.61875 0.503125 0.619531 0.501042 0.619531 0.501042 0.620312 0.498958 0.621875 0.497917 0.621875 0.496875 0.622656 0.49375 0.622656 0.490625 0.625 0.4875 0.625 0.486458 0.625781 0.484375 0.625781 0.483333 0.626562 0.482292 0.626562 0.48125 0.627344 0.480208 0.627344 0.479167 0.628125 0.475 0.628125 0.473958 0.628906 0.471875 0.628906 0.470833 0.629687 0.469792 0.629687 0.46875 0.630469 0.466667 0.630469 0.465625 0.63125 0.455208 0.63125 0.454167 0.632031 0.428125 0.632031 0.427083 0.63125 0.41875 0.63125 0.417708 0.630469 0.414583 0.630469 0.413542 0.629687 0.410417 0.629687 0.409375 0.628906 0.407292 0.628906 0.40625 0.628125 0.403125 0.628125 0.402083 0.627344 0.4 0.627344 0.398958 0.626562 0.397917 0.626562 0.396875 0.625781 0.394792 0.625781 0.39375 0.625 0.391667 0.625 0.389583 0.623437 0.388542 0.623437 0.3875 0.622656 0.385417 0.622656 0.384375 0.621875 0.383333 0.621875 0.380208 0.619531 0.379167 0.619531 0.378125 0.61875 0.377083 0.61875 0.375 0.617188 0.373958 0.617188 0.372917 0.616406 0.371875 0.616406 0.370833 0.615625 0.369792 0.615625 0.36875 0.614844 0.36875 0.613281 0.367708 0.613281 0.364583 0.610937 0.364583 0.610156 0.361458 0.607812 0.361458 0.607031 0.360417 0.60625 0.360417 0.603906 0.359375 0.603125 0.358333 0.603125 0.357292 0.602344 0.357292 0.601562 0.35625 0.600781 0.35625 0.599219 0.355208 0.598437 0.355208 0.597656 0.354167 0.597656 0.700256
0 0.359375 0.567969 0.358333 0.56875 0.358333 0.571875 0.359375 0.572656 0.359375 0.574219 0.360417 0.575 0.360417 0.575781 0.361458 0.576562 0.361458 0.577344 0.363542 0.578906 0.363542 0.579687 0.365625 0.58125 0.365625 0.582031 0.369792 0.585156 0.369792 0.585938 0.371875 0.5875 0.372917 0.5875 0.373958 0.588281 0.373958 0.589062 0.376042 0.590625 0.377083 0.590625 0.379167 0.592187 0.380208 0.592187 0.382292 0.59375 0.383333 0.59375 0.385417 0.595312 0.386458 0.595312 0.388542 0.596875 0.389583 0.596875 0.390625 0.597656 0.391667 0.597656 0.392708 0.598437 0.39375 0.598437 0.394792 0.599219 0.395833 0.599219 0.396875 0.6 0.398958 0.6 0.4 0.600781 0.402083 0.600781 0.403125 0.601562 0.405208 0.601562 0.40625 0.602344 0.408333 0.602344 0.409375 0.603125 0.410417 0.603125 0.411458 0.603906 0.413542 0.603906 0.414583 0.604687 0.41875 0.604687 0.419792 0.605469 0.421875 0.605469 0.422917 0.60625 0.426042 0.60625 0.427083 0.607031 0.438542 0.607031 0.439583 0.607812 0.463542 0.607812 0.464583 0.607031 0.469792 0.607031 0.470833 0.60625 0.477083 0.60625 0.478125 0.605469 0.480208 0.605469 0.48125 0.604687 0.483333 0.604687 0.484375 0.603906 0.485417 0.603906 0.486458 0.603125 0.488542 0.603125 0.489583 0.602344 0.491667 0.602344 0.492708 0.601562 0.49375 0.601562 0.495833 0.6 0.497917 0.6 0.498958 0.599219 0.5 0.599219 0.501042 0.598437 0.502083 0.598437 0.504167 0.596875 0.505208 0.596875 0.50625 0.596094 0.507292 0.596094 0.508333 0.595312 0.509375 0.595312 0.511458 0.59375 0.5125 0.59375 0.513542 0.592969 0.514583 0.592969 0.517708 0.590625 0.51875 0.590625 0.520833 0.589062 0.521875 0.589062 0.525 0.586719 0.526042 0.586719 0.53125 0.582812 0.53125 0.582031 0.532292 0.58125 0.532292 0.580469 0.533333 0.579687 0.534375 0.579687 0.536458 0.578125 0.536458 0.577344 0.538542 0.575781 0.538542 0.573437 0.539583 0.572656 0.539583 0.569531 0.538542 0.570312 0.538542 0.572656 0.536458 0.574219 0.535417 0.574219 0.534375 0.575 0.534375 0.575781 0.53125 0.578125 0.530208 0.578125 0.526042 0.58125 0.525 0.58125 0.523958 0.582031 0.522917 0.582031 0.521875 0.582812 0.521875 0.583594 0.520833 0.584375 0.519792 0.584375 0.51875 0.585156 0.517708 0.585156 0.516667 0.585938 0.515625 0.585938 0.5125 0.588281 0.511458 0.588281 0.510417 0.589062 0.509375 0.589062 0.50625 0.591406 0.504167 0.591406 0.503125 0.592187 0.502083 0.592187 0.501042 0.592969 0.5 0.592969 0.498958 0.59375 0.497917 0.59375 0.496875 0.594531 0.494792 0.594531 0.49375 0.595312 0.491667 0.595312 0.490625 0.596094 0.489583 0.596094 0.488542 0.596875 0.4875 0.596875 0.486458 0.597656 0.482292 0.597656 0.48125 0.598437 0.477083 0.598437 0.476042 0.599219 0.472917 0.599219 0.471875 0.6 0.465625 0.6 0.464583 0.600781 0.433333 0.600781 0.432292 0.6 0.427083 0.6 0.426042 0.599219 0.423958 0.599219 0.422917 0.598437 0.41875 0.598437 0.417708 0.597656 0.413542 0.597656 0.4125 0.596875 0.411458 0.596875 0.410417 0.596094 0.409375 0.596094 0.408333 0.595312 0.40625 0.595312 0.405208 0.594531 0.401042 0.594531 0.4 0.59375 0.398958 0.59375 0.396875 0.592187 0.395833 0.592187 0.394792 0.591406 0.392708 0.591406 0.389583 0.589062 0.388542 0.589062 0.3875 0.588281 0.386458 0.588281 0.385417 0.5875 0.384375 0.5875 0.382292 0.585938 0.38125 0.585938 0.380208 0.585156 0.379167 0.585156 0.370833 0.578906 0.369792 0.578906 0.36875 0.578125 0.36875 0.577344 0.364583 0.574219 0.364583 0.573437 0.363542 0.572656 0.3625 0.572656 0.361458 0.571875 0.361458 0.571094 0.360417 0.570312 0.360417 0.569531 0.359375 0.56875 0.586096
0 0.296875 0.486719 0.296875 0.489844 0.295833 0.490625 0.295833 0.492187 0.29375 0.49375 0.29375 0.494531 0.292708 0.495312 0.292708 0.498437 0.291667 0.499219 0.291667 0.5 0.289583 0.501562 0.289583 0.502344 0.2875 0.503906 0.2875 0.504687 0.284375 0.507031 0.284375 0.507812 0.283333 0.508594 0.283333 0.509375 0.270833 0.51875 0.269792 0.51875 0.26875 0.519531 0.267708 0.519531 0.263542 0.522656 0.2625 0.522656 0.261458 0.523438 0.260417 0.523438 0.258333 0.525 0.257292 0.525 0.25625 0.525781 0.255208 0.525781 0.253125 0.527344 0.252083 0.527344 0.251042 0.528125 0.25 0.528125 0.248958 0.528906 0.247917 0.528906 0.246875 0.529687 0.245833 0.529687 0.244792 0.530469 0.24375 0.530469 0.242708 0.53125 0.241667 0.53125 0.240625 0.532031 0.238542 0.532031 0.2375 0.532812 0.236458 0.532812 0.235417 0.533594 0.234375 0.533594 0.233333 0.534375 0.230208 0.534375 0.229167 0.535156 0.226042 0.535156 0.225 0.535937 0.223958 0.535937 0.222917 0.536719 0.220833 0.536719 0.219792 0.5375 0.216667 0.5375 0.215625 0.538281 0.209375 0.538281 0.208333 0.539062 0.205208 0.539062 0.204167 0.539844 0.196875 0.539844 0.195833 0.540625 0.167708 0.540625 0.166667 0.539844 0.159375 0.539844 0.158333 0.539062 0.154167 0.539062 0.153125 0.538281 0.148958 0.538281 0.147917 0.5375 0.145833 0.5375 0.144792 0.536719 0.142708 0.536719 0.141667 0.535937 0.140625 0.535937 0.139583 0.535156 0.138542 0.535156 0.1375 0.534375 0.135417 0.534375 0.134375 0.533594 0.133333 0.533594 0.132292 0.532812 0.13125 0.532812 0.129167 0.53125 0.127083 0.53125 0.126042 0.530469 0.125 0.530469 0.111458 0.520312 0.111458 0.519531 0.109375 0.517969 0.109375 0.517188 0.108333 0.517188 0.10625 0.515625 0.10625 0.514062 0.105208 0.513281 0.105208 0.517969 0.107292 0.519531 0.107292 0.520312 0.108333 0.521094 0.108333 0.522656 0.109375 0.523438 0.109375 0.524219 0.111458 0.525781 0.111458 0.526562 0.1125 0.527344 0.1125 0.528125 0.122917 0.535937 0.123958 0.535937 0.127083 0.538281 0.129167 0.538281 0.130208 0.539062 0.13125 0.539062 0.133333 0.540625 0.134375 0.540625 0.135417 0.541406 0.136458 0.541406 0.1375 0.542187 0.139583 0.542187 0.140625 0.542969 0.141667 0.542969 0.142708 0.54375 0.144792 0.54375 0.145833 0.544531 0.146875 0.544531 0.147917 0.545312 0.152083 0.545312 0.153125 0.546094 0.155208 0.546094 0.15625 0.546875 0.158333 0.546875 0.159375 0.547656 0.210417 0.547656 0.211458 0.546875 0.2125 0.546875 0.213542 0.546094 0.216667 0.546094 0.217708 0.545312 0.221875 0.545312 0.222917 0.544531 0.226042 0.544531 0.227083 0.54375 0.228125 0.54375 0.229167 0.542969 0.23125 0.542969 0.232292 0.542187 0.234375 0.542187 0.235417 0.541406 0.236458 0.541406 0.2375 0.540625 0.238542 0.540625 0.239583 0.539844 0.240625 0.539844 0.241667 0.539062 0.244792 0.539062 0.245833 0.538281 0.246875 0.538281 0.247917 0.5375 0.248958 0.5375 0.251042 0.535937 0.253125 0.535937 0.254167 0.535156 0.255208 0.535156 0.25625 0.534375 0.257292 0.534375 0.259375 0.532812 0.260417 0.532812 0.2625 0.53125 0.263542 0.53125 0.264583 0.530469 0.265625 0.530469 0.267708 0.528906 0.26875 0.528906 0.269792 0.528125 0.271875 0.528125 0.275 0.525781 0.276042 0.525781 0.278125 0.524219 0.279167 0.524219 0.286458 0.51875 0.2875 0.51875 0.289583 0.517188 0.289583 0.516406 0.292708 0.514062 0.292708 0.5125 0.29375 0.511719 0.29375 0.509375 0.294792 0.508594 0.294792 0.507812 0.295833 0.507031 0.295833 0.503906 0.296875 0.503125 0.296875 0.500781 0.297917 0.5 0.297917 0.486719 0.49354
0 0.539583 0.56875 0.538542 0.569531 0.538542 0.571094 0.534375 0.574219 0.534375 0.575 0.528125 0.579687 0.527083 0.579687 0.523958 0.582031 0.522917 0.582031 0.51875 0.585156 0.516667 0.585156 0.514583 0.586719 0.513542 0.586719 0.510417 0.589062 0.509375 0.589062 0.507292 0.590625 0.50625 0.590625 0.505208 0.591406 0.503125 0.591406 0.502083 0.592187 0.501042 0.592187 0.498958 0.59375 0.496875 0.59375 0.495833 0.594531 0.49375 0.594531 0.492708 0.595312 0.490625 0.595312 0.489583 0.596094 0.488542 0.596094 0.4875 0.596875 0.485417 0.596875 0.484375 0.597656 0.48125 0.597656 0.480208 0.598437 0.476042 0.598437 0.475 0.599219 0.471875 0.599219 0.470833 0.6 0.465625 0.6 0.464583 0.600781 0.434375 0.600781 0.433333 0.6 0.428125 0.6 0.427083 0.599219 0.425 0.599219 0.423958 0.598437 0.419792 0.598437 0.41875 0.597656 0.414583 0.597656 0.413542 0.596875 0.411458 0.596875 0.410417 0.596094 0.409375 0.596094 0.408333 0.595312 0.40625 0.595312 0.405208 0.594531 0.402083 0.594531 0.401042 0.59375 0.4 0.59375 0.397917 0.592187 0.396875 0.592187 0.395833 0.591406 0.39375 0.591406 0.392708 0.590625 0.391667 0.590625 0.388542 0.588281 0.3875 0.588281 0.386458 0.5875 0.385417 0.5875 0.384375 0.586719 0.383333 0.586719 0.38125 0.585156 0.380208 0.585156 0.379167 0.584375 0.378125 0.584375 0.377083 0.583594 0.377083 0.582812 0.376042 0.582031 0.375 0.582031 0.364583 0.574219 0.364583 0.573437 0.360417 0.570312 0.360417 0.569531 0.359375 0.56875 0.358333 0.56875 0.358333 0.571094 0.359375 0.571875 0.359375 0.574219 0.360417 0.575 0.360417 0.575781 0.3625 0.577344 0.3625 0.578125 0.363542 0.578906 0.363542 0.579687 0.365625 0.58125 0.365625 0.582031 0.369792 0.585156 0.369792 0.585938 0.371875 0.5875 0.372917 0.5875 0.373958 0.588281 0.373958 0.589062 0.375 0.589062 0.377083 0.590625 0.378125 0.590625 0.380208 0.592187 0.38125 0.592187 0.384375 0.594531 0.385417 0.594531 0.3875 0.596094 0.388542 0.596094 0.389583 0.596875 0.390625 0.596875 0.391667 0.597656 0.392708 0.597656 0.39375 0.598437 0.394792 0.598437 0.395833 0.599219 0.397917 0.599219 0.398958 0.6 0.4 0.6 0.401042 0.600781 0.402083 0.600781 0.403125 0.601562 0.40625 0.601562 0.407292 0.602344 0.408333 0.602344 0.409375 0.603125 0.411458 0.603125 0.4125 0.603906 0.414583 0.603906 0.415625 0.604687 0.419792 0.604687 0.420833 0.605469 0.423958 0.605469 0.425 0.60625 0.428125 0.60625 0.429167 0.607031 0.440625 0.607031 0.441667 0.607812 0.461458 0.607812 0.4625 0.607031 0.46875 0.607031 0.469792 0.60625 0.476042 0.60625 0.477083 0.605469 0.479167 0.605469 0.480208 0.604687 0.483333 0.604687 0.484375 0.603906 0.486458 0.603906 0.4875 0.603125 0.489583 0.603125 0.490625 0.602344 0.491667 0.602344 0.492708 0.601562 0.49375 0.601562 0.494792 0.600781 0.495833 0.600781 0.496875 0.6 0.497917 0.6 0.498958 0.599219 0.5 0.599219 0.501042 0.598437 0.502083 0.598437 0.503125 0.597656 0.504167 0.597656 0.505208 0.596875 0.50625 0.596875 0.507292 0.596094 0.508333 0.596094 0.510417 0.594531 0.511458 0.594531 0.513542 0.592969 0.514583 0.592969 0.516667 0.591406 0.517708 0.591406 0.519792 0.589844 0.520833 0.589844 0.523958 0.5875 0.525 0.5875 0.53125 0.582812 0.53125 0.582031 0.538542 0.576562 0.538542 0.574219 0.539583 0.573437 0.539583 0.56875 0.542708 0.564844 0.542708 0.5625 0.542708 0.564844 0.435018
0 0.951042 0.388281 0.951042 0.389062 0.953125 0.390625 0.953125 0.391406 0.955208 0.392969 0.955208 0.394531 0.959375 0.397656 0.959375 0.398438 0.963542 0.401562 0.963542 0.402344 0.96875 0.40625 0.96875 0.407031 0.973958 0.410937 0.973958 0.411719 0.978125 0.414844 0.978125 0.415625 0.982292 0.41875 0.982292 0.419531 0.988542 0.424219 0.988542 0.425 0.991667 0.427344 0.991667 0.428125 0.995833 0.43125 0.995833 0.432031 0.997917 0.433594 0.998958 0.433594 0.998958 0.417187 0.997917 0.417187 0.992708 0.413281 0.991667 0.413281 0.9875 0.410156 0.986458 0.410156 0.983333 0.407812 0.982292 0.407812 0.975 0.402344 0.973958 0.402344 0.966667 0.396875 0.965625 0.396875 0.958333 0.391406 0.957292 0.391406 0.95625 0.390625 0.954167 0.390625 0.952083 0.389062 0.952083 0.388281 0.424306
0 0.132292 0.610937 0.132292 0.610156 0.130208 0.610156 0.13125 0.610937 0.132292 0.610937 0.297917 0.583594 0.298958 0.584375 0.298958 0.589844 0.297917 0.590625 0.297917 0.592187 0.296875 0.592187 0.294792 0.59375 0.294792 0.594531 0.289583 0.598437 0.289583 0.599219 0.284375 0.603125 0.284375 0.603906 0.283333 0.603906 0.277083 0.608594 0.276042 0.608594 0.272917 0.610937 0.271875 0.610937 0.267708 0.614062 0.264583 0.614062 0.263542 0.614844 0.263542 0.615625 0.2625 0.616406 0.260417 0.616406 0.259375 0.617188 0.258333 0.617188 0.25625 0.61875 0.25625 0.619531 0.255208 0.619531 0.254167 0.620312 0.25 0.620312 0.247917 0.621875 0.247917 0.622656 0.245833 0.622656 0.244792 0.623437 0.241667 0.623437 0.238542 0.625781 0.2375 0.625781 0.236458 0.626562 0.230208 0.626562 0.229167 0.627344 0.228125 0.627344 0.225 0.629687 0.223958 0.629687 0.222917 0.630469 0.179167 0.630469 0.178125 0.629687 0.172917 0.629687 0.170833 0.628125 0.169792 0.628125 0.16875 0.627344 0.165625 0.627344 0.164583 0.626562 0.161458 0.626562 0.158333 0.624219 0.155208 0.624219 0.154167 0.623437 0.152083 0.623437 0.151042 0.622656 0.15 0.622656 0.148958 0.621875 0.147917 0.621875 0.145833 0.620312 0.144792 0.620312 0.14375 0.619531 0.142708 0.619531 0.142708 0.617969 0.141667 0.617188 0.139583 0.617188 0.138542 0.616406 0.138542 0.615625 0.136458 0.614062 0.134375 0.614062 0.134375 0.611719 0.294792 0.578906 0.294792 0.58125 0.29375 0.582031 0.29375 0.580469 0.292708 0.579687 0.295833 0.575781 0.296875 0.576562 0.297917 0.576562 0.297917 0.575781 0.298958 0.575 0.298958 0.5625 0.296875 0.5625 0.296875 0.571094 0.295833 0.571875 0.295833 0.575781 0.292708 0.579687 0.29375 0.578906 0.29375 0.578125 0.294792 0.578906 0.134375 0.611719 0.135417 0.6125 0.136458 0.6125 0.141667 0.616406 0.14375 0.616406 0.146875 0.61875 0.148958 0.61875 0.15 0.619531 0.151042 0.619531 0.152083 0.620312 0.153125 0.620312 0.155208 0.621875 0.157292 0.621875 0.158333 0.622656 0.1625 0.622656 0.163542 0.623437 0.166667 0.623437 0.167708 0.624219 0.16875 0.624219 0.169792 0.625 0.173958 0.625 0.175 0.625781 0.180208 0.625781 0.18125 0.625 0.203125 0.625 0.204167 0.624219 0.207292 0.624219 0.209375 0.622656 0.213542 0.622656 0.214583 0.621875 0.215625 0.621875 0.216667 0.622656 0.217708 0.622656 0.21875 0.621875 0.222917 0.621875 0.226042 0.619531 0.227083 0.619531 0.228125 0.61875 0.235417 0.61875 0.239583 0.615625 0.241667 0.615625 0.242708 0.616406 0.24375 0.615625 0.244792 0.615625 0.245833 0.614844 0.245833 0.614062 0.246875 0.613281 0.25 0.613281 0.251042 0.6125 0.253125 0.6125 0.254167 0.611719 0.254167 0.610937 0.255208 0.610156 0.255208 0.609375 0.259375 0.609375 0.263542 0.60625 0.264583 0.60625 0.26875 0.603125 0.269792 0.603125 0.270833 0.602344 0.270833 0.601562 0.276042 0.597656 0.277083 0.597656 0.279167 0.596094 0.279167 0.595312 0.284375 0.591406 0.284375 0.590625 0.285417 0.589844 0.2875 0.589844 0.288542 0.590625 0.292708 0.590625 0.296875 0.5875 0.296875 0.583594 0.297917 0.583594 0.272009
