epoch,time,train/box_loss,train/seg_loss,train/cls_loss,train/l1_loss,train/sem_loss,metrics/precision(B),metrics/recall(B),metrics/mAP50(B),metrics/mAP50-95(B),metrics/precision(M),metrics/recall(M),metrics/mAP50(M),metrics/mAP50-95(M),val/box_loss,val/seg_loss,val/cls_loss,val/l1_loss,val/sem_loss,lr/pg0,lr/pg1,lr/pg2
1,17.0809,1.4961,3.42204,2.30818,0.00854,1.42928,0.69541,0.54882,0.67077,0.41115,0.30419,0.20875,0.13701,0.05017,1.25301,2.64945,1.53051,0.00714,0,0.000649123,0.000649123,0.000649123
2,23.3504,1.30046,2.63528,1.3944,0.00708,0.21667,0.61308,0.64555,0.7043,0.44748,0.28642,0.21886,0.2065,0.10038,1.2744,2.11992,1.26834,0.00884,0,0.00131362,0.00131362,0.00131362
3,29.6616,1.26015,2.79459,1.22872,0.00675,0.13158,0.63558,0.68119,0.702,0.44719,0.27503,0.21212,0.18774,0.08898,1.23576,2.5448,1.65597,0.00824,0,0.00197591,0.00197591,0.00197591
4,35.8043,1.36801,2.6839,1.24097,0.00733,0.13638,0.76233,0.76431,0.80134,0.50301,0.48099,0.14141,0.17961,0.10119,1.23403,2.37606,1.28845,0.00698,0,0.0019901,0.0019901,0.0019901
5,42.0246,1.32166,2.5979,1.14208,0.00689,0.13745,0.68112,0.77778,0.78808,0.56374,0.3433,0.26936,0.22757,0.12622,1.10442,2.0748,1.05036,0.00641,0,0.0019868,0.0019868,0.0019868
6,48.2188,1.27041,2.42541,1.0515,0.00691,0.09183,0.63772,0.6579,0.69426,0.44119,0.33774,0.35029,0.22793,0.1096,1.24801,2.16792,1.21599,0.0076,0,0.0019835,0.0019835,0.0019835
7,53.9639,1.22135,2.35953,1.03392,0.00658,0.07814,0.70611,0.67145,0.74609,0.51396,0.3796,0.3367,0.28168,0.1347,1.19236,1.94135,0.99844,0.00686,0,0.0019802,0.0019802,0.0019802
8,59.7724,1.2493,2.29895,1.05101,0.00673,0.08618,0.77639,0.7138,0.8431,0.58564,0.41797,0.50776,0.35773,0.17427,1.14744,1.77383,1.00789,0.00676,0,0.0019769,0.0019769,0.0019769
9,65.8929,1.18681,2.19444,0.97063,0.00616,0.07931,0.74963,0.77104,0.81501,0.58587,0.43466,0.53199,0.40201,0.18229,1.07665,1.65238,0.86342,0.00606,0,0.0019736,0.0019736,0.0019736
10,72.3012,1.10851,2.11711,0.94158,0.00559,0.09097,0.79493,0.73401,0.808,0.5775,0.46399,0.50715,0.44317,0.21305,1.07394,1.68119,0.93044,0.00631,0,0.0019703,0.0019703,0.0019703
11,78.5486,1.08586,2.08965,0.93394,0.0052,0.07422,0.80079,0.75793,0.84919,0.64447,0.52073,0.59264,0.50001,0.23552,0.94775,1.68612,0.84481,0.00532,0,0.001967,0.001967,0.001967
12,84.8126,1.09858,2.04527,0.93974,0.00566,0.10757,0.80383,0.75421,0.85419,0.60217,0.61495,0.67677,0.64555,0.26892,1.05281,1.52331,0.84449,0.00604,0,0.0019637,0.0019637,0.0019637
13,90.8546,1.09405,2.09165,0.92271,0.00545,0.09921,0.70762,0.73342,0.77126,0.59455,0.36731,0.55219,0.40125,0.20222,0.91165,1.66399,0.86737,0.00496,0,0.0019604,0.0019604,0.0019604
14,96.9317,1.077,2.02399,0.92409,0.00531,0.14825,0.84051,0.6532,0.81062,0.60733,0.59057,0.6229,0.58915,0.272,0.97282,1.43285,0.94852,0.0055,0,0.0019571,0.0019571,0.0019571
15,103.203,1.07873,2.00584,0.90937,0.00528,0.12098,0.7822,0.70134,0.8125,0.58755,0.52116,0.54545,0.46786,0.2117,1.07317,1.63052,1.02685,0.00591,0,0.0019538,0.0019538,0.0019538
16,109.264,1.04808,1.95537,0.90948,0.00504,0.08721,0.63532,0.73064,0.76352,0.59297,0.4844,0.56902,0.50717,0.25527,0.91443,1.45673,0.96434,0.00506,0,0.0019505,0.0019505,0.0019505
17,115.376,1.07556,1.99131,0.92537,0.00545,0.08516,0.78708,0.72054,0.82086,0.62097,0.48345,0.61616,0.50542,0.25675,1.00484,1.44502,0.83722,0.00624,0,0.0019472,0.0019472,0.0019472
18,121.406,1.11425,1.9282,0.88864,0.00586,0.09513,0.77412,0.77441,0.84309,0.61531,0.5515,0.58586,0.56687,0.27198,1.0303,1.48825,0.85623,0.00651,0,0.0019439,0.0019439,0.0019439
19,128.261,1.07068,1.86116,0.87765,0.00531,0.07783,0.66792,0.77881,0.80424,0.62822,0.53573,0.62626,0.55898,0.28484,0.89123,1.34901,0.88215,0.00489,0,0.0019406,0.0019406,0.0019406
20,135.073,1.03729,1.83154,0.86634,0.00502,0.1116,0.78503,0.73064,0.82818,0.64239,0.59583,0.63534,0.63349,0.30969,0.90218,1.31618,0.79493,0.00495,0,0.0019373,0.0019373,0.0019373
21,141.624,1.04109,1.83889,0.85919,0.00504,0.07171,0.79991,0.78073,0.85504,0.64835,0.61358,0.61484,0.58781,0.30705,0.98613,1.33508,0.75465,0.00587,0,0.001934,0.001934,0.001934
22,148.175,1.05176,1.79435,0.85415,0.00524,0.05387,0.78243,0.76431,0.85352,0.64195,0.63561,0.62626,0.65835,0.32242,0.95557,1.34263,0.77559,0.0057,0,0.0019307,0.0019307,0.0019307
23,154.485,1.04278,1.76137,0.83007,0.00516,0.06982,0.82954,0.74747,0.86566,0.66023,0.70206,0.62677,0.69498,0.32502,0.91094,1.33702,0.83706,0.0052,0,0.0019274,0.0019274,0.0019274
24,161.214,1.02258,1.73829,0.80959,0.00497,0.05756,0.80609,0.77778,0.88048,0.68989,0.66348,0.63973,0.66661,0.33916,0.86461,1.25464,0.73925,0.0048,0,0.0019241,0.0019241,0.0019241
25,167.468,0.97652,1.70886,0.82386,0.00464,0.06084,0.80969,0.80808,0.87958,0.68475,0.75984,0.71044,0.75401,0.37873,0.87907,1.22535,0.71035,0.00478,0,0.0019208,0.0019208,0.0019208
26,173.683,0.98727,1.67569,0.80852,0.00463,0.05454,0.75509,0.73401,0.82875,0.64584,0.61076,0.77104,0.74499,0.38053,0.90207,1.29534,0.80167,0.00522,0,0.0019175,0.0019175,0.0019175
27,179.376,1.0607,1.7733,0.82253,0.00523,0.05545,0.76582,0.73064,0.84106,0.66291,0.62072,0.64646,0.6742,0.33541,0.83092,1.29742,0.78288,0.00475,0,0.0019142,0.0019142,0.0019142
28,185.113,1.00127,1.6216,0.82574,0.00497,0.0746,0.79657,0.74747,0.85429,0.64593,0.61108,0.68687,0.65596,0.32645,0.91974,1.23282,0.80628,0.00519,0,0.0019109,0.0019109,0.0019109
29,190.909,0.99186,1.59725,0.79616,0.00467,0.08357,0.78255,0.78762,0.87105,0.68469,0.68554,0.68998,0.73462,0.38437,0.87028,1.22845,0.73595,0.00495,0,0.0019076,0.0019076,0.0019076
30,196.923,0.95708,1.59941,0.79581,0.00448,0.08682,0.79233,0.77778,0.87025,0.68133,0.68711,0.67286,0.74266,0.39891,0.89887,1.23947,0.71513,0.00503,0,0.0019043,0.0019043,0.0019043
31,203.192,0.94508,1.56676,0.77943,0.00456,0.08779,0.80272,0.75084,0.85845,0.68396,0.66257,0.76094,0.7709,0.4065,0.82339,1.09131,0.71927,0.00467,0,0.001901,0.001901,0.001901
32,209.322,0.93804,1.58981,0.78943,0.00432,0.06045,0.77487,0.79964,0.87715,0.71857,0.64539,0.76599,0.75,0.40891,0.76436,1.11657,0.68619,0.00415,0,0.0018977,0.0018977,0.0018977
33,215.449,0.90742,1.49897,0.77646,0.00421,0.08154,0.75104,0.85322,0.8775,0.69433,0.76392,0.72391,0.80523,0.41603,0.86004,1.10008,0.65793,0.00472,0,0.0018944,0.0018944,0.0018944
34,221.628,0.92427,1.54265,0.76424,0.00429,0.05991,0.73295,0.84175,0.87602,0.7014,0.58452,0.74842,0.72235,0.39055,0.84962,1.15686,0.69762,0.00441,0,0.0018911,0.0018911,0.0018911
35,227.43,0.99176,1.56996,0.7818,0.00451,0.07148,0.77784,0.81481,0.89718,0.71956,0.69395,0.78451,0.80447,0.44773,0.8235,1.04089,0.63023,0.00436,0,0.0018878,0.0018878,0.0018878
36,233.68,0.93391,1.50721,0.7593,0.00443,0.05313,0.81646,0.81818,0.89786,0.70188,0.72238,0.72391,0.77274,0.43595,0.88965,1.0607,0.67157,0.0048,0,0.0018845,0.0018845,0.0018845
37,239.629,0.99453,1.52871,0.79047,0.00483,0.06384,0.74084,0.81481,0.8601,0.68774,0.70523,0.78788,0.78909,0.419,0.80504,1.0533,0.71361,0.00441,0,0.0018812,0.0018812,0.0018812
38,245.567,0.94241,1.50055,0.78761,0.00459,0.05399,0.76019,0.86195,0.88741,0.7214,0.7211,0.81818,0.81899,0.43911,0.77222,0.98282,0.6778,0.00409,0,0.0018779,0.0018779,0.0018779
39,251.492,0.92402,1.4674,0.74985,0.00443,0.05212,0.80053,0.83838,0.9151,0.73303,0.70982,0.80135,0.80187,0.43038,0.80529,1.07171,0.59563,0.00413,0,0.0018746,0.0018746,0.0018746
40,257.393,0.97505,1.5261,0.7842,0.00474,0.05451,0.77566,0.82656,0.88646,0.71073,0.64036,0.73064,0.7533,0.4201,0.84028,1.06157,0.63973,0.00457,0,0.0018713,0.0018713,0.0018713
41,263.284,0.93104,1.48905,0.77293,0.00447,0.07368,0.78595,0.80135,0.87143,0.68818,0.69273,0.72112,0.78973,0.42846,0.84931,1.04582,0.69146,0.00471,0,0.001868,0.001868,0.001868
42,269.468,0.92505,1.53679,0.75441,0.00426,0.06032,0.76014,0.82828,0.87982,0.71083,0.68202,0.74384,0.7882,0.41398,0.8112,1.12744,0.6463,0.00427,0,0.0018647,0.0018647,0.0018647
43,275.83,0.92659,1.54226,0.75036,0.00441,0.06434,0.7831,0.83881,0.89662,0.72634,0.75957,0.76431,0.82906,0.46109,0.80145,1.03201,0.61987,0.0042,0,0.0018614,0.0018614,0.0018614
44,282.15,0.90159,1.39638,0.74339,0.00423,0.05585,0.77233,0.82492,0.88166,0.7306,0.72838,0.79798,0.81726,0.47208,0.73236,1.01236,0.61442,0.00392,0,0.0018581,0.0018581,0.0018581
45,288.315,0.89355,1.39493,0.72631,0.00413,0.09052,0.82217,0.84512,0.9019,0.72999,0.78156,0.81481,0.85002,0.45644,0.78599,1.03317,0.60281,0.00414,0,0.0018548,0.0018548,0.0018548
46,294.692,0.90189,1.46617,0.7442,0.00412,0.06138,0.78407,0.81481,0.87473,0.71715,0.73207,0.81481,0.83791,0.46146,0.77331,0.9719,0.64942,0.00421,0,0.0018515,0.0018515,0.0018515
47,301.076,0.91067,1.42623,0.72229,0.00424,0.10461,0.7837,0.86618,0.9034,0.71876,0.72465,0.81523,0.83499,0.48283,0.80383,0.99265,0.65679,0.00432,0,0.0018482,0.0018482,0.0018482
48,306.985,0.89485,1.37569,0.72349,0.00417,0.0821,0.81102,0.82361,0.89302,0.7339,0.78269,0.77441,0.83077,0.48444,0.72795,0.93558,0.67162,0.00397,0,0.0018449,0.0018449,0.0018449
49,313.339,0.90597,1.43147,0.74683,0.00416,0.07334,0.76954,0.86572,0.90745,0.73912,0.72161,0.82037,0.84717,0.483,0.75415,0.95019,0.61994,0.00403,0,0.0018416,0.0018416,0.0018416
50,320.055,0.9006,1.37136,0.73921,0.00426,0.05419,0.8114,0.79673,0.89309,0.741,0.7701,0.75084,0.83863,0.48026,0.7288,0.92278,0.63101,0.00398,0,0.0018383,0.0018383,0.0018383
51,326.509,0.86957,1.32943,0.7214,0.00422,0.05375,0.79152,0.86926,0.91273,0.73407,0.75411,0.83641,0.85394,0.51023,0.78093,0.90446,0.6268,0.00419,0,0.001835,0.001835,0.001835
52,332.745,0.8766,1.32166,0.73485,0.00416,0.11624,0.80496,0.83502,0.91304,0.74894,0.78023,0.78788,0.86015,0.48942,0.74552,0.9542,0.62022,0.00386,0,0.0018317,0.0018317,0.0018317
53,338.989,0.86469,1.33626,0.72141,0.00401,0.09571,0.77411,0.81926,0.8817,0.72458,0.72607,0.81818,0.85785,0.47788,0.75204,0.93508,0.66581,0.00397,0,0.0018284,0.0018284,0.0018284
54,345.323,0.87348,1.34541,0.71032,0.00402,0.08269,0.80874,0.79461,0.89232,0.71085,0.77873,0.77441,0.84088,0.47018,0.81941,0.93266,0.64451,0.0046,0,0.0018251,0.0018251,0.0018251
55,351.745,0.88518,1.33497,0.71828,0.00405,0.06597,0.80169,0.79461,0.8937,0.72973,0.69021,0.80808,0.83257,0.50049,0.7729,0.9212,0.62218,0.00413,0,0.0018218,0.0018218,0.0018218
56,357.68,0.87578,1.34725,0.70937,0.00398,0.07211,0.80036,0.8234,0.89612,0.73275,0.72871,0.81481,0.86681,0.4992,0.748,0.8986,0.62629,0.00392,0,0.0018185,0.0018185,0.0018185
57,363.548,0.87542,1.32587,0.69503,0.0039,0.061,0.83047,0.80471,0.90605,0.726,0.74044,0.82601,0.85015,0.4771,0.82533,0.94222,0.6028,0.00436,0,0.0018152,0.0018152,0.0018152
58,369.466,0.87092,1.33253,0.70101,0.00398,0.07909,0.82931,0.85066,0.91889,0.75844,0.79335,0.80144,0.88494,0.52325,0.73314,0.92793,0.59992,0.00375,0,0.0018119,0.0018119,0.0018119
59,375.904,0.85946,1.31378,0.69593,0.004,0.08639,0.83264,0.8543,0.91414,0.73422,0.76285,0.85859,0.88592,0.5247,0.78637,0.90003,0.58915,0.00428,0,0.0018086,0.0018086,0.0018086
60,382.152,0.86632,1.26798,0.67712,0.00405,0.07546,0.81012,0.81882,0.90522,0.7398,0.83989,0.80471,0.89742,0.52365,0.75217,0.88979,0.59304,0.00422,0,0.0018053,0.0018053,0.0018053
61,388.438,0.87448,1.26845,0.68723,0.00404,0.0547,0.84981,0.81923,0.91326,0.74732,0.79464,0.80776,0.89456,0.52922,0.75844,0.87324,0.59707,0.00423,0,0.001802,0.001802,0.001802
62,394.266,0.84541,1.24958,0.69147,0.00401,0.06074,0.78702,0.85859,0.89459,0.72373,0.79354,0.85415,0.88813,0.52028,0.78148,0.8949,0.65259,0.00399,0,0.0017987,0.0017987,0.0017987
63,400.517,0.85519,1.25389,0.68806,0.00383,0.06924,0.8188,0.78451,0.89443,0.73744,0.82365,0.77104,0.89413,0.53436,0.74313,0.88454,0.65245,0.00417,0,0.0017954,0.0017954,0.0017954
64,406.833,0.84443,1.27013,0.67172,0.00392,0.08063,0.84596,0.81358,0.91051,0.76192,0.81141,0.85859,0.91137,0.54693,0.69997,0.80108,0.57021,0.00374,0,0.0017921,0.0017921,0.0017921
65,413.351,0.8482,1.24998,0.67954,0.00395,0.05499,0.82641,0.8335,0.91228,0.74159,0.8031,0.81027,0.88619,0.54544,0.7764,0.92968,0.57221,0.0042,0,0.0017888,0.0017888,0.0017888
66,419.199,0.84727,1.26747,0.67693,0.00396,0.07444,0.82029,0.86063,0.91566,0.75191,0.81482,0.87879,0.90715,0.5369,0.7765,0.83761,0.5606,0.00438,0,0.0017855,0.0017855,0.0017855
67,426.296,0.85461,1.21807,0.6763,0.00391,0.07817,0.75803,0.87205,0.90169,0.75326,0.75444,0.87928,0.90147,0.55324,0.70326,0.78429,0.57079,0.00379,0,0.0017822,0.0017822,0.0017822
68,432.338,0.85146,1.20798,0.65527,0.00396,0.04892,0.80343,0.83502,0.91039,0.77522,0.82982,0.82088,0.90346,0.55997,0.69482,0.81372,0.55861,0.00358,0,0.0017789,0.0017789,0.0017789
69,438.672,0.83824,1.22486,0.65716,0.00389,0.09017,0.82575,0.86869,0.91096,0.76242,0.80166,0.84375,0.88089,0.5632,0.69148,0.78948,0.55658,0.00374,0,0.0017756,0.0017756,0.0017756
70,444.314,0.85676,1.23561,0.66023,0.00389,0.04424,0.79425,0.87084,0.91064,0.75713,0.8098,0.87447,0.91437,0.57096,0.72532,0.82087,0.57253,0.00394,0,0.0017723,0.0017723,0.0017723
71,450.288,0.81935,1.19092,0.6586,0.00371,0.09802,0.84416,0.82828,0.92229,0.76852,0.81515,0.81663,0.89307,0.55841,0.68974,0.79016,0.56746,0.00379,0,0.001769,0.001769,0.001769
72,456.331,0.83829,1.22003,0.66136,0.00382,0.04545,0.82774,0.84129,0.91954,0.75638,0.75628,0.86869,0.88973,0.55188,0.75831,0.85683,0.56147,0.00392,0,0.0017657,0.0017657,0.0017657
73,462.397,0.84796,1.21171,0.65695,0.00389,0.0714,0.81338,0.85115,0.9029,0.74517,0.81981,0.85788,0.912,0.57646,0.72291,0.77935,0.58702,0.00393,0,0.0017624,0.0017624,0.0017624
74,468.201,0.83415,1.23412,0.65487,0.00373,0.07366,0.85873,0.81818,0.92816,0.75681,0.85402,0.80764,0.91743,0.58117,0.74074,0.76097,0.61469,0.0042,0,0.0017591,0.0017591,0.0017591
75,474.222,0.82762,1.17594,0.64534,0.0039,0.05717,0.78426,0.89348,0.9255,0.77897,0.77825,0.88625,0.91711,0.56829,0.67838,0.73179,0.5254,0.00376,0,0.0017558,0.0017558,0.0017558
76,480.502,0.81891,1.17736,0.63236,0.00369,0.04998,0.83024,0.84175,0.93176,0.77186,0.83662,0.86205,0.93206,0.59935,0.71959,0.70584,0.49788,0.00384,0,0.0017525,0.0017525,0.0017525
77,486.849,0.80822,1.13516,0.64287,0.00373,0.05357,0.86285,0.84733,0.93338,0.78051,0.85254,0.83838,0.9264,0.60285,0.68816,0.69149,0.52288,0.00364,0,0.0017492,0.0017492,0.0017492
78,493.192,0.80458,1.14281,0.64008,0.00364,0.06501,0.84697,0.87879,0.93146,0.77305,0.84373,0.87542,0.93381,0.60895,0.71903,0.68142,0.50911,0.00398,0,0.0017459,0.0017459,0.0017459
79,499.189,0.82178,1.16355,0.63734,0.0038,0.0394,0.85552,0.83739,0.93217,0.79746,0.86418,0.85693,0.93414,0.61183,0.6279,0.7047,0.52062,0.0033,0,0.0017426,0.0017426,0.0017426
80,505.248,0.80087,1.1246,0.62258,0.00365,0.04709,0.84928,0.85522,0.93393,0.78581,0.85067,0.8631,0.93695,0.60433,0.67753,0.65662,0.54945,0.00374,0,0.0017393,0.0017393,0.0017393
81,511.245,0.81154,1.13279,0.63046,0.00383,0.0452,0.80564,0.87879,0.92324,0.78218,0.77938,0.88019,0.90862,0.58245,0.68715,0.7424,0.5197,0.00357,0,0.001736,0.001736,0.001736
82,517.359,0.80415,1.10073,0.61366,0.00372,0.05533,0.86454,0.88103,0.9432,0.79967,0.858,0.85859,0.93333,0.61341,0.66219,0.66042,0.47354,0.00357,0,0.0017327,0.0017327,0.0017327
83,523.572,0.79547,1.08195,0.61845,0.00376,0.06698,0.83287,0.90605,0.94352,0.79771,0.8701,0.88552,0.94555,0.59553,0.66227,0.68821,0.48682,0.00367,0,0.0017294,0.0017294,0.0017294
84,529.265,0.80204,1.11322,0.61027,0.00363,0.04939,0.86215,0.87205,0.93907,0.79565,0.85882,0.86869,0.93468,0.60752,0.67427,0.6979,0.49301,0.00349,0,0.0017261,0.0017261,0.0017261
85,535.555,0.76977,1.05747,0.58929,0.00356,0.05224,0.86844,0.91246,0.95137,0.80611,0.85743,0.90236,0.94228,0.6133,0.65965,0.64863,0.47502,0.00353,0,0.0017228,0.0017228,0.0017228
86,541.89,0.76919,1.07226,0.61026,0.00352,0.04032,0.88518,0.84175,0.93583,0.79415,0.90752,0.86195,0.94974,0.62889,0.68358,0.7532,0.50205,0.00384,0,0.0017195,0.0017195,0.0017195
87,548.215,0.76822,1.10049,0.6039,0.00328,0.05271,0.90779,0.86869,0.95255,0.81277,0.87866,0.87776,0.94458,0.61327,0.64312,0.64541,0.4411,0.00333,0,0.0017162,0.0017162,0.0017162
88,554.187,0.76946,1.04016,0.59133,0.00358,0.0503,0.90889,0.83502,0.93988,0.78482,0.91624,0.83838,0.94521,0.6137,0.71948,0.67222,0.50056,0.00411,0,0.0017129,0.0017129,0.0017129
89,560.223,0.77058,1.05184,0.60091,0.0035,0.05092,0.85595,0.87205,0.94071,0.79857,0.86185,0.88889,0.94304,0.62848,0.6675,0.64303,0.47808,0.00335,0,0.0017096,0.0017096,0.0017096
90,566.66,0.7732,1.05463,0.58233,0.00345,0.04635,0.87652,0.87542,0.94522,0.79636,0.85115,0.86195,0.94182,0.61346,0.67153,0.65052,0.50388,0.00351,0,0.0017063,0.0017063,0.0017063
91,573.071,0.7671,1.03919,0.59177,0.00352,0.04562,0.88698,0.89899,0.95198,0.80112,0.85925,0.9044,0.95092,0.62087,0.65927,0.6172,0.46474,0.00369,0,0.001703,0.001703,0.001703
92,578.754,0.8008,1.05767,0.60016,0.0036,0.03821,0.88227,0.85792,0.94125,0.80208,0.87012,0.88215,0.9444,0.60881,0.63203,0.64187,0.47661,0.00341,0,0.0016997,0.0016997,0.0016997
93,584.819,0.77291,1.04015,0.5867,0.0035,0.05142,0.91605,0.83165,0.94799,0.818,0.92189,0.84848,0.95308,0.6355,0.60155,0.65025,0.44505,0.00318,0,0.0016964,0.0016964,0.0016964
94,591.086,0.73806,1.01377,0.56416,0.00334,0.03694,0.85247,0.90236,0.94439,0.81545,0.84179,0.91369,0.94271,0.61152,0.61205,0.6212,0.44618,0.00322,0,0.0016931,0.0016931,0.0016931
95,597.191,0.74914,1.01416,0.57376,0.00337,0.06516,0.89634,0.88889,0.95949,0.83314,0.85963,0.90909,0.9538,0.61923,0.6053,0.67929,0.43088,0.00318,0,0.0016898,0.0016898,0.0016898
96,603.026,0.74482,0.99783,0.55738,0.00349,0.04149,0.86425,0.92256,0.95663,0.80181,0.89754,0.90236,0.95816,0.61719,0.64205,0.62268,0.45656,0.00334,0,0.0016865,0.0016865,0.0016865
97,609.272,0.76309,1.02468,0.54068,0.0036,0.04601,0.92891,0.87995,0.94665,0.79948,0.92148,0.87542,0.94691,0.63118,0.67392,0.62564,0.45784,0.00384,0,0.0016832,0.0016832,0.0016832
98,615.48,0.80073,1.0409,0.54003,0.00371,0.04291,0.8909,0.93481,0.96582,0.82051,0.87845,0.95623,0.96096,0.60487,0.63274,0.61297,0.38259,0.00337,0,0.0016799,0.0016799,0.0016799
99,621.477,0.75328,0.9856,0.50176,0.00354,0.03883,0.92581,0.88231,0.95563,0.79857,0.9515,0.92471,0.97619,0.63095,0.69865,0.64017,0.40789,0.00407,0,0.0016766,0.0016766,0.0016766
100,627.14,0.76033,1.0117,0.50852,0.00349,0.03792,0.92357,0.89899,0.97036,0.82964,0.88648,0.94613,0.97036,0.67944,0.64818,0.5654,0.38128,0.0037,0,0.0016733,0.0016733,0.0016733
101,633.516,0.73025,0.94885,0.47456,0.00347,0.04033,0.94175,0.91919,0.97029,0.82877,0.93488,0.91919,0.97437,0.65504,0.65537,0.57565,0.37763,0.00372,0,0.00167,0.00167,0.00167
102,639.795,0.75651,0.96422,0.50354,0.00356,0.05045,0.90895,0.90236,0.96456,0.83769,0.91521,0.90857,0.96685,0.65212,0.60737,0.58582,0.39333,0.00321,0,0.0016667,0.0016667,0.0016667
103,645.954,0.73374,0.95766,0.48443,0.00336,0.04496,0.93382,0.90274,0.9719,0.8469,0.94082,0.91004,0.97842,0.64951,0.58681,0.58812,0.36636,0.00304,0,0.0016634,0.0016634,0.0016634
104,651.725,0.76266,0.97639,0.49714,0.00345,0.05854,0.91645,0.92336,0.97427,0.8535,0.93977,0.94613,0.98082,0.65282,0.55095,0.58941,0.36269,0.00292,0,0.0016601,0.0016601,0.0016601
105,657.756,0.71783,0.94896,0.4675,0.00323,0.04935,0.93797,0.91644,0.97699,0.84998,0.94855,0.93105,0.98075,0.66193,0.60795,0.56131,0.32545,0.00317,0,0.0016568,0.0016568,0.0016568
106,664.067,0.73443,0.96171,0.47959,0.00336,0.05462,0.91775,0.91582,0.96757,0.82445,0.92942,0.9311,0.9762,0.66029,0.65533,0.58218,0.37135,0.00396,0,0.0016535,0.0016535,0.0016535
107,670.238,0.72249,0.91529,0.45693,0.00335,0.0439,0.91677,0.92724,0.97275,0.85029,0.93674,0.94723,0.98018,0.65749,0.59241,0.56718,0.33122,0.00315,0,0.0016502,0.0016502,0.0016502
108,675.985,0.7077,0.93188,0.47306,0.0032,0.04874,0.92343,0.93398,0.96899,0.84666,0.92474,0.95153,0.97468,0.66319,0.59117,0.59478,0.35828,0.00303,0,0.0016469,0.0016469,0.0016469
109,681.602,0.75521,0.98489,0.47646,0.00348,0.03829,0.89971,0.90617,0.96571,0.84387,0.9232,0.93089,0.97707,0.66538,0.59279,0.58914,0.37461,0.00323,0,0.0016436,0.0016436,0.0016436
110,687.209,0.72051,0.93531,0.46631,0.00335,0.07063,0.95757,0.91187,0.97421,0.83321,0.96867,0.93691,0.98316,0.64809,0.63274,0.60403,0.34678,0.00323,0,0.0016403,0.0016403,0.0016403
111,692.851,0.7321,0.91007,0.45466,0.00338,0.04054,0.95578,0.91919,0.97885,0.85982,0.93823,0.94949,0.98413,0.66071,0.58896,0.58564,0.31881,0.00322,0,0.001637,0.001637,0.001637
112,698.91,0.71988,0.93635,0.46337,0.0033,0.06428,0.91653,0.92593,0.97827,0.8428,0.90691,0.9513,0.97814,0.65846,0.60236,0.55635,0.34213,0.00308,0,0.0016337,0.0016337,0.0016337
113,705.896,0.71088,0.93276,0.46642,0.00318,0.0849,0.9211,0.91582,0.97535,0.84793,0.93126,0.92593,0.97808,0.65237,0.59116,0.5554,0.37195,0.0032,0,0.0016304,0.0016304,0.0016304
114,711.796,0.70602,0.89185,0.44752,0.00326,0.05344,0.94959,0.93266,0.98242,0.84219,0.95302,0.93603,0.98091,0.66884,0.6215,0.5411,0.33463,0.00339,0,0.0016271,0.0016271,0.0016271
115,717.704,0.70596,0.89401,0.43924,0.0032,0.0496,0.92688,0.93892,0.97557,0.84637,0.93598,0.95623,0.98177,0.66779,0.60839,0.54342,0.34957,0.00316,0,0.0016238,0.0016238,0.0016238
116,723.686,0.70803,0.88588,0.45096,0.00333,0.06379,0.94745,0.94613,0.9814,0.85524,0.93733,0.93603,0.97745,0.67616,0.62073,0.55283,0.32455,0.00331,0,0.0016205,0.0016205,0.0016205
117,730.01,0.69986,0.88599,0.44169,0.00316,0.05686,0.95158,0.92648,0.97787,0.84548,0.95541,0.94613,0.98251,0.67429,0.59619,0.53565,0.34984,0.00309,0,0.0016172,0.0016172,0.0016172
118,735.959,0.71319,0.90269,0.43694,0.00325,0.062,0.93089,0.95242,0.98026,0.85186,0.94074,0.96218,0.98493,0.67558,0.59371,0.54112,0.32954,0.00319,0,0.0016139,0.0016139,0.0016139
119,742.039,0.71151,0.90844,0.43933,0.00326,0.06019,0.9108,0.94949,0.97655,0.85219,0.92547,0.94949,0.97452,0.65931,0.61841,0.54133,0.33218,0.00347,0,0.0016106,0.0016106,0.0016106
120,747.958,0.70504,0.88328,0.44381,0.00322,0.06927,0.92111,0.94344,0.98065,0.86412,0.92825,0.95839,0.98221,0.66867,0.56452,0.52842,0.31667,0.00299,0,0.0016073,0.0016073,0.0016073
121,754.334,0.71222,0.877,0.43382,0.00332,0.07178,0.97203,0.91246,0.97974,0.84561,0.95847,0.93245,0.98689,0.67956,0.62485,0.5219,0.32592,0.0034,0,0.001604,0.001604,0.001604
122,760.243,0.71375,0.89359,0.44344,0.00335,0.0575,0.93225,0.92665,0.97539,0.85552,0.94918,0.94333,0.98117,0.66974,0.56496,0.56603,0.32339,0.00293,0,0.0016007,0.0016007,0.0016007
123,766.193,0.70509,0.89396,0.43004,0.00321,0.04191,0.94928,0.94532,0.98594,0.86567,0.95266,0.94869,0.98724,0.67402,0.56238,0.52141,0.28997,0.00296,0,0.0015974,0.0015974,0.0015974
124,772.395,0.72107,0.91389,0.44353,0.00326,0.05609,0.91574,0.95136,0.98278,0.85356,0.96816,0.92156,0.98629,0.648,0.60308,0.53583,0.29678,0.00317,0,0.0015941,0.0015941,0.0015941
125,778.574,0.70107,0.89982,0.42309,0.00305,0.05242,0.96702,0.91582,0.98016,0.84904,0.96824,0.92395,0.98488,0.66795,0.60072,0.53796,0.32166,0.00303,0,0.0015908,0.0015908,0.0015908
126,784.53,0.68713,0.87565,0.41845,0.00319,0.0438,0.94854,0.93103,0.97977,0.85309,0.96557,0.94424,0.9903,0.67092,0.60753,0.52872,0.30469,0.00318,0,0.0015875,0.0015875,0.0015875
127,790.407,0.6958,0.89369,0.4249,0.00325,0.05255,0.95244,0.90572,0.97658,0.85889,0.97145,0.92929,0.98588,0.67409,0.57733,0.51821,0.32576,0.00296,0,0.0015842,0.0015842,0.0015842
128,796.41,0.70956,0.89416,0.42972,0.0032,0.0458,0.93971,0.94472,0.98411,0.8613,0.93166,0.96397,0.98754,0.68371,0.5808,0.5066,0.28616,0.00296,0,0.0015809,0.0015809,0.0015809
129,802.721,0.7067,0.87804,0.43357,0.00332,0.05408,0.92618,0.9294,0.97693,0.8408,0.92799,0.95461,0.97977,0.65568,0.61165,0.53719,0.34252,0.00321,0,0.0015776,0.0015776,0.0015776
130,808.709,0.69968,0.86081,0.42784,0.00325,0.05638,0.95273,0.95012,0.98469,0.86776,0.96286,0.96022,0.9909,0.67352,0.5615,0.51923,0.27376,0.00291,0,0.0015743,0.0015743,0.0015743
131,814.48,0.68819,0.83606,0.41525,0.00318,0.044,0.97501,0.91944,0.98626,0.86538,0.96738,0.93603,0.98747,0.66944,0.56432,0.55201,0.27732,0.00288,0,0.001571,0.001571,0.001571
132,820.314,0.71152,0.90238,0.42536,0.00322,0.04673,0.93563,0.9596,0.9823,0.85972,0.9422,0.96633,0.98652,0.67982,0.57367,0.52801,0.30113,0.003,0,0.0015677,0.0015677,0.0015677
133,827.293,0.68248,0.84938,0.41266,0.00318,0.04752,0.93545,0.97591,0.98636,0.84687,0.93868,0.97927,0.98745,0.67413,0.60265,0.52688,0.29012,0.00312,0,0.0015644,0.0015644,0.0015644
134,834.438,0.66825,0.85881,0.40447,0.00301,0.0385,0.96592,0.95431,0.98843,0.85626,0.96596,0.95554,0.99046,0.68483,0.59699,0.51651,0.25887,0.00331,0,0.0015611,0.0015611,0.0015611
135,840.342,0.67102,0.85341,0.406,0.00297,0.0465,0.97326,0.92256,0.98444,0.86019,0.96909,0.95015,0.98958,0.68683,0.5758,0.5134,0.28552,0.00315,0,0.0015578,0.0015578,0.0015578
136,847.451,0.68279,0.89614,0.41223,0.00305,0.06332,0.95821,0.92929,0.98335,0.86116,0.96515,0.93603,0.98527,0.68,0.57431,0.51899,0.30367,0.00318,0,0.0015545,0.0015545,0.0015545
137,853.072,0.69487,0.87176,0.41677,0.00323,0.06337,0.96034,0.94613,0.98663,0.87064,0.96732,0.95286,0.98844,0.69929,0.54728,0.50953,0.30417,0.00286,0,0.0015512,0.0015512,0.0015512
138,859.271,0.67211,0.8467,0.4093,0.00307,0.04344,0.9467,0.94949,0.98373,0.87527,0.95341,0.95623,0.98655,0.69186,0.52962,0.50452,0.2983,0.00273,0,0.0015479,0.0015479,0.0015479
139,865.168,0.6805,0.87045,0.41191,0.00307,0.05164,0.9467,0.94613,0.98825,0.86956,0.95006,0.94949,0.98884,0.66537,0.57726,0.5163,0.28173,0.00294,0,0.0015446,0.0015446,0.0015446
140,871.382,0.67156,0.8461,0.39652,0.00305,0.07049,0.95524,0.93423,0.98245,0.86568,0.96397,0.94276,0.98724,0.67429,0.55297,0.51547,0.30158,0.00296,0,0.0015413,0.0015413,0.0015413
141,877.405,0.70075,0.86212,0.41117,0.00331,0.05099,0.96145,0.92374,0.98117,0.86103,0.95972,0.94949,0.98685,0.69029,0.56724,0.49891,0.31354,0.00313,0,0.001538,0.001538,0.001538
142,883.436,0.67255,0.85853,0.40682,0.00307,0.05364,0.96561,0.94545,0.98669,0.86791,0.97249,0.95218,0.98961,0.68292,0.56315,0.50032,0.28578,0.00303,0,0.0015347,0.0015347,0.0015347
143,889.493,0.66102,0.82801,0.39752,0.003,0.04106,0.94098,0.95286,0.98602,0.87182,0.97224,0.94328,0.98844,0.66245,0.53388,0.52481,0.26943,0.00278,0,0.0015314,0.0015314,0.0015314
144,896.805,0.69381,0.86847,0.41952,0.0031,0.06079,0.96503,0.9292,0.98277,0.87536,0.97004,0.93939,0.98585,0.68229,0.54467,0.49576,0.28758,0.0028,0,0.0015281,0.0015281,0.0015281
145,903.46,0.685,0.85489,0.42129,0.00316,0.04704,0.97589,0.95396,0.98823,0.86866,0.969,0.95623,0.98713,0.67391,0.56751,0.50359,0.27963,0.00292,0,0.0015248,0.0015248,0.0015248
146,909.839,0.66727,0.83316,0.39412,0.00313,0.04984,0.9526,0.95286,0.98641,0.8648,0.9526,0.95286,0.98661,0.69553,0.57535,0.50963,0.28897,0.00307,0,0.0015215,0.0015215,0.0015215
147,915.71,0.66284,0.8359,0.39084,0.00296,0.04129,0.97559,0.94182,0.98942,0.87986,0.96279,0.9596,0.98924,0.69694,0.53736,0.49678,0.25268,0.00276,0,0.0015182,0.0015182,0.0015182
148,921.893,0.67006,0.84782,0.40099,0.00293,0.06467,0.95652,0.95286,0.98637,0.87206,0.95604,0.96633,0.99026,0.68279,0.54485,0.51419,0.26693,0.00282,0,0.0015149,0.0015149,0.0015149
149,927.682,0.65463,0.80878,0.39177,0.00298,0.04718,0.97559,0.94215,0.98673,0.87952,0.98257,0.94888,0.99025,0.68904,0.52703,0.48958,0.26542,0.00272,0,0.0015116,0.0015116,0.0015116
150,933.175,0.65483,0.85438,0.38325,0.00282,0.04664,0.95543,0.93829,0.98442,0.87944,0.96228,0.94482,0.9869,0.6595,0.52276,0.5253,0.2721,0.00272,0,0.0015083,0.0015083,0.0015083
151,939.149,0.66939,0.83443,0.38829,0.00303,0.05456,0.94684,0.95952,0.98615,0.87991,0.94696,0.96174,0.98593,0.68797,0.52726,0.52117,0.26292,0.00271,0,0.001505,0.001505,0.001505
152,944.919,0.65318,0.82192,0.37709,0.00296,0.03442,0.9508,0.93603,0.98432,0.87477,0.9508,0.93603,0.98439,0.70533,0.55189,0.48661,0.27668,0.00298,0,0.0015017,0.0015017,0.0015017
153,950.833,0.64731,0.84467,0.38578,0.00286,0.04782,0.94218,0.93278,0.98218,0.8722,0.94734,0.94949,0.98562,0.68503,0.5293,0.4957,0.28484,0.0028,0,0.0014984,0.0014984,0.0014984
154,957.638,0.65997,0.83239,0.39204,0.0029,0.04502,0.97158,0.92075,0.985,0.87769,0.94633,0.95286,0.98715,0.69352,0.54934,0.49056,0.25784,0.0029,0,0.0014951,0.0014951,0.0014951
155,963.755,0.65285,0.82708,0.38564,0.00287,0.05067,0.95507,0.9304,0.98425,0.87382,0.95852,0.93377,0.98775,0.6842,0.55589,0.49288,0.26881,0.00285,0,0.0014918,0.0014918,0.0014918
156,969.73,0.65188,0.83187,0.39751,0.00301,0.04871,0.95648,0.96199,0.98648,0.877,0.9509,0.9697,0.98874,0.69383,0.53878,0.48972,0.26441,0.0028,0,0.0014885,0.0014885,0.0014885
157,976.008,0.64198,0.83426,0.38092,0.00285,0.0796,0.96844,0.92977,0.98418,0.87273,0.96388,0.95286,0.99066,0.67168,0.53722,0.48745,0.25748,0.00275,0,0.0014852,0.0014852,0.0014852
158,981.921,0.66179,0.84653,0.3952,0.00296,0.06346,0.94648,0.95265,0.98664,0.86978,0.95985,0.96592,0.99055,0.6982,0.56689,0.52981,0.28047,0.0032,0,0.0014819,0.0014819,0.0014819
159,988.02,0.64964,0.84187,0.38433,0.00288,0.0385,0.95938,0.95426,0.9885,0.87163,0.96615,0.96099,0.9899,0.68661,0.55344,0.49261,0.28272,0.0029,0,0.0014786,0.0014786,0.0014786
160,994.023,0.63675,0.82783,0.38258,0.00272,0.05709,0.96514,0.9697,0.99053,0.88245,0.97184,0.97643,0.99239,0.69683,0.52673,0.49589,0.25224,0.00275,0,0.0014753,0.0014753,0.0014753
161,1000.1,0.67101,0.83628,0.39793,0.00296,0.05469,0.95277,0.95093,0.98857,0.86677,0.95277,0.95093,0.98857,0.69342,0.58159,0.47406,0.26264,0.00298,0,0.001472,0.001472,0.001472
162,1006.23,0.67073,0.86082,0.39622,0.00289,0.06084,0.92881,0.96651,0.98823,0.88036,0.93529,0.97324,0.99023,0.70404,0.52752,0.47889,0.27246,0.0027,0,0.0014687,0.0014687,0.0014687
163,1012.4,0.66675,0.85054,0.39383,0.00294,0.0467,0.971,0.94276,0.98712,0.8856,0.98487,0.95623,0.99232,0.71741,0.52307,0.47968,0.24823,0.0027,0,0.0014654,0.0014654,0.0014654
164,1018.68,0.64663,0.79366,0.38303,0.003,0.07424,0.95501,0.96633,0.98533,0.87662,0.96166,0.97306,0.99161,0.70028,0.53302,0.47711,0.25688,0.00273,0,0.0014621,0.0014621,0.0014621
165,1024.64,0.64395,0.81918,0.38787,0.00291,0.0394,0.9549,0.96296,0.98643,0.87526,0.96656,0.97306,0.99097,0.70331,0.53662,0.4738,0.26075,0.00277,0,0.0014588,0.0014588,0.0014588
166,1030.46,0.6067,0.7471,0.35965,0.00275,0.05488,0.9548,0.96633,0.99048,0.89209,0.95988,0.96665,0.99018,0.70128,0.50826,0.47951,0.23544,0.00256,0,0.0014555,0.0014555,0.0014555
167,1036.39,0.62093,0.78815,0.36311,0.00275,0.04666,0.94846,0.94276,0.98092,0.88204,0.96157,0.96296,0.98897,0.68551,0.514,0.49511,0.28839,0.00268,0,0.0014522,0.0014522,0.0014522
168,1042.45,0.66611,0.8159,0.39871,0.00298,0.07603,0.97255,0.95623,0.98737,0.88829,0.97997,0.96296,0.99167,0.69133,0.51748,0.49152,0.25794,0.00264,0,0.0014489,0.0014489,0.0014489
169,1048.58,0.65927,0.82727,0.38239,0.00293,0.05326,0.94863,0.95623,0.98436,0.87917,0.95198,0.9596,0.98704,0.69786,0.54883,0.48546,0.28219,0.00291,0,0.0014456,0.0014456,0.0014456
170,1054.68,0.64869,0.83191,0.38121,0.00285,0.05628,0.95601,0.9798,0.9873,0.88635,0.96258,0.98653,0.99088,0.69383,0.51624,0.48689,0.25453,0.00267,0,0.0014423,0.0014423,0.0014423
171,1060.36,0.64626,0.81852,0.37714,0.00289,0.06355,0.95274,0.95623,0.98361,0.87455,0.96354,0.96633,0.9894,0.7081,0.5274,0.48286,0.26999,0.00285,0,0.001439,0.001439,0.001439
172,1066.34,0.64431,0.83128,0.37932,0.00281,0.04334,0.96042,0.9596,0.98354,0.88671,0.97071,0.9697,0.98921,0.70833,0.50942,0.49673,0.24448,0.00259,0,0.0014357,0.0014357,0.0014357
173,1072.55,0.63521,0.79212,0.36755,0.00287,0.04444,0.96595,0.95507,0.98607,0.87759,0.97202,0.96633,0.98761,0.68753,0.53041,0.5048,0.26518,0.00271,0,0.0014324,0.0014324,0.0014324
174,1078.87,0.65476,0.84908,0.37014,0.00293,0.06367,0.97456,0.93603,0.98628,0.8799,0.98561,0.94949,0.99149,0.69715,0.53018,0.47523,0.24536,0.00271,0,0.0014291,0.0014291,0.0014291
175,1085,0.64011,0.81406,0.36773,0.00283,0.06386,0.96309,0.97306,0.98997,0.88154,0.96866,0.9798,0.99316,0.69201,0.5279,0.4737,0.21648,0.00273,0,0.0014258,0.0014258,0.0014258
176,1090.93,0.63812,0.81757,0.36823,0.00277,0.05411,0.96605,0.95811,0.98975,0.88503,0.97623,0.96808,0.99278,0.70185,0.52072,0.47093,0.22977,0.00262,0,0.0014225,0.0014225,0.0014225
177,1097.2,0.63371,0.82619,0.36136,0.00274,0.06384,0.95939,0.95451,0.98711,0.88972,0.96954,0.96461,0.99005,0.69798,0.50832,0.47725,0.26004,0.0026,0,0.0014192,0.0014192,0.0014192
178,1103.27,0.61524,0.78078,0.3441,0.00268,0.044,0.96913,0.95138,0.98976,0.88873,0.96325,0.97077,0.99158,0.69371,0.50896,0.46706,0.23632,0.00262,0,0.0014159,0.0014159,0.0014159
179,1109.2,0.63334,0.79546,0.35997,0.00268,0.05595,0.95356,0.96296,0.98847,0.87834,0.95689,0.96633,0.98943,0.68701,0.54148,0.47652,0.24637,0.00269,0,0.0014126,0.0014126,0.0014126
180,1115.11,0.63339,0.80044,0.35604,0.00279,0.04976,0.93856,0.98316,0.99019,0.88373,0.97776,0.94276,0.99075,0.68879,0.53765,0.47976,0.22459,0.0028,0,0.0014093,0.0014093,0.0014093
181,1121.02,0.65735,0.8249,0.37183,0.00295,0.04577,0.97548,0.93776,0.98785,0.87844,0.97336,0.9697,0.99173,0.70366,0.54819,0.47752,0.24872,0.00289,0,0.001406,0.001406,0.001406
182,1126.92,0.63893,0.78006,0.37162,0.00292,0.05807,0.95249,0.94511,0.98443,0.87949,0.95944,0.95566,0.9885,0.69959,0.51506,0.47291,0.27742,0.0026,0,0.0014027,0.0014027,0.0014027
183,1133.05,0.64367,0.77458,0.36418,0.00294,0.04816,0.9858,0.93481,0.989,0.87442,0.99645,0.94529,0.99245,0.7073,0.55004,0.47024,0.23461,0.00278,0,0.0013994,0.0013994,0.0013994
184,1139,0.64478,0.7728,0.37239,0.00297,0.07513,0.97271,0.94613,0.98935,0.88767,0.95008,0.98653,0.99148,0.70472,0.51011,0.45763,0.23045,0.00254,0,0.0013961,0.0013961,0.0013961
185,1145.31,0.61934,0.76384,0.35055,0.00286,0.04744,0.96219,0.94949,0.98638,0.88373,0.97242,0.9596,0.99031,0.71205,0.50872,0.46789,0.2582,0.00268,0,0.0013928,0.0013928,0.0013928
186,1151.8,0.65522,0.80673,0.37576,0.00296,0.04999,0.94996,0.95623,0.98662,0.87619,0.95565,0.9697,0.98908,0.68797,0.52563,0.49011,0.25493,0.00277,0,0.0013895,0.0013895,0.0013895
187,1157.7,0.65832,0.80593,0.39663,0.00299,0.07606,0.95036,0.9596,0.98636,0.87461,0.95622,0.97306,0.98917,0.69798,0.54213,0.47241,0.2515,0.00278,0,0.0013862,0.0013862,0.0013862
188,1163.87,0.65359,0.82394,0.37364,0.00283,0.06047,0.96913,0.92593,0.98795,0.88633,0.97561,0.94274,0.99045,0.70039,0.51853,0.47207,0.24354,0.00264,0,0.0013829,0.0013829,0.0013829
189,1170.2,0.64219,0.76486,0.36374,0.00293,0.05781,0.95995,0.94276,0.98616,0.87122,0.96939,0.9598,0.98986,0.70877,0.55922,0.46149,0.25664,0.0031,0,0.0013796,0.0013796,0.0013796
190,1177.02,0.63254,0.77429,0.35955,0.00283,0.05588,0.95193,0.95623,0.98708,0.88195,0.97246,0.95123,0.99018,0.70571,0.51968,0.45414,0.25825,0.00266,0,0.0013763,0.0013763,0.0013763
191,1183.68,0.62161,0.78607,0.35237,0.00267,0.05192,0.94272,0.96633,0.98642,0.88969,0.95329,0.97643,0.98954,0.70153,0.49742,0.45565,0.25403,0.00251,0,0.001373,0.001373,0.001373
192,1189.51,0.6473,0.78894,0.36531,0.00291,0.06143,0.96267,0.93603,0.98517,0.86742,0.96991,0.94276,0.98882,0.69785,0.56876,0.48457,0.27654,0.00306,0,0.0013697,0.0013697,0.0013697
193,1195.16,0.63608,0.78302,0.36491,0.00279,0.04502,0.94122,0.97046,0.9862,0.88089,0.94449,0.97382,0.98755,0.7017,0.52577,0.4763,0.26387,0.00262,0,0.0013664,0.0013664,0.0013664
194,1200.96,0.66093,0.80234,0.36694,0.00299,0.04524,0.98243,0.94153,0.98827,0.88296,0.98594,0.94477,0.99044,0.69621,0.52784,0.4728,0.25481,0.00265,0,0.0013631,0.0013631,0.0013631
195,1206.74,0.62461,0.79317,0.35997,0.0028,0.04822,0.96617,0.96173,0.99049,0.89475,0.96956,0.9651,0.99179,0.70187,0.49575,0.47597,0.22875,0.00253,0,0.0013598,0.0013598,0.0013598
196,1212.56,0.6055,0.78266,0.35105,0.00261,0.05147,0.97057,0.93603,0.98696,0.88443,0.972,0.93603,0.98712,0.70461,0.52294,0.46178,0.25439,0.00266,0,0.0013565,0.0013565,0.0013565
197,1218.24,0.61753,0.76535,0.36327,0.00269,0.04672,0.92871,0.96503,0.98268,0.88687,0.94802,0.98256,0.99057,0.70528,0.50528,0.47086,0.26888,0.00259,0,0.0013532,0.0013532,0.0013532
198,1224.01,0.60271,0.76455,0.34591,0.00265,0.0404,0.9745,0.95623,0.99171,0.88844,0.9745,0.95623,0.99178,0.68662,0.50742,0.47984,0.22766,0.00261,0,0.0013499,0.0013499,0.0013499
199,1230.48,0.61348,0.80448,0.35262,0.00267,0.04044,0.96655,0.97292,0.99074,0.88556,0.9699,0.97629,0.99167,0.69273,0.52716,0.47216,0.22795,0.00276,0,0.0013466,0.0013466,0.0013466
200,1236.17,0.61401,0.80658,0.3533,0.00267,0.03539,0.94399,0.96465,0.98743,0.88565,0.94399,0.96465,0.98743,0.68865,0.51292,0.46891,0.24758,0.00254,0,0.0013433,0.0013433,0.0013433
201,1242.07,0.63009,0.80737,0.36862,0.00272,0.07304,0.94177,0.97306,0.98947,0.88333,0.96246,0.9495,0.98967,0.69317,0.52767,0.46378,0.24487,0.00283,0,0.00134,0.00134,0.00134
202,1247.82,0.63033,0.7817,0.36664,0.00287,0.05401,0.96196,0.94613,0.98665,0.89168,0.96592,0.9542,0.98904,0.69117,0.49833,0.46535,0.2535,0.00262,0,0.0013367,0.0013367,0.0013367
203,1254.63,0.63142,0.76953,0.35687,0.00282,0.03807,0.92584,0.95286,0.98287,0.87307,0.9465,0.94613,0.9836,0.68893,0.5265,0.48603,0.28457,0.00277,0,0.0013334,0.0013334,0.0013334
204,1260.46,0.62184,0.76982,0.36359,0.00278,0.05139,0.96927,0.95565,0.98845,0.89474,0.9659,0.9697,0.98889,0.69717,0.48993,0.46457,0.25162,0.0025,0,0.0013301,0.0013301,0.0013301
205,1266.47,0.60838,0.75305,0.35144,0.00274,0.0562,0.95363,0.9697,0.98779,0.88962,0.95694,0.97306,0.98842,0.69444,0.49065,0.4567,0.2453,0.00253,0,0.0013268,0.0013268,0.0013268
206,1272.45,0.60435,0.7607,0.34218,0.0027,0.04326,0.97554,0.94005,0.98663,0.89301,0.98027,0.94276,0.98767,0.70587,0.48591,0.43976,0.24533,0.00249,0,0.0013235,0.0013235,0.0013235
207,1278.54,0.59294,0.77341,0.35136,0.00256,0.07661,0.96195,0.93625,0.98673,0.87701,0.96541,0.93962,0.98674,0.6993,0.5266,0.46314,0.26492,0.00285,0,0.0013202,0.0013202,0.0013202
208,1284.67,0.6044,0.75551,0.34625,0.00265,0.06885,0.95679,0.96925,0.98954,0.88557,0.96076,0.9798,0.99156,0.69813,0.50453,0.49174,0.2333,0.00257,0,0.0013169,0.0013169,0.0013169
209,1290.76,0.6232,0.79102,0.3494,0.00274,0.03916,0.96268,0.95542,0.98801,0.88969,0.95648,0.96192,0.98843,0.69182,0.51414,0.47052,0.24374,0.00264,0,0.0013136,0.0013136,0.0013136
210,1296.83,0.61716,0.80735,0.35793,0.00263,0.05044,0.95096,0.97306,0.98816,0.88425,0.94765,0.97519,0.99134,0.7051,0.52643,0.46559,0.24099,0.00263,0,0.0013103,0.0013103,0.0013103
211,1302.82,0.61092,0.77992,0.35261,0.0027,0.04237,0.98941,0.9433,0.99095,0.89362,0.98595,0.94499,0.9886,0.67958,0.50512,0.48354,0.23348,0.0025,0,0.001307,0.001307,0.001307
212,1308.93,0.6138,0.77096,0.34407,0.00272,0.0583,0.98268,0.95531,0.99278,0.89006,0.97922,0.95194,0.99213,0.70607,0.50028,0.45628,0.21692,0.00258,0,0.0013037,0.0013037,0.0013037
213,1314.78,0.60705,0.76292,0.3357,0.0027,0.04244,0.96982,0.94613,0.98993,0.89396,0.97327,0.94949,0.9909,0.70364,0.49724,0.44607,0.23144,0.00256,0,0.0013004,0.0013004,0.0013004
214,1320.66,0.59892,0.76033,0.33492,0.00268,0.04542,0.97297,0.96975,0.99164,0.88832,0.96648,0.97081,0.99068,0.70363,0.52023,0.45339,0.21005,0.00263,0,0.0012971,0.0012971,0.0012971
215,1326.67,0.59909,0.76256,0.34526,0.00265,0.05861,0.94984,0.9697,0.99068,0.89058,0.97212,0.95286,0.99095,0.70542,0.50007,0.44943,0.23221,0.00248,0,0.0012938,0.0012938,0.0012938
216,1332.61,0.59743,0.76867,0.33558,0.0026,0.04579,0.96602,0.95728,0.99018,0.8909,0.96878,0.95623,0.98803,0.6973,0.50921,0.45718,0.22868,0.00265,0,0.0012905,0.0012905,0.0012905
217,1338.31,0.61045,0.76177,0.34328,0.00272,0.06194,0.95783,0.9596,0.98917,0.89077,0.96242,0.94858,0.98754,0.70187,0.51452,0.46272,0.2384,0.00268,0,0.0012872,0.0012872,0.0012872
218,1344.42,0.61205,0.7672,0.34852,0.00262,0.06593,0.96172,0.93051,0.98721,0.88308,0.96168,0.92948,0.98612,0.69733,0.50666,0.46288,0.25429,0.00265,0,0.0012839,0.0012839,0.0012839
219,1350.5,0.61884,0.7781,0.34744,0.00273,0.05493,0.94736,0.96963,0.98961,0.89098,0.95065,0.973,0.99067,0.6987,0.49772,0.46967,0.23503,0.00256,0,0.0012806,0.0012806,0.0012806
220,1356.56,0.59739,0.76506,0.33077,0.00263,0.05357,0.96146,0.97643,0.99186,0.89402,0.96146,0.97643,0.99186,0.6869,0.50035,0.45547,0.21427,0.00258,0,0.0012773,0.0012773,0.0012773
221,1362.35,0.6141,0.76307,0.34367,0.00266,0.04586,0.97104,0.94949,0.99056,0.88444,0.96759,0.94613,0.98965,0.6963,0.51605,0.45195,0.22767,0.00272,0,0.001274,0.001274,0.001274
222,1368.12,0.61781,0.79255,0.35189,0.00273,0.06169,0.96714,0.96296,0.9892,0.89537,0.96242,0.95623,0.98819,0.69627,0.49553,0.45503,0.21762,0.00251,0,0.0012707,0.0012707,0.0012707
223,1374.24,0.61284,0.74335,0.34202,0.00267,0.05906,0.96754,0.97306,0.99073,0.89221,0.96419,0.9697,0.98985,0.70473,0.50008,0.4538,0.22258,0.00252,0,0.0012674,0.0012674,0.0012674
224,1380.49,0.61649,0.77509,0.34318,0.0027,0.03995,0.95401,0.97777,0.99075,0.89414,0.95729,0.98114,0.99248,0.7023,0.49075,0.4551,0.22914,0.00251,0,0.0012641,0.0012641,0.0012641
225,1386.6,0.60677,0.75894,0.34344,0.00278,0.05877,0.95477,0.9697,0.98992,0.8888,0.95477,0.9697,0.99019,0.69737,0.5136,0.46833,0.22813,0.00265,0,0.0012608,0.0012608,0.0012608
226,1392.69,0.59883,0.7586,0.33415,0.00261,0.04815,0.96338,0.95286,0.98975,0.89493,0.95998,0.94949,0.98778,0.70553,0.50096,0.46483,0.225,0.00251,0,0.0012575,0.0012575,0.0012575
227,1398.79,0.59679,0.75979,0.33359,0.00266,0.05649,0.94747,0.9717,0.99075,0.89646,0.94776,0.97739,0.98924,0.69862,0.50047,0.46421,0.22672,0.00259,0,0.0012542,0.0012542,0.0012542
228,1404.85,0.58137,0.75155,0.33012,0.0025,0.04131,0.95398,0.97722,0.98983,0.89598,0.95398,0.97722,0.98957,0.70715,0.48997,0.46594,0.22966,0.00245,0,0.0012509,0.0012509,0.0012509
229,1411.03,0.60555,0.762,0.34391,0.00277,0.05225,0.97391,0.9697,0.99108,0.89334,0.97729,0.97306,0.99164,0.70184,0.50987,0.46389,0.2233,0.00257,0,0.0012476,0.0012476,0.0012476
230,1417.57,0.60395,0.78625,0.33568,0.00263,0.05174,0.97212,0.9697,0.99253,0.88724,0.96874,0.96633,0.99042,0.70277,0.51783,0.46983,0.22579,0.00264,0,0.0012443,0.0012443,0.0012443
231,1423.96,0.60167,0.75096,0.3298,0.00263,0.05124,0.97612,0.96342,0.99242,0.8909,0.97953,0.96678,0.99306,0.71631,0.51526,0.45172,0.2358,0.00265,0,0.001241,0.001241,0.001241
232,1430.09,0.59286,0.74309,0.3281,0.00262,0.05007,0.97936,0.95843,0.99173,0.89565,0.96551,0.9697,0.99172,0.69699,0.4946,0.45962,0.21771,0.00255,0,0.0012377,0.0012377,0.0012377
233,1435.9,0.59976,0.73399,0.3209,0.00268,0.04129,0.97521,0.95623,0.98948,0.89567,0.95009,0.9798,0.99029,0.70548,0.48168,0.45018,0.24545,0.00245,0,0.0012344,0.0012344,0.0012344
234,1441.61,0.60434,0.74086,0.33489,0.00271,0.04524,0.9631,0.96679,0.99209,0.89197,0.93872,0.97991,0.99202,0.70959,0.52448,0.46529,0.22215,0.00283,0,0.0012311,0.0012311,0.0012311
235,1447.74,0.59549,0.75669,0.33289,0.00268,0.05318,0.97657,0.98251,0.99341,0.89445,0.97323,0.97914,0.99259,0.68323,0.50892,0.45851,0.19442,0.00256,0,0.0012278,0.0012278,0.0012278
236,1453.66,0.59561,0.76641,0.33932,0.00264,0.04632,0.97209,0.93802,0.99072,0.8887,0.97351,0.93939,0.99088,0.71852,0.51224,0.44768,0.23098,0.00265,0,0.0012245,0.0012245,0.0012245
237,1460.07,0.58497,0.75544,0.3328,0.00253,0.05523,0.95988,0.96662,0.99088,0.88873,0.98706,0.95286,0.9918,0.71328,0.50841,0.45506,0.21921,0.00269,0,0.0012212,0.0012212,0.0012212
238,1465.97,0.58858,0.76382,0.33127,0.00255,0.0414,0.95053,0.97035,0.98977,0.89178,0.96253,0.97643,0.9925,0.71211,0.50079,0.45258,0.21274,0.00258,0,0.0012179,0.0012179,0.0012179
239,1472.39,0.59817,0.77424,0.3306,0.00249,0.0596,0.97365,0.94949,0.98993,0.89732,0.97365,0.94949,0.99017,0.70811,0.48705,0.44222,0.23959,0.00249,0,0.0012146,0.0012146,0.0012146
240,1478.56,0.591,0.76801,0.33046,0.00257,0.04789,0.95359,0.9798,0.99024,0.90137,0.95359,0.9798,0.99007,0.71028,0.47593,0.43814,0.21948,0.00238,0,0.0012113,0.0012113,0.0012113
241,1485.36,0.59202,0.76268,0.33622,0.00252,0.0642,0.96249,0.95038,0.98835,0.89017,0.9693,0.9569,0.99099,0.71604,0.4886,0.45233,0.24051,0.00252,0,0.001208,0.001208,0.001208
242,1491.52,0.58718,0.72506,0.32692,0.00274,0.042,0.96457,0.9697,0.99144,0.90109,0.96457,0.9697,0.99144,0.70943,0.47238,0.44517,0.20887,0.00238,0,0.0012047,0.0012047,0.0012047
243,1497.59,0.57341,0.74373,0.32533,0.00249,0.04755,0.96235,0.97306,0.99153,0.89731,0.96664,0.97553,0.99208,0.71935,0.47982,0.44169,0.20769,0.00245,0,0.0012014,0.0012014,0.0012014
244,1503.92,0.57365,0.73492,0.326,0.0025,0.06982,0.98112,0.9697,0.99219,0.88716,0.97771,0.96633,0.99189,0.70214,0.51063,0.46629,0.20513,0.00266,0,0.0011981,0.0011981,0.0011981
245,1510.05,0.582,0.75204,0.32709,0.00255,0.05598,0.98632,0.97306,0.99318,0.90038,0.98632,0.97306,0.99318,0.70103,0.48617,0.44561,0.20474,0.0025,0,0.0011948,0.0011948,0.0011948
246,1516.23,0.5795,0.71589,0.32275,0.0025,0.05244,0.97645,0.97721,0.99307,0.90076,0.97645,0.97721,0.99303,0.70054,0.49093,0.44612,0.20042,0.00252,0,0.0011915,0.0011915,0.0011915
247,1522.62,0.58959,0.72998,0.32418,0.0026,0.0539,0.98922,0.9697,0.99353,0.90092,0.98578,0.96633,0.99266,0.70459,0.49281,0.44336,0.19185,0.00249,0,0.0011882,0.0011882,0.0011882
248,1528.99,0.5973,0.76205,0.33324,0.00252,0.05315,0.97365,0.9596,0.99198,0.89747,0.9795,0.96537,0.99251,0.71042,0.48628,0.4385,0.20257,0.00243,0,0.0011849,0.0011849,0.0011849
249,1534.9,0.59313,0.75326,0.33503,0.00255,0.06657,0.96924,0.96633,0.99163,0.89357,0.96924,0.96633,0.99173,0.69702,0.49032,0.45516,0.20858,0.00249,0,0.0011816,0.0011816,0.0011816
250,1540.7,0.58044,0.70932,0.33445,0.0026,0.06152,0.98206,0.96296,0.99195,0.8949,0.98206,0.96296,0.9923,0.71912,0.49277,0.44639,0.21022,0.00256,0,0.0011783,0.0011783,0.0011783
251,1546.48,0.58597,0.73184,0.32447,0.0026,0.04203,0.94508,0.98503,0.99106,0.89256,0.9516,0.99302,0.99239,0.70432,0.50807,0.44291,0.21294,0.00258,0,0.001175,0.001175,0.001175
252,1552.27,0.59547,0.72804,0.32127,0.00254,0.04959,0.98586,0.9391,0.99143,0.89379,0.9666,0.96296,0.99171,0.71749,0.51609,0.4611,0.22105,0.00264,0,0.0011717,0.0011717,0.0011717
253,1558.01,0.58872,0.7109,0.32796,0.00264,0.07569,0.97939,0.93939,0.99161,0.89585,0.97588,0.93603,0.99073,0.71169,0.50051,0.4447,0.2134,0.00261,0,0.0011684,0.0011684,0.0011684
254,1563.86,0.58191,0.69473,0.3172,0.0026,0.05481,0.96999,0.97954,0.99321,0.90029,0.96999,0.97954,0.99321,0.70123,0.48599,0.45229,0.20275,0.0025,0,0.0011651,0.0011651,0.0011651
255,1569.68,0.59069,0.71568,0.33178,0.00265,0.04517,0.98251,0.9455,0.99112,0.89688,0.96267,0.95499,0.98874,0.68861,0.48651,0.45837,0.22247,0.00247,0,0.0011618,0.0011618,0.0011618
256,1575.33,0.58679,0.71999,0.31876,0.00256,0.06007,0.96466,0.97306,0.99232,0.90227,0.968,0.97643,0.99287,0.69548,0.47201,0.45451,0.20768,0.00237,0,0.0011585,0.0011585,0.0011585
257,1581.11,0.58097,0.7339,0.3235,0.00258,0.06038,0.97596,0.95666,0.99112,0.90094,0.98256,0.9485,0.99122,0.70702,0.48501,0.45001,0.2025,0.00246,0,0.0011552,0.0011552,0.0011552
258,1586.9,0.58466,0.75893,0.32478,0.00254,0.05993,0.98969,0.96952,0.99317,0.90084,0.98625,0.96625,0.99191,0.70445,0.48257,0.45092,0.19698,0.0024,0,0.0011519,0.0011519,0.0011519
259,1592.64,0.5822,0.72799,0.32013,0.00252,0.04193,0.96132,0.94613,0.98889,0.89115,0.96832,0.95286,0.98957,0.70923,0.50384,0.4507,0.2288,0.0026,0,0.0011486,0.0011486,0.0011486
260,1598.48,0.58933,0.73169,0.32401,0.00261,0.0369,0.94756,0.97643,0.99036,0.90168,0.95649,0.97643,0.99067,0.71453,0.47617,0.44124,0.21191,0.00235,0,0.0011453,0.0011453,0.0011453
261,1604.1,0.58815,0.72535,0.32461,0.00257,0.05401,0.97557,0.94137,0.98883,0.89492,0.97557,0.94137,0.98777,0.69927,0.4951,0.45539,0.2345,0.00262,0,0.001142,0.001142,0.001142
262,1610.25,0.59152,0.73235,0.33982,0.0026,0.04452,0.98555,0.94949,0.99146,0.90337,0.99155,0.94613,0.9918,0.70679,0.47902,0.44362,0.20341,0.0024,0,0.0011387,0.0011387,0.0011387
263,1616.31,0.58112,0.74075,0.32419,0.00254,0.03584,0.98628,0.96826,0.99343,0.90154,0.98285,0.9649,0.9924,0.70915,0.47784,0.44254,0.19,0.00241,0,0.0011354,0.0011354,0.0011354
264,1622.28,0.578,0.73667,0.32462,0.00255,0.04923,0.95368,0.97061,0.99108,0.90393,0.95368,0.97061,0.99086,0.7099,0.47913,0.44342,0.22738,0.00235,0,0.0011321,0.0011321,0.0011321
265,1629.52,0.57174,0.7197,0.33197,0.0026,0.0595,0.97199,0.95623,0.99038,0.8935,0.97936,0.95853,0.99007,0.70711,0.49787,0.43553,0.22964,0.00258,0,0.0011288,0.0011288,0.0011288
266,1635.84,0.57264,0.72237,0.31313,0.00245,0.04479,0.97958,0.96921,0.99267,0.90141,0.98298,0.97258,0.99317,0.71757,0.48075,0.43489,0.20345,0.00246,0,0.0011255,0.0011255,0.0011255
267,1642.3,0.6057,0.76438,0.32762,0.00266,0.04366,0.97652,0.98316,0.99325,0.9001,0.97652,0.98316,0.99325,0.70774,0.48453,0.43358,0.20329,0.00244,0,0.0011222,0.0011222,0.0011222
268,1647.98,0.57807,0.73292,0.31726,0.00254,0.05612,0.96663,0.97643,0.99184,0.9027,0.96996,0.9798,0.99211,0.70915,0.48399,0.4414,0.20505,0.00247,0,0.0011189,0.0011189,0.0011189
269,1654.01,0.60804,0.73405,0.32828,0.00267,0.05251,0.96069,0.9596,0.99059,0.89244,0.9852,0.94276,0.99094,0.70925,0.49045,0.44966,0.22355,0.00249,0,0.0011156,0.0011156,0.0011156
270,1660.13,0.58895,0.71575,0.32718,0.00259,0.04694,0.96522,0.95623,0.99042,0.90244,0.96869,0.9596,0.99178,0.71838,0.47122,0.43098,0.21408,0.00236,0,0.0011123,0.0011123,0.0011123
271,1666.75,0.57283,0.69633,0.31365,0.00254,0.03897,0.97813,0.96633,0.99199,0.90559,0.98154,0.9697,0.99304,0.72093,0.46611,0.42932,0.21011,0.00232,0,0.001109,0.001109,0.001109
272,1672.88,0.57108,0.73641,0.31257,0.00243,0.04419,0.97831,0.95286,0.99085,0.89889,0.98095,0.9596,0.99202,0.72022,0.49755,0.43775,0.21137,0.00257,0,0.0011057,0.0011057,0.0011057
273,1678.86,0.56737,0.72472,0.31046,0.00246,0.04949,0.98662,0.95623,0.9929,0.90247,0.98662,0.95623,0.99287,0.71776,0.48544,0.44014,0.20619,0.00256,0,0.0011024,0.0011024,0.0011024
274,1685.09,0.55345,0.69009,0.3113,0.00249,0.06075,0.97064,0.98653,0.99303,0.90425,0.97064,0.98653,0.99303,0.71286,0.46354,0.44055,0.2012,0.00237,0,0.0010991,0.0010991,0.0010991
275,1691.3,0.57485,0.73138,0.32279,0.00253,0.04473,0.95994,0.96819,0.99079,0.89225,0.95994,0.96819,0.99082,0.70238,0.48605,0.43206,0.22884,0.00253,0,0.0010958,0.0010958,0.0010958
276,1697.11,0.57504,0.71374,0.31047,0.00256,0.05815,0.97266,0.95826,0.99166,0.89431,0.96924,0.95489,0.99143,0.70876,0.50527,0.44127,0.20513,0.00254,0,0.0010925,0.0010925,0.0010925
277,1702.89,0.56714,0.70158,0.30618,0.00248,0.04749,0.98927,0.97306,0.99324,0.90083,0.98927,0.97306,0.99324,0.70701,0.48834,0.44225,0.19608,0.00248,0,0.0010892,0.0010892,0.0010892
278,1709.03,0.5644,0.71473,0.30855,0.00246,0.04228,0.98741,0.95623,0.99261,0.89795,0.99089,0.9596,0.99301,0.71478,0.4874,0.4327,0.20848,0.00252,0,0.0010859,0.0010859,0.0010859
279,1715.22,0.57208,0.73152,0.31251,0.0024,0.04895,0.97964,0.97212,0.99191,0.90122,0.97625,0.96876,0.99079,0.70735,0.47638,0.43459,0.21191,0.00247,0,0.0010826,0.0010826,0.0010826
280,1721.31,0.57491,0.73472,0.31336,0.00247,0.04609,0.97279,0.96317,0.99131,0.90173,0.97279,0.96317,0.99195,0.71925,0.48699,0.4372,0.20215,0.00249,0,0.0010793,0.0010793,0.0010793
281,1727.12,0.56754,0.72226,0.31737,0.00254,0.0398,0.96277,0.95779,0.9892,0.90096,0.96937,0.95897,0.98997,0.71017,0.47766,0.43413,0.21692,0.00242,0,0.001076,0.001076,0.001076
282,1733.49,0.57278,0.70881,0.31331,0.00256,0.05434,0.95695,0.9697,0.99064,0.90197,0.95157,0.96633,0.99023,0.72194,0.47018,0.44472,0.21471,0.00237,0,0.0010727,0.0010727,0.0010727
283,1739.63,0.56068,0.70595,0.30931,0.00246,0.05237,0.96293,0.96218,0.99112,0.90018,0.96293,0.96218,0.99156,0.71634,0.47233,0.44048,0.21654,0.00243,0,0.0010694,0.0010694,0.0010694
284,1745.43,0.5554,0.6987,0.30707,0.00243,0.04219,0.9655,0.97643,0.99126,0.90456,0.9655,0.97643,0.99174,0.71538,0.46072,0.42536,0.21223,0.00229,0,0.0010661,0.0010661,0.0010661
285,1751.36,0.55595,0.7,0.2995,0.00239,0.04211,0.9879,0.95286,0.99215,0.90198,0.9879,0.95286,0.99188,0.72907,0.46822,0.43697,0.19929,0.00232,0,0.0010628,0.0010628,0.0010628
286,1757.86,0.56112,0.70497,0.30495,0.00244,0.04647,0.95025,0.98316,0.99066,0.89837,0.95025,0.98316,0.99045,0.72165,0.47677,0.427,0.22267,0.00247,0,0.0010595,0.0010595,0.0010595
287,1763.99,0.56276,0.71416,0.30097,0.00235,0.06768,0.97915,0.94877,0.9913,0.90646,0.98263,0.95213,0.99243,0.73084,0.45586,0.42449,0.20496,0.00234,0,0.0010562,0.0010562,0.0010562
288,1770.22,0.55694,0.71718,0.29714,0.00234,0.03626,0.97627,0.96974,0.99233,0.90748,0.97627,0.96974,0.99233,0.7259,0.45359,0.42023,0.19741,0.00231,0,0.0010529,0.0010529,0.0010529
289,1776.37,0.58772,0.7524,0.31763,0.00255,0.04612,0.9577,0.96633,0.99124,0.90819,0.95102,0.9596,0.98957,0.71416,0.45463,0.43706,0.2039,0.00229,0,0.0010496,0.0010496,0.0010496
290,1782.66,0.56402,0.72549,0.30303,0.00244,0.04254,0.98937,0.94021,0.99148,0.90306,0.98228,0.93347,0.99022,0.71718,0.4686,0.44204,0.20401,0.00237,0,0.0010463,0.0010463,0.0010463
291,1788.9,0.56,0.69497,0.30952,0.00251,0.0506,0.97642,0.97306,0.99291,0.89832,0.97642,0.97306,0.99291,0.72013,0.48948,0.42895,0.19303,0.00262,0,0.001043,0.001043,0.001043
292,1794.61,0.56485,0.7098,0.3126,0.00248,0.0456,0.973,0.97083,0.99257,0.9044,0.96963,0.96746,0.99153,0.71135,0.47403,0.43603,0.20019,0.00242,0,0.0010397,0.0010397,0.0010397
293,1800.61,0.56891,0.70584,0.31469,0.00255,0.04638,0.96965,0.96831,0.99118,0.90518,0.97303,0.97168,0.9913,0.71162,0.45324,0.43674,0.20653,0.00229,0,0.0010364,0.0010364,0.0010364
294,1806.83,0.55489,0.69844,0.30901,0.00243,0.07368,0.95685,0.97053,0.99166,0.90314,0.95677,0.96864,0.99083,0.72049,0.47188,0.43296,0.21521,0.00236,0,0.0010331,0.0010331,0.0010331
295,1812.94,0.56345,0.70848,0.30532,0.00247,0.05533,0.98993,0.94276,0.99193,0.9064,0.98597,0.9467,0.9918,0.71712,0.47239,0.43194,0.20466,0.00239,0,0.0010298,0.0010298,0.0010298
296,1818.9,0.58212,0.74039,0.32271,0.00248,0.06648,0.98286,0.96565,0.99258,0.90455,0.98286,0.96565,0.99296,0.72738,0.45808,0.42683,0.20624,0.00235,0,0.0010265,0.0010265,0.0010265
297,1825.18,0.57212,0.72746,0.31842,0.00243,0.05916,0.97291,0.96748,0.99238,0.90594,0.98175,0.9697,0.99255,0.71655,0.45997,0.43488,0.20596,0.00232,0,0.0010232,0.0010232,0.0010232
298,1831.15,0.58687,0.73023,0.31879,0.00252,0.04987,0.97926,0.95407,0.99197,0.90066,0.97926,0.95407,0.99197,0.70982,0.4677,0.43886,0.21322,0.00234,0,0.0010199,0.0010199,0.0010199
299,1836.93,0.57712,0.73236,0.31848,0.00255,0.06256,0.96955,0.96494,0.99148,0.89797,0.95981,0.96486,0.9903,0.70322,0.46976,0.44931,0.21836,0.00239,0,0.0010166,0.0010166,0.0010166
300,1842.87,0.58172,0.72578,0.327,0.00257,0.08569,0.96146,0.98653,0.99289,0.90423,0.9693,0.99327,0.9937,0.71098,0.47198,0.44071,0.19667,0.00239,0,0.0010133,0.0010133,0.0010133
301,1849.02,0.58334,0.70188,0.31935,0.00257,0.03997,0.96325,0.96633,0.99244,0.90873,0.9666,0.9697,0.993,0.71932,0.46546,0.43946,0.1925,0.00237,0,0.00101,0.00101,0.00101
302,1855.17,0.55223,0.69721,0.30064,0.00249,0.06276,0.9478,0.97808,0.99127,0.90044,0.9744,0.96296,0.99221,0.71658,0.47821,0.43564,0.20554,0.00244,0,0.0010067,0.0010067,0.0010067
303,1861.27,0.56107,0.69768,0.3039,0.00239,0.05259,0.98292,0.9691,0.99342,0.90589,0.98292,0.9691,0.99354,0.71731,0.4651,0.44035,0.19627,0.00234,0,0.0010034,0.0010034,0.0010034
304,1867.28,0.55122,0.70569,0.29966,0.00238,0.03549,0.98965,0.96566,0.99206,0.90624,0.9931,0.96903,0.99232,0.71664,0.455,0.43448,0.20751,0.00229,0,0.0010001,0.0010001,0.0010001
305,1873.49,0.54878,0.69295,0.29755,0.00236,0.04753,0.95982,0.96516,0.99036,0.90338,0.95647,0.96179,0.98924,0.7152,0.4629,0.43681,0.21659,0.00228,0,0.0009968,0.0009968,0.0009968
306,1879.67,0.56061,0.71556,0.29855,0.00238,0.04947,0.97088,0.95623,0.99117,0.90428,0.96746,0.95286,0.99047,0.72406,0.45671,0.44498,0.21041,0.00231,0,0.0009935,0.0009935,0.0009935
307,1885.6,0.55582,0.71263,0.30325,0.00232,0.04226,0.96999,0.97306,0.9925,0.91138,0.97294,0.96852,0.99241,0.72579,0.45077,0.43634,0.19996,0.00227,0,0.0009902,0.0009902,0.0009902
308,1891.4,0.55677,0.70772,0.30772,0.00238,0.0417,0.97357,0.97643,0.99312,0.90411,0.97357,0.97643,0.99312,0.7135,0.45509,0.43355,0.19926,0.00231,0,0.0009869,0.0009869,0.0009869
309,1897.21,0.55373,0.69803,0.31439,0.00245,0.09011,0.97316,0.96633,0.99207,0.90101,0.96977,0.96296,0.9922,0.71952,0.47193,0.43419,0.20156,0.0024,0,0.0009836,0.0009836,0.0009836
310,1903.19,0.5529,0.6884,0.30379,0.00241,0.04454,0.96959,0.96608,0.99111,0.90485,0.97639,0.97457,0.99284,0.71358,0.45593,0.437,0.21354,0.00234,0,0.0009803,0.0009803,0.0009803
311,1909.32,0.55265,0.69302,0.29577,0.00244,0.03434,0.97039,0.99314,0.99358,0.90055,0.97039,0.99314,0.99358,0.71599,0.47002,0.43291,0.18537,0.00237,0,0.000977,0.000977,0.000977
312,1915.3,0.55663,0.70334,0.2993,0.00241,0.05073,0.98004,0.9596,0.99305,0.9052,0.98004,0.9596,0.99305,0.71279,0.47246,0.43012,0.19145,0.00236,0,0.0009737,0.0009737,0.0009737
313,1921.31,0.5536,0.68787,0.29939,0.00244,0.04037,0.97987,0.97306,0.99272,0.91179,0.97987,0.97306,0.99272,0.71171,0.4542,0.42946,0.18882,0.00228,0,0.0009704,0.0009704,0.0009704
314,1927.14,0.54186,0.70903,0.29389,0.00224,0.05012,0.97578,0.94961,0.99094,0.90812,0.97924,0.95297,0.99171,0.71888,0.45089,0.4293,0.21011,0.00226,0,0.0009671,0.0009671,0.0009671
315,1933.27,0.54219,0.70196,0.30007,0.00229,0.0412,0.9698,0.97322,0.99275,0.90981,0.98847,0.95623,0.99251,0.71486,0.45314,0.4322,0.19716,0.00225,0,0.0009638,0.0009638,0.0009638
316,1939.27,0.55227,0.69144,0.30162,0.00239,0.04263,0.96104,0.99654,0.99318,0.90399,0.96104,0.99654,0.99318,0.72504,0.46269,0.42965,0.19131,0.00235,0,0.0009605,0.0009605,0.0009605
317,1945.23,0.54955,0.68704,0.30482,0.00239,0.04533,0.97633,0.97216,0.99288,0.91074,0.97633,0.97216,0.99288,0.72459,0.45134,0.42658,0.1945,0.00222,0,0.0009572,0.0009572,0.0009572
318,1951.01,0.54879,0.69858,0.3077,0.00237,0.07186,0.98965,0.96594,0.99335,0.91181,0.98965,0.96594,0.99335,0.71697,0.44679,0.42773,0.18439,0.0022,0,0.0009539,0.0009539,0.0009539
319,1957.23,0.54256,0.69492,0.29484,0.00236,0.05793,0.96963,0.9798,0.99339,0.91334,0.96963,0.9798,0.99339,0.71974,0.44453,0.42246,0.19447,0.00226,0,0.0009506,0.0009506,0.0009506
320,1963.53,0.55213,0.70121,0.30144,0.00234,0.05293,0.9562,0.98653,0.99184,0.90542,0.95293,0.98316,0.99087,0.72634,0.46123,0.42834,0.20111,0.00235,0,0.0009473,0.0009473,0.0009473
321,1969.57,0.54784,0.71145,0.29905,0.00232,0.05096,0.96287,0.98316,0.99224,0.90419,0.96287,0.98316,0.99224,0.71505,0.45687,0.42726,0.19472,0.00232,0,0.000944,0.000944,0.000944
322,1975.88,0.54136,0.6952,0.29306,0.00233,0.03926,0.9798,0.97999,0.99367,0.90955,0.98317,0.98336,0.9937,0.72758,0.45903,0.45337,0.18557,0.00232,0,0.0009407,0.0009407,0.0009407
323,1982.11,0.54597,0.71785,0.29535,0.00224,0.03943,0.99098,0.95623,0.99328,0.9113,0.97687,0.9697,0.99303,0.72127,0.45303,0.43549,0.18938,0.00227,0,0.0009374,0.0009374,0.0009374
324,1987.9,0.53756,0.69562,0.29277,0.00231,0.0494,0.9643,0.97643,0.99245,0.90355,0.9609,0.97306,0.99194,0.72331,0.47086,0.44494,0.18856,0.00238,0,0.0009341,0.0009341,0.0009341
325,1994.04,0.54978,0.69307,0.30567,0.00235,0.04838,0.9849,0.96633,0.99324,0.90583,0.9849,0.96633,0.99324,0.72127,0.46097,0.42441,0.18702,0.00231,0,0.0009308,0.0009308,0.0009308
326,2000.2,0.54748,0.69288,0.29514,0.00231,0.03985,0.97572,0.97643,0.99238,0.90768,0.97572,0.97643,0.99238,0.72342,0.45475,0.4149,0.1929,0.00226,0,0.0009275,0.0009275,0.0009275
327,2006.32,0.53482,0.69349,0.2982,0.00231,0.05457,0.97611,0.96281,0.99224,0.90955,0.97611,0.96281,0.99217,0.72218,0.45186,0.41568,0.2058,0.00226,0,0.0009242,0.0009242,0.0009242
328,2012.15,0.54964,0.70832,0.3089,0.00227,0.04466,0.96014,0.97335,0.9917,0.90873,0.96347,0.97672,0.99213,0.72139,0.44188,0.41315,0.1994,0.00221,0,0.0009209,0.0009209,0.0009209
329,2018.44,0.5378,0.69024,0.29046,0.00229,0.04144,0.99296,0.94964,0.99292,0.90633,0.96725,0.97306,0.99308,0.72564,0.45051,0.41513,0.19548,0.00225,0,0.0009176,0.0009176,0.0009176
330,2024.76,0.55225,0.72499,0.30246,0.0023,0.04927,0.97681,0.96296,0.99159,0.91123,0.97681,0.96296,0.99159,0.71662,0.44727,0.42064,0.19972,0.00224,0,0.0009143,0.0009143,0.0009143
331,2031.48,0.52868,0.67868,0.28977,0.0023,0.05185,0.96678,0.97993,0.99352,0.91182,0.96678,0.97993,0.99352,0.72131,0.44825,0.4234,0.18421,0.00224,0,0.000911,0.000911,0.000911
332,2037.52,0.53408,0.69624,0.29438,0.00225,0.03843,0.97154,0.96296,0.99195,0.9098,0.9727,0.95982,0.99192,0.72822,0.43652,0.42566,0.20339,0.00219,0,0.0009077,0.0009077,0.0009077
333,2043.8,0.53316,0.68965,0.28825,0.00228,0.0419,0.97287,0.96586,0.99226,0.91209,0.97644,0.9798,0.99279,0.71902,0.43539,0.41837,0.20309,0.00218,0,0.0009044,0.0009044,0.0009044
334,2049.87,0.5449,0.71566,0.29994,0.00223,0.04354,0.96268,0.98316,0.99277,0.9071,0.96597,0.98653,0.99343,0.71435,0.45199,0.42495,0.1883,0.00225,0,0.0009011,0.0009011,0.0009011
335,2055.67,0.53413,0.64849,0.28841,0.00236,0.05488,0.95729,0.98114,0.99279,0.91263,0.96823,0.98316,0.99368,0.7236,0.44686,0.42641,0.18316,0.00219,0,0.0008978,0.0008978,0.0008978
336,2061.41,0.5451,0.71215,0.3016,0.0023,0.04561,0.97269,0.95936,0.99214,0.90903,0.97952,0.96604,0.99306,0.72796,0.45463,0.41552,0.19571,0.00232,0,0.0008945,0.0008945,0.0008945
337,2067.86,0.54455,0.6956,0.2906,0.00232,0.04093,0.96821,0.97306,0.99164,0.91451,0.97895,0.9697,0.99228,0.71848,0.44177,0.41706,0.19969,0.00221,0,0.0008912,0.0008912,0.0008912
338,2074.04,0.53525,0.67988,0.29124,0.00232,0.04233,0.95989,0.99327,0.99342,0.91594,0.97639,0.97465,0.99375,0.71203,0.44146,0.42754,0.18302,0.00219,0,0.0008879,0.0008879,0.0008879
339,2080.09,0.54738,0.70921,0.29776,0.0023,0.04132,0.9897,0.97093,0.99348,0.91519,0.9897,0.97093,0.99354,0.72728,0.43969,0.41598,0.18348,0.00217,0,0.0008846,0.0008846,0.0008846
340,2086.21,0.53675,0.68428,0.29195,0.0023,0.04799,0.98355,0.96633,0.99308,0.9077,0.98291,0.96847,0.99325,0.73196,0.4474,0.41477,0.18613,0.00222,0,0.0008813,0.0008813,0.0008813
341,2092.25,0.5405,0.67282,0.30136,0.00229,0.04948,0.98793,0.9697,0.99376,0.90705,0.99137,0.97306,0.99409,0.73577,0.46444,0.40971,0.17895,0.00235,0,0.000878,0.000878,0.000878
342,2098.61,0.53811,0.68221,0.29342,0.00229,0.04511,0.96997,0.98316,0.99358,0.91331,0.9733,0.98653,0.99403,0.7245,0.44289,0.41531,0.17737,0.0022,0,0.0008747,0.0008747,0.0008747
343,2104.88,0.52681,0.65901,0.28444,0.00225,0.0548,0.9749,0.9596,0.99222,0.91196,0.97832,0.96296,0.99283,0.71874,0.43103,0.42091,0.19299,0.00218,0,0.0008714,0.0008714,0.0008714
344,2110.75,0.53755,0.67955,0.28576,0.00229,0.03805,0.98109,0.95623,0.99282,0.91691,0.98109,0.95623,0.99282,0.72578,0.42775,0.42033,0.18683,0.00215,0,0.0008681,0.0008681,0.0008681
345,2116.99,0.51619,0.64934,0.28218,0.00223,0.03784,0.99107,0.96296,0.99294,0.91316,0.99107,0.96296,0.99294,0.73062,0.43916,0.40967,0.18174,0.00219,0,0.0008648,0.0008648,0.0008648
346,2123.15,0.53595,0.68914,0.28387,0.0022,0.04037,0.96374,0.98438,0.99331,0.9149,0.96044,0.98101,0.993,0.7251,0.43561,0.41688,0.18952,0.00219,0,0.0008615,0.0008615,0.0008615
347,2129,0.52698,0.6707,0.2857,0.00224,0.0452,0.9931,0.96891,0.99412,0.91694,0.9931,0.96891,0.99412,0.72134,0.44234,0.42253,0.17474,0.00226,0,0.0008582,0.0008582,0.0008582
348,2135.05,0.52517,0.66777,0.2878,0.00221,0.05104,0.97773,0.9899,0.99416,0.91646,0.9744,0.98653,0.99375,0.73066,0.42677,0.41852,0.17359,0.00215,0,0.0008549,0.0008549,0.0008549
349,2141.43,0.52094,0.67723,0.28802,0.00219,0.05801,0.96995,0.97819,0.9935,0.91667,0.97801,0.9697,0.99312,0.72316,0.43014,0.41837,0.17425,0.00217,0,0.0008516,0.0008516,0.0008516
350,2147.44,0.52845,0.68013,0.28483,0.00225,0.03797,0.97968,0.97423,0.99372,0.91132,0.9699,0.97647,0.99337,0.72267,0.44414,0.41397,0.18354,0.00223,0,0.0008483,0.0008483,0.0008483
351,2153.41,0.53782,0.67469,0.28519,0.00226,0.04567,0.98962,0.96265,0.993,0.91357,0.97644,0.97665,0.9931,0.73268,0.44385,0.41592,0.19387,0.00222,0,0.000845,0.000845,0.000845
352,2159.36,0.52693,0.67057,0.28199,0.00224,0.04805,0.97972,0.97611,0.99319,0.91616,0.97972,0.97611,0.99319,0.72765,0.43749,0.42149,0.19068,0.00215,0,0.0008417,0.0008417,0.0008417
353,2165.45,0.51679,0.66162,0.27847,0.00224,0.04352,0.97902,0.94262,0.99139,0.91424,0.97902,0.94262,0.99139,0.72251,0.44252,0.41906,0.19572,0.00223,0,0.0008384,0.0008384,0.0008384
354,2171.81,0.52315,0.68712,0.28743,0.00222,0.04981,0.97279,0.9631,0.99176,0.91265,0.97279,0.9631,0.99176,0.71919,0.43722,0.42071,0.198,0.00216,0,0.0008351,0.0008351,0.0008351
355,2177.49,0.53582,0.69304,0.29586,0.00229,0.04244,0.97126,0.97306,0.99273,0.91598,0.9679,0.9697,0.9926,0.7143,0.43819,0.41732,0.18701,0.00214,0,0.0008318,0.0008318,0.0008318
356,2183.24,0.52166,0.68383,0.28887,0.00219,0.05557,0.95692,0.97218,0.99149,0.90574,0.98089,0.94613,0.99162,0.7238,0.45355,0.41467,0.20705,0.00225,0,0.0008285,0.0008285,0.0008285
357,2189.03,0.52335,0.67745,0.28213,0.00219,0.05178,0.96947,0.96229,0.99124,0.91067,0.96269,0.95555,0.98875,0.71143,0.44207,0.44086,0.2112,0.00221,0,0.0008252,0.0008252,0.0008252
358,2194.82,0.5385,0.68051,0.2877,0.00228,0.03986,0.97235,0.94735,0.99047,0.90606,0.96542,0.94949,0.98937,0.72361,0.45807,0.43553,0.21865,0.00228,0,0.0008219,0.0008219,0.0008219
359,2200.54,0.53563,0.69114,0.28558,0.0023,0.0411,0.96301,0.96417,0.99091,0.91001,0.95628,0.95743,0.98933,0.7228,0.43394,0.42484,0.20509,0.00218,0,0.0008186,0.0008186,0.0008186
360,2206.82,0.52942,0.70202,0.28229,0.00216,0.05029,0.95694,0.98316,0.99141,0.91155,0.95694,0.98316,0.99141,0.72215,0.43669,0.41189,0.19237,0.00217,0,0.0008153,0.0008153,0.0008153
361,2212.56,0.51108,0.66432,0.27557,0.00213,0.04839,0.9744,0.95286,0.99074,0.91281,0.968,0.95623,0.99109,0.73033,0.43451,0.41833,0.21177,0.00213,0,0.000812,0.000812,0.000812
362,2218.35,0.52828,0.69198,0.28101,0.00222,0.04209,0.96968,0.96906,0.99221,0.91117,0.97104,0.96296,0.99164,0.72449,0.44766,0.42637,0.20646,0.00222,0,0.0008087,0.0008087,0.0008087
363,2224.17,0.52682,0.68337,0.28268,0.00218,0.03551,0.97615,0.96484,0.9914,0.9097,0.97615,0.96484,0.9914,0.71766,0.43475,0.41238,0.19812,0.00216,0,0.0008054,0.0008054,0.0008054
364,2229.96,0.51962,0.68657,0.28548,0.00216,0.08871,0.98976,0.97635,0.99331,0.91496,0.98976,0.97635,0.99331,0.73361,0.43645,0.41369,0.18095,0.00217,0,0.0008021,0.0008021,0.0008021
365,2236.03,0.53095,0.67848,0.28159,0.00228,0.0342,0.97683,0.98316,0.99309,0.90833,0.97329,0.9798,0.99268,0.73381,0.45149,0.41824,0.18097,0.00229,0,0.0007988,0.0007988,0.0007988
366,2241.69,0.52211,0.69119,0.27789,0.00218,0.04476,0.9764,0.9753,0.99278,0.91054,0.97974,0.97712,0.99309,0.72152,0.4363,0.42219,0.18542,0.00214,0,0.0007955,0.0007955,0.0007955
367,2247.41,0.52122,0.66901,0.2827,0.0022,0.03771,0.96967,0.9798,0.99309,0.91377,0.96967,0.9798,0.99309,0.72346,0.43597,0.41329,0.18157,0.00212,0,0.0007922,0.0007922,0.0007922
368,2253.03,0.51954,0.68931,0.27342,0.00218,0.03954,0.98609,0.95286,0.99231,0.91723,0.98609,0.95286,0.99231,0.71344,0.43945,0.41354,0.18518,0.00212,0,0.0007889,0.0007889,0.0007889
369,2258.85,0.52498,0.69999,0.28376,0.00214,0.0413,0.97606,0.96093,0.99133,0.9163,0.96598,0.96633,0.99048,0.71703,0.42486,0.4164,0.19435,0.0021,0,0.0007856,0.0007856,0.0007856
370,2264.68,0.51547,0.66845,0.27297,0.00215,0.04465,0.97196,0.98316,0.99334,0.91484,0.96863,0.9798,0.99216,0.7227,0.42574,0.41798,0.17815,0.00212,0,0.0007823,0.0007823,0.0007823
371,2270.55,0.52143,0.69918,0.28966,0.0021,0.07027,0.98953,0.95477,0.9929,0.91975,0.98604,0.9514,0.99264,0.72135,0.42793,0.41434,0.18189,0.00211,0,0.000779,0.000779,0.000779
372,2276.32,0.52079,0.68352,0.28683,0.0022,0.05938,0.97974,0.94949,0.99184,0.91334,0.97974,0.94949,0.99184,0.72577,0.43131,0.41211,0.1891,0.00213,0,0.0007757,0.0007757,0.0007757
373,2282.22,0.50088,0.63793,0.26861,0.00221,0.06194,0.97949,0.96479,0.99329,0.91608,0.99295,0.94841,0.99319,0.72681,0.4325,0.4113,0.17938,0.00212,0,0.0007724,0.0007724,0.0007724
374,2287.96,0.5174,0.6712,0.27695,0.00222,0.03943,0.9803,0.9697,0.99357,0.91888,0.9769,0.96633,0.99333,0.72336,0.42825,0.41656,0.1823,0.0021,0,0.0007691,0.0007691,0.0007691
375,2293.71,0.50744,0.67292,0.27466,0.00211,0.05157,0.98546,0.9697,0.99371,0.91998,0.97143,0.9798,0.99351,0.72594,0.42237,0.41685,0.17487,0.00207,0,0.0007658,0.0007658,0.0007658
376,2299.37,0.51649,0.68333,0.28161,0.00217,0.06362,0.98905,0.95286,0.99262,0.91743,0.98905,0.95286,0.99262,0.71684,0.42387,0.40333,0.18802,0.00209,0,0.0007625,0.0007625,0.0007625
377,2305.31,0.50811,0.65294,0.27036,0.00219,0.03691,0.97632,0.96296,0.99213,0.91824,0.97987,0.96633,0.99305,0.73549,0.428,0.40548,0.19119,0.00212,0,0.0007592,0.0007592,0.0007592
378,2311.38,0.51288,0.68137,0.2765,0.00215,0.03851,0.97992,0.96633,0.99291,0.91692,0.98333,0.9697,0.99336,0.72901,0.42938,0.41767,0.19229,0.00213,0,0.0007559,0.0007559,0.0007559
379,2317.21,0.5064,0.66886,0.27057,0.00213,0.04148,0.9607,0.9697,0.99119,0.91421,0.96403,0.97306,0.99221,0.72872,0.42419,0.42536,0.20846,0.00207,0,0.0007526,0.0007526,0.0007526
380,2323.03,0.52051,0.64871,0.27126,0.00222,0.05529,0.97261,0.95647,0.9919,0.90845,0.97261,0.95647,0.9919,0.71802,0.43698,0.42095,0.19924,0.00218,0,0.0007493,0.0007493,0.0007493
381,2328.78,0.52003,0.69755,0.28315,0.00217,0.04176,0.9682,0.9798,0.99312,0.91571,0.97153,0.98316,0.99353,0.72136,0.42199,0.41323,0.19119,0.00206,0,0.000746,0.000746,0.000746
382,2334.56,0.52146,0.68149,0.27518,0.00213,0.04316,0.98279,0.96146,0.99165,0.9209,0.97935,0.95818,0.99093,0.72501,0.42619,0.40705,0.18939,0.0021,0,0.0007427,0.0007427,0.0007427
383,2340.35,0.51486,0.66584,0.28252,0.00219,0.05812,0.97299,0.97043,0.99162,0.91831,0.97637,0.9738,0.99202,0.72536,0.43242,0.40433,0.19866,0.0021,0,0.0007394,0.0007394,0.0007394
384,2346.07,0.52121,0.65631,0.28,0.00225,0.04223,0.97892,0.96296,0.99204,0.91872,0.98602,0.9697,0.99313,0.72966,0.4234,0.41661,0.19802,0.00206,0,0.0007361,0.0007361,0.0007361
385,2351.82,0.5149,0.68766,0.27691,0.00213,0.05722,0.98289,0.96724,0.99287,0.91532,0.98289,0.96724,0.99287,0.72547,0.42562,0.40778,0.18712,0.00209,0,0.0007328,0.0007328,0.0007328
386,2357.49,0.50352,0.6495,0.27865,0.00217,0.07086,0.98263,0.95241,0.99091,0.91502,0.98263,0.95241,0.99091,0.72246,0.42169,0.40272,0.20475,0.00204,0,0.0007295,0.0007295,0.0007295
387,2363.25,0.51561,0.68149,0.27778,0.00212,0.03562,0.98294,0.96633,0.99234,0.91751,0.98294,0.96633,0.99234,0.72871,0.42035,0.39561,0.19943,0.00204,0,0.0007262,0.0007262,0.0007262
388,2369.09,0.51078,0.66289,0.26964,0.00218,0.04383,0.98448,0.97643,0.99301,0.91772,0.98448,0.97643,0.99301,0.72443,0.41703,0.40215,0.17832,0.00204,0,0.0007229,0.0007229,0.0007229
389,2374.97,0.51785,0.67706,0.27444,0.00217,0.03995,0.98284,0.96451,0.99343,0.91718,0.98284,0.96451,0.99266,0.72957,0.42792,0.40918,0.17659,0.00209,0,0.0007196,0.0007196,0.0007196
390,2380.76,0.507,0.67102,0.27252,0.00209,0.04226,0.98146,0.9798,0.99315,0.92178,0.97809,0.97643,0.99256,0.72787,0.41427,0.41361,0.17954,0.00201,0,0.0007163,0.0007163,0.0007163
391,2386.59,0.50869,0.66808,0.27397,0.00207,0.05563,0.97319,0.97791,0.9933,0.91821,0.97319,0.97791,0.9933,0.72861,0.41936,0.40507,0.18974,0.00206,0,0.000713,0.000713,0.000713
392,2392.39,0.50832,0.68776,0.27361,0.00211,0.03275,0.98294,0.9596,0.99282,0.91835,0.98665,0.96296,0.99338,0.72831,0.42252,0.40783,0.18278,0.0021,0,0.0007097,0.0007097,0.0007097
393,2398.17,0.51349,0.65132,0.27197,0.00221,0.03867,0.98609,0.95449,0.99248,0.91731,0.98609,0.95449,0.99199,0.71157,0.42151,0.41403,0.18768,0.0021,0,0.0007064,0.0007064,0.0007064
394,2403.89,0.50897,0.66542,0.27136,0.00211,0.04833,0.98224,0.96633,0.99319,0.91917,0.98224,0.96633,0.99247,0.73327,0.41651,0.40345,0.17964,0.00206,0,0.0007031,0.0007031,0.0007031
395,2409.88,0.49933,0.64337,0.26469,0.00208,0.03657,0.99301,0.9571,0.99331,0.92045,0.98952,0.95383,0.99256,0.72823,0.41799,0.40598,0.18511,0.00202,0,0.0006998,0.0006998,0.0006998
396,2416.38,0.5151,0.67638,0.27087,0.00215,0.03615,0.98328,0.97643,0.99328,0.92039,0.9765,0.9697,0.99251,0.73091,0.43224,0.417,0.17602,0.00209,0,0.0006965,0.0006965,0.0006965
397,2422.08,0.51783,0.65877,0.27318,0.00213,0.04481,0.99054,0.9596,0.99318,0.92588,0.99054,0.9596,0.99318,0.73877,0.41706,0.39958,0.17512,0.00205,0,0.0006932,0.0006932,0.0006932
398,2428.11,0.5175,0.68309,0.27051,0.00211,0.05162,0.993,0.95494,0.99291,0.91951,0.993,0.95494,0.99291,0.73602,0.42061,0.40269,0.17925,0.00207,0,0.0006899,0.0006899,0.0006899
399,2433.65,0.49761,0.65789,0.26241,0.00213,0.03204,0.97785,0.9697,0.99347,0.92041,0.9855,0.9596,0.9934,0.73631,0.42251,0.4,0.17048,0.00204,0,0.0006866,0.0006866,0.0006866
400,2439.49,0.50752,0.66835,0.27236,0.00215,0.02998,0.96948,0.96248,0.99207,0.91986,0.96609,0.95912,0.99163,0.73252,0.42292,0.40137,0.19279,0.00209,0,0.0006833,0.0006833,0.0006833
401,2445.26,0.51499,0.65569,0.26713,0.00215,0.03061,0.97358,0.96296,0.99181,0.91397,0.97358,0.96296,0.99181,0.73194,0.42362,0.40509,0.19484,0.00213,0,0.00068,0.00068,0.00068
402,2450.95,0.51125,0.67444,0.27171,0.00207,0.03643,0.97963,0.97163,0.99344,0.9207,0.97963,0.97163,0.99344,0.74172,0.41632,0.39872,0.17754,0.00204,0,0.0006767,0.0006767,0.0006767
403,2456.64,0.50656,0.65978,0.26303,0.00206,0.04754,0.98313,0.98114,0.99413,0.91936,0.98313,0.98114,0.99413,0.74812,0.43226,0.39839,0.17152,0.00216,0,0.0006734,0.0006734,0.0006734
404,2462.52,0.50798,0.66234,0.27017,0.00211,0.03951,0.98696,0.97306,0.99345,0.92168,0.98696,0.97306,0.99345,0.73081,0.41635,0.40109,0.18575,0.00207,0,0.0006701,0.0006701,0.0006701
405,2468.17,0.49615,0.64649,0.26631,0.00206,0.04298,0.97882,0.9697,0.99268,0.91979,0.97882,0.9697,0.99268,0.73118,0.41834,0.39883,0.18201,0.00204,0,0.0006668,0.0006668,0.0006668
406,2473.96,0.50469,0.65956,0.2675,0.00212,0.06448,0.97825,0.9798,0.99316,0.91351,0.96817,0.9697,0.99175,0.73221,0.42751,0.40742,0.18331,0.00211,0,0.0006635,0.0006635,0.0006635
407,2479.73,0.50668,0.67546,0.26829,0.00211,0.04103,0.9631,0.98316,0.99317,0.91543,0.95981,0.9798,0.99284,0.72701,0.42575,0.40962,0.18035,0.0021,0,0.0006602,0.0006602,0.0006602
408,2485.52,0.51382,0.65825,0.27362,0.0022,0.03858,0.99209,0.97306,0.99366,0.91931,0.98865,0.9697,0.99346,0.7221,0.42564,0.41438,0.17543,0.00207,0,0.0006569,0.0006569,0.0006569
409,2491.27,0.50492,0.64541,0.27214,0.00219,0.05125,0.98317,0.98342,0.99349,0.92351,0.9798,0.98005,0.99328,0.71961,0.42724,0.41767,0.16664,0.00211,0,0.0006536,0.0006536,0.0006536
410,2497.47,0.50868,0.67362,0.27704,0.00207,0.06827,0.97444,0.95623,0.99201,0.92026,0.97444,0.95623,0.99201,0.71475,0.42885,0.40686,0.19434,0.00215,0,0.0006503,0.0006503,0.0006503
411,2503.28,0.50559,0.66942,0.26842,0.00206,0.04245,0.97723,0.9697,0.99254,0.91508,0.97723,0.9697,0.99254,0.72379,0.42982,0.41733,0.19536,0.00209,0,0.000647,0.000647,0.000647
412,2509.21,0.50442,0.64567,0.26579,0.00214,0.0394,0.96675,0.97906,0.99326,0.91817,0.96697,0.98559,0.993,0.72857,0.4312,0.41471,0.17909,0.0021,0,0.0006437,0.0006437,0.0006437
413,2515.03,0.50355,0.65125,0.26567,0.00217,0.03811,0.97505,0.9798,0.99319,0.922,0.96987,0.98653,0.99296,0.72971,0.43024,0.41026,0.17724,0.0021,0,0.0006404,0.0006404,0.0006404
414,2520.78,0.51348,0.68167,0.26963,0.00208,0.04935,0.96329,0.97182,0.9923,0.91977,0.9666,0.97427,0.99318,0.72701,0.42451,0.4076,0.1916,0.00205,0,0.0006371,0.0006371,0.0006371
415,2526.56,0.50575,0.65993,0.26939,0.00211,0.03982,0.96469,0.97306,0.99281,0.92018,0.96469,0.97306,0.99281,0.72652,0.42578,0.41187,0.18353,0.00207,0,0.0006338,0.0006338,0.0006338
416,2532.2,0.49926,0.64076,0.26744,0.00207,0.05381,0.97963,0.97139,0.99317,0.92115,0.9765,0.97919,0.99349,0.72819,0.42718,0.41236,0.18709,0.00211,0,0.0006305,0.0006305,0.0006305
417,2537.97,0.51182,0.67037,0.27653,0.00217,0.04831,0.97976,0.97794,0.99337,0.91607,0.98308,0.97827,0.99359,0.72676,0.43295,0.41447,0.1762,0.00209,0,0.0006272,0.0006272,0.0006272
418,2543.85,0.50133,0.64154,0.26383,0.00212,0.06285,0.99209,0.96633,0.99294,0.92072,0.99901,0.97306,0.99414,0.73082,0.43005,0.40486,0.17799,0.00204,0,0.0006239,0.0006239,0.0006239
419,2549.63,0.49834,0.65064,0.26115,0.00207,0.06492,0.98632,0.97139,0.99339,0.91771,0.98632,0.97139,0.99339,0.73979,0.42936,0.39926,0.18224,0.0021,0,0.0006206,0.0006206,0.0006206
420,2555.38,0.51014,0.66066,0.27481,0.0021,0.03964,0.97693,0.97643,0.993,0.91983,0.9803,0.9798,0.9933,0.73451,0.42209,0.39993,0.18592,0.00205,0,0.0006173,0.0006173,0.0006173
421,2561.13,0.4969,0.65183,0.26631,0.00206,0.04242,0.99307,0.96518,0.99341,0.91726,0.99307,0.96518,0.99341,0.73476,0.42999,0.40285,0.17663,0.0021,0,0.000614,0.000614,0.000614
422,2566.91,0.50487,0.66934,0.26898,0.00206,0.05053,0.99117,0.96633,0.99316,0.92024,0.99462,0.9697,0.99414,0.72629,0.42267,0.41552,0.17562,0.00206,0,0.0006107,0.0006107,0.0006107
423,2572.57,0.50084,0.66097,0.26304,0.00204,0.03758,0.99498,0.97643,0.99416,0.92198,0.99498,0.97643,0.99416,0.73137,0.42324,0.40668,0.16726,0.00205,0,0.0006074,0.0006074,0.0006074
424,2578.49,0.49379,0.68374,0.26452,0.00199,0.05066,0.99657,0.97952,0.9937,0.91975,0.99657,0.97952,0.9937,0.72866,0.42838,0.40732,0.16768,0.00207,0,0.0006041,0.0006041,0.0006041
425,2584.16,0.49165,0.64015,0.26337,0.00204,0.03618,0.97994,0.98678,0.99411,0.91925,0.97659,0.98341,0.99377,0.73082,0.42335,0.40706,0.16209,0.00202,0,0.0006008,0.0006008,0.0006008
426,2589.79,0.49476,0.63661,0.26163,0.00203,0.05204,0.97559,0.99327,0.99426,0.91769,0.96891,0.98653,0.9929,0.72943,0.43373,0.41157,0.16579,0.00208,0,0.0005975,0.0005975,0.0005975
427,2595.58,0.50435,0.67708,0.27258,0.00208,0.05124,0.98976,0.97622,0.99395,0.91831,0.98976,0.97622,0.99395,0.72209,0.42618,0.39977,0.16858,0.00208,0,0.0005942,0.0005942,0.0005942
428,2601.22,0.49235,0.64256,0.26329,0.00207,0.03323,0.98622,0.97643,0.99336,0.92394,0.98622,0.97643,0.99336,0.72555,0.42329,0.39989,0.17171,0.00204,0,0.0005909,0.0005909,0.0005909
429,2606.96,0.49971,0.65904,0.27068,0.00211,0.04125,0.97899,0.9798,0.99384,0.92278,0.97226,0.97306,0.9925,0.72984,0.41758,0.40789,0.16789,0.00202,0,0.0005876,0.0005876,0.0005876
430,2612.77,0.49528,0.66116,0.26534,0.00203,0.05944,0.97431,0.9697,0.99225,0.92179,0.97093,0.96633,0.99261,0.72817,0.42393,0.42312,0.18117,0.00205,0,0.0005843,0.0005843,0.0005843
431,2618.47,0.50125,0.66123,0.26641,0.00208,0.05772,0.9861,0.98316,0.99336,0.91972,0.97935,0.97643,0.99267,0.72328,0.42751,0.41469,0.1699,0.00206,0,0.000581,0.000581,0.000581
432,2624.17,0.50203,0.6405,0.26984,0.00207,0.05767,0.98287,0.97643,0.99316,0.91564,0.98626,0.9798,0.99355,0.72776,0.43065,0.41747,0.17456,0.00206,0,0.0005777,0.0005777,0.0005777
433,2629.93,0.5005,0.67448,0.27579,0.00207,0.05693,0.98621,0.96288,0.99249,0.91451,0.98621,0.96288,0.99249,0.72673,0.43323,0.41728,0.18632,0.00207,0,0.0005744,0.0005744,0.0005744
434,2635.72,0.49786,0.65169,0.26347,0.00211,0.04508,0.97962,0.97087,0.99331,0.91585,0.97962,0.97087,0.99331,0.73047,0.42954,0.40948,0.17565,0.00207,0,0.0005711,0.0005711,0.0005711
435,2641.52,0.49524,0.6605,0.26475,0.00211,0.04709,0.98201,0.97306,0.99361,0.91995,0.98201,0.97306,0.99357,0.72906,0.41607,0.40015,0.175,0.00203,0,0.0005678,0.0005678,0.0005678
436,2647.29,0.49265,0.63626,0.26813,0.00204,0.05786,0.98981,0.98149,0.99428,0.92184,0.98981,0.98149,0.99411,0.72516,0.41425,0.41572,0.16421,0.00203,0,0.0005645,0.0005645,0.0005645
437,2652.99,0.50581,0.67462,0.2722,0.00206,0.05083,0.98628,0.9681,0.99298,0.92167,0.98971,0.97147,0.99392,0.72443,0.41713,0.41727,0.18047,0.00205,0,0.0005612,0.0005612,0.0005612
438,2658.8,0.50125,0.67209,0.27087,0.00207,0.04408,0.97315,0.97613,0.99308,0.92029,0.9765,0.9795,0.99374,0.72666,0.41508,0.39962,0.17949,0.00204,0,0.0005579,0.0005579,0.0005579
439,2664.59,0.4788,0.61405,0.25228,0.00206,0.03672,0.98783,0.96296,0.99306,0.9168,0.98783,0.96296,0.99306,0.72718,0.4208,0.39959,0.18516,0.00207,0,0.0005546,0.0005546,0.0005546
440,2670.17,0.48166,0.64227,0.25282,0.00202,0.03129,0.97949,0.96464,0.9905,0.91831,0.97949,0.96464,0.9905,0.72837,0.41401,0.40267,0.17891,0.00204,0,0.0005513,0.0005513,0.0005513
441,2676.02,0.49794,0.66126,0.2565,0.00207,0.03845,0.96659,0.97425,0.9921,0.91861,0.96659,0.97425,0.9921,0.73149,0.41768,0.4025,0.19261,0.00204,0,0.000548,0.000548,0.000548
442,2681.62,0.50842,0.65764,0.2716,0.0021,0.06289,0.94511,0.9899,0.99197,0.91262,0.94838,0.99327,0.99271,0.72919,0.43128,0.39964,0.18743,0.00208,0,0.0005447,0.0005447,0.0005447
443,2687.4,0.49239,0.64443,0.26286,0.00208,0.04155,0.96063,0.98579,0.99028,0.91512,0.96391,0.98915,0.99073,0.72713,0.42719,0.40109,0.18113,0.00207,0,0.0005414,0.0005414,0.0005414
444,2693.17,0.48415,0.65332,0.26682,0.00197,0.06474,0.96984,0.9798,0.98979,0.91677,0.97317,0.98316,0.98996,0.72946,0.41464,0.4006,0.18666,0.00202,0,0.0005381,0.0005381,0.0005381
445,2698.92,0.49484,0.64774,0.26905,0.00204,0.04306,0.97938,0.95975,0.99071,0.92066,0.97938,0.95975,0.99094,0.73118,0.41299,0.40501,0.18613,0.00202,0,0.0005348,0.0005348,0.0005348
446,2704.56,0.49024,0.65972,0.25708,0.00204,0.04655,0.99304,0.96103,0.99295,0.92258,0.99304,0.96103,0.99295,0.73422,0.40387,0.40142,0.17511,0.00198,0,0.0005315,0.0005315,0.0005315
447,2710.4,0.48798,0.64462,0.25787,0.00208,0.06019,0.98655,0.9596,0.99302,0.9251,0.98655,0.9596,0.99302,0.72844,0.40737,0.40205,0.17109,0.00197,0,0.0005282,0.0005282,0.0005282
448,2716.28,0.48998,0.6452,0.25544,0.00204,0.03382,0.98373,0.96633,0.99295,0.92019,0.98373,0.96633,0.99298,0.72808,0.41594,0.40034,0.17822,0.00202,0,0.0005249,0.0005249,0.0005249
449,2722.1,0.48463,0.63608,0.27048,0.00202,0.06591,0.97487,0.97643,0.99326,0.92082,0.97487,0.97643,0.99326,0.72745,0.41258,0.40133,0.16957,0.002,0,0.0005216,0.0005216,0.0005216
450,2727.8,0.49349,0.64222,0.26114,0.00207,0.03557,0.98628,0.96816,0.9938,0.924,0.98628,0.96816,0.9938,0.7358,0.41151,0.39897,0.16603,0.00202,0,0.0005183,0.0005183,0.0005183
451,2733.56,0.49652,0.66559,0.26555,0.00209,0.03938,0.98975,0.97544,0.99394,0.92394,0.98091,0.97643,0.99362,0.72761,0.41108,0.404,0.16177,0.002,0,0.000515,0.000515,0.000515
452,2739.26,0.4885,0.63662,0.26193,0.00205,0.04009,0.97981,0.98653,0.99423,0.92019,0.98725,0.97643,0.99426,0.73687,0.41965,0.41893,0.16292,0.00207,0,0.0005117,0.0005117,0.0005117
453,2745.08,0.48742,0.64663,0.25979,0.00202,0.03456,0.98968,0.96849,0.99348,0.9156,0.9828,0.96175,0.99211,0.7308,0.42479,0.4078,0.17322,0.00208,0,0.0005084,0.0005084,0.0005084
454,2750.91,0.47866,0.633,0.26171,0.002,0.05352,0.99659,0.98268,0.99386,0.9207,0.99659,0.98268,0.99424,0.7224,0.41607,0.39665,0.17297,0.00202,0,0.0005051,0.0005051,0.0005051
455,2756.71,0.48261,0.64413,0.25525,0.002,0.04112,0.97968,0.97422,0.99368,0.92189,0.97968,0.97422,0.99368,0.72573,0.41645,0.4027,0.1649,0.00203,0,0.0005018,0.0005018,0.0005018
456,2762.42,0.48758,0.65406,0.26003,0.002,0.04992,0.98318,0.98378,0.99392,0.92346,0.97981,0.98041,0.99365,0.72686,0.41437,0.41054,0.15697,0.00201,0,0.0004985,0.0004985,0.0004985
457,2768.19,0.4903,0.65216,0.26016,0.00201,0.0505,0.97672,0.9888,0.99398,0.92219,0.97984,0.98183,0.9938,0.73135,0.42152,0.41115,0.16417,0.00208,0,0.0004952,0.0004952,0.0004952
458,2773.87,0.491,0.6571,0.26004,0.002,0.04561,0.97863,0.98653,0.99417,0.92062,0.97529,0.98316,0.99366,0.73606,0.41858,0.41201,0.16187,0.00207,0,0.0004919,0.0004919,0.0004919
459,2780.27,0.48836,0.63977,0.26147,0.00203,0.04708,0.98128,0.98653,0.99159,0.9153,0.97793,0.98316,0.99156,0.73136,0.41952,0.40585,0.16605,0.00205,0,0.0004886,0.0004886,0.0004886
460,2786.47,0.48855,0.65865,0.2644,0.00201,0.05731,0.97987,0.98653,0.99286,0.9159,0.97987,0.98653,0.99286,0.72656,0.42034,0.40092,0.16524,0.00205,0,0.0004853,0.0004853,0.0004853
461,2792.41,0.47463,0.63929,0.25181,0.00199,0.03444,0.97667,0.98679,0.99303,0.91458,0.97667,0.98679,0.99303,0.71777,0.42204,0.40266,0.16787,0.00207,0,0.000482,0.000482,0.000482
462,2799.33,0.47799,0.62777,0.25508,0.00201,0.03132,0.98185,0.97306,0.99336,0.91932,0.98185,0.97306,0.99336,0.72741,0.42421,0.40677,0.18456,0.00205,0,0.0004787,0.0004787,0.0004787
463,2805.06,0.48208,0.6419,0.25211,0.00202,0.04393,0.98985,0.98516,0.99394,0.9202,0.98985,0.98516,0.99394,0.73127,0.4236,0.40525,0.16198,0.00207,0,0.0004754,0.0004754,0.0004754
464,2811,0.47835,0.63254,0.25527,0.00199,0.0437,0.98641,0.97725,0.99378,0.92309,0.98641,0.97725,0.99378,0.73883,0.41782,0.40484,0.16224,0.00203,0,0.0004721,0.0004721,0.0004721
465,2816.72,0.49021,0.65226,0.258,0.00199,0.03394,0.98307,0.97749,0.99316,0.92049,0.97968,0.97413,0.99299,0.7355,0.42224,0.40538,0.17039,0.00203,0,0.0004688,0.0004688,0.0004688
466,2822.48,0.48499,0.64851,0.25765,0.00198,0.04216,0.98644,0.97993,0.99381,0.91943,0.98305,0.97656,0.99381,0.72995,0.41942,0.40607,0.16622,0.00204,0,0.0004655,0.0004655,0.0004655
467,2828.16,0.48136,0.64312,0.25432,0.00201,0.04615,0.98957,0.98316,0.9939,0.91946,0.98601,0.9798,0.99345,0.73335,0.41661,0.40927,0.16476,0.00202,0,0.0004622,0.0004622,0.0004622
468,2833.81,0.48708,0.6345,0.26397,0.00201,0.06125,0.96982,0.98653,0.99336,0.9206,0.97644,0.99327,0.99422,0.73423,0.41457,0.39417,0.17553,0.00202,0,0.0004589,0.0004589,0.0004589
469,2839.4,0.47487,0.63577,0.25319,0.00195,0.04505,0.98221,0.98316,0.99419,0.91872,0.98557,0.98653,0.99446,0.73855,0.41489,0.39591,0.16864,0.00202,0,0.0004556,0.0004556,0.0004556
470,2845.5,0.46991,0.63532,0.24929,0.00198,0.04487,0.98526,0.98316,0.99321,0.92185,0.98864,0.98653,0.99383,0.7403,0.41704,0.40414,0.17476,0.00203,0,0.0004523,0.0004523,0.0004523
471,2851.87,0.48105,0.64812,0.2601,0.00195,0.05333,0.98318,0.98421,0.99377,0.92335,0.98318,0.98421,0.99386,0.73928,0.41956,0.39993,0.17245,0.00204,0,0.000449,0.000449,0.000449
472,2857.71,0.47967,0.64139,0.26222,0.002,0.05041,0.98324,0.98763,0.99443,0.915,0.97989,0.98427,0.99377,0.73261,0.42778,0.42509,0.16878,0.00206,0,0.0004457,0.0004457,0.0004457
473,2864.76,0.47411,0.6293,0.25326,0.002,0.04897,0.98648,0.98272,0.99433,0.91911,0.9831,0.97952,0.99382,0.73521,0.42014,0.42228,0.16889,0.00203,0,0.0004424,0.0004424,0.0004424
474,2870.53,0.48654,0.64757,0.25044,0.00202,0.03515,0.97567,0.98653,0.99414,0.92237,0.9829,0.9697,0.99358,0.73837,0.42512,0.4198,0.16557,0.00206,0,0.0004391,0.0004391,0.0004391
475,2876.44,0.48467,0.62639,0.25656,0.002,0.03537,0.99312,0.97136,0.99405,0.92123,0.99312,0.97136,0.99405,0.73482,0.42056,0.39729,0.16904,0.00203,0,0.0004358,0.0004358,0.0004358
476,2882.98,0.49274,0.64181,0.25883,0.00201,0.05375,0.98314,0.98193,0.99378,0.91916,0.98314,0.98193,0.99411,0.73565,0.42924,0.39724,0.16787,0.00206,0,0.0004325,0.0004325,0.0004325
477,2888.85,0.47398,0.62733,0.25145,0.00196,0.04028,0.99101,0.98316,0.99401,0.91928,0.99441,0.98653,0.9946,0.73322,0.42153,0.39954,0.15955,0.00202,0,0.0004292,0.0004292,0.0004292
478,2895.01,0.4801,0.64478,0.25083,0.00196,0.04179,0.98677,0.9798,0.99378,0.92047,0.98677,0.9798,0.99378,0.73044,0.41361,0.40155,0.16754,0.002,0,0.0004259,0.0004259,0.0004259
479,2900.96,0.4864,0.65099,0.26258,0.002,0.04392,0.98967,0.97306,0.9935,0.92068,0.99309,0.97643,0.99376,0.73736,0.41177,0.39589,0.16771,0.00199,0,0.0004226,0.0004226,0.0004226
480,2907.26,0.48358,0.62555,0.25782,0.00196,0.04687,0.98981,0.98077,0.9944,0.92131,0.98981,0.98077,0.99401,0.73188,0.41254,0.40308,0.15629,0.00198,0,0.0004193,0.0004193,0.0004193
481,2913.84,0.49204,0.6396,0.25619,0.002,0.04304,0.9838,0.9697,0.99302,0.92347,0.98449,0.9697,0.99297,0.73349,0.41029,0.40598,0.17459,0.00198,0,0.000416,0.000416,0.000416
482,2919.81,0.47905,0.63782,0.26331,0.00199,0.03629,0.97972,0.98316,0.99396,0.92421,0.97972,0.98316,0.99357,0.73865,0.41455,0.40785,0.16356,0.00199,0,0.0004127,0.0004127,0.0004127
483,2925.62,0.47746,0.6506,0.25742,0.00196,0.04597,0.98998,0.98653,0.99405,0.92217,0.98864,0.97306,0.9931,0.7314,0.4185,0.41,0.16252,0.00201,0,0.0004094,0.0004094,0.0004094
484,2931.46,0.47862,0.66959,0.25511,0.00194,0.03937,0.97576,0.98653,0.99378,0.92143,0.99653,0.96609,0.99362,0.73084,0.42112,0.4053,0.16475,0.00202,0,0.0004061,0.0004061,0.0004061
485,2938.27,0.4828,0.64324,0.2556,0.00197,0.05587,0.99335,0.97306,0.99427,0.91972,0.98992,0.9697,0.99336,0.73361,0.41524,0.41296,0.16378,0.002,0,0.0004028,0.0004028,0.0004028
486,2944.25,0.4871,0.63604,0.25869,0.00202,0.04333,0.99658,0.98014,0.99436,0.91992,0.9879,0.9798,0.99412,0.73419,0.41796,0.41149,0.16044,0.00202,0,0.0003995,0.0003995,0.0003995
487,2950.14,0.47922,0.63212,0.26426,0.00199,0.07119,0.98316,0.98259,0.99363,0.91854,0.99411,0.97306,0.99377,0.73174,0.41143,0.40055,0.17205,0.00198,0,0.0003962,0.0003962,0.0003962
488,2955.94,0.48559,0.64019,0.26322,0.00208,0.03942,0.98389,0.9798,0.99331,0.92177,0.98285,0.97643,0.99318,0.73494,0.40933,0.40198,0.17523,0.00196,0,0.0003929,0.0003929,0.0003929
489,2962.47,0.47059,0.63537,0.25547,0.00194,0.04806,0.98407,0.9798,0.99331,0.92677,0.98407,0.9798,0.99331,0.73389,0.41053,0.4003,0.16539,0.00197,0,0.0003896,0.0003896,0.0003896
490,2969.18,0.47549,0.62701,0.25466,0.00196,0.03135,0.97978,0.97904,0.99298,0.92217,0.97978,0.97904,0.99298,0.72862,0.41197,0.39903,0.17152,0.00198,0,0.0003863,0.0003863,0.0003863
491,2975.46,0.48048,0.62457,0.25343,0.00201,0.04618,0.97977,0.97865,0.99322,0.92299,0.97977,0.97865,0.99322,0.72962,0.40978,0.40106,0.16809,0.00198,0,0.000383,0.000383,0.000383
492,2981.46,0.47795,0.62294,0.25464,0.00203,0.04903,0.96683,0.98128,0.993,0.92588,0.96683,0.98128,0.993,0.72736,0.40429,0.40184,0.17707,0.00195,0,0.0003797,0.0003797,0.0003797
493,2987.29,0.48369,0.64738,0.25354,0.00194,0.04406,0.98291,0.96842,0.99319,0.92282,0.98407,0.96633,0.99251,0.73313,0.41083,0.40171,0.17266,0.00199,0,0.0003764,0.0003764,0.0003764
494,2993.89,0.47407,0.63245,0.24621,0.00195,0.03664,0.99485,0.9596,0.99317,0.92467,0.99485,0.9596,0.99284,0.73314,0.41411,0.40436,0.16752,0.00201,0,0.0003731,0.0003731,0.0003731
495,2999.85,0.4792,0.6533,0.24835,0.00191,0.03327,0.98636,0.97425,0.99316,0.92398,0.98631,0.97009,0.99313,0.73246,0.41239,0.40162,0.1662,0.00201,0,0.0003698,0.0003698,0.0003698
496,3005.59,0.4622,0.61066,0.24727,0.00191,0.03229,0.9796,0.97022,0.99284,0.92115,0.9796,0.97022,0.99314,0.73229,0.41306,0.39463,0.17307,0.00201,0,0.0003665,0.0003665,0.0003665
497,3011.4,0.46779,0.63166,0.25637,0.00192,0.07069,0.9896,0.97643,0.99349,0.92502,0.9896,0.97643,0.99371,0.73347,0.40571,0.39579,0.15909,0.00198,0,0.0003632,0.0003632,0.0003632
498,3017.76,0.46586,0.61794,0.2515,0.0019,0.03581,0.99699,0.97306,0.99386,0.92447,0.99699,0.97306,0.99432,0.73732,0.40468,0.39145,0.15312,0.00197,0,0.0003599,0.0003599,0.0003599
499,3024.05,0.46884,0.62027,0.24898,0.00197,0.03351,0.99656,0.97565,0.99413,0.92495,0.99656,0.97565,0.99437,0.73632,0.40939,0.39055,0.16168,0.00199,0,0.0003566,0.0003566,0.0003566
500,3029.89,0.47015,0.63955,0.25119,0.00192,0.03498,0.99315,0.9762,0.99397,0.92468,0.99315,0.9762,0.99418,0.73771,0.40311,0.39328,0.1625,0.00197,0,0.0003533,0.0003533,0.0003533
501,3035.7,0.45927,0.59595,0.25045,0.00189,0.04801,0.98968,0.96834,0.99309,0.92313,0.98968,0.96834,0.99312,0.73357,0.40474,0.39127,0.17301,0.00198,0,0.00035,0.00035,0.00035
502,3041.55,0.47161,0.63221,0.24852,0.00196,0.05406,0.98626,0.96707,0.99351,0.92296,0.98961,0.96255,0.99255,0.73484,0.40918,0.41364,0.16505,0.00197,0,0.0003467,0.0003467,0.0003467
503,3048.53,0.48174,0.61722,0.26231,0.00205,0.0761,0.98292,0.96879,0.99339,0.92221,0.97948,0.9645,0.99269,0.73497,0.4103,0.41122,0.1778,0.002,0,0.0003434,0.0003434,0.0003434
504,3054.65,0.47449,0.62765,0.25091,0.00195,0.05196,0.97315,0.97631,0.99327,0.92011,0.97651,0.97968,0.99349,0.7285,0.40409,0.39097,0.17361,0.00197,0,0.0003401,0.0003401,0.0003401
505,3060.45,0.47666,0.63156,0.26003,0.00201,0.05971,0.99653,0.96585,0.99364,0.92078,0.99653,0.96585,0.9937,0.72947,0.40946,0.39436,0.16172,0.00196,0,0.0003368,0.0003368,0.0003368
506,3066.26,0.46018,0.61786,0.24187,0.00189,0.05402,0.99048,0.96296,0.99381,0.92031,0.97074,0.98653,0.9939,0.73726,0.40894,0.39408,0.15991,0.00197,0,0.0003335,0.0003335,0.0003335
507,3072.6,0.46599,0.63438,0.2475,0.00186,0.05578,0.96973,0.98653,0.99367,0.9186,0.97303,0.9899,0.9941,0.73086,0.41111,0.39453,0.16115,0.00198,0,0.0003302,0.0003302,0.0003302
508,3079.16,0.47236,0.62479,0.25246,0.00196,0.05006,0.97658,0.98281,0.99378,0.92091,0.97985,0.98229,0.9938,0.72775,0.40981,0.40516,0.16124,0.00197,0,0.0003269,0.0003269,0.0003269
509,3085.16,0.47672,0.63492,0.25578,0.00196,0.06057,0.98294,0.96997,0.99356,0.92134,0.98607,0.97306,0.9936,0.72885,0.41083,0.4012,0.16424,0.00199,0,0.0003236,0.0003236,0.0003236
510,3090.89,0.46441,0.63651,0.24789,0.00193,0.0631,0.97944,0.9697,0.99329,0.91889,0.98073,0.96633,0.99293,0.72594,0.40956,0.39678,0.16914,0.00197,0,0.0003203,0.0003203,0.0003203
511,3096.62,0.46797,0.6099,0.2446,0.00195,0.03894,0.97012,0.98373,0.99378,0.92218,0.9925,0.94949,0.99249,0.72457,0.41097,0.40697,0.16046,0.00199,0,0.000317,0.000317,0.000317
512,3102.37,0.46831,0.64727,0.24778,0.00188,0.0424,0.97119,0.9798,0.9939,0.92337,0.98762,0.95286,0.99239,0.72585,0.41423,0.40979,0.15978,0.00201,0,0.0003137,0.0003137,0.0003137
513,3108.1,0.4721,0.632,0.24558,0.00191,0.03619,0.96633,0.98653,0.99358,0.92346,0.96273,0.98316,0.99312,0.72672,0.41498,0.40336,0.16963,0.00198,0,0.0003104,0.0003104,0.0003104
514,3113.97,0.46385,0.62699,0.24904,0.00187,0.06316,0.98961,0.96238,0.99325,0.92551,0.98961,0.96238,0.99325,0.72505,0.41386,0.40562,0.16959,0.00198,0,0.0003071,0.0003071,0.0003071
515,3119.71,0.46717,0.62045,0.24267,0.00193,0.03346,0.98641,0.97778,0.99377,0.92304,0.97131,0.98316,0.9939,0.7256,0.41004,0.3997,0.1618,0.00197,0,0.0003038,0.0003038,0.0003038
516,3125.55,0.47563,0.65771,0.25566,0.00187,0.04708,0.97293,0.9899,0.99424,0.92598,0.97293,0.9899,0.99424,0.7322,0.41198,0.39666,0.15576,0.00197,0,0.0003005,0.0003005,0.0003005
517,3131.39,0.4687,0.62002,0.24715,0.0019,0.03571,0.98004,0.99174,0.99449,0.92474,0.98004,0.99174,0.99449,0.73522,0.40513,0.39309,0.15237,0.00195,0,0.0002972,0.0002972,0.0002972
518,3137.17,0.46516,0.62324,0.24585,0.00192,0.04892,0.98223,0.98653,0.99377,0.92017,0.97964,0.98316,0.99365,0.7289,0.40944,0.39485,0.16224,0.00198,0,0.0002939,0.0002939,0.0002939
519,3143.02,0.46526,0.62026,0.24547,0.00194,0.0411,0.98322,0.98622,0.99417,0.9177,0.98638,0.97561,0.99393,0.72703,0.41316,0.40384,0.16173,0.00199,0,0.0002906,0.0002906,0.0002906
520,3148.82,0.46807,0.61982,0.26007,0.00194,0.05769,0.98299,0.97297,0.99335,0.92098,0.98299,0.97297,0.99335,0.7299,0.41139,0.39536,0.16766,0.00197,0,0.0002873,0.0002873,0.0002873
521,3154.63,0.47049,0.64975,0.25238,0.00185,0.03395,0.98906,0.98316,0.99394,0.92393,0.98541,0.9798,0.99342,0.73267,0.40926,0.40311,0.15889,0.00195,0,0.000284,0.000284,0.000284
522,3160.46,0.46977,0.61329,0.25083,0.0019,0.04116,0.98828,0.98653,0.99389,0.92641,0.98828,0.98653,0.99422,0.73321,0.40307,0.39369,0.15807,0.00193,0,0.0002807,0.0002807,0.0002807
523,3166.36,0.46341,0.62328,0.24788,0.00188,0.0316,0.98877,0.9798,0.99366,0.92626,0.98877,0.9798,0.99389,0.73482,0.40504,0.39392,0.16405,0.00193,0,0.0002774,0.0002774,0.0002774
524,3172.37,0.47082,0.64465,0.25107,0.00187,0.03563,0.99254,0.9798,0.99388,0.9253,0.99254,0.9798,0.99409,0.73484,0.40063,0.39586,0.16639,0.00192,0,0.0002741,0.0002741,0.0002741
525,3178.33,0.46718,0.63041,0.25758,0.00191,0.06301,0.99764,0.97306,0.99376,0.92322,0.99764,0.97306,0.99391,0.73397,0.4052,0.39853,0.16182,0.00194,0,0.0002708,0.0002708,0.0002708
526,3184.23,0.47027,0.6426,0.24883,0.00188,0.03937,0.98962,0.96271,0.99344,0.92494,0.98962,0.96271,0.99347,0.73513,0.40241,0.39739,0.16899,0.00191,0,0.0002675,0.0002675,0.0002675
527,3191.27,0.46422,0.63472,0.25061,0.00186,0.03678,0.99544,0.9596,0.99271,0.92726,0.99544,0.9596,0.99284,0.72766,0.3991,0.39779,0.17427,0.0019,0,0.0002642,0.0002642,0.0002642
528,3197.18,0.45512,0.61124,0.23884,0.00192,0.04876,0.99562,0.96296,0.99307,0.92678,0.99562,0.96296,0.99332,0.72862,0.39529,0.39734,0.16798,0.0019,0,0.0002609,0.0002609,0.0002609
529,3203.05,0.47517,0.64005,0.25863,0.00185,0.04821,0.99314,0.97454,0.99348,0.92283,0.99314,0.97454,0.99352,0.7315,0.39803,0.39544,0.1652,0.0019,0,0.0002576,0.0002576,0.0002576
530,3209.01,0.47262,0.64212,0.25762,0.00192,0.04712,0.98055,0.98316,0.99352,0.92503,0.98055,0.98316,0.99395,0.73208,0.40583,0.39981,0.16162,0.00194,0,0.0002543,0.0002543,0.0002543
531,3215.01,0.45817,0.632,0.24859,0.00183,0.0429,0.99315,0.9759,0.99356,0.92444,0.99315,0.9759,0.99386,0.73117,0.40155,0.39408,0.16087,0.00192,0,0.000251,0.000251,0.000251
532,3220.93,0.46453,0.63775,0.24135,0.00185,0.03506,0.98586,0.98316,0.99385,0.92713,0.98586,0.98316,0.99406,0.72848,0.40115,0.3945,0.15425,0.00191,0,0.0002477,0.0002477,0.0002477
533,3227,0.46284,0.61889,0.24916,0.00189,0.05388,0.98643,0.97908,0.99359,0.92909,0.98643,0.97908,0.99389,0.73146,0.39756,0.39638,0.15743,0.0019,0,0.0002444,0.0002444,0.0002444
534,3233.07,0.4667,0.6248,0.24489,0.00191,0.04012,0.98974,0.97428,0.99348,0.92521,0.98974,0.97428,0.99363,0.73051,0.40352,0.4004,0.15934,0.00193,0,0.0002411,0.0002411,0.0002411
535,3239.09,0.45876,0.61285,0.25173,0.00193,0.0376,0.97662,0.98439,0.99328,0.92574,0.97328,0.98103,0.99318,0.73128,0.40236,0.39983,0.1645,0.00194,0,0.0002378,0.0002378,0.0002378
536,3245.15,0.45991,0.6271,0.24469,0.00191,0.03743,0.98312,0.98024,0.99362,0.92631,0.98972,0.9726,0.99353,0.73439,0.4036,0.39899,0.16155,0.00195,0,0.0002345,0.0002345,0.0002345
537,3251.13,0.47457,0.63762,0.25577,0.00194,0.05878,0.98977,0.9777,0.99396,0.926,0.98977,0.9777,0.99396,0.73151,0.40423,0.39993,0.15482,0.00195,0,0.0002312,0.0002312,0.0002312
538,3257,0.47731,0.65333,0.26154,0.00187,0.04818,0.98973,0.97336,0.99404,0.92327,0.98973,0.97336,0.99404,0.72935,0.40316,0.39732,0.16038,0.00196,0,0.0002279,0.0002279,0.0002279
539,3262.89,0.4725,0.64711,0.25204,0.00188,0.04649,0.98203,0.98316,0.99427,0.92435,0.98203,0.98316,0.99427,0.72835,0.40034,0.40045,0.15633,0.00195,0,0.0002246,0.0002246,0.0002246
540,3268.7,0.45684,0.62325,0.24672,0.00187,0.03833,0.98124,0.9899,0.99443,0.92472,0.98124,0.9899,0.99443,0.72276,0.4032,0.40286,0.1508,0.00194,0,0.0002213,0.0002213,0.0002213
541,3274.4,0.47242,0.62744,0.26075,0.00191,0.05128,0.98005,0.99219,0.99466,0.92955,0.98005,0.99219,0.99466,0.72807,0.39903,0.40033,0.14789,0.00193,0,0.000218,0.000218,0.000218
542,3280.22,0.45609,0.60909,0.24298,0.00187,0.0378,0.99658,0.97974,0.9944,0.92709,0.99658,0.97974,0.9944,0.72076,0.39889,0.40016,0.15024,0.00192,0,0.0002147,0.0002147,0.0002147
543,3285.95,0.46605,0.63085,0.25259,0.00189,0.05287,0.99125,0.97306,0.99417,0.92647,0.99125,0.97306,0.99417,0.72483,0.39898,0.4014,0.15529,0.00192,0,0.0002114,0.0002114,0.0002114
544,3291.71,0.45877,0.63387,0.24687,0.00187,0.04996,0.98786,0.9798,0.99425,0.92422,0.98786,0.9798,0.99425,0.72185,0.40021,0.40194,0.15456,0.00192,0,0.0002081,0.0002081,0.0002081
545,3297.48,0.4536,0.60528,0.24668,0.0019,0.04032,0.99621,0.97643,0.99407,0.9243,0.99274,0.97306,0.994,0.72022,0.40332,0.40107,0.15709,0.00194,0,0.0002048,0.0002048,0.0002048
546,3303.3,0.45326,0.60734,0.23983,0.00187,0.04197,0.98968,0.97643,0.99399,0.92264,0.98968,0.97643,0.99399,0.7221,0.40578,0.40145,0.15719,0.00195,0,0.0002015,0.0002015,0.0002015
547,3308.98,0.45453,0.60876,0.24283,0.00185,0.04908,0.98971,0.97165,0.99403,0.92608,0.98971,0.97165,0.99403,0.72039,0.40454,0.40326,0.15622,0.00194,0,0.0001982,0.0001982,0.0001982
548,3314.81,0.45715,0.61868,0.24506,0.00185,0.04436,0.97988,0.9899,0.99413,0.92787,0.97988,0.9899,0.99413,0.72311,0.40303,0.39808,0.15525,0.00193,0,0.0001949,0.0001949,0.0001949
549,3320.58,0.46063,0.62063,0.2517,0.0019,0.07088,0.97874,0.9899,0.99444,0.9252,0.97874,0.9899,0.99444,0.72849,0.39968,0.39982,0.15081,0.00192,0,0.0001916,0.0001916,0.0001916
550,3326.22,0.46037,0.64119,0.24281,0.00185,0.04695,0.99655,0.97379,0.99438,0.92829,0.99655,0.97379,0.99438,0.72624,0.3996,0.39658,0.14775,0.00192,0,0.0001883,0.0001883,0.0001883
551,3331.99,0.46839,0.64195,0.25222,0.00187,0.04942,0.98655,0.98812,0.99441,0.93008,0.98655,0.98812,0.99441,0.73101,0.39912,0.39606,0.14847,0.00193,0,0.000185,0.000185,0.000185
552,3337.82,0.45869,0.61933,0.24075,0.00185,0.04897,0.98865,0.97643,0.99428,0.93021,0.98865,0.97643,0.99428,0.73084,0.39906,0.39648,0.15179,0.00192,0,0.0001817,0.0001817,0.0001817
553,3343.57,0.47493,0.65733,0.25767,0.00189,0.0532,0.98809,0.98653,0.99451,0.9302,0.98809,0.98653,0.99451,0.73209,0.39927,0.39692,0.14709,0.00193,0,0.0001784,0.0001784,0.0001784
554,3349.42,0.46154,0.63842,0.2423,0.00184,0.04122,0.98876,0.98653,0.99435,0.92946,0.98539,0.98316,0.99425,0.73105,0.39899,0.396,0.15206,0.00192,0,0.0001751,0.0001751,0.0001751
555,3355.11,0.45763,0.62866,0.24012,0.00184,0.03657,0.98652,0.98546,0.99409,0.92643,0.98315,0.9821,0.99402,0.73587,0.40178,0.39793,0.15565,0.00193,0,0.0001718,0.0001718,0.0001718
556,3360.84,0.45764,0.62914,0.2435,0.00186,0.05777,0.97346,0.98816,0.99387,0.92691,0.97518,0.9899,0.99387,0.7347,0.40302,0.39527,0.15929,0.00193,0,0.0001685,0.0001685,0.0001685
557,3366.62,0.46374,0.62834,0.24765,0.00185,0.04926,0.98385,0.9798,0.9938,0.92625,0.98385,0.9798,0.9938,0.73338,0.40182,0.39671,0.16387,0.00193,0,0.0001652,0.0001652,0.0001652
558,3372.46,0.46036,0.62354,0.23501,0.00184,0.03587,0.98974,0.97643,0.99409,0.92813,0.98974,0.97643,0.99409,0.73172,0.40615,0.39933,0.15676,0.00195,0,0.0001619,0.0001619,0.0001619
559,3378.39,0.45027,0.60452,0.23767,0.0019,0.05609,0.98986,0.98569,0.99463,0.92942,0.98986,0.98569,0.99463,0.72882,0.40453,0.40102,0.14835,0.00194,0,0.0001586,0.0001586,0.0001586
560,3384.27,0.45308,0.62349,0.23332,0.00179,0.0393,0.99349,0.98316,0.99451,0.92824,0.99349,0.98316,0.99451,0.72144,0.40666,0.40402,0.15266,0.00195,0,0.0001553,0.0001553,0.0001553
561,3389.88,0.45234,0.61579,0.23646,0.00181,0.04771,0.99314,0.97545,0.99454,0.92861,0.99314,0.97545,0.99454,0.72668,0.40328,0.40003,0.1497,0.00195,0,0.000152,0.000152,0.000152
562,3395.63,0.46232,0.63577,0.23831,0.00185,0.03181,0.98647,0.98174,0.99463,0.92813,0.99311,0.97001,0.99389,0.73054,0.4058,0.40191,0.14953,0.00195,0,0.0001487,0.0001487,0.0001487
563,3401.32,0.46016,0.63903,0.23954,0.00186,0.03124,0.99322,0.98708,0.9947,0.92816,0.98978,0.9781,0.99372,0.73216,0.40761,0.40323,0.15006,0.00193,0,0.0001454,0.0001454,0.0001454
564,3407.08,0.45971,0.61515,0.24813,0.00187,0.04923,0.99425,0.97306,0.99447,0.92457,0.99081,0.9697,0.99361,0.72778,0.40826,0.40346,0.15244,0.00197,0,0.0001421,0.0001421,0.0001421
565,3412.82,0.45906,0.63611,0.23891,0.00181,0.05132,0.98867,0.9798,0.99447,0.92528,0.98867,0.9798,0.99447,0.73076,0.40538,0.3979,0.15562,0.00195,0,0.0001388,0.0001388,0.0001388
566,3418.6,0.45781,0.63105,0.24355,0.00184,0.04676,0.99097,0.9798,0.99457,0.92313,0.99097,0.9798,0.99457,0.72963,0.40609,0.39409,0.1553,0.00195,0,0.0001355,0.0001355,0.0001355
567,3424.39,0.45609,0.59996,0.24047,0.00192,0.04386,0.99319,0.98167,0.99457,0.92331,0.99319,0.98167,0.99463,0.72858,0.4049,0.39389,0.15378,0.00194,0,0.0001322,0.0001322,0.0001322
568,3430.16,0.45423,0.61854,0.23587,0.00185,0.03266,0.99633,0.9798,0.99454,0.92324,0.99633,0.9798,0.99467,0.72674,0.40528,0.39285,0.15591,0.00193,0,0.0001289,0.0001289,0.0001289
569,3436.04,0.46687,0.63957,0.25042,0.00187,0.03836,0.99655,0.9737,0.99386,0.92403,0.99655,0.9737,0.99454,0.7314,0.40322,0.39279,0.15859,0.00193,0,0.0001256,0.0001256,0.0001256
570,3441.87,0.45492,0.61556,0.24099,0.00184,0.03831,0.99968,0.96633,0.99342,0.92266,0.99968,0.96633,0.9938,0.73263,0.40478,0.39272,0.16709,0.00194,0,0.0001223,0.0001223,0.0001223
571,3447.76,0.45206,0.62125,0.23777,0.00183,0.04943,0.9989,0.96296,0.99371,0.9233,0.9989,0.96296,0.99371,0.7311,0.40676,0.39458,0.16519,0.00194,0,0.000119,0.000119,0.000119
572,3453.54,0.45198,0.63131,0.23682,0.0018,0.05692,0.98538,0.97306,0.99395,0.92461,0.98288,0.96672,0.99312,0.73234,0.40808,0.3991,0.16243,0.00196,0,0.0001157,0.0001157,0.0001157
573,3459.3,0.45282,0.59817,0.23922,0.00186,0.03994,0.98306,0.97696,0.99392,0.9261,0.99528,0.96633,0.99392,0.73141,0.40442,0.40113,0.15743,0.00193,0,0.0001124,0.0001124,0.0001124
574,3464.95,0.45721,0.62012,0.24242,0.00189,0.03691,0.98383,0.97306,0.99404,0.92662,0.98383,0.97306,0.99397,0.73154,0.40204,0.39766,0.16252,0.00193,0,0.0001091,0.0001091,0.0001091
575,3470.8,0.46056,0.63793,0.23981,0.00182,0.05338,0.98691,0.9697,0.99401,0.92496,0.98691,0.9697,0.99398,0.73056,0.40079,0.39958,0.1606,0.00192,0,0.0001058,0.0001058,0.0001058
576,3476.65,0.4433,0.59325,0.23513,0.00181,0.04989,0.99402,0.96633,0.99407,0.92637,0.99402,0.96633,0.99401,0.7306,0.40283,0.402,0.15982,0.00194,0,0.0001025,0.0001025,0.0001025
577,3482.51,0.45209,0.62485,0.2381,0.00186,0.03519,0.99078,0.96633,0.99371,0.92513,0.99078,0.96633,0.99365,0.72955,0.40242,0.40169,0.16331,0.00194,0,9.92e-05,9.92e-05,9.92e-05
578,3488.35,0.44826,0.59288,0.23216,0.00192,0.04278,0.99123,0.9697,0.99365,0.92532,0.99123,0.9697,0.99348,0.73232,0.40224,0.39588,0.1642,0.00194,0,9.59e-05,9.59e-05,9.59e-05
579,3494.13,0.4612,0.62563,0.24575,0.00183,0.0529,0.9897,0.97012,0.99398,0.92714,0.9897,0.97012,0.99392,0.73256,0.40155,0.39627,0.15921,0.00193,0,9.26e-05,9.26e-05,9.26e-05
580,3499.95,0.45457,0.6091,0.23193,0.00187,0.03978,0.98976,0.97606,0.99418,0.92596,0.98974,0.97441,0.99402,0.73534,0.39955,0.39595,0.1611,0.00194,0,8.93e-05,8.93e-05,8.93e-05
581,3505.74,0.46211,0.63996,0.24147,0.00185,0.04004,0.98969,0.96919,0.99369,0.9284,0.98961,0.96222,0.99373,0.7327,0.39975,0.39611,0.16342,0.00192,0,8.6e-05,8.6e-05,8.6e-05
582,3511.71,0.43664,0.6024,0.22577,0.00177,0.03428,0.98006,0.97306,0.99369,0.92734,0.98006,0.97306,0.99387,0.7299,0.40038,0.39623,0.16338,0.00193,0,8.27e-05,8.27e-05,8.27e-05
583,3517.37,0.45508,0.61544,0.23849,0.00187,0.03306,0.9741,0.97306,0.99312,0.92721,0.9741,0.97306,0.99326,0.72984,0.39956,0.39637,0.17238,0.00193,0,7.94e-05,7.94e-05,7.94e-05
584,3523.13,0.45357,0.62264,0.24268,0.00183,0.06188,0.97963,0.97152,0.99355,0.92957,0.97963,0.97152,0.99348,0.73295,0.40042,0.3932,0.16724,0.00193,0,7.61e-05,7.61e-05,7.61e-05
585,3528.95,0.463,0.63186,0.24509,0.00181,0.03938,0.99207,0.95623,0.99327,0.92908,0.99207,0.95623,0.99304,0.733,0.39788,0.39777,0.17021,0.00191,0,7.28e-05,7.28e-05,7.28e-05
586,3534.77,0.456,0.61772,0.24388,0.00183,0.04016,0.98012,0.97306,0.99385,0.92983,0.99713,0.95623,0.99355,0.73339,0.39903,0.40609,0.16249,0.00192,0,6.95e-05,6.95e-05,6.95e-05
587,3540.6,0.46081,0.6261,0.24889,0.00183,0.04765,0.99302,0.9582,0.99384,0.92773,0.99302,0.9582,0.99357,0.73328,0.39811,0.39793,0.16501,0.00191,0,6.62e-05,6.62e-05,6.62e-05
588,3546.56,0.47066,0.63781,0.25109,0.00191,0.03908,0.96075,0.98889,0.99374,0.92584,0.98111,0.96633,0.99359,0.7353,0.40084,0.39864,0.16622,0.00194,0,6.29e-05,6.29e-05,6.29e-05
589,3552.18,0.45571,0.62288,0.24511,0.00185,0.06294,0.97028,0.98922,0.99372,0.92508,0.99304,0.96039,0.99357,0.73536,0.40151,0.39769,0.16505,0.00193,0,5.96e-05,5.96e-05,5.96e-05
590,3557.79,0.45728,0.62384,0.24396,0.00182,0.04238,0.99652,0.96431,0.99414,0.9261,0.99652,0.96431,0.99361,0.73729,0.40331,0.39655,0.16282,0.00193,0,5.63e-05,5.63e-05,5.63e-05
591,3565.81,0.37267,0.43721,0.17915,0.00202,0.0385,0.99306,0.96425,0.99357,0.92493,0.99306,0.96425,0.99357,0.73585,0.40646,0.39351,0.1633,0.00195,0,5.3e-05,5.3e-05,5.3e-05
592,3571.15,0.37669,0.45084,0.17443,0.00199,0.03966,0.97587,0.98316,0.99395,0.92584,0.97587,0.98316,0.99395,0.73626,0.40817,0.39213,0.16468,0.00196,0,4.97e-05,4.97e-05,4.97e-05
593,3576.39,0.37524,0.44846,0.17265,0.00194,0.04115,1,0.95881,0.99417,0.92408,1,0.95881,0.99417,0.73463,0.40805,0.39284,0.16088,0.00197,0,4.64e-05,4.64e-05,4.64e-05
594,3582.99,0.38138,0.45243,0.18091,0.00198,0.04064,0.98967,0.96746,0.99427,0.92661,0.98967,0.96746,0.99427,0.73523,0.40799,0.39315,0.15776,0.00197,0,4.31e-05,4.31e-05,4.31e-05
595,3588.14,0.36645,0.43128,0.17354,0.00203,0.03947,0.9775,0.98653,0.99437,0.92552,0.9775,0.98653,0.99437,0.73572,0.4078,0.39642,0.15421,0.00197,0,3.98e-05,3.98e-05,3.98e-05
596,3593.43,0.37079,0.44822,0.17033,0.00193,0.04043,0.97898,0.9798,0.99408,0.92724,0.97898,0.9798,0.99408,0.73219,0.40689,0.39621,0.16041,0.00196,0,3.65e-05,3.65e-05,3.65e-05
597,3598.83,0.36917,0.4397,0.16347,0.0019,0.04307,0.98875,0.9697,0.99398,0.92768,0.98875,0.9697,0.99398,0.73409,0.40651,0.39668,0.1607,0.00196,0,3.32e-05,3.32e-05,3.32e-05
598,3604.21,0.37046,0.44965,0.17716,0.00196,0.04024,0.97756,0.98316,0.99385,0.92708,0.97756,0.98316,0.99385,0.73481,0.40651,0.39642,0.16219,0.00196,0,2.99e-05,2.99e-05,2.99e-05
599,3609.48,0.36443,0.43405,0.17129,0.00199,0.0418,1,0.96265,0.99417,0.92737,1,0.96265,0.99417,0.73188,0.40687,0.39678,0.15892,0.00197,0,2.66e-05,2.66e-05,2.66e-05
600,3614.85,0.36886,0.44409,0.1689,0.00195,0.04079,0.97771,0.98316,0.99417,0.92759,0.97771,0.98316,0.99417,0.73251,0.40836,0.39724,0.15986,0.00197,0,2.33e-05,2.33e-05,2.33e-05
