0 0.415625 0.196875 0.414583 0.197656 0.411458 0.197656 0.410417 0.198437 0.407292 0.198437 0.40625 0.199219 0.403125 0.199219 0.402083 0.2 0.398958 0.2 0.397917 0.200781 0.395833 0.200781 0.394792 0.201562 0.392708 0.201562 0.391667 0.202344 0.388542 0.202344 0.3875 0.203125 0.386458 0.203125 0.385417 0.203906 0.384375 0.203906 0.383333 0.204687 0.38125 0.204687 0.380208 0.205469 0.379167 0.205469 0.378125 0.20625 0.377083 0.20625 0.376042 0.207031 0.375 0.207031 0.373958 0.207812 0.372917 0.207812 0.371875 0.208594 0.370833 0.208594 0.369792 0.209375 0.36875 0.209375 0.366667 0.210938 0.365625 0.210938 0.363542 0.2125 0.3625 0.2125 0.359375 0.214844 0.358333 0.214844 0.347917 0.222656 0.347917 0.223437 0.346875 0.224219 0.346875 0.225 0.345833 0.225781 0.345833 0.226562 0.344792 0.227344 0.344792 0.228906 0.34375 0.229687 0.34375 0.2375 0.344792 0.238281 0.344792 0.242187 0.34375 0.242969 0.34375 0.244531 0.342708 0.245312 0.340625 0.24375 0.340625 0.251563 0.341667 0.250781 0.341667 0.25 0.342708 0.249219 0.34375 0.25 0.34375 0.253906 0.344792 0.254688 0.344792 0.257812 0.345833 0.258594 0.345833 0.259375 0.346875 0.260156 0.346875 0.2625 0.347917 0.263281 0.347917 0.264062 0.348958 0.264844 0.348958 0.265625 0.351042 0.267187 0.351042 0.267969 0.358333 0.273438 0.359375 0.273438 0.361458 0.275 0.3625 0.275 0.364583 0.276562 0.365625 0.276562 0.366667 0.277344 0.367708 0.277344 0.36875 0.278125 0.369792 0.278125 0.370833 0.278906 0.371875 0.278906 0.372917 0.279687 0.375 0.279687 0.376042 0.280469 0.377083 0.280469 0.378125 0.28125 0.379167 0.28125 0.380208 0.282031 0.382292 0.282031 0.383333 0.282812 0.385417 0.282812 0.386458 0.283594 0.388542 0.283594 0.389583 0.284375 0.390625 0.284375 0.391667 0.285156 0.394792 0.285156 0.395833 0.285937 0.4 0.285937 0.401042 0.286719 0.403125 0.286719 0.404167 0.2875 0.407292 0.2875 0.408333 0.288281 0.414583 0.288281 0.415625 0.289062 0.425 0.289062 0.426042 0.289844 0.439583 0.289844 0.440625 0.290625 0.452083 0.290625 0.453125 0.289844 0.463542 0.289844 0.464583 0.289062 0.471875 0.289062 0.472917 0.288281 0.480208 0.288281 0.48125 0.2875 0.484375 0.2875 0.485417 0.286719 0.488542 0.286719 0.489583 0.285937 0.491667 0.285937 0.492708 0.285156 0.495833 0.285156 0.496875 0.284375 0.498958 0.284375 0.5 0.283594 0.501042 0.283594 0.502083 0.282812 0.505208 0.282812 0.50625 0.282031 0.508333 0.282031 0.509375 0.28125 0.510417 0.28125 0.5125 0.279687 0.514583 0.279687 0.515625 0.278906 0.516667 0.278906 0.517708 0.278125 0.51875 0.278125 0.520833 0.276562 0.522917 0.276562 0.523958 0.275781 0.525 0.275781 0.528125 0.273438 0.529167 0.273438 0.533333 0.270312 0.534375 0.270312 0.539583 0.266406 0.539583 0.265625 0.54375 0.2625 0.54375 0.261719 0.545833 0.260156 0.545833 0.259375 0.546875 0.258594 0.546875 0.257812 0.547917 0.257031 0.547917 0.255469 0.548958 0.254688 0.548958 0.252344 0.55 0.251563 0.55 0.25 0.551042 0.249219 0.551042 0.239844 0.55 0.239062 0.55 0.235937 0.546875 0.233594 0.546875 0.232812 0.545833 0.232031 0.545833 0.23125 0.541667 0.228125 0.541667 0.227344 0.540625 0.226562 0.540625 0.225 0.539583 0.224219 0.539583 0.222656 0.538542 0.221875 0.538542 0.21875 0.5375 0.217969 0.5375 0.215625 0.536458 0.214844 0.536458 0.214062 0.533333 0.211719 0.532292 0.211719 0.53125 0.210938 0.530208 0.210938 0.529167 0.210156 0.528125 0.210156 0.526042 0.208594 0.525 0.208594 0.523958 0.207812 0.522917 0.207812 0.521875 0.207031 0.520833 0.207031 0.519792 0.20625 0.51875 0.20625 0.517708 0.205469 0.516667 0.205469 0.515625 0.204687 0.513542 0.204687 0.5125 0.203906 0.511458 0.203906 0.510417 0.203125 0.509375 0.203125 0.508333 0.202344 0.505208 0.202344 0.504167 0.201562 0.502083 0.201562 0.501042 0.200781 0.5 0.200781 0.498958 0.2 0.496875 0.2 0.495833 0.199219 0.491667 0.199219 0.490625 0.198437 0.484375 0.198437 0.483333 0.197656 0.482292 0.197656 0.48125 0.196875 0.992528
0 0.198958 0.207031 0.197917 0.207812 0.192708 0.207812 0.191667 0.208594 0.186458 0.208594 0.185417 0.209375 0.182292 0.209375 0.18125 0.210156 0.179167 0.210156 0.178125 0.210938 0.175 0.210938 0.173958 0.211719 0.170833 0.211719 0.169792 0.2125 0.167708 0.2125 0.166667 0.213281 0.165625 0.213281 0.164583 0.214062 0.1625 0.214062 0.161458 0.214844 0.159375 0.214844 0.158333 0.215625 0.157292 0.215625 0.15625 0.216406 0.154167 0.216406 0.153125 0.217187 0.152083 0.217187 0.151042 0.217969 0.15 0.217969 0.148958 0.21875 0.147917 0.21875 0.146875 0.219531 0.145833 0.219531 0.144792 0.220312 0.14375 0.220312 0.142708 0.221094 0.141667 0.221094 0.140625 0.221875 0.139583 0.221875 0.1375 0.223437 0.136458 0.223437 0.135417 0.224219 0.134375 0.224219 0.133333 0.225 0.132292 0.225 0.130208 0.226562 0.129167 0.226562 0.128125 0.227344 0.127083 0.227344 0.123958 0.229687 0.122917 0.229687 0.119792 0.232031 0.11875 0.232031 0.1125 0.236719 0.111458 0.236719 0.111458 0.2375 0.104167 0.242969 0.104167 0.24375 0.101042 0.246094 0.101042 0.246875 0.1 0.247656 0.1 0.248437 0.0979167 0.25 0.0979167 0.250781 0.096875 0.251563 0.096875 0.252344 0.0947917 0.253906 0.0947917 0.255469 0.09375 0.25625 0.09375 0.275 0.0947917 0.275781 0.0947917 0.277344 0.0958333 0.278125 0.0958333 0.278906 0.096875 0.279687 0.096875 0.280469 0.0979167 0.28125 0.0979167 0.282031 0.0989583 0.282812 0.0989583 0.283594 0.1 0.284375 0.1 0.285156 0.102083 0.286719 0.102083 0.2875 0.113542 0.296094 0.114583 0.296094 0.11875 0.299219 0.119792 0.299219 0.122917 0.301562 0.123958 0.301562 0.125 0.302344 0.126042 0.302344 0.127083 0.303125 0.128125 0.303125 0.129167 0.303906 0.13125 0.303906 0.132292 0.304688 0.134375 0.304688 0.135417 0.305469 0.136458 0.305469 0.1375 0.30625 0.139583 0.30625 0.140625 0.307031 0.14375 0.307031 0.144792 0.307812 0.146875 0.307812 0.147917 0.308594 0.15 0.308594 0.151042 0.309375 0.154167 0.309375 0.155208 0.310156 0.160417 0.310156 0.161458 0.310937 0.165625 0.310937 0.166667 0.311719 0.172917 0.311719 0.173958 0.3125 0.220833 0.3125 0.221875 0.311719 0.228125 0.311719 0.229167 0.310937 0.235417 0.310937 0.236458 0.310156 0.24375 0.310156 0.244792 0.309375 0.248958 0.309375 0.25 0.308594 0.252083 0.308594 0.253125 0.307812 0.25625 0.307812 0.257292 0.307031 0.260417 0.307031 0.261458 0.30625 0.263542 0.30625 0.264583 0.305469 0.266667 0.305469 0.267708 0.304688 0.269792 0.304688 0.270833 0.303906 0.273958 0.303906 0.275 0.303125 0.276042 0.303125 0.277083 0.302344 0.278125 0.302344 0.279167 0.301562 0.28125 0.301562 0.282292 0.300781 0.284375 0.300781 0.285417 0.3 0.286458 0.3 0.288542 0.298437 0.290625 0.298437 0.291667 0.297656 0.292708 0.297656 0.29375 0.296875 0.294792 0.296875 0.296875 0.295312 0.297917 0.295312 0.298958 0.294531 0.3 0.294531 0.301042 0.29375 0.302083 0.29375 0.304167 0.292187 0.305208 0.292187 0.30625 0.291406 0.307292 0.291406 0.309375 0.289844 0.310417 0.289844 0.3125 0.288281 0.313542 0.288281 0.327083 0.278125 0.327083 0.277344 0.330208 0.275 0.330208 0.274219 0.33125 0.273438 0.33125 0.272656 0.333333 0.271094 0.333333 0.270312 0.334375 0.269531 0.334375 0.267969 0.335417 0.267187 0.335417 0.265625 0.336458 0.264844 0.336458 0.2625 0.3375 0.261719 0.3375 0.258594 0.338542 0.257812 0.338542 0.253125 0.339583 0.252344 0.339583 0.245312 0.338542 0.244531 0.338542 0.239062 0.3375 0.238281 0.3375 0.235156 0.336458 0.234375 0.336458 0.233594 0.323958 0.224219 0.322917 0.224219 0.319792 0.221875 0.31875 0.221875 0.316667 0.220312 0.315625 0.220312 0.3125 0.217969 0.311458 0.217969 0.310417 0.217187 0.309375 0.217187 0.308333 0.216406 0.307292 0.216406 0.30625 0.215625 0.305208 0.215625 0.304167 0.214844 0.302083 0.214844 0.301042 0.214062 0.3 0.214062 0.298958 0.213281 0.296875 0.213281 0.295833 0.2125 0.29375 0.2125 0.292708 0.211719 0.290625 0.211719 0.289583 0.210938 0.2875 0.210938 0.286458 0.210156 0.284375 0.210156 0.283333 0.209375 0.28125 0.209375 0.280208 0.208594 0.276042 0.208594 0.275 0.207812 0.269792 0.207812 0.26875 0.207031 0.987632
0 0.164583 0.40625 0.164583 0.417187 0.165625 0.417969 0.165625 0.420312 0.166667 0.421094 0.166667 0.421875 0.167708 0.422656 0.167708 0.424219 0.16875 0.425 0.16875 0.425781 0.169792 0.426562 0.169792 0.427344 0.170833 0.428125 0.170833 0.428906 0.171875 0.429688 0.171875 0.430469 0.173958 0.432031 0.173958 0.432812 0.183333 0.439844 0.184375 0.439844 0.186458 0.441406 0.1875 0.441406 0.189583 0.442969 0.190625 0.442969 0.191667 0.44375 0.192708 0.44375 0.194792 0.445312 0.195833 0.445312 0.196875 0.446094 0.197917 0.446094 0.198958 0.446875 0.2 0.446875 0.201042 0.447656 0.203125 0.447656 0.204167 0.448437 0.205208 0.448437 0.20625 0.449219 0.208333 0.449219 0.209375 0.45 0.211458 0.45 0.2125 0.450781 0.216667 0.450781 0.217708 0.451562 0.220833 0.451562 0.221875 0.452344 0.225 0.452344 0.226042 0.453125 0.233333 0.453125 0.234375 0.453906 0.260417 0.453906 0.261458 0.453125 0.26875 0.453125 0.269792 0.452344 0.272917 0.452344 0.273958 0.451562 0.277083 0.451562 0.278125 0.450781 0.282292 0.450781 0.283333 0.45 0.285417 0.45 0.286458 0.449219 0.289583 0.449219 0.290625 0.448437 0.291667 0.448437 0.292708 0.447656 0.294792 0.447656 0.295833 0.446875 0.297917 0.446875 0.298958 0.446094 0.301042 0.446094 0.302083 0.445312 0.303125 0.445312 0.304167 0.444531 0.305208 0.444531 0.30625 0.44375 0.307292 0.44375 0.308333 0.442969 0.309375 0.442969 0.310417 0.442187 0.311458 0.442187 0.3125 0.441406 0.313542 0.441406 0.315625 0.439844 0.316667 0.439844 0.317708 0.439062 0.31875 0.439062 0.320833 0.4375 0.321875 0.4375 0.325 0.435156 0.326042 0.435156 0.330208 0.432031 0.33125 0.432031 0.342708 0.423437 0.342708 0.422656 0.345833 0.420312 0.345833 0.419531 0.347917 0.417969 0.347917 0.417187 0.348958 0.416406 0.348958 0.415625 0.351042 0.414062 0.351042 0.413281 0.352083 0.4125 0.352083 0.408594 0.351042 0.409375 0.351042 0.410156 0.35 0.410937 0.35 0.411719 0.334375 0.423437 0.333333 0.423437 0.329167 0.426562 0.328125 0.426562 0.326042 0.428125 0.325 0.428125 0.321875 0.430469 0.320833 0.430469 0.31875 0.432031 0.317708 0.432031 0.316667 0.432812 0.315625 0.432812 0.314583 0.433594 0.313542 0.433594 0.3125 0.434375 0.311458 0.434375 0.310417 0.435156 0.309375 0.435156 0.308333 0.435937 0.307292 0.435937 0.30625 0.436719 0.304167 0.436719 0.303125 0.4375 0.301042 0.4375 0.3 0.438281 0.297917 0.438281 0.296875 0.439062 0.294792 0.439062 0.29375 0.439844 0.291667 0.439844 0.290625 0.440625 0.2875 0.440625 0.286458 0.441406 0.283333 0.441406 0.282292 0.442187 0.278125 0.442187 0.277083 0.442969 0.270833 0.442969 0.269792 0.44375 0.259375 0.44375 0.258333 0.444531 0.235417 0.444531 0.234375 0.44375 0.227083 0.44375 0.226042 0.442969 0.220833 0.442969 0.219792 0.442187 0.215625 0.442187 0.214583 0.441406 0.2125 0.441406 0.211458 0.440625 0.208333 0.440625 0.207292 0.439844 0.20625 0.439844 0.205208 0.439062 0.203125 0.439062 0.202083 0.438281 0.201042 0.438281 0.2 0.4375 0.198958 0.4375 0.197917 0.436719 0.196875 0.436719 0.195833 0.435937 0.194792 0.435937 0.192708 0.434375 0.191667 0.434375 0.189583 0.432812 0.188542 0.432812 0.185417 0.430469 0.184375 0.430469 0.179167 0.426562 0.179167 0.425781 0.175 0.422656 0.175 0.421875 0.173958 0.421094 0.173958 0.420312 0.171875 0.41875 0.171875 0.417969 0.169792 0.416406 0.169792 0.415625 0.16875 0.414844 0.16875 0.414062 0.167708 0.413281 0.167708 0.4125 0.166667 0.411719 0.166667 0.410937 0.165625 0.410156 0.165625 0.409375 0.164583 0.408594 0.984371
0 0.345833 0.291406 0.345833 0.301562 0.344792 0.302344 0.344792 0.303906 0.34375 0.304688 0.34375 0.30625 0.342708 0.307031 0.342708 0.307812 0.341667 0.308594 0.341667 0.309375 0.340625 0.310156 0.340625 0.310937 0.339583 0.311719 0.339583 0.3125 0.338542 0.313281 0.338542 0.314062 0.336458 0.315625 0.336458 0.316406 0.334375 0.317969 0.334375 0.31875 0.330208 0.321875 0.330208 0.322656 0.320833 0.329687 0.319792 0.329687 0.315625 0.332812 0.314583 0.332812 0.311458 0.335156 0.310417 0.335156 0.307292 0.3375 0.30625 0.3375 0.305208 0.338281 0.304167 0.338281 0.303125 0.339062 0.302083 0.339062 0.3 0.340625 0.298958 0.340625 0.297917 0.341406 0.296875 0.341406 0.295833 0.342187 0.294792 0.342187 0.29375 0.342969 0.292708 0.342969 0.291667 0.34375 0.289583 0.34375 0.288542 0.344531 0.2875 0.344531 0.286458 0.345312 0.285417 0.345312 0.284375 0.346094 0.283333 0.346094 0.282292 0.346875 0.280208 0.346875 0.279167 0.347656 0.277083 0.347656 0.276042 0.348437 0.275 0.348437 0.273958 0.349219 0.271875 0.349219 0.270833 0.35 0.267708 0.35 0.266667 0.350781 0.264583 0.350781 0.263542 0.351562 0.261458 0.351562 0.260417 0.352344 0.257292 0.352344 0.25625 0.353125 0.252083 0.353125 0.251042 0.353906 0.245833 0.353906 0.244792 0.354687 0.238542 0.354687 0.2375 0.355469 0.21875 0.355469 0.217708 0.35625 0.216667 0.35625 0.215625 0.355469 0.196875 0.355469 0.195833 0.354687 0.189583 0.354687 0.188542 0.353906 0.183333 0.353906 0.182292 0.353125 0.179167 0.353125 0.178125 0.352344 0.175 0.352344 0.173958 0.351562 0.171875 0.351562 0.170833 0.350781 0.167708 0.350781 0.166667 0.35 0.165625 0.35 0.164583 0.349219 0.1625 0.349219 0.161458 0.348437 0.160417 0.348437 0.159375 0.347656 0.158333 0.347656 0.157292 0.346875 0.155208 0.346875 0.154167 0.346094 0.153125 0.346094 0.151042 0.344531 0.15 0.344531 0.147917 0.342969 0.146875 0.342969 0.144792 0.341406 0.14375 0.341406 0.141667 0.339844 0.140625 0.339844 0.13125 0.332812 0.13125 0.332031 0.129167 0.330469 0.129167 0.329687 0.128125 0.328906 0.128125 0.328125 0.126042 0.326562 0.126042 0.325 0.125 0.324219 0.125 0.323437 0.123958 0.322656 0.123958 0.31875 0.122917 0.317969 0.122917 0.314844 0.121875 0.314062 0.121875 0.3125 0.120833 0.311719 0.120833 0.310937 0.117708 0.308594 0.116667 0.309375 0.116667 0.327344 0.117708 0.328125 0.117708 0.329687 0.11875 0.330469 0.11875 0.332031 0.119792 0.332812 0.119792 0.333594 0.120833 0.334375 0.120833 0.335156 0.121875 0.335938 0.121875 0.336719 0.122917 0.3375 0.122917 0.338281 0.123958 0.339062 0.123958 0.339844 0.126042 0.341406 0.126042 0.342187 0.134375 0.348437 0.135417 0.348437 0.140625 0.352344 0.141667 0.352344 0.144792 0.354687 0.145833 0.354687 0.146875 0.355469 0.147917 0.355469 0.15 0.357031 0.151042 0.357031 0.153125 0.358594 0.155208 0.358594 0.15625 0.359375 0.157292 0.359375 0.158333 0.360156 0.159375 0.360156 0.160417 0.360937 0.1625 0.360937 0.163542 0.361719 0.165625 0.361719 0.166667 0.3625 0.16875 0.3625 0.169792 0.363281 0.171875 0.363281 0.172917 0.364062 0.177083 0.364062 0.178125 0.364844 0.182292 0.364844 0.183333 0.365625 0.1875 0.365625 0.188542 0.366406 0.192708 0.366406 0.19375 0.367188 0.201042 0.367188 0.202083 0.367969 0.233333 0.367969 0.234375 0.367188 0.242708 0.367188 0.24375 0.366406 0.247917 0.366406 0.248958 0.365625 0.252083 0.365625 0.253125 0.364844 0.259375 0.364844 0.260417 0.364062 0.263542 0.364062 0.264583 0.363281 0.266667 0.363281 0.267708 0.3625 0.270833 0.3625 0.271875 0.361719 0.275 0.361719 0.276042 0.360937 0.279167 0.360937 0.280208 0.360156 0.28125 0.360156 0.282292 0.359375 0.283333 0.359375 0.284375 0.358594 0.286458 0.358594 0.2875 0.357812 0.289583 0.357812 0.291667 0.35625 0.29375 0.35625 0.294792 0.355469 0.295833 0.355469 0.296875 0.354687 0.297917 0.354687 0.298958 0.353906 0.3 0.353906 0.301042 0.353125 0.302083 0.353125 0.303125 0.352344 0.304167 0.352344 0.305208 0.351562 0.30625 0.351562 0.308333 0.35 0.309375 0.35 0.310417 0.349219 0.311458 0.349219 0.3125 0.348437 0.313542 0.348437 0.315625 0.346875 0.316667 0.346875 0.31875 0.345312 0.319792 0.345312 0.322917 0.342969 0.323958 0.342969 0.328125 0.339844 0.329167 0.339844 0.334375 0.335938 0.334375 0.335156 0.338542 0.332031 0.338542 0.33125 0.341667 0.328906 0.341667 0.328125 0.342708 0.327344 0.342708 0.326562 0.34375 0.325781 0.34375 0.325 0.344792 0.324219 0.344792 0.323437 0.345833 0.322656 0.345833 0.320312 0.346875 0.319531 0.346875 0.317969 0.347917 0.317187 0.347917 0.315625 0.348958 0.314844 0.348958 0.313281 0.35 0.3125 0.35 0.308594 0.351042 0.307812 0.351042 0.296094 0.347917 0.29375 0.347917 0.292187 0.346875 0.291406 0.345833 0.291406 0.34375 0.289062 0.34375 0.288281 0.34375 0.289062 0.983256
0 0.560417 0.294531 0.560417 0.298437 0.559375 0.299219 0.559375 0.303906 0.558333 0.304688 0.558333 0.310156 0.557292 0.310937 0.557292 0.3125 0.55625 0.313281 0.55625 0.314844 0.555208 0.315625 0.555208 0.317187 0.553125 0.31875 0.553125 0.319531 0.551042 0.321094 0.551042 0.321875 0.546875 0.325 0.546875 0.325781 0.538542 0.332031 0.5375 0.332031 0.534375 0.334375 0.533333 0.334375 0.530208 0.336719 0.529167 0.336719 0.527083 0.338281 0.526042 0.338281 0.525 0.339062 0.523958 0.339062 0.522917 0.339844 0.521875 0.339844 0.520833 0.340625 0.519792 0.340625 0.51875 0.341406 0.517708 0.341406 0.516667 0.342187 0.515625 0.342187 0.514583 0.342969 0.513542 0.342969 0.5125 0.34375 0.510417 0.34375 0.509375 0.344531 0.507292 0.344531 0.50625 0.345312 0.505208 0.345312 0.504167 0.346094 0.502083 0.346094 0.501042 0.346875 0.498958 0.346875 0.497917 0.347656 0.49375 0.347656 0.492708 0.348437 0.489583 0.348437 0.488542 0.349219 0.484375 0.349219 0.483333 0.35 0.478125 0.35 0.477083 0.350781 0.46875 0.350781 0.467708 0.351562 0.439583 0.351562 0.438542 0.350781 0.43125 0.350781 0.430208 0.35 0.423958 0.35 0.422917 0.349219 0.41875 0.349219 0.417708 0.348437 0.415625 0.348437 0.414583 0.347656 0.4125 0.347656 0.411458 0.346875 0.408333 0.346875 0.407292 0.346094 0.405208 0.346094 0.404167 0.345312 0.402083 0.345312 0.401042 0.344531 0.4 0.344531 0.398958 0.34375 0.397917 0.34375 0.396875 0.342969 0.394792 0.342969 0.39375 0.342187 0.392708 0.342187 0.391667 0.341406 0.390625 0.341406 0.389583 0.340625 0.388542 0.340625 0.386458 0.339062 0.385417 0.339062 0.383333 0.3375 0.382292 0.3375 0.378125 0.334375 0.377083 0.334375 0.366667 0.326562 0.366667 0.325781 0.364583 0.324219 0.364583 0.323437 0.363542 0.322656 0.363542 0.321875 0.3625 0.321094 0.3625 0.320312 0.361458 0.319531 0.361458 0.317969 0.360417 0.317187 0.360417 0.314844 0.361458 0.314062 0.360417 0.313281 0.360417 0.307812 0.359375 0.307031 0.359375 0.305469 0.357292 0.303906 0.357292 0.303125 0.35625 0.302344 0.35625 0.301562 0.355208 0.301562 0.354167 0.300781 0.353125 0.300781 0.353125 0.314062 0.354167 0.314844 0.354167 0.319531 0.355208 0.320312 0.355208 0.321094 0.35625 0.321875 0.35625 0.324219 0.357292 0.325 0.357292 0.327344 0.358333 0.328125 0.358333 0.328906 0.359375 0.329687 0.359375 0.330469 0.360417 0.33125 0.360417 0.332031 0.361458 0.332812 0.361458 0.333594 0.364583 0.335938 0.364583 0.336719 0.369792 0.340625 0.370833 0.340625 0.375 0.34375 0.376042 0.34375 0.378125 0.345312 0.379167 0.345312 0.38125 0.346875 0.382292 0.346875 0.384375 0.348437 0.385417 0.348437 0.3875 0.35 0.388542 0.35 0.390625 0.351562 0.391667 0.351562 0.392708 0.352344 0.394792 0.352344 0.395833 0.353125 0.396875 0.353125 0.397917 0.353906 0.398958 0.353906 0.4 0.354687 0.402083 0.354687 0.403125 0.355469 0.405208 0.355469 0.40625 0.35625 0.408333 0.35625 0.409375 0.357031 0.411458 0.357031 0.4125 0.357812 0.415625 0.357812 0.416667 0.358594 0.419792 0.358594 0.420833 0.359375 0.423958 0.359375 0.425 0.360156 0.429167 0.360156 0.430208 0.360937 0.434375 0.360937 0.435417 0.361719 0.445833 0.361719 0.446875 0.3625 0.4625 0.3625 0.463542 0.361719 0.477083 0.361719 0.478125 0.360937 0.484375 0.360937 0.485417 0.360156 0.489583 0.360156 0.490625 0.359375 0.494792 0.359375 0.495833 0.358594 0.498958 0.358594 0.5 0.357812 0.503125 0.357812 0.504167 0.357031 0.50625 0.357031 0.507292 0.35625 0.509375 0.35625 0.510417 0.355469 0.5125 0.355469 0.513542 0.354687 0.515625 0.354687 0.516667 0.353906 0.517708 0.353906 0.51875 0.353125 0.519792 0.353125 0.520833 0.352344 0.522917 0.352344 0.523958 0.351562 0.525 0.351562 0.527083 0.35 0.528125 0.35 0.529167 0.349219 0.530208 0.349219 0.53125 0.348437 0.532292 0.348437 0.534375 0.346875 0.535417 0.346875 0.5375 0.345312 0.538542 0.345312 0.541667 0.342969 0.542708 0.342969 0.546875 0.339844 0.547917 0.339844 0.552083 0.336719 0.553125 0.336719 0.553125 0.335938 0.558333 0.332031 0.558333 0.33125 0.559375 0.330469 0.559375 0.329687 0.561458 0.328125 0.561458 0.327344 0.5625 0.326562 0.5625 0.325 0.563542 0.324219 0.563542 0.321094 0.564583 0.320312 0.564583 0.317969 0.565625 0.317187 0.565625 0.314844 0.566667 0.314062 0.566667 0.311719 0.565625 0.310937 0.565625 0.30625 0.564583 0.305469 0.564583 0.303906 0.565625 0.303125 0.565625 0.3 0.564583 0.299219 0.564583 0.296875 0.5625 0.295312 0.561458 0.295312 0.9806
0 0.563542 0.315625 0.563542 0.316406 0.563542 0.315625 0.572917 0.292969 0.575 0.29375 0.575 0.295312 0.577083 0.296875 0.577083 0.297656 0.578125 0.298437 0.579167 0.298437 0.580208 0.299219 0.580208 0.3 0.582292 0.301562 0.583333 0.301562 0.5875 0.304688 0.588542 0.304688 0.590625 0.30625 0.591667 0.30625 0.59375 0.307812 0.594792 0.307812 0.596875 0.309375 0.597917 0.309375 0.598958 0.310156 0.6 0.310156 0.601042 0.310937 0.602083 0.310937 0.603125 0.311719 0.604167 0.311719 0.605208 0.3125 0.607292 0.3125 0.608333 0.313281 0.609375 0.313281 0.610417 0.314062 0.611458 0.314062 0.6125 0.314844 0.613542 0.314844 0.614583 0.315625 0.617708 0.315625 0.61875 0.316406 0.620833 0.316406 0.621875 0.317187 0.623958 0.317187 0.625 0.317969 0.627083 0.317969 0.628125 0.31875 0.630208 0.31875 0.63125 0.319531 0.635417 0.319531 0.636458 0.320312 0.639583 0.320312 0.640625 0.321094 0.644792 0.321094 0.645833 0.321875 0.652083 0.321875 0.653125 0.322656 0.6625 0.322656 0.663542 0.323437 0.684375 0.323437 0.685417 0.322656 0.695833 0.322656 0.696875 0.321875 0.702083 0.321875 0.703125 0.321094 0.707292 0.321094 0.708333 0.320312 0.711458 0.320312 0.7125 0.319531 0.714583 0.319531 0.715625 0.31875 0.71875 0.31875 0.719792 0.317969 0.720833 0.317969 0.721875 0.317187 0.723958 0.317187 0.725 0.316406 0.726042 0.316406 0.727083 0.315625 0.728125 0.315625 0.729167 0.314844 0.73125 0.314844 0.732292 0.314062 0.733333 0.314062 0.735417 0.3125 0.736458 0.3125 0.738542 0.310937 0.739583 0.310937 0.742708 0.308594 0.74375 0.308594 0.748958 0.304688 0.748958 0.303906 0.752083 0.301562 0.752083 0.300781 0.754167 0.299219 0.754167 0.298437 0.758333 0.295312 0.758333 0.294531 0.759375 0.29375 0.759375 0.292187 0.760417 0.291406 0.760417 0.289844 0.761458 0.289062 0.761458 0.284375 0.7625 0.283594 0.7625 0.276562 0.761458 0.275781 0.761458 0.272656 0.760417 0.271875 0.760417 0.271094 0.759375 0.271094 0.759375 0.271875 0.758333 0.272656 0.757292 0.272656 0.754167 0.275 0.753125 0.275 0.746875 0.279687 0.746875 0.280469 0.745833 0.28125 0.745833 0.282031 0.744792 0.282812 0.744792 0.283594 0.74375 0.284375 0.74375 0.285156 0.739583 0.288281 0.739583 0.289062 0.735417 0.292187 0.734375 0.292187 0.728125 0.296875 0.727083 0.296875 0.725 0.298437 0.723958 0.298437 0.722917 0.299219 0.721875 0.299219 0.719792 0.300781 0.71875 0.300781 0.717708 0.301562 0.716667 0.301562 0.715625 0.302344 0.714583 0.302344 0.713542 0.303125 0.711458 0.303125 0.710417 0.303906 0.708333 0.303906 0.707292 0.304688 0.705208 0.304688 0.704167 0.305469 0.702083 0.305469 0.701042 0.30625 0.698958 0.30625 0.697917 0.307031 0.694792 0.307031 0.69375 0.307812 0.690625 0.307812 0.689583 0.308594 0.685417 0.308594 0.684375 0.309375 0.676042 0.309375 0.675 0.310156 0.655208 0.310156 0.654167 0.309375 0.641667 0.309375 0.640625 0.308594 0.632292 0.308594 0.63125 0.307812 0.626042 0.307812 0.625 0.307031 0.620833 0.307031 0.619792 0.30625 0.616667 0.30625 0.615625 0.305469 0.611458 0.305469 0.610417 0.304688 0.608333 0.304688 0.607292 0.303906 0.605208 0.303906 0.604167 0.303125 0.602083 0.303125 0.601042 0.302344 0.598958 0.302344 0.597917 0.301562 0.596875 0.301562 0.595833 0.300781 0.594792 0.300781 0.59375 0.3 0.591667 0.3 0.590625 0.299219 0.589583 0.299219 0.5875 0.297656 0.586458 0.297656 0.585417 0.296875 0.584375 0.296875 0.582292 0.295312 0.58125 0.295312 0.580208 0.294531 0.578125 0.294531 0.577083 0.29375 0.575 0.29375 0.572917 0.292969 0.573958 0.292187 0.572917 0.291406 0.571875 0.291406 0.571875 0.292187 0.572917 0.292969 0.97987
0 0.359375 0.332812 0.359375 0.333594 0.357292 0.335156 0.357292 0.338281 0.358333 0.339062 0.358333 0.340625 0.359375 0.341406 0.359375 0.347656 0.358333 0.348437 0.358333 0.352344 0.357292 0.353125 0.357292 0.357031 0.358333 0.357812 0.358333 0.358594 0.359375 0.359375 0.359375 0.360937 0.360417 0.361719 0.360417 0.363281 0.361458 0.364062 0.361458 0.366406 0.365625 0.369531 0.365625 0.370312 0.370833 0.374219 0.371875 0.374219 0.375 0.376562 0.376042 0.376562 0.378125 0.378125 0.379167 0.378125 0.382292 0.380469 0.383333 0.380469 0.385417 0.382031 0.386458 0.382031 0.388542 0.383594 0.390625 0.383594 0.391667 0.384375 0.392708 0.384375 0.394792 0.385937 0.395833 0.385937 0.396875 0.386719 0.397917 0.386719 0.398958 0.3875 0.401042 0.3875 0.403125 0.389062 0.405208 0.389062 0.40625 0.389844 0.408333 0.389844 0.409375 0.390625 0.411458 0.390625 0.4125 0.391406 0.414583 0.391406 0.415625 0.392187 0.41875 0.392187 0.419792 0.392969 0.425 0.392969 0.426042 0.39375 0.430208 0.39375 0.43125 0.394531 0.4375 0.394531 0.438542 0.395312 0.469792 0.395312 0.470833 0.394531 0.478125 0.394531 0.479167 0.39375 0.483333 0.39375 0.484375 0.392969 0.490625 0.392969 0.491667 0.392187 0.49375 0.392187 0.494792 0.391406 0.496875 0.391406 0.497917 0.390625 0.5 0.390625 0.501042 0.389844 0.503125 0.389844 0.504167 0.389062 0.50625 0.389062 0.507292 0.388281 0.509375 0.388281 0.510417 0.3875 0.511458 0.3875 0.5125 0.386719 0.514583 0.386719 0.515625 0.385937 0.516667 0.385937 0.51875 0.384375 0.519792 0.384375 0.520833 0.383594 0.521875 0.383594 0.522917 0.382812 0.523958 0.382812 0.525 0.382031 0.526042 0.382031 0.528125 0.380469 0.529167 0.380469 0.530208 0.379687 0.53125 0.379687 0.534375 0.377344 0.535417 0.377344 0.5375 0.375781 0.538542 0.375781 0.547917 0.36875 0.547917 0.367969 0.55 0.366406 0.55 0.365625 0.553125 0.363281 0.553125 0.3625 0.55625 0.360156 0.55625 0.359375 0.557292 0.358594 0.557292 0.357812 0.558333 0.357031 0.558333 0.355469 0.559375 0.354687 0.559375 0.352344 0.560417 0.351562 0.560417 0.348437 0.561458 0.347656 0.561458 0.335938 0.560417 0.335156 0.560417 0.336719 0.559375 0.3375 0.559375 0.342187 0.558333 0.342969 0.558333 0.344531 0.557292 0.345312 0.557292 0.346094 0.55625 0.346875 0.55625 0.347656 0.555208 0.348437 0.555208 0.349219 0.554167 0.35 0.554167 0.350781 0.553125 0.351562 0.553125 0.352344 0.552083 0.353125 0.552083 0.353906 0.551042 0.354687 0.551042 0.355469 0.546875 0.358594 0.546875 0.359375 0.539583 0.364844 0.538542 0.364844 0.533333 0.36875 0.532292 0.36875 0.53125 0.369531 0.530208 0.369531 0.528125 0.371094 0.527083 0.371094 0.526042 0.371875 0.525 0.371875 0.523958 0.372656 0.522917 0.372656 0.521875 0.373437 0.520833 0.373437 0.519792 0.374219 0.51875 0.374219 0.517708 0.375 0.516667 0.375 0.515625 0.375781 0.513542 0.375781 0.5125 0.376562 0.511458 0.376562 0.510417 0.377344 0.508333 0.377344 0.507292 0.378125 0.505208 0.378125 0.504167 0.378906 0.502083 0.378906 0.501042 0.379687 0.498958 0.379687 0.497917 0.380469 0.49375 0.380469 0.492708 0.38125 0.488542 0.38125 0.4875 0.382031 0.483333 0.382031 0.482292 0.382812 0.477083 0.382812 0.476042 0.383594 0.464583 0.383594 0.463542 0.384375 0.455208 0.384375 0.454167 0.383594 0.44375 0.383594 0.442708 0.382812 0.4375 0.382812 0.436458 0.382031 0.43125 0.382031 0.430208 0.38125 0.426042 0.38125 0.425 0.380469 0.421875 0.380469 0.420833 0.379687 0.41875 0.379687 0.417708 0.378906 0.415625 0.378906 0.414583 0.378125 0.4125 0.378125 0.411458 0.377344 0.409375 0.377344 0.408333 0.376562 0.407292 0.376562 0.40625 0.375781 0.405208 0.375781 0.404167 0.375 0.403125 0.375 0.402083 0.374219 0.401042 0.374219 0.398958 0.372656 0.397917 0.372656 0.396875 0.371875 0.395833 0.371875 0.39375 0.370312 0.392708 0.370312 0.389583 0.367969 0.388542 0.367969 0.385417 0.365625 0.384375 0.365625 0.373958 0.357812 0.373958 0.357031 0.371875 0.355469 0.371875 0.354687 0.369792 0.353125 0.369792 0.351562 0.36875 0.350781 0.36875 0.349219 0.367708 0.348437 0.367708 0.342969 0.366667 0.342187 0.366667 0.339844 0.365625 0.339062 0.365625 0.338281 0.364583 0.3375 0.364583 0.336719 0.972345
0 0.558333 0.360937 0.558333 0.361719 0.557292 0.3625 0.557292 0.363281 0.55625 0.364062 0.557292 0.364844 0.557292 0.367188 0.55625 0.367969 0.55625 0.371094 0.555208 0.371875 0.555208 0.375 0.554167 0.375781 0.554167 0.377344 0.553125 0.378125 0.553125 0.378906 0.552083 0.379687 0.552083 0.38125 0.551042 0.382031 0.551042 0.382812 0.55 0.383594 0.55 0.384375 0.546875 0.386719 0.546875 0.3875 0.54375 0.389844 0.54375 0.390625 0.53125 0.4 0.530208 0.4 0.528125 0.401562 0.527083 0.401562 0.517708 0.408594 0.516667 0.408594 0.513542 0.410937 0.5125 0.410937 0.510417 0.4125 0.509375 0.4125 0.508333 0.413281 0.507292 0.413281 0.50625 0.414062 0.505208 0.414062 0.504167 0.414844 0.503125 0.414844 0.502083 0.415625 0.501042 0.415625 0.5 0.416406 0.498958 0.416406 0.497917 0.417187 0.495833 0.417187 0.494792 0.417969 0.49375 0.417969 0.492708 0.41875 0.490625 0.41875 0.489583 0.419531 0.486458 0.419531 0.485417 0.420312 0.482292 0.420312 0.48125 0.421094 0.479167 0.421094 0.478125 0.421875 0.475 0.421875 0.473958 0.422656 0.466667 0.422656 0.465625 0.423437 0.45625 0.423437 0.455208 0.424219 0.438542 0.424219 0.4375 0.423437 0.43125 0.423437 0.430208 0.422656 0.423958 0.422656 0.422917 0.421875 0.417708 0.421875 0.416667 0.422656 0.415625 0.422656 0.420833 0.426562 0.421875 0.426562 0.422917 0.427344 0.423958 0.427344 0.425 0.428125 0.427083 0.428125 0.428125 0.428906 0.429167 0.428906 0.430208 0.429688 0.432292 0.429688 0.433333 0.430469 0.435417 0.430469 0.436458 0.43125 0.438542 0.43125 0.439583 0.432031 0.442708 0.432031 0.44375 0.432812 0.446875 0.432812 0.447917 0.433594 0.45 0.433594 0.451042 0.434375 0.455208 0.434375 0.45625 0.435156 0.497917 0.435156 0.498958 0.434375 0.503125 0.434375 0.504167 0.433594 0.507292 0.433594 0.508333 0.432812 0.511458 0.432812 0.5125 0.432031 0.515625 0.432031 0.516667 0.43125 0.51875 0.43125 0.519792 0.430469 0.520833 0.430469 0.521875 0.429688 0.522917 0.429688 0.523958 0.428906 0.526042 0.428906 0.527083 0.428125 0.528125 0.428125 0.529167 0.427344 0.530208 0.427344 0.53125 0.426562 0.532292 0.426562 0.533333 0.425781 0.534375 0.425781 0.536458 0.424219 0.5375 0.424219 0.539583 0.422656 0.540625 0.422656 0.541667 0.421875 0.542708 0.421875 0.545833 0.419531 0.546875 0.419531 0.558333 0.410937 0.558333 0.410156 0.559375 0.409375 0.559375 0.408594 0.561458 0.407031 0.561458 0.40625 0.563542 0.404687 0.563542 0.403125 0.564583 0.402344 0.564583 0.400781 0.565625 0.4 0.565625 0.398438 0.566667 0.397656 0.566667 0.396094 0.567708 0.395312 0.567708 0.392187 0.56875 0.391406 0.56875 0.390625 0.569792 0.389844 0.569792 0.38125 0.56875 0.380469 0.56875 0.379687 0.567708 0.378906 0.567708 0.377344 0.566667 0.376562 0.566667 0.375781 0.564583 0.374219 0.564583 0.372656 0.563542 0.371875 0.563542 0.369531 0.561458 0.367969 0.561458 0.365625 0.560417 0.364844 0.560417 0.360937 0.96862
0 0.342708 0.289062 0.342708 0.290625 0.341667 0.291406 0.341667 0.292187 0.339583 0.29375 0.339583 0.295312 0.338542 0.296094 0.338542 0.296875 0.3375 0.297656 0.3375 0.298437 0.336458 0.299219 0.336458 0.3 0.335417 0.300781 0.335417 0.301562 0.334375 0.302344 0.334375 0.303125 0.33125 0.305469 0.33125 0.30625 0.327083 0.309375 0.327083 0.310156 0.326042 0.310937 0.325 0.310937 0.323958 0.311719 0.323958 0.3125 0.320833 0.314844 0.319792 0.314844 0.315625 0.317969 0.314583 0.317969 0.311458 0.320312 0.310417 0.320312 0.307292 0.322656 0.30625 0.322656 0.304167 0.324219 0.303125 0.324219 0.302083 0.325 0.301042 0.325 0.298958 0.326562 0.297917 0.326562 0.296875 0.327344 0.295833 0.327344 0.294792 0.328125 0.29375 0.328125 0.292708 0.328906 0.291667 0.328906 0.290625 0.329687 0.289583 0.329687 0.288542 0.330469 0.286458 0.330469 0.285417 0.33125 0.284375 0.33125 0.283333 0.332031 0.28125 0.332031 0.280208 0.332812 0.279167 0.332812 0.278125 0.333594 0.276042 0.333594 0.275 0.334375 0.272917 0.334375 0.271875 0.335156 0.269792 0.335156 0.26875 0.335938 0.266667 0.335938 0.265625 0.336719 0.261458 0.336719 0.260417 0.3375 0.257292 0.3375 0.25625 0.338281 0.253125 0.338281 0.252083 0.339062 0.248958 0.339062 0.247917 0.339844 0.242708 0.339844 0.241667 0.340625 0.232292 0.340625 0.23125 0.341406 0.214583 0.341406 0.213542 0.342187 0.208333 0.342187 0.207292 0.341406 0.192708 0.341406 0.191667 0.340625 0.185417 0.340625 0.184375 0.339844 0.178125 0.339844 0.177083 0.339062 0.172917 0.339062 0.171875 0.338281 0.169792 0.338281 0.16875 0.3375 0.166667 0.3375 0.165625 0.336719 0.1625 0.336719 0.161458 0.335938 0.159375 0.335938 0.158333 0.335156 0.157292 0.335156 0.15625 0.334375 0.155208 0.334375 0.154167 0.333594 0.153125 0.333594 0.152083 0.332812 0.151042 0.332812 0.15 0.332031 0.148958 0.332031 0.147917 0.33125 0.146875 0.33125 0.145833 0.330469 0.144792 0.330469 0.142708 0.328906 0.141667 0.328906 0.138542 0.326562 0.1375 0.326562 0.130208 0.321094 0.130208 0.320312 0.129167 0.320312 0.127083 0.31875 0.127083 0.317969 0.126042 0.317187 0.125 0.317187 0.122917 0.315625 0.122917 0.313281 0.122917 0.317187 0.123958 0.317969 0.123958 0.320312 0.125 0.321094 0.125 0.322656 0.126042 0.323437 0.126042 0.324219 0.127083 0.325 0.127083 0.325781 0.128125 0.326562 0.128125 0.327344 0.129167 0.328125 0.129167 0.328906 0.13125 0.330469 0.13125 0.33125 0.134375 0.333594 0.134375 0.334375 0.138542 0.3375 0.139583 0.3375 0.142708 0.339844 0.14375 0.339844 0.146875 0.342187 0.147917 0.342187 0.148958 0.342969 0.15 0.342969 0.152083 0.344531 0.153125 0.344531 0.154167 0.345312 0.155208 0.345312 0.15625 0.346094 0.157292 0.346094 0.158333 0.346875 0.159375 0.346875 0.160417 0.347656 0.161458 0.347656 0.1625 0.348437 0.164583 0.348437 0.165625 0.349219 0.167708 0.349219 0.16875 0.35 0.170833 0.35 0.171875 0.350781 0.173958 0.350781 0.175 0.351562 0.178125 0.351562 0.179167 0.352344 0.183333 0.352344 0.184375 0.353125 0.189583 0.353125 0.190625 0.353906 0.195833 0.353906 0.196875 0.354687 0.205208 0.354687 0.20625 0.355469 0.227083 0.355469 0.228125 0.354687 0.2375 0.354687 0.238542 0.353906 0.24375 0.353906 0.244792 0.353125 0.25 0.353125 0.251042 0.352344 0.255208 0.352344 0.25625 0.351562 0.259375 0.351562 0.260417 0.350781 0.2625 0.350781 0.263542 0.35 0.266667 0.35 0.267708 0.349219 0.269792 0.349219 0.270833 0.348437 0.272917 0.348437 0.273958 0.347656 0.276042 0.347656 0.277083 0.346875 0.278125 0.346875 0.279167 0.346094 0.28125 0.346094 0.282292 0.345312 0.284375 0.345312 0.286458 0.34375 0.288542 0.34375 0.289583 0.342969 0.290625 0.342969 0.291667 0.342187 0.292708 0.342187 0.29375 0.341406 0.294792 0.341406 0.295833 0.340625 0.296875 0.340625 0.297917 0.339844 0.298958 0.339844 0.3 0.339062 0.301042 0.339062 0.303125 0.3375 0.304167 0.3375 0.305208 0.336719 0.30625 0.336719 0.308333 0.335156 0.309375 0.335156 0.311458 0.333594 0.3125 0.333594 0.315625 0.33125 0.316667 0.33125 0.321875 0.327344 0.322917 0.327344 0.325 0.325781 0.325 0.325 0.332292 0.319531 0.332292 0.31875 0.334375 0.317187 0.334375 0.316406 0.336458 0.314844 0.336458 0.314062 0.3375 0.313281 0.3375 0.3125 0.338542 0.311719 0.338542 0.310937 0.339583 0.310156 0.339583 0.309375 0.340625 0.308594 0.340625 0.307812 0.341667 0.307031 0.341667 0.305469 0.342708 0.304688 0.342708 0.302344 0.34375 0.301562 0.34375 0.289062 0.967937
0 0.55625 0.263281 0.55625 0.269531 0.55625 0.267187 0.557292 0.266406 0.55625 0.265625 0.55625 0.263281 0.55625 0.250781 0.55625 0.25 0.558333 0.248437 0.559375 0.248437 0.563542 0.251563 0.564583 0.251563 0.567708 0.253906 0.56875 0.253906 0.571875 0.25625 0.572917 0.25625 0.575 0.257812 0.576042 0.257812 0.578125 0.259375 0.579167 0.259375 0.582292 0.261719 0.583333 0.261719 0.584375 0.2625 0.585417 0.2625 0.5875 0.264062 0.588542 0.264062 0.589583 0.264844 0.590625 0.264844 0.591667 0.265625 0.592708 0.265625 0.59375 0.266406 0.594792 0.266406 0.595833 0.267187 0.596875 0.267187 0.597917 0.267969 0.598958 0.267969 0.6 0.26875 0.602083 0.26875 0.603125 0.269531 0.605208 0.269531 0.60625 0.270312 0.607292 0.270312 0.608333 0.271094 0.610417 0.271094 0.611458 0.271875 0.614583 0.271875 0.615625 0.272656 0.61875 0.272656 0.619792 0.273438 0.622917 0.273438 0.623958 0.274219 0.627083 0.274219 0.628125 0.275 0.63125 0.275 0.632292 0.275781 0.6375 0.275781 0.638542 0.276562 0.641667 0.276562 0.642708 0.277344 0.648958 0.277344 0.65 0.278125 0.659375 0.278125 0.660417 0.278906 0.688542 0.278906 0.689583 0.278125 0.7 0.278125 0.701042 0.277344 0.705208 0.277344 0.70625 0.276562 0.709375 0.276562 0.710417 0.275781 0.714583 0.275781 0.715625 0.275 0.719792 0.275 0.720833 0.274219 0.723958 0.274219 0.725 0.273438 0.727083 0.273438 0.728125 0.272656 0.730208 0.272656 0.73125 0.271875 0.733333 0.271875 0.734375 0.271094 0.736458 0.271094 0.7375 0.270312 0.738542 0.270312 0.740625 0.26875 0.742708 0.26875 0.74375 0.267969 0.744792 0.267969 0.747917 0.265625 0.748958 0.265625 0.75 0.264844 0.751042 0.264844 0.754167 0.2625 0.755208 0.2625 0.759375 0.259375 0.759375 0.258594 0.7625 0.25625 0.7625 0.255469 0.765625 0.253125 0.765625 0.252344 0.766667 0.251563 0.766667 0.25 0.767708 0.249219 0.767708 0.248437 0.769792 0.246875 0.769792 0.246094 0.771875 0.244531 0.771875 0.240625 0.772917 0.239844 0.772917 0.234375 0.773958 0.233594 0.773958 0.230469 0.772917 0.229687 0.772917 0.226562 0.771875 0.225781 0.771875 0.223437 0.769792 0.221875 0.769792 0.221094 0.76875 0.220312 0.76875 0.219531 0.767708 0.21875 0.767708 0.217969 0.766667 0.217187 0.766667 0.216406 0.764583 0.214844 0.764583 0.214062 0.759375 0.210156 0.758333 0.210156 0.75 0.203906 0.748958 0.203906 0.747917 0.203125 0.746875 0.203125 0.744792 0.201562 0.74375 0.201562 0.742708 0.200781 0.740625 0.200781 0.739583 0.2 0.738542 0.200781 0.741667 0.203125 0.741667 0.203906 0.742708 0.204687 0.742708 0.205469 0.744792 0.207031 0.744792 0.207812 0.745833 0.208594 0.745833 0.209375 0.746875 0.210156 0.746875 0.211719 0.747917 0.2125 0.747917 0.214062 0.748958 0.214844 0.748958 0.216406 0.75 0.217187 0.75 0.226562 0.748958 0.227344 0.748958 0.229687 0.747917 0.230469 0.747917 0.232812 0.746875 0.233594 0.746875 0.235156 0.745833 0.235937 0.745833 0.236719 0.74375 0.238281 0.74375 0.239062 0.742708 0.239844 0.742708 0.240625 0.740625 0.242187 0.740625 0.242969 0.733333 0.248437 0.732292 0.248437 0.729167 0.250781 0.728125 0.250781 0.726042 0.252344 0.725 0.252344 0.723958 0.253125 0.722917 0.253125 0.721875 0.253906 0.720833 0.253906 0.719792 0.254688 0.71875 0.254688 0.717708 0.255469 0.716667 0.255469 0.715625 0.25625 0.713542 0.25625 0.7125 0.257031 0.711458 0.257031 0.710417 0.257812 0.708333 0.257812 0.707292 0.258594 0.705208 0.258594 0.704167 0.259375 0.702083 0.259375 0.701042 0.260156 0.697917 0.260156 0.696875 0.260937 0.692708 0.260937 0.691667 0.261719 0.6875 0.261719 0.686458 0.2625 0.682292 0.2625 0.68125 0.263281 0.660417 0.263281 0.659375 0.264062 0.654167 0.264062 0.653125 0.263281 0.636458 0.263281 0.635417 0.2625 0.628125 0.2625 0.627083 0.261719 0.621875 0.261719 0.620833 0.260937 0.616667 0.260937 0.615625 0.260156 0.610417 0.260156 0.609375 0.259375 0.60625 0.259375 0.605208 0.258594 0.603125 0.258594 0.602083 0.257812 0.6 0.257812 0.598958 0.257031 0.595833 0.257031 0.594792 0.25625 0.59375 0.25625 0.592708 0.255469 0.590625 0.255469 0.589583 0.254688 0.5875 0.254688 0.586458 0.253906 0.585417 0.253906 0.584375 0.253125 0.583333 0.253125 0.582292 0.252344 0.58125 0.252344 0.580208 0.251563 0.579167 0.251563 0.578125 0.250781 0.577083 0.250781 0.576042 0.25 0.575 0.25 0.573958 0.249219 0.572917 0.249219 0.571875 0.248437 0.570833 0.248437 0.569792 0.247656 0.56875 0.247656 0.567708 0.246875 0.566667 0.246875 0.564583 0.245312 0.563542 0.245312 0.558333 0.241406 0.557292 0.241406 0.55625 0.240625 0.55625 0.250781 0.96655
0 0.164583 0.394531 0.164583 0.394531 0.160417 0.391406 0.16875 0.397656 0.169792 0.398438 0.170833 0.398438 0.171875 0.399219 0.171875 0.4 0.175 0.402344 0.176042 0.402344 0.179167 0.404687 0.180208 0.404687 0.18125 0.405469 0.182292 0.405469 0.184375 0.407031 0.185417 0.407031 0.186458 0.407812 0.1875 0.407812 0.188542 0.408594 0.189583 0.408594 0.190625 0.409375 0.191667 0.409375 0.192708 0.410156 0.19375 0.410156 0.194792 0.410937 0.197917 0.410937 0.198958 0.411719 0.2 0.411719 0.201042 0.4125 0.202083 0.4125 0.203125 0.413281 0.207292 0.413281 0.208333 0.414062 0.2125 0.414062 0.213542 0.414844 0.215625 0.414844 0.216667 0.415625 0.220833 0.415625 0.221875 0.416406 0.234375 0.416406 0.235417 0.417187 0.239583 0.417187 0.240625 0.416406 0.258333 0.416406 0.259375 0.415625 0.266667 0.415625 0.267708 0.414844 0.271875 0.414844 0.272917 0.414062 0.277083 0.414062 0.278125 0.413281 0.282292 0.413281 0.283333 0.4125 0.285417 0.4125 0.286458 0.411719 0.288542 0.411719 0.289583 0.410937 0.291667 0.410937 0.292708 0.410156 0.294792 0.410156 0.295833 0.409375 0.297917 0.409375 0.298958 0.408594 0.3 0.408594 0.301042 0.407812 0.302083 0.407812 0.303125 0.407031 0.305208 0.407031 0.30625 0.40625 0.307292 0.40625 0.308333 0.405469 0.309375 0.405469 0.310417 0.404687 0.311458 0.404687 0.3125 0.403906 0.313542 0.403906 0.315625 0.402344 0.316667 0.402344 0.317708 0.401562 0.31875 0.401562 0.320833 0.4 0.321875 0.4 0.322917 0.399219 0.323958 0.399219 0.327083 0.396875 0.328125 0.396875 0.334375 0.392187 0.335417 0.392187 0.335417 0.391406 0.338542 0.389062 0.339583 0.389062 0.339583 0.388281 0.344792 0.384375 0.344792 0.383594 0.347917 0.38125 0.347917 0.380469 0.35 0.378906 0.35 0.378125 0.351042 0.377344 0.351042 0.376562 0.352083 0.375781 0.352083 0.375 0.353125 0.374219 0.353125 0.373437 0.354167 0.372656 0.354167 0.370312 0.355208 0.369531 0.355208 0.367969 0.35625 0.367188 0.35625 0.365625 0.357292 0.364844 0.357292 0.358594 0.35625 0.357812 0.35625 0.355469 0.35625 0.35625 0.355208 0.357031 0.355208 0.358594 0.352083 0.360937 0.352083 0.361719 0.35 0.363281 0.35 0.364062 0.348958 0.364844 0.348958 0.365625 0.347917 0.366406 0.347917 0.367188 0.345833 0.36875 0.345833 0.369531 0.34375 0.371094 0.34375 0.371875 0.342708 0.372656 0.342708 0.373437 0.340625 0.375 0.340625 0.375781 0.3375 0.378125 0.3375 0.378906 0.330208 0.384375 0.329167 0.384375 0.325 0.3875 0.323958 0.3875 0.319792 0.390625 0.31875 0.390625 0.317708 0.391406 0.316667 0.391406 0.314583 0.392969 0.313542 0.392969 0.3125 0.39375 0.311458 0.39375 0.310417 0.394531 0.309375 0.394531 0.307292 0.396094 0.30625 0.396094 0.305208 0.396875 0.304167 0.396875 0.303125 0.397656 0.301042 0.397656 0.3 0.398438 0.298958 0.398438 0.297917 0.399219 0.296875 0.399219 0.295833 0.4 0.29375 0.4 0.292708 0.400781 0.290625 0.400781 0.289583 0.401562 0.288542 0.401562 0.2875 0.402344 0.285417 0.402344 0.284375 0.403125 0.282292 0.403125 0.28125 0.403906 0.278125 0.403906 0.277083 0.404687 0.275 0.404687 0.273958 0.405469 0.270833 0.405469 0.269792 0.40625 0.263542 0.40625 0.2625 0.407031 0.25625 0.407031 0.255208 0.407812 0.247917 0.407812 0.246875 0.408594 0.217708 0.408594 0.216667 0.407812 0.2125 0.407812 0.211458 0.407031 0.207292 0.407031 0.20625 0.40625 0.2 0.40625 0.198958 0.405469 0.196875 0.405469 0.195833 0.404687 0.19375 0.404687 0.192708 0.403906 0.190625 0.403906 0.189583 0.403125 0.1875 0.403125 0.186458 0.402344 0.185417 0.402344 0.184375 0.401562 0.183333 0.401562 0.182292 0.400781 0.18125 0.400781 0.180208 0.4 0.176042 0.4 0.172917 0.397656 0.16875 0.397656 0.160417 0.391406 0.160417 0.391406 0.96518
0 0.559375 0.334375 0.559375 0.335156 0.558333 0.335938 0.558333 0.336719 0.557292 0.3375 0.55625 0.3375 0.55625 0.338281 0.555208 0.339062 0.555208 0.339844 0.554167 0.340625 0.554167 0.341406 0.551042 0.34375 0.551042 0.344531 0.55 0.345312 0.55 0.346094 0.535417 0.357031 0.534375 0.357031 0.532292 0.358594 0.53125 0.358594 0.529167 0.360156 0.528125 0.360156 0.525 0.3625 0.523958 0.3625 0.522917 0.363281 0.520833 0.363281 0.51875 0.364844 0.517708 0.364844 0.516667 0.365625 0.514583 0.365625 0.513542 0.366406 0.5125 0.366406 0.511458 0.367188 0.509375 0.367188 0.508333 0.367969 0.50625 0.367969 0.505208 0.36875 0.503125 0.36875 0.502083 0.369531 0.5 0.369531 0.498958 0.370312 0.496875 0.370312 0.495833 0.371094 0.490625 0.371094 0.489583 0.371875 0.484375 0.371875 0.483333 0.372656 0.479167 0.372656 0.478125 0.373437 0.470833 0.373437 0.469792 0.374219 0.448958 0.374219 0.447917 0.373437 0.441667 0.373437 0.440625 0.372656 0.436458 0.372656 0.435417 0.371875 0.430208 0.371875 0.429167 0.371094 0.423958 0.371094 0.422917 0.370312 0.419792 0.370312 0.41875 0.369531 0.416667 0.369531 0.415625 0.36875 0.414583 0.36875 0.413542 0.367969 0.410417 0.367969 0.409375 0.367188 0.407292 0.367188 0.40625 0.366406 0.405208 0.366406 0.404167 0.365625 0.402083 0.365625 0.401042 0.364844 0.4 0.364844 0.398958 0.364062 0.397917 0.364062 0.396875 0.363281 0.395833 0.363281 0.39375 0.361719 0.392708 0.361719 0.390625 0.360156 0.389583 0.360156 0.388542 0.359375 0.3875 0.359375 0.383333 0.35625 0.382292 0.35625 0.372917 0.349219 0.372917 0.348437 0.369792 0.346094 0.369792 0.35 0.370833 0.350781 0.370833 0.352344 0.371875 0.353125 0.371875 0.353906 0.375 0.35625 0.375 0.357031 0.379167 0.360156 0.379167 0.360937 0.380208 0.361719 0.38125 0.361719 0.383333 0.363281 0.383333 0.364062 0.384375 0.364062 0.388542 0.367188 0.389583 0.367188 0.390625 0.367969 0.391667 0.367969 0.394792 0.370312 0.395833 0.370312 0.397917 0.371875 0.398958 0.371875 0.4 0.372656 0.401042 0.372656 0.402083 0.373437 0.403125 0.373437 0.404167 0.374219 0.405208 0.374219 0.40625 0.375 0.407292 0.375 0.408333 0.375781 0.409375 0.375781 0.410417 0.376562 0.4125 0.376562 0.413542 0.377344 0.415625 0.377344 0.416667 0.378125 0.417708 0.378125 0.41875 0.378906 0.420833 0.378906 0.421875 0.379687 0.425 0.379687 0.426042 0.380469 0.43125 0.380469 0.432292 0.38125 0.4375 0.38125 0.438542 0.382031 0.442708 0.382031 0.44375 0.382812 0.476042 0.382812 0.477083 0.382031 0.48125 0.382031 0.482292 0.38125 0.4875 0.38125 0.488542 0.380469 0.492708 0.380469 0.49375 0.379687 0.497917 0.379687 0.498958 0.378906 0.501042 0.378906 0.502083 0.378125 0.503125 0.378125 0.504167 0.377344 0.50625 0.377344 0.507292 0.376562 0.510417 0.376562 0.511458 0.375781 0.5125 0.375781 0.513542 0.375 0.514583 0.375 0.515625 0.374219 0.517708 0.374219 0.51875 0.373437 0.519792 0.373437 0.521875 0.371875 0.522917 0.371875 0.523958 0.371094 0.525 0.371094 0.526042 0.370312 0.527083 0.370312 0.528125 0.369531 0.529167 0.369531 0.53125 0.367969 0.532292 0.367969 0.534375 0.366406 0.535417 0.366406 0.539583 0.363281 0.540625 0.363281 0.540625 0.3625 0.541667 0.361719 0.542708 0.361719 0.54375 0.360937 0.54375 0.360156 0.547917 0.357031 0.547917 0.35625 0.551042 0.353906 0.551042 0.353125 0.552083 0.352344 0.552083 0.350781 0.553125 0.35 0.553125 0.349219 0.555208 0.347656 0.555208 0.346875 0.55625 0.346094 0.55625 0.345312 0.557292 0.344531 0.557292 0.342187 0.558333 0.341406 0.558333 0.339062 0.559375 0.338281 0.963262
0 0.339583 0.253906 0.339583 0.259375 0.338542 0.260156 0.338542 0.264062 0.3375 0.264844 0.3375 0.266406 0.336458 0.267187 0.336458 0.267969 0.335417 0.26875 0.335417 0.269531 0.334375 0.270312 0.334375 0.271094 0.333333 0.271875 0.333333 0.272656 0.332292 0.273438 0.332292 0.274219 0.33125 0.275 0.33125 0.275781 0.327083 0.278906 0.327083 0.279687 0.317708 0.286719 0.316667 0.286719 0.3125 0.289844 0.311458 0.289844 0.309375 0.291406 0.308333 0.291406 0.307292 0.292187 0.30625 0.292187 0.304167 0.29375 0.303125 0.29375 0.301042 0.295312 0.3 0.295312 0.298958 0.296094 0.297917 0.296094 0.296875 0.296875 0.295833 0.296875 0.294792 0.297656 0.29375 0.297656 0.292708 0.298437 0.291667 0.298437 0.290625 0.299219 0.289583 0.299219 0.288542 0.3 0.2875 0.3 0.286458 0.300781 0.285417 0.300781 0.284375 0.301562 0.283333 0.301562 0.282292 0.302344 0.280208 0.302344 0.279167 0.303125 0.278125 0.303125 0.277083 0.303906 0.275 0.303906 0.273958 0.304688 0.271875 0.304688 0.270833 0.305469 0.26875 0.305469 0.267708 0.30625 0.265625 0.30625 0.264583 0.307031 0.2625 0.307031 0.261458 0.307812 0.258333 0.307812 0.257292 0.308594 0.255208 0.308594 0.254167 0.309375 0.251042 0.309375 0.25 0.310156 0.245833 0.310156 0.244792 0.310937 0.238542 0.310937 0.2375 0.311719 0.232292 0.311719 0.23125 0.3125 0.223958 0.3125 0.222917 0.313281 0.208333 0.313281 0.207292 0.314062 0.192708 0.314062 0.191667 0.313281 0.170833 0.313281 0.169792 0.3125 0.164583 0.3125 0.163542 0.311719 0.159375 0.311719 0.158333 0.310937 0.153125 0.310937 0.152083 0.310156 0.148958 0.310156 0.147917 0.309375 0.145833 0.309375 0.144792 0.308594 0.142708 0.308594 0.141667 0.307812 0.138542 0.307812 0.1375 0.307031 0.136458 0.307031 0.135417 0.30625 0.133333 0.30625 0.132292 0.305469 0.13125 0.305469 0.130208 0.304688 0.128125 0.304688 0.127083 0.303906 0.126042 0.303906 0.125 0.303125 0.123958 0.303125 0.121875 0.301562 0.120833 0.301562 0.11875 0.3 0.117708 0.3 0.113542 0.296875 0.1125 0.296875 0.111458 0.296094 0.111458 0.295312 0.110417 0.294531 0.109375 0.294531 0.109375 0.298437 0.111458 0.3 0.111458 0.300781 0.1125 0.301562 0.1125 0.302344 0.114583 0.303906 0.114583 0.304688 0.115625 0.304688 0.11875 0.307031 0.11875 0.307812 0.119792 0.307812 0.121875 0.309375 0.122917 0.309375 0.125 0.310937 0.126042 0.310937 0.127083 0.311719 0.128125 0.311719 0.129167 0.3125 0.130208 0.3125 0.132292 0.314062 0.133333 0.314062 0.134375 0.314844 0.136458 0.314844 0.1375 0.315625 0.138542 0.315625 0.140625 0.317187 0.141667 0.317187 0.142708 0.317969 0.144792 0.317969 0.145833 0.31875 0.146875 0.31875 0.147917 0.319531 0.15 0.319531 0.151042 0.320312 0.153125 0.320312 0.154167 0.321094 0.15625 0.321094 0.157292 0.321875 0.161458 0.321875 0.1625 0.322656 0.165625 0.322656 0.166667 0.323437 0.170833 0.323437 0.171875 0.324219 0.176042 0.324219 0.177083 0.325 0.185417 0.325 0.186458 0.325781 0.195833 0.325781 0.196875 0.326562 0.211458 0.326562 0.2125 0.325781 0.227083 0.325781 0.228125 0.325 0.235417 0.325 0.236458 0.324219 0.241667 0.324219 0.242708 0.323437 0.245833 0.323437 0.246875 0.322656 0.25 0.322656 0.251042 0.321875 0.25625 0.321875 0.257292 0.321094 0.259375 0.321094 0.260417 0.320312 0.263542 0.320312 0.264583 0.319531 0.266667 0.319531 0.267708 0.31875 0.269792 0.31875 0.270833 0.317969 0.272917 0.317969 0.273958 0.317187 0.276042 0.317187 0.277083 0.316406 0.279167 0.316406 0.280208 0.315625 0.28125 0.315625 0.282292 0.314844 0.284375 0.314844 0.285417 0.314062 0.286458 0.314062 0.2875 0.313281 0.288542 0.313281 0.289583 0.3125 0.291667 0.3125 0.292708 0.311719 0.29375 0.311719 0.294792 0.310937 0.295833 0.310937 0.296875 0.310156 0.297917 0.310156 0.3 0.308594 0.301042 0.308594 0.302083 0.307812 0.303125 0.307812 0.304167 0.307031 0.305208 0.307031 0.30625 0.30625 0.307292 0.30625 0.309375 0.304688 0.310417 0.304688 0.311458 0.303906 0.3125 0.303906 0.314583 0.302344 0.315625 0.302344 0.320833 0.298437 0.321875 0.298437 0.327083 0.294531 0.327083 0.29375 0.33125 0.290625 0.33125 0.289844 0.333333 0.288281 0.333333 0.2875 0.336458 0.285156 0.336458 0.284375 0.339583 0.282031 0.339583 0.28125 0.341667 0.279687 0.341667 0.278125 0.342708 0.277344 0.342708 0.276562 0.34375 0.275781 0.34375 0.274219 0.344792 0.273438 0.344792 0.261719 0.34375 0.260937 0.34375 0.258594 0.342708 0.257812 0.342708 0.25625 0.961811
0 0.358333 0.36875 0.35625 0.370312 0.35625 0.371094 0.355208 0.371875 0.355208 0.374219 0.352083 0.376562 0.352083 0.377344 0.351042 0.378125 0.351042 0.378906 0.35 0.379687 0.35 0.380469 0.346875 0.382812 0.346875 0.383594 0.342708 0.386719 0.342708 0.3875 0.335417 0.392969 0.334375 0.392969 0.328125 0.397656 0.327083 0.397656 0.322917 0.400781 0.321875 0.400781 0.320833 0.401562 0.319792 0.401562 0.31875 0.402344 0.317708 0.402344 0.315625 0.403906 0.314583 0.403906 0.313542 0.404687 0.3125 0.404687 0.311458 0.405469 0.310417 0.405469 0.309375 0.40625 0.308333 0.40625 0.307292 0.407031 0.30625 0.407031 0.305208 0.407812 0.304167 0.407812 0.303125 0.408594 0.301042 0.408594 0.3 0.409375 0.298958 0.409375 0.297917 0.410156 0.295833 0.410156 0.294792 0.410937 0.292708 0.410937 0.291667 0.411719 0.289583 0.411719 0.288542 0.4125 0.2875 0.4125 0.286458 0.413281 0.283333 0.413281 0.282292 0.414062 0.279167 0.414062 0.278125 0.414844 0.273958 0.414844 0.272917 0.415625 0.26875 0.415625 0.267708 0.416406 0.259375 0.416406 0.258333 0.417187 0.222917 0.417187 0.221875 0.416406 0.216667 0.416406 0.215625 0.415625 0.2125 0.415625 0.211458 0.414844 0.207292 0.414844 0.20625 0.414062 0.203125 0.414062 0.202083 0.413281 0.2 0.413281 0.198958 0.4125 0.197917 0.4125 0.196875 0.411719 0.194792 0.411719 0.19375 0.410937 0.192708 0.410937 0.191667 0.410156 0.189583 0.410156 0.188542 0.409375 0.1875 0.409375 0.186458 0.408594 0.185417 0.408594 0.183333 0.407031 0.182292 0.407031 0.18125 0.40625 0.180208 0.40625 0.179167 0.405469 0.178125 0.405469 0.176042 0.403906 0.175 0.403906 0.16875 0.399219 0.16875 0.398438 0.167708 0.398438 0.164583 0.396094 0.164583 0.395312 0.163542 0.394531 0.161458 0.394531 0.161458 0.395312 0.1625 0.396094 0.1625 0.397656 0.163542 0.398438 0.163542 0.399219 0.165625 0.400781 0.165625 0.401562 0.170833 0.405469 0.170833 0.40625 0.177083 0.410937 0.178125 0.410937 0.183333 0.414844 0.184375 0.414844 0.185417 0.415625 0.186458 0.415625 0.188542 0.417187 0.189583 0.417187 0.190625 0.417969 0.191667 0.417969 0.192708 0.41875 0.19375 0.41875 0.194792 0.419531 0.195833 0.419531 0.196875 0.420312 0.198958 0.420312 0.2 0.421094 0.202083 0.421094 0.203125 0.421875 0.205208 0.421875 0.20625 0.422656 0.208333 0.422656 0.209375 0.423437 0.2125 0.423437 0.213542 0.424219 0.216667 0.424219 0.217708 0.425 0.222917 0.425 0.223958 0.425781 0.232292 0.425781 0.233333 0.426562 0.254167 0.426562 0.255208 0.425781 0.263542 0.425781 0.264583 0.425 0.271875 0.425 0.272917 0.424219 0.276042 0.424219 0.277083 0.423437 0.280208 0.423437 0.28125 0.422656 0.284375 0.422656 0.285417 0.421875 0.288542 0.421875 0.289583 0.421094 0.291667 0.421094 0.292708 0.420312 0.294792 0.420312 0.295833 0.419531 0.297917 0.419531 0.298958 0.41875 0.301042 0.41875 0.302083 0.417969 0.303125 0.417969 0.304167 0.417187 0.305208 0.417187 0.30625 0.416406 0.307292 0.416406 0.308333 0.415625 0.309375 0.415625 0.310417 0.414844 0.311458 0.414844 0.3125 0.414062 0.313542 0.414062 0.314583 0.413281 0.315625 0.413281 0.317708 0.411719 0.31875 0.411719 0.319792 0.410937 0.320833 0.410937 0.322917 0.409375 0.323958 0.409375 0.326042 0.407812 0.327083 0.407812 0.330208 0.405469 0.33125 0.405469 0.344792 0.395312 0.344792 0.394531 0.347917 0.392187 0.347917 0.391406 0.348958 0.390625 0.348958 0.389844 0.351042 0.388281 0.351042 0.3875 0.353125 0.385937 0.353125 0.384375 0.354167 0.383594 0.354167 0.38125 0.35625 0.379687 0.35625 0.378125 0.357292 0.377344 0.357292 0.372656 0.358333 0.371875 0.957283
0 0.359375 0.363281 0.359375 0.367188 0.358333 0.367969 0.358333 0.386719 0.360417 0.388281 0.360417 0.390625 0.361458 0.391406 0.361458 0.39375 0.3625 0.394531 0.3625 0.395312 0.365625 0.397656 0.365625 0.398438 0.36875 0.400781 0.36875 0.401562 0.372917 0.404687 0.373958 0.404687 0.376042 0.40625 0.377083 0.40625 0.38125 0.409375 0.382292 0.409375 0.384375 0.410937 0.385417 0.410937 0.386458 0.411719 0.3875 0.411719 0.389583 0.413281 0.390625 0.413281 0.391667 0.414062 0.392708 0.414062 0.39375 0.414844 0.394792 0.414844 0.395833 0.415625 0.396875 0.415625 0.397917 0.416406 0.398958 0.416406 0.4 0.417187 0.401042 0.417187 0.402083 0.417969 0.405208 0.417969 0.40625 0.41875 0.407292 0.41875 0.408333 0.419531 0.411458 0.419531 0.4125 0.420312 0.417708 0.420312 0.41875 0.421094 0.425 0.421094 0.426042 0.421875 0.430208 0.421875 0.43125 0.422656 0.436458 0.422656 0.4375 0.423437 0.45625 0.423437 0.457292 0.422656 0.466667 0.422656 0.467708 0.421875 0.473958 0.421875 0.475 0.421094 0.477083 0.421094 0.478125 0.420312 0.48125 0.420312 0.482292 0.419531 0.484375 0.419531 0.485417 0.41875 0.488542 0.41875 0.489583 0.417969 0.491667 0.417969 0.492708 0.417187 0.494792 0.417187 0.495833 0.416406 0.497917 0.416406 0.498958 0.415625 0.5 0.415625 0.501042 0.414844 0.502083 0.414844 0.503125 0.414062 0.505208 0.414062 0.50625 0.413281 0.507292 0.413281 0.509375 0.411719 0.510417 0.411719 0.511458 0.410937 0.5125 0.410937 0.516667 0.407812 0.517708 0.407812 0.521875 0.404687 0.522917 0.404687 0.522917 0.403906 0.520833 0.403906 0.519792 0.404687 0.517708 0.404687 0.515625 0.40625 0.514583 0.40625 0.513542 0.407031 0.510417 0.407031 0.509375 0.407812 0.507292 0.407812 0.50625 0.408594 0.505208 0.408594 0.504167 0.409375 0.502083 0.409375 0.501042 0.410156 0.496875 0.410156 0.495833 0.410937 0.491667 0.410937 0.490625 0.411719 0.488542 0.411719 0.4875 0.4125 0.484375 0.4125 0.483333 0.413281 0.479167 0.413281 0.478125 0.414062 0.46875 0.414062 0.467708 0.414844 0.446875 0.414844 0.445833 0.414062 0.4375 0.414062 0.436458 0.413281 0.432292 0.413281 0.43125 0.4125 0.428125 0.4125 0.427083 0.411719 0.423958 0.411719 0.422917 0.410937 0.420833 0.410937 0.419792 0.410156 0.416667 0.410156 0.415625 0.409375 0.414583 0.409375 0.413542 0.408594 0.411458 0.408594 0.410417 0.407812 0.409375 0.407812 0.408333 0.407031 0.407292 0.407031 0.40625 0.40625 0.405208 0.40625 0.404167 0.405469 0.403125 0.405469 0.402083 0.404687 0.401042 0.404687 0.4 0.403906 0.398958 0.403906 0.397917 0.403125 0.396875 0.403125 0.395833 0.402344 0.394792 0.402344 0.391667 0.4 0.390625 0.4 0.380208 0.392187 0.380208 0.391406 0.376042 0.388281 0.376042 0.3875 0.373958 0.385937 0.373958 0.384375 0.372917 0.383594 0.372917 0.382031 0.371875 0.38125 0.371875 0.379687 0.370833 0.378906 0.370833 0.377344 0.369792 0.376562 0.369792 0.375781 0.36875 0.375 0.36875 0.374219 0.367708 0.373437 0.367708 0.371875 0.366667 0.371094 0.366667 0.370312 0.365625 0.369531 0.365625 0.36875 0.364583 0.367969 0.364583 0.366406 0.360417 0.363281 0.956345
0 0.355208 0.333594 0.355208 0.338281 0.354167 0.339062 0.354167 0.340625 0.353125 0.341406 0.353125 0.342187 0.352083 0.342969 0.352083 0.34375 0.351042 0.344531 0.351042 0.346094 0.35 0.346875 0.35 0.347656 0.348958 0.348437 0.348958 0.349219 0.346875 0.350781 0.346875 0.351562 0.34375 0.353906 0.34375 0.354687 0.326042 0.367969 0.325 0.367969 0.322917 0.369531 0.321875 0.369531 0.31875 0.371875 0.317708 0.371875 0.316667 0.372656 0.315625 0.372656 0.314583 0.373437 0.313542 0.373437 0.311458 0.375 0.309375 0.375 0.308333 0.375781 0.30625 0.375781 0.304167 0.377344 0.303125 0.377344 0.302083 0.378125 0.301042 0.378125 0.3 0.378906 0.297917 0.378906 0.296875 0.379687 0.295833 0.379687 0.294792 0.380469 0.29375 0.380469 0.292708 0.38125 0.290625 0.38125 0.289583 0.382031 0.2875 0.382031 0.286458 0.382812 0.285417 0.382812 0.284375 0.383594 0.283333 0.383594 0.282292 0.384375 0.280208 0.384375 0.279167 0.385156 0.275 0.385156 0.273958 0.385937 0.272917 0.385937 0.271875 0.386719 0.269792 0.386719 0.26875 0.3875 0.264583 0.3875 0.263542 0.388281 0.25625 0.388281 0.255208 0.389062 0.25 0.389062 0.248958 0.389844 0.242708 0.389844 0.241667 0.390625 0.217708 0.390625 0.216667 0.389844 0.209375 0.389844 0.208333 0.389062 0.202083 0.389062 0.201042 0.388281 0.19375 0.388281 0.192708 0.3875 0.189583 0.3875 0.188542 0.386719 0.186458 0.386719 0.185417 0.385937 0.183333 0.385937 0.182292 0.385156 0.179167 0.385156 0.178125 0.384375 0.176042 0.384375 0.175 0.383594 0.172917 0.383594 0.171875 0.382812 0.170833 0.382812 0.169792 0.382031 0.167708 0.382031 0.166667 0.38125 0.165625 0.38125 0.163542 0.379687 0.1625 0.379687 0.161458 0.378906 0.160417 0.378906 0.159375 0.378125 0.158333 0.378125 0.155208 0.375781 0.154167 0.375781 0.15 0.372656 0.148958 0.372656 0.145833 0.370312 0.145833 0.369531 0.139583 0.364844 0.139583 0.364062 0.138542 0.363281 0.1375 0.363281 0.1375 0.367969 0.139583 0.369531 0.139583 0.370312 0.140625 0.371094 0.140625 0.372656 0.141667 0.373437 0.141667 0.374219 0.14375 0.375781 0.14375 0.376562 0.145833 0.378125 0.145833 0.378906 0.152083 0.383594 0.153125 0.383594 0.15625 0.385937 0.157292 0.385937 0.159375 0.3875 0.161458 0.3875 0.1625 0.388281 0.163542 0.388281 0.165625 0.389844 0.166667 0.389844 0.167708 0.390625 0.169792 0.390625 0.170833 0.391406 0.171875 0.391406 0.172917 0.392187 0.173958 0.392187 0.175 0.392969 0.177083 0.392969 0.178125 0.39375 0.18125 0.39375 0.182292 0.394531 0.183333 0.394531 0.184375 0.395312 0.186458 0.395312 0.1875 0.396094 0.188542 0.396094 0.189583 0.396875 0.19375 0.396875 0.194792 0.397656 0.197917 0.397656 0.198958 0.398438 0.202083 0.398438 0.203125 0.399219 0.210417 0.399219 0.211458 0.4 0.246875 0.4 0.247917 0.399219 0.257292 0.399219 0.258333 0.398438 0.261458 0.398438 0.2625 0.397656 0.265625 0.397656 0.266667 0.396875 0.270833 0.396875 0.271875 0.396094 0.276042 0.396094 0.277083 0.395312 0.279167 0.395312 0.280208 0.394531 0.282292 0.394531 0.283333 0.39375 0.285417 0.39375 0.286458 0.392969 0.289583 0.392969 0.290625 0.392187 0.291667 0.392187 0.292708 0.391406 0.294792 0.391406 0.295833 0.390625 0.296875 0.390625 0.297917 0.389844 0.301042 0.389844 0.302083 0.389062 0.303125 0.389062 0.304167 0.388281 0.305208 0.388281 0.307292 0.386719 0.309375 0.386719 0.310417 0.385937 0.311458 0.385937 0.313542 0.384375 0.314583 0.384375 0.315625 0.383594 0.316667 0.383594 0.317708 0.382812 0.31875 0.382812 0.320833 0.38125 0.321875 0.38125 0.323958 0.379687 0.325 0.379687 0.328125 0.377344 0.329167 0.377344 0.33125 0.375781 0.332292 0.375781 0.338542 0.371094 0.339583 0.371094 0.344792 0.367188 0.344792 0.366406 0.346875 0.364844 0.346875 0.364062 0.348958 0.3625 0.348958 0.361719 0.35 0.360937 0.35 0.360156 0.352083 0.358594 0.352083 0.357812 0.354167 0.35625 0.354167 0.355469 0.355208 0.354687 0.355208 0.352344 0.35625 0.351562 0.35625 0.350781 0.357292 0.35 0.357292 0.348437 0.358333 0.347656 0.358333 0.341406 0.359375 0.340625 0.359375 0.333594 0.955259
0 0.564583 0.351562 0.564583 0.358594 0.565625 0.359375 0.565625 0.360156 0.56875 0.3625 0.56875 0.363281 0.570833 0.364844 0.570833 0.365625 0.573958 0.367969 0.573958 0.36875 0.577083 0.371094 0.577083 0.371875 0.586458 0.378906 0.5875 0.378906 0.589583 0.380469 0.590625 0.380469 0.592708 0.382031 0.59375 0.382031 0.595833 0.383594 0.596875 0.383594 0.597917 0.384375 0.598958 0.384375 0.6 0.385156 0.601042 0.385156 0.602083 0.385937 0.603125 0.385937 0.604167 0.386719 0.605208 0.386719 0.60625 0.3875 0.608333 0.3875 0.609375 0.388281 0.610417 0.388281 0.611458 0.389062 0.613542 0.389062 0.614583 0.389844 0.616667 0.389844 0.617708 0.390625 0.619792 0.390625 0.620833 0.391406 0.622917 0.391406 0.623958 0.392187 0.626042 0.392187 0.627083 0.392969 0.629167 0.392969 0.630208 0.39375 0.634375 0.39375 0.635417 0.394531 0.640625 0.394531 0.641667 0.395312 0.648958 0.395312 0.65 0.396094 0.68125 0.396094 0.682292 0.395312 0.6875 0.395312 0.688542 0.394531 0.692708 0.394531 0.69375 0.39375 0.697917 0.39375 0.698958 0.392969 0.7 0.392969 0.701042 0.392187 0.703125 0.392187 0.704167 0.391406 0.70625 0.391406 0.707292 0.390625 0.708333 0.390625 0.709375 0.389844 0.711458 0.389844 0.713542 0.388281 0.714583 0.388281 0.715625 0.3875 0.716667 0.3875 0.717708 0.386719 0.71875 0.386719 0.720833 0.385156 0.721875 0.385156 0.73125 0.378125 0.732292 0.378125 0.732292 0.377344 0.738542 0.372656 0.738542 0.371875 0.739583 0.371094 0.739583 0.36875 0.740625 0.367969 0.740625 0.367188 0.741667 0.366406 0.741667 0.365625 0.742708 0.364844 0.742708 0.363281 0.742708 0.364844 0.741667 0.365625 0.739583 0.365625 0.738542 0.366406 0.738542 0.367188 0.734375 0.370312 0.734375 0.371094 0.732292 0.372656 0.73125 0.372656 0.727083 0.375781 0.726042 0.375781 0.723958 0.377344 0.722917 0.377344 0.720833 0.378906 0.719792 0.378906 0.71875 0.379687 0.717708 0.379687 0.716667 0.380469 0.715625 0.380469 0.714583 0.38125 0.713542 0.38125 0.7125 0.382031 0.711458 0.382031 0.710417 0.382812 0.707292 0.382812 0.70625 0.383594 0.704167 0.383594 0.703125 0.384375 0.702083 0.384375 0.701042 0.385156 0.697917 0.385156 0.696875 0.385937 0.690625 0.385937 0.689583 0.386719 0.684375 0.386719 0.683333 0.3875 0.676042 0.3875 0.675 0.388281 0.655208 0.388281 0.654167 0.3875 0.648958 0.3875 0.647917 0.386719 0.641667 0.386719 0.640625 0.385937 0.634375 0.385937 0.633333 0.385156 0.630208 0.385156 0.629167 0.384375 0.628125 0.384375 0.627083 0.383594 0.622917 0.383594 0.621875 0.382812 0.61875 0.382812 0.617708 0.382031 0.616667 0.382031 0.615625 0.38125 0.614583 0.38125 0.613542 0.380469 0.611458 0.380469 0.610417 0.379687 0.608333 0.379687 0.607292 0.378906 0.60625 0.378906 0.605208 0.378125 0.604167 0.378125 0.603125 0.377344 0.602083 0.377344 0.601042 0.376562 0.6 0.376562 0.598958 0.375781 0.597917 0.375781 0.595833 0.374219 0.594792 0.374219 0.59375 0.373437 0.592708 0.373437 0.5875 0.369531 0.586458 0.369531 0.582292 0.366406 0.58125 0.366406 0.580208 0.365625 0.580208 0.364844 0.579167 0.364062 0.578125 0.364062 0.577083 0.363281 0.577083 0.3625 0.56875 0.35625 0.56875 0.355469 0.564583 0.352344 0.951173
0 0.746875 0.351562 0.746875 0.35 0.746875 0.351562 0.745833 0.353125 0.742708 0.353125 0.742708 0.354687 0.7375 0.358594 0.7375 0.359375 0.736458 0.360156 0.735417 0.360156 0.727083 0.366406 0.726042 0.366406 0.725 0.367188 0.723958 0.367188 0.721875 0.36875 0.720833 0.36875 0.719792 0.369531 0.71875 0.369531 0.717708 0.370312 0.716667 0.370312 0.715625 0.371094 0.714583 0.371094 0.713542 0.371875 0.7125 0.371875 0.711458 0.372656 0.708333 0.372656 0.707292 0.373437 0.704167 0.373437 0.703125 0.374219 0.701042 0.374219 0.7 0.375 0.696875 0.375 0.695833 0.375781 0.6875 0.375781 0.686458 0.376562 0.676042 0.376562 0.675 0.377344 0.663542 0.377344 0.6625 0.376562 0.651042 0.376562 0.65 0.375781 0.640625 0.375781 0.639583 0.375 0.635417 0.375 0.634375 0.374219 0.632292 0.374219 0.63125 0.373437 0.628125 0.373437 0.627083 0.372656 0.622917 0.372656 0.621875 0.371875 0.619792 0.371875 0.61875 0.371094 0.617708 0.371094 0.616667 0.370312 0.615625 0.370312 0.614583 0.369531 0.6125 0.369531 0.611458 0.36875 0.609375 0.36875 0.608333 0.367969 0.607292 0.367969 0.605208 0.366406 0.603125 0.366406 0.602083 0.365625 0.601042 0.365625 0.598958 0.364062 0.597917 0.364062 0.595833 0.3625 0.594792 0.3625 0.592708 0.360937 0.591667 0.360937 0.589583 0.359375 0.588542 0.359375 0.580208 0.353125 0.579167 0.353125 0.577083 0.351562 0.577083 0.350781 0.571875 0.346875 0.571875 0.346094 0.56875 0.34375 0.56875 0.342187 0.567708 0.341406 0.566667 0.341406 0.565625 0.340625 0.565625 0.339844 0.564583 0.339062 0.564583 0.351562 0.573958 0.358594 0.573958 0.359375 0.584375 0.367188 0.585417 0.367188 0.590625 0.371094 0.591667 0.371094 0.594792 0.373437 0.595833 0.373437 0.596875 0.374219 0.597917 0.374219 0.598958 0.375 0.6 0.375 0.601042 0.375781 0.602083 0.375781 0.604167 0.377344 0.605208 0.377344 0.60625 0.378125 0.607292 0.378125 0.608333 0.378906 0.610417 0.378906 0.611458 0.379687 0.613542 0.379687 0.614583 0.380469 0.615625 0.380469 0.616667 0.38125 0.61875 0.38125 0.619792 0.382031 0.623958 0.382031 0.625 0.382812 0.627083 0.382812 0.628125 0.383594 0.630208 0.383594 0.63125 0.384375 0.633333 0.384375 0.634375 0.385156 0.641667 0.385156 0.642708 0.385937 0.647917 0.385937 0.648958 0.386719 0.655208 0.386719 0.65625 0.3875 0.675 0.3875 0.676042 0.386719 0.683333 0.386719 0.684375 0.385937 0.689583 0.385937 0.690625 0.385156 0.695833 0.385156 0.696875 0.384375 0.7 0.384375 0.701042 0.383594 0.703125 0.383594 0.704167 0.382812 0.705208 0.382812 0.70625 0.382031 0.709375 0.382031 0.710417 0.38125 0.711458 0.38125 0.7125 0.380469 0.713542 0.380469 0.714583 0.379687 0.716667 0.379687 0.717708 0.378906 0.71875 0.378906 0.721875 0.376562 0.722917 0.376562 0.723958 0.375781 0.725 0.375781 0.727083 0.374219 0.728125 0.374219 0.735417 0.36875 0.735417 0.367969 0.7375 0.366406 0.7375 0.365625 0.740625 0.363281 0.740625 0.3625 0.742708 0.360937 0.742708 0.359375 0.74375 0.358594 0.74375 0.357812 0.744792 0.357031 0.744792 0.355469 0.745833 0.354687 0.745833 0.353125 0.949127
0 0.751042 0.316406 0.751042 0.317187 0.75 0.317969 0.75 0.31875 0.748958 0.319531 0.748958 0.320312 0.746875 0.321875 0.746875 0.323437 0.745833 0.324219 0.745833 0.325 0.744792 0.325781 0.744792 0.326562 0.74375 0.327344 0.74375 0.328906 0.742708 0.329687 0.742708 0.332812 0.738542 0.335938 0.738542 0.336719 0.729167 0.34375 0.728125 0.34375 0.727083 0.344531 0.726042 0.344531 0.722917 0.346875 0.720833 0.346875 0.719792 0.347656 0.71875 0.347656 0.717708 0.348437 0.716667 0.348437 0.715625 0.349219 0.714583 0.349219 0.713542 0.35 0.711458 0.35 0.710417 0.350781 0.708333 0.350781 0.707292 0.351562 0.705208 0.351562 0.704167 0.352344 0.702083 0.352344 0.701042 0.353125 0.696875 0.353125 0.695833 0.353906 0.691667 0.353906 0.690625 0.354687 0.686458 0.354687 0.685417 0.355469 0.679167 0.355469 0.678125 0.35625 0.647917 0.35625 0.646875 0.355469 0.640625 0.355469 0.639583 0.354687 0.634375 0.354687 0.633333 0.353906 0.629167 0.353906 0.628125 0.353125 0.623958 0.353125 0.622917 0.352344 0.620833 0.352344 0.619792 0.351562 0.617708 0.351562 0.616667 0.350781 0.614583 0.350781 0.613542 0.35 0.611458 0.35 0.610417 0.349219 0.609375 0.349219 0.608333 0.348437 0.607292 0.348437 0.60625 0.347656 0.605208 0.347656 0.604167 0.346875 0.602083 0.346875 0.601042 0.346094 0.6 0.346094 0.598958 0.345312 0.597917 0.345312 0.596875 0.344531 0.595833 0.344531 0.594792 0.34375 0.59375 0.34375 0.592708 0.342969 0.591667 0.342969 0.589583 0.341406 0.588542 0.341406 0.5875 0.340625 0.586458 0.340625 0.583333 0.338281 0.582292 0.338281 0.58125 0.3375 0.580208 0.3375 0.576042 0.334375 0.575 0.334375 0.572917 0.332812 0.572917 0.332031 0.571875 0.332031 0.570833 0.33125 0.570833 0.336719 0.571875 0.336719 0.576042 0.339844 0.577083 0.339844 0.579167 0.341406 0.579167 0.342187 0.580208 0.342187 0.584375 0.345312 0.585417 0.345312 0.588542 0.347656 0.589583 0.347656 0.592708 0.35 0.59375 0.35 0.594792 0.350781 0.595833 0.350781 0.597917 0.352344 0.598958 0.352344 0.6 0.353125 0.601042 0.353125 0.602083 0.353906 0.603125 0.353906 0.604167 0.354687 0.60625 0.354687 0.607292 0.355469 0.608333 0.355469 0.609375 0.35625 0.610417 0.35625 0.611458 0.357031 0.613542 0.357031 0.614583 0.357812 0.615625 0.357812 0.616667 0.358594 0.619792 0.358594 0.620833 0.359375 0.622917 0.359375 0.623958 0.360156 0.627083 0.360156 0.628125 0.360937 0.63125 0.360937 0.632292 0.361719 0.635417 0.361719 0.636458 0.3625 0.639583 0.3625 0.640625 0.363281 0.644792 0.363281 0.645833 0.364062 0.655208 0.364062 0.65625 0.364844 0.682292 0.364844 0.683333 0.364062 0.690625 0.364062 0.691667 0.363281 0.694792 0.363281 0.695833 0.3625 0.698958 0.3625 0.7 0.361719 0.703125 0.361719 0.704167 0.360937 0.70625 0.360937 0.707292 0.360156 0.709375 0.360156 0.710417 0.359375 0.7125 0.359375 0.713542 0.358594 0.715625 0.358594 0.716667 0.357812 0.717708 0.357812 0.71875 0.357031 0.719792 0.357031 0.720833 0.35625 0.721875 0.35625 0.722917 0.355469 0.723958 0.355469 0.725 0.354687 0.726042 0.354687 0.729167 0.352344 0.730208 0.352344 0.73125 0.351562 0.732292 0.351562 0.741667 0.344531 0.741667 0.34375 0.74375 0.342187 0.74375 0.341406 0.744792 0.340625 0.744792 0.339844 0.745833 0.339062 0.745833 0.338281 0.747917 0.336719 0.747917 0.335938 0.748958 0.335156 0.748958 0.333594 0.75 0.332812 0.75 0.330469 0.751042 0.329687 0.751042 0.328125 0.752083 0.327344 0.752083 0.316406 0.948309
0 0.339583 0.283594 0.338542 0.284375 0.338542 0.285156 0.3375 0.285937 0.3375 0.286719 0.334375 0.289062 0.334375 0.289844 0.31875 0.301562 0.317708 0.301562 0.314583 0.303906 0.313542 0.303906 0.3125 0.304688 0.311458 0.304688 0.308333 0.307031 0.307292 0.307031 0.30625 0.307812 0.305208 0.307812 0.304167 0.308594 0.303125 0.308594 0.301042 0.310156 0.298958 0.310156 0.297917 0.310937 0.296875 0.310937 0.294792 0.3125 0.29375 0.3125 0.292708 0.313281 0.290625 0.313281 0.289583 0.314062 0.288542 0.314062 0.2875 0.314844 0.286458 0.314844 0.285417 0.315625 0.284375 0.315625 0.283333 0.316406 0.28125 0.316406 0.280208 0.317187 0.277083 0.317187 0.276042 0.317969 0.275 0.317969 0.273958 0.31875 0.272917 0.31875 0.271875 0.319531 0.26875 0.319531 0.267708 0.320312 0.264583 0.320312 0.263542 0.321094 0.261458 0.321094 0.260417 0.321875 0.258333 0.321875 0.257292 0.322656 0.253125 0.322656 0.252083 0.323437 0.247917 0.323437 0.246875 0.324219 0.24375 0.324219 0.242708 0.325 0.239583 0.325 0.238542 0.325781 0.23125 0.325781 0.230208 0.326562 0.216667 0.326562 0.215625 0.327344 0.194792 0.327344 0.19375 0.326562 0.183333 0.326562 0.182292 0.325781 0.173958 0.325781 0.172917 0.325 0.169792 0.325 0.16875 0.324219 0.165625 0.324219 0.164583 0.323437 0.160417 0.323437 0.159375 0.322656 0.155208 0.322656 0.154167 0.321875 0.153125 0.321875 0.152083 0.321094 0.15 0.321094 0.148958 0.320312 0.146875 0.320312 0.145833 0.319531 0.14375 0.319531 0.142708 0.31875 0.141667 0.31875 0.140625 0.317969 0.139583 0.317969 0.138542 0.317187 0.1375 0.317187 0.136458 0.316406 0.134375 0.316406 0.133333 0.315625 0.132292 0.315625 0.130208 0.314062 0.129167 0.314062 0.127083 0.3125 0.125 0.3125 0.122917 0.310937 0.122917 0.311719 0.123958 0.3125 0.123958 0.314062 0.126042 0.315625 0.126042 0.316406 0.134375 0.322656 0.134375 0.323437 0.1375 0.325781 0.138542 0.325781 0.141667 0.328125 0.142708 0.328125 0.144792 0.329687 0.145833 0.329687 0.146875 0.330469 0.147917 0.330469 0.148958 0.33125 0.15 0.33125 0.151042 0.332031 0.152083 0.332031 0.153125 0.332812 0.154167 0.332812 0.155208 0.333594 0.15625 0.333594 0.157292 0.334375 0.158333 0.334375 0.159375 0.335156 0.161458 0.335156 0.1625 0.335938 0.165625 0.335938 0.166667 0.336719 0.16875 0.336719 0.169792 0.3375 0.171875 0.3375 0.172917 0.338281 0.176042 0.338281 0.177083 0.339062 0.184375 0.339062 0.185417 0.339844 0.191667 0.339844 0.192708 0.340625 0.202083 0.340625 0.203125 0.341406 0.217708 0.341406 0.21875 0.340625 0.23125 0.340625 0.232292 0.339844 0.240625 0.339844 0.241667 0.339062 0.247917 0.339062 0.248958 0.338281 0.253125 0.338281 0.254167 0.3375 0.257292 0.3375 0.258333 0.336719 0.260417 0.336719 0.261458 0.335938 0.265625 0.335938 0.266667 0.335156 0.26875 0.335156 0.269792 0.334375 0.271875 0.334375 0.272917 0.333594 0.275 0.333594 0.276042 0.332812 0.278125 0.332812 0.279167 0.332031 0.28125 0.332031 0.282292 0.33125 0.283333 0.33125 0.284375 0.330469 0.285417 0.330469 0.286458 0.329687 0.288542 0.329687 0.289583 0.328906 0.290625 0.328906 0.291667 0.328125 0.292708 0.328125 0.29375 0.327344 0.294792 0.327344 0.295833 0.326562 0.296875 0.326562 0.297917 0.325781 0.298958 0.325781 0.301042 0.324219 0.302083 0.324219 0.303125 0.323437 0.304167 0.323437 0.30625 0.321875 0.307292 0.321875 0.310417 0.319531 0.311458 0.319531 0.314583 0.317187 0.315625 0.317187 0.320833 0.313281 0.321875 0.313281 0.321875 0.3125 0.325 0.310156 0.326042 0.310156 0.326042 0.309375 0.329167 0.307031 0.329167 0.30625 0.33125 0.304688 0.33125 0.303906 0.334375 0.301562 0.334375 0.300781 0.335417 0.3 0.335417 0.299219 0.336458 0.298437 0.336458 0.296875 0.338542 0.295312 0.338542 0.29375 0.339583 0.292969 0.948209
0 0.359375 0.304688 0.359375 0.316406 0.360417 0.317187 0.360417 0.317969 0.361458 0.31875 0.361458 0.319531 0.3625 0.320312 0.3625 0.321094 0.364583 0.322656 0.364583 0.323437 0.366667 0.325 0.366667 0.325781 0.376042 0.332812 0.377083 0.332812 0.38125 0.335938 0.382292 0.335938 0.385417 0.338281 0.386458 0.338281 0.3875 0.339062 0.388542 0.339062 0.389583 0.339844 0.390625 0.339844 0.392708 0.341406 0.39375 0.341406 0.394792 0.342187 0.396875 0.342187 0.397917 0.342969 0.4 0.342969 0.401042 0.34375 0.402083 0.34375 0.403125 0.344531 0.404167 0.344531 0.405208 0.345312 0.407292 0.345312 0.408333 0.346094 0.411458 0.346094 0.4125 0.346875 0.414583 0.346875 0.415625 0.347656 0.417708 0.347656 0.41875 0.348437 0.422917 0.348437 0.423958 0.349219 0.429167 0.349219 0.430208 0.35 0.4375 0.35 0.438542 0.350781 0.46875 0.350781 0.469792 0.35 0.476042 0.35 0.477083 0.349219 0.482292 0.349219 0.483333 0.348437 0.4875 0.348437 0.488542 0.347656 0.492708 0.347656 0.49375 0.346875 0.496875 0.346875 0.497917 0.346094 0.5 0.346094 0.501042 0.345312 0.504167 0.345312 0.505208 0.344531 0.50625 0.344531 0.507292 0.34375 0.509375 0.34375 0.510417 0.342969 0.511458 0.342969 0.5125 0.342187 0.514583 0.342187 0.515625 0.341406 0.516667 0.341406 0.517708 0.340625 0.51875 0.340625 0.519792 0.339844 0.520833 0.339844 0.521875 0.339062 0.522917 0.339062 0.523958 0.338281 0.525 0.338281 0.527083 0.336719 0.528125 0.336719 0.530208 0.335156 0.53125 0.335156 0.534375 0.332812 0.535417 0.332812 0.539583 0.329687 0.540625 0.329687 0.544792 0.326562 0.544792 0.325781 0.548958 0.322656 0.548958 0.321875 0.552083 0.319531 0.552083 0.31875 0.553125 0.317969 0.553125 0.317187 0.554167 0.316406 0.554167 0.314844 0.555208 0.314062 0.555208 0.313281 0.55625 0.3125 0.55625 0.304688 0.555208 0.305469 0.555208 0.30625 0.554167 0.307031 0.554167 0.308594 0.551042 0.310937 0.551042 0.311719 0.540625 0.319531 0.539583 0.319531 0.534375 0.323437 0.533333 0.323437 0.532292 0.324219 0.53125 0.324219 0.529167 0.325781 0.528125 0.325781 0.527083 0.326562 0.526042 0.326562 0.523958 0.328125 0.522917 0.328125 0.521875 0.328906 0.519792 0.328906 0.51875 0.329687 0.517708 0.329687 0.516667 0.330469 0.515625 0.330469 0.514583 0.33125 0.513542 0.33125 0.5125 0.332031 0.510417 0.332031 0.509375 0.332812 0.50625 0.332812 0.505208 0.333594 0.504167 0.333594 0.503125 0.334375 0.502083 0.334375 0.501042 0.335156 0.497917 0.335156 0.496875 0.335938 0.490625 0.335938 0.489583 0.336719 0.4875 0.336719 0.486458 0.3375 0.483333 0.3375 0.482292 0.338281 0.470833 0.338281 0.469792 0.339062 0.444792 0.339062 0.44375 0.338281 0.430208 0.338281 0.429167 0.3375 0.427083 0.3375 0.426042 0.336719 0.422917 0.336719 0.421875 0.335938 0.414583 0.335938 0.413542 0.335156 0.410417 0.335156 0.409375 0.334375 0.408333 0.334375 0.407292 0.333594 0.405208 0.333594 0.404167 0.332812 0.402083 0.332812 0.401042 0.332031 0.4 0.332031 0.398958 0.33125 0.396875 0.33125 0.395833 0.330469 0.394792 0.330469 0.39375 0.329687 0.392708 0.329687 0.391667 0.328906 0.390625 0.328906 0.389583 0.328125 0.388542 0.328125 0.3875 0.327344 0.386458 0.327344 0.384375 0.325781 0.383333 0.325781 0.380208 0.323437 0.379167 0.323437 0.375 0.320312 0.373958 0.320312 0.369792 0.317187 0.369792 0.316406 0.367708 0.314844 0.367708 0.314062 0.365625 0.3125 0.365625 0.311719 0.364583 0.310937 0.364583 0.310156 0.363542 0.309375 0.3625 0.309375 0.360417 0.307812 0.360417 0.30625 0.359375 0.305469 0.946378
0 0.371875 0.375 0.370833 0.375781 0.370833 0.376562 0.371875 0.377344 0.371875 0.378906 0.375 0.38125 0.375 0.382031 0.376042 0.382812 0.377083 0.382812 0.385417 0.389062 0.386458 0.389062 0.389583 0.391406 0.390625 0.391406 0.392708 0.392969 0.39375 0.392969 0.394792 0.39375 0.395833 0.39375 0.397917 0.395312 0.398958 0.395312 0.4 0.396094 0.401042 0.396094 0.402083 0.396875 0.404167 0.396875 0.405208 0.397656 0.40625 0.397656 0.407292 0.398438 0.408333 0.398438 0.409375 0.399219 0.411458 0.399219 0.4125 0.4 0.414583 0.4 0.415625 0.400781 0.417708 0.400781 0.41875 0.401562 0.420833 0.401562 0.421875 0.402344 0.427083 0.402344 0.428125 0.403125 0.432292 0.403125 0.433333 0.403906 0.439583 0.403906 0.440625 0.404687 0.467708 0.404687 0.46875 0.403906 0.473958 0.403906 0.475 0.403125 0.48125 0.403125 0.482292 0.402344 0.4875 0.402344 0.488542 0.401562 0.491667 0.401562 0.492708 0.400781 0.494792 0.400781 0.495833 0.4 0.497917 0.4 0.498958 0.399219 0.501042 0.399219 0.502083 0.398438 0.504167 0.398438 0.505208 0.397656 0.50625 0.397656 0.507292 0.396875 0.508333 0.396875 0.509375 0.396094 0.510417 0.396094 0.511458 0.395312 0.5125 0.395312 0.513542 0.394531 0.514583 0.394531 0.516667 0.392969 0.517708 0.392969 0.51875 0.392187 0.519792 0.392187 0.520833 0.391406 0.521875 0.391406 0.525 0.389062 0.526042 0.389062 0.529167 0.386719 0.530208 0.386719 0.539583 0.379687 0.539583 0.378906 0.540625 0.378125 0.540625 0.377344 0.541667 0.376562 0.542708 0.376562 0.542708 0.375 0.541667 0.375781 0.539583 0.375781 0.535417 0.378906 0.533333 0.378906 0.530208 0.38125 0.529167 0.38125 0.528125 0.382031 0.527083 0.382031 0.523958 0.384375 0.522917 0.384375 0.521875 0.385156 0.519792 0.385156 0.51875 0.385937 0.517708 0.385937 0.515625 0.3875 0.513542 0.3875 0.5125 0.388281 0.510417 0.388281 0.509375 0.389062 0.508333 0.389062 0.507292 0.389844 0.50625 0.389844 0.505208 0.390625 0.503125 0.390625 0.502083 0.391406 0.498958 0.391406 0.497917 0.392187 0.494792 0.392187 0.49375 0.392969 0.492708 0.392969 0.491667 0.39375 0.486458 0.39375 0.485417 0.394531 0.479167 0.394531 0.478125 0.395312 0.473958 0.395312 0.472917 0.396094 0.465625 0.396094 0.464583 0.396875 0.445833 0.396875 0.444792 0.396094 0.4375 0.396094 0.436458 0.395312 0.430208 0.395312 0.429167 0.394531 0.422917 0.394531 0.421875 0.39375 0.41875 0.39375 0.417708 0.392969 0.414583 0.392969 0.413542 0.392187 0.4125 0.392187 0.411458 0.391406 0.408333 0.391406 0.407292 0.390625 0.404167 0.390625 0.402083 0.389062 0.401042 0.389062 0.4 0.388281 0.396875 0.388281 0.395833 0.3875 0.394792 0.3875 0.391667 0.385156 0.390625 0.385156 0.389583 0.384375 0.3875 0.384375 0.384375 0.382031 0.383333 0.382031 0.380208 0.379687 0.379167 0.379687 0.377083 0.378125 0.376042 0.378125 0.371875 0.375 0.36875 0.373437 0.36875 0.372656 0.36875 0.373437 0.945913
0 0.560417 0.264062 0.560417 0.265625 0.559375 0.266406 0.559375 0.271094 0.558333 0.271875 0.558333 0.278906 0.560417 0.280469 0.560417 0.28125 0.561458 0.282031 0.561458 0.282812 0.566667 0.286719 0.567708 0.286719 0.570833 0.289062 0.571875 0.289062 0.573958 0.290625 0.575 0.290625 0.578125 0.292969 0.579167 0.292969 0.580208 0.29375 0.58125 0.29375 0.582292 0.294531 0.583333 0.294531 0.584375 0.295312 0.585417 0.295312 0.588542 0.297656 0.589583 0.297656 0.590625 0.298437 0.592708 0.298437 0.59375 0.299219 0.594792 0.299219 0.595833 0.3 0.596875 0.3 0.597917 0.300781 0.6 0.300781 0.601042 0.301562 0.603125 0.301562 0.604167 0.302344 0.605208 0.302344 0.60625 0.303125 0.608333 0.303125 0.609375 0.303906 0.611458 0.303906 0.6125 0.304688 0.617708 0.304688 0.61875 0.305469 0.621875 0.305469 0.622917 0.30625 0.626042 0.30625 0.627083 0.307031 0.632292 0.307031 0.633333 0.307812 0.64375 0.307812 0.644792 0.308594 0.683333 0.308594 0.684375 0.307812 0.689583 0.307812 0.690625 0.307031 0.69375 0.307031 0.694792 0.30625 0.697917 0.30625 0.698958 0.305469 0.701042 0.305469 0.702083 0.304688 0.704167 0.304688 0.705208 0.303906 0.707292 0.303906 0.708333 0.303125 0.710417 0.303125 0.711458 0.302344 0.7125 0.302344 0.713542 0.301562 0.714583 0.301562 0.715625 0.300781 0.716667 0.300781 0.717708 0.3 0.71875 0.3 0.719792 0.299219 0.720833 0.299219 0.721875 0.298437 0.722917 0.298437 0.725 0.296875 0.726042 0.296875 0.728125 0.295312 0.729167 0.295312 0.741667 0.285937 0.741667 0.285156 0.742708 0.284375 0.742708 0.283594 0.74375 0.282812 0.74375 0.282031 0.742708 0.282031 0.741667 0.282812 0.739583 0.282812 0.738542 0.283594 0.7375 0.283594 0.736458 0.284375 0.735417 0.284375 0.733333 0.285937 0.732292 0.285937 0.73125 0.286719 0.730208 0.286719 0.729167 0.2875 0.728125 0.2875 0.727083 0.288281 0.726042 0.288281 0.723958 0.289844 0.722917 0.289844 0.721875 0.290625 0.71875 0.290625 0.717708 0.291406 0.715625 0.291406 0.713542 0.292969 0.711458 0.292969 0.710417 0.29375 0.705208 0.29375 0.704167 0.294531 0.701042 0.294531 0.7 0.295312 0.697917 0.295312 0.696875 0.296094 0.69375 0.296094 0.692708 0.296875 0.686458 0.296875 0.685417 0.297656 0.652083 0.297656 0.651042 0.296875 0.642708 0.296875 0.641667 0.296094 0.638542 0.296094 0.6375 0.295312 0.634375 0.295312 0.633333 0.294531 0.629167 0.294531 0.628125 0.29375 0.623958 0.29375 0.622917 0.292969 0.620833 0.292969 0.619792 0.292187 0.617708 0.292187 0.616667 0.291406 0.613542 0.291406 0.6125 0.290625 0.610417 0.290625 0.609375 0.289844 0.608333 0.289844 0.607292 0.289062 0.605208 0.289062 0.604167 0.288281 0.602083 0.288281 0.601042 0.2875 0.6 0.2875 0.598958 0.286719 0.597917 0.286719 0.596875 0.285937 0.595833 0.285937 0.594792 0.285156 0.59375 0.285156 0.592708 0.284375 0.590625 0.284375 0.588542 0.282812 0.5875 0.282812 0.585417 0.28125 0.584375 0.28125 0.583333 0.280469 0.582292 0.280469 0.579167 0.278125 0.578125 0.278125 0.564583 0.267969 0.564583 0.267187 0.944629
0 0.566667 0.303125 0.566667 0.308594 0.567708 0.309375 0.567708 0.311719 0.56875 0.3125 0.56875 0.313281 0.569792 0.314062 0.569792 0.314844 0.571875 0.316406 0.571875 0.317187 0.572917 0.317187 0.576042 0.319531 0.576042 0.320312 0.577083 0.321094 0.578125 0.321094 0.580208 0.322656 0.580208 0.323437 0.58125 0.323437 0.585417 0.326562 0.586458 0.326562 0.589583 0.328906 0.590625 0.328906 0.592708 0.330469 0.59375 0.330469 0.594792 0.33125 0.595833 0.33125 0.597917 0.332812 0.598958 0.332812 0.6 0.333594 0.602083 0.333594 0.603125 0.334375 0.604167 0.334375 0.605208 0.335156 0.60625 0.335156 0.607292 0.335938 0.608333 0.335938 0.609375 0.336719 0.611458 0.336719 0.6125 0.3375 0.613542 0.3375 0.614583 0.338281 0.616667 0.338281 0.617708 0.339062 0.619792 0.339062 0.620833 0.339844 0.622917 0.339844 0.623958 0.340625 0.627083 0.340625 0.628125 0.341406 0.63125 0.341406 0.632292 0.342187 0.636458 0.342187 0.6375 0.342969 0.642708 0.342969 0.64375 0.34375 0.65 0.34375 0.651042 0.344531 0.685417 0.344531 0.686458 0.34375 0.692708 0.34375 0.69375 0.342969 0.698958 0.342969 0.7 0.342187 0.704167 0.342187 0.705208 0.341406 0.707292 0.341406 0.708333 0.340625 0.710417 0.340625 0.711458 0.339844 0.7125 0.339844 0.713542 0.339062 0.716667 0.339062 0.717708 0.338281 0.71875 0.338281 0.720833 0.336719 0.722917 0.336719 0.723958 0.335938 0.725 0.335938 0.728125 0.333594 0.729167 0.333594 0.730208 0.332812 0.73125 0.332812 0.735417 0.329687 0.736458 0.329687 0.7375 0.328906 0.7375 0.328125 0.738542 0.327344 0.739583 0.327344 0.740625 0.326562 0.740625 0.325781 0.74375 0.323437 0.74375 0.322656 0.744792 0.321875 0.744792 0.321094 0.746875 0.319531 0.746875 0.31875 0.747917 0.317969 0.747917 0.316406 0.746875 0.316406 0.745833 0.317187 0.745833 0.317969 0.744792 0.31875 0.742708 0.31875 0.739583 0.321094 0.738542 0.321094 0.735417 0.323437 0.734375 0.323437 0.73125 0.325781 0.729167 0.325781 0.728125 0.326562 0.726042 0.326562 0.723958 0.328125 0.722917 0.328125 0.721875 0.328906 0.719792 0.328906 0.71875 0.329687 0.715625 0.329687 0.714583 0.330469 0.713542 0.330469 0.7125 0.33125 0.710417 0.33125 0.709375 0.332031 0.703125 0.332031 0.702083 0.332812 0.695833 0.332812 0.694792 0.333594 0.689583 0.333594 0.688542 0.334375 0.676042 0.334375 0.675 0.335156 0.6625 0.335156 0.661458 0.334375 0.652083 0.334375 0.651042 0.333594 0.646875 0.333594 0.645833 0.332812 0.639583 0.332812 0.638542 0.332031 0.632292 0.332031 0.63125 0.33125 0.629167 0.33125 0.628125 0.330469 0.627083 0.330469 0.626042 0.329687 0.622917 0.329687 0.621875 0.328906 0.61875 0.328906 0.617708 0.328125 0.616667 0.328125 0.615625 0.327344 0.614583 0.327344 0.613542 0.326562 0.611458 0.326562 0.610417 0.325781 0.608333 0.325781 0.60625 0.324219 0.605208 0.324219 0.604167 0.323437 0.603125 0.323437 0.602083 0.322656 0.601042 0.322656 0.6 0.321875 0.598958 0.321875 0.596875 0.320312 0.595833 0.320312 0.594792 0.319531 0.59375 0.319531 0.592708 0.31875 0.591667 0.31875 0.588542 0.316406 0.5875 0.316406 0.584375 0.314062 0.583333 0.314062 0.572917 0.30625 0.572917 0.305469 0.571875 0.304688 0.571875 0.303906 0.570833 0.303906 0.569792 0.303125 0.942953
0 0.353125 0.388281 0.352083 0.388281 0.351042 0.389062 0.351042 0.389844 0.35 0.390625 0.35 0.391406 0.346875 0.39375 0.346875 0.394531 0.345833 0.395312 0.345833 0.396094 0.34375 0.397656 0.342708 0.397656 0.342708 0.398438 0.339583 0.400781 0.338542 0.400781 0.338542 0.401562 0.335417 0.403906 0.334375 0.403906 0.330208 0.407031 0.329167 0.407031 0.326042 0.409375 0.325 0.409375 0.323958 0.410156 0.322917 0.410156 0.319792 0.4125 0.31875 0.4125 0.317708 0.413281 0.316667 0.413281 0.315625 0.414062 0.314583 0.414062 0.3125 0.415625 0.311458 0.415625 0.310417 0.416406 0.308333 0.416406 0.307292 0.417187 0.30625 0.417187 0.304167 0.41875 0.303125 0.41875 0.302083 0.419531 0.298958 0.419531 0.297917 0.420312 0.296875 0.420312 0.295833 0.421094 0.29375 0.421094 0.292708 0.421875 0.291667 0.421875 0.290625 0.422656 0.285417 0.422656 0.284375 0.423437 0.28125 0.423437 0.280208 0.424219 0.279167 0.424219 0.278125 0.425 0.273958 0.425 0.272917 0.425781 0.265625 0.425781 0.264583 0.426562 0.25625 0.426562 0.255208 0.427344 0.234375 0.427344 0.233333 0.426562 0.225 0.426562 0.223958 0.425781 0.216667 0.425781 0.215625 0.425 0.2125 0.425 0.211458 0.424219 0.209375 0.424219 0.208333 0.423437 0.20625 0.423437 0.205208 0.422656 0.202083 0.422656 0.201042 0.421875 0.198958 0.421875 0.197917 0.421094 0.196875 0.421094 0.195833 0.420312 0.194792 0.420312 0.19375 0.419531 0.191667 0.419531 0.189583 0.417969 0.188542 0.417969 0.1875 0.417187 0.186458 0.417187 0.185417 0.416406 0.184375 0.416406 0.18125 0.414062 0.180208 0.414062 0.16875 0.405469 0.16875 0.404687 0.164583 0.401562 0.164583 0.399219 0.163542 0.398438 0.1625 0.398438 0.1625 0.403125 0.163542 0.403906 0.163542 0.405469 0.165625 0.407031 0.165625 0.407812 0.167708 0.409375 0.167708 0.410156 0.16875 0.410937 0.16875 0.411719 0.169792 0.4125 0.169792 0.413281 0.171875 0.414844 0.171875 0.415625 0.180208 0.421875 0.18125 0.421875 0.184375 0.424219 0.185417 0.424219 0.186458 0.425 0.1875 0.425 0.189583 0.426562 0.190625 0.426562 0.191667 0.427344 0.192708 0.427344 0.19375 0.428125 0.194792 0.428125 0.195833 0.428906 0.196875 0.428906 0.197917 0.429688 0.198958 0.429688 0.2 0.430469 0.203125 0.430469 0.204167 0.43125 0.205208 0.43125 0.20625 0.432031 0.209375 0.432031 0.210417 0.432812 0.213542 0.432812 0.214583 0.433594 0.21875 0.433594 0.219792 0.434375 0.223958 0.434375 0.225 0.435156 0.232292 0.435156 0.233333 0.435937 0.252083 0.435937 0.253125 0.435156 0.261458 0.435156 0.2625 0.434375 0.26875 0.434375 0.269792 0.433594 0.276042 0.433594 0.277083 0.432812 0.280208 0.432812 0.28125 0.432031 0.283333 0.432031 0.284375 0.43125 0.286458 0.43125 0.2875 0.430469 0.290625 0.430469 0.291667 0.429688 0.29375 0.429688 0.294792 0.428906 0.295833 0.428906 0.296875 0.428125 0.298958 0.428125 0.3 0.427344 0.302083 0.427344 0.303125 0.426562 0.305208 0.426562 0.30625 0.425781 0.307292 0.425781 0.308333 0.425 0.309375 0.425 0.310417 0.424219 0.311458 0.424219 0.313542 0.422656 0.314583 0.422656 0.315625 0.421875 0.316667 0.421875 0.317708 0.421094 0.31875 0.421094 0.321875 0.41875 0.322917 0.41875 0.325 0.417187 0.326042 0.417187 0.329167 0.414844 0.330208 0.414844 0.333333 0.4125 0.334375 0.4125 0.34375 0.405469 0.34375 0.404687 0.344792 0.403906 0.344792 0.403125 0.347917 0.400781 0.347917 0.4 0.348958 0.399219 0.348958 0.398438 0.35 0.397656 0.35 0.396875 0.352083 0.395312 0.352083 0.394531 0.353125 0.39375 0.353125 0.388281 0.355208 0.385937 0.35625 0.385937 0.35625 0.384375 0.355208 0.384375 0.355208 0.385937 0.942747
0 0.76875 0.248437 0.767708 0.249219 0.767708 0.250781 0.766667 0.251563 0.766667 0.253125 0.763542 0.255469 0.763542 0.25625 0.759375 0.259375 0.759375 0.260156 0.75625 0.2625 0.755208 0.2625 0.752083 0.264844 0.751042 0.264844 0.748958 0.266406 0.747917 0.266406 0.745833 0.267969 0.744792 0.267969 0.74375 0.26875 0.742708 0.26875 0.741667 0.269531 0.740625 0.269531 0.739583 0.270312 0.738542 0.270312 0.7375 0.271094 0.736458 0.271094 0.735417 0.271875 0.734375 0.271875 0.733333 0.272656 0.73125 0.272656 0.730208 0.273438 0.728125 0.273438 0.727083 0.274219 0.725 0.274219 0.723958 0.275 0.720833 0.275 0.719792 0.275781 0.714583 0.275781 0.713542 0.276562 0.710417 0.276562 0.709375 0.277344 0.70625 0.277344 0.705208 0.278125 0.701042 0.278125 0.7 0.278906 0.689583 0.278906 0.688542 0.279687 0.661458 0.279687 0.660417 0.278906 0.646875 0.278906 0.645833 0.278125 0.640625 0.278125 0.639583 0.277344 0.636458 0.277344 0.635417 0.276562 0.630208 0.276562 0.629167 0.275781 0.623958 0.275781 0.622917 0.275 0.620833 0.275 0.619792 0.274219 0.617708 0.274219 0.616667 0.273438 0.614583 0.273438 0.613542 0.272656 0.609375 0.272656 0.608333 0.271875 0.60625 0.271875 0.604167 0.270312 0.602083 0.270312 0.601042 0.269531 0.598958 0.269531 0.597917 0.26875 0.596875 0.26875 0.595833 0.267969 0.594792 0.267969 0.59375 0.267187 0.592708 0.267187 0.591667 0.266406 0.590625 0.266406 0.589583 0.265625 0.588542 0.265625 0.586458 0.264062 0.585417 0.264062 0.584375 0.263281 0.583333 0.263281 0.580208 0.260937 0.579167 0.260937 0.578125 0.260156 0.577083 0.260156 0.573958 0.257812 0.572917 0.257812 0.570833 0.25625 0.569792 0.25625 0.565625 0.253125 0.564583 0.253125 0.563542 0.252344 0.5625 0.252344 0.560417 0.250781 0.559375 0.250781 0.559375 0.257031 0.560417 0.257812 0.560417 0.260156 0.561458 0.260156 0.5625 0.260937 0.563542 0.260937 0.564583 0.261719 0.565625 0.261719 0.575 0.26875 0.576042 0.26875 0.578125 0.270312 0.579167 0.270312 0.58125 0.271875 0.582292 0.271875 0.585417 0.274219 0.586458 0.274219 0.5875 0.275 0.588542 0.275 0.590625 0.276562 0.592708 0.276562 0.59375 0.277344 0.595833 0.277344 0.596875 0.278125 0.597917 0.278125 0.6 0.279687 0.603125 0.279687 0.604167 0.280469 0.605208 0.280469 0.60625 0.28125 0.608333 0.28125 0.610417 0.282812 0.6125 0.282812 0.613542 0.283594 0.617708 0.283594 0.61875 0.284375 0.620833 0.284375 0.621875 0.285156 0.623958 0.285156 0.625 0.285937 0.629167 0.285937 0.630208 0.286719 0.634375 0.286719 0.635417 0.2875 0.639583 0.2875 0.640625 0.288281 0.644792 0.288281 0.645833 0.289062 0.65625 0.289062 0.657292 0.289844 0.6875 0.289844 0.688542 0.289062 0.696875 0.289062 0.697917 0.288281 0.701042 0.288281 0.702083 0.2875 0.709375 0.2875 0.710417 0.286719 0.715625 0.286719 0.716667 0.285937 0.71875 0.285937 0.719792 0.285156 0.720833 0.285156 0.721875 0.284375 0.726042 0.284375 0.727083 0.283594 0.730208 0.283594 0.73125 0.282812 0.732292 0.282812 0.733333 0.282031 0.734375 0.282031 0.735417 0.28125 0.7375 0.28125 0.738542 0.280469 0.739583 0.280469 0.740625 0.279687 0.741667 0.279687 0.742708 0.278906 0.74375 0.278906 0.744792 0.278125 0.745833 0.278125 0.747917 0.276562 0.748958 0.276562 0.75 0.275781 0.751042 0.275781 0.754167 0.273438 0.755208 0.273438 0.763542 0.267187 0.763542 0.266406 0.764583 0.265625 0.764583 0.264844 0.765625 0.264062 0.765625 0.2625 0.766667 0.261719 0.766667 0.260156 0.767708 0.259375 0.767708 0.257812 0.76875 0.257031 0.76875 0.254688 0.769792 0.253906 0.769792 0.249219 0.940658
0 0.340625 0.372656 0.339583 0.371875 0.3375 0.373437 0.3375 0.374219 0.336458 0.375 0.335417 0.375 0.334375 0.375781 0.333333 0.375781 0.329167 0.378906 0.328125 0.378906 0.323958 0.382031 0.321875 0.382031 0.31875 0.384375 0.317708 0.384375 0.316667 0.385156 0.314583 0.385156 0.311458 0.3875 0.309375 0.3875 0.308333 0.388281 0.30625 0.388281 0.305208 0.389062 0.304167 0.389062 0.302083 0.390625 0.3 0.390625 0.298958 0.391406 0.296875 0.391406 0.295833 0.392187 0.29375 0.392187 0.292708 0.392969 0.291667 0.392969 0.290625 0.39375 0.289583 0.39375 0.288542 0.394531 0.284375 0.394531 0.283333 0.395312 0.28125 0.395312 0.280208 0.396094 0.279167 0.396094 0.278125 0.396875 0.275 0.396875 0.273958 0.397656 0.267708 0.397656 0.266667 0.398438 0.263542 0.398438 0.2625 0.399219 0.260417 0.399219 0.259375 0.4 0.253125 0.4 0.252083 0.400781 0.211458 0.400781 0.210417 0.4 0.204167 0.4 0.203125 0.399219 0.2 0.399219 0.198958 0.398438 0.195833 0.398438 0.194792 0.397656 0.190625 0.397656 0.189583 0.396875 0.1875 0.396875 0.186458 0.396094 0.184375 0.396094 0.183333 0.395312 0.182292 0.395312 0.18125 0.394531 0.176042 0.394531 0.175 0.39375 0.173958 0.39375 0.171875 0.392187 0.170833 0.392187 0.169792 0.391406 0.166667 0.391406 0.163542 0.389062 0.1625 0.389062 0.1625 0.391406 0.164583 0.392969 0.165625 0.392969 0.169792 0.396094 0.170833 0.396094 0.171875 0.396875 0.172917 0.396875 0.173958 0.397656 0.175 0.397656 0.176042 0.398438 0.177083 0.398438 0.178125 0.399219 0.18125 0.399219 0.182292 0.4 0.183333 0.4 0.185417 0.401562 0.1875 0.401562 0.188542 0.402344 0.190625 0.402344 0.191667 0.403125 0.19375 0.403125 0.194792 0.403906 0.196875 0.403906 0.197917 0.404687 0.201042 0.404687 0.202083 0.405469 0.20625 0.405469 0.207292 0.40625 0.211458 0.40625 0.2125 0.407031 0.215625 0.407031 0.216667 0.407812 0.247917 0.407812 0.248958 0.407031 0.254167 0.407031 0.255208 0.40625 0.260417 0.40625 0.261458 0.405469 0.267708 0.405469 0.26875 0.404687 0.272917 0.404687 0.273958 0.403906 0.276042 0.403906 0.277083 0.403125 0.280208 0.403125 0.28125 0.402344 0.283333 0.402344 0.284375 0.401562 0.286458 0.401562 0.2875 0.400781 0.289583 0.400781 0.290625 0.4 0.291667 0.4 0.292708 0.399219 0.294792 0.399219 0.295833 0.398438 0.296875 0.398438 0.297917 0.397656 0.3 0.397656 0.301042 0.396875 0.302083 0.396875 0.303125 0.396094 0.304167 0.396094 0.305208 0.395312 0.30625 0.395312 0.307292 0.394531 0.308333 0.394531 0.310417 0.392969 0.311458 0.392969 0.3125 0.392187 0.313542 0.392187 0.314583 0.391406 0.315625 0.391406 0.317708 0.389844 0.31875 0.389844 0.320833 0.388281 0.321875 0.388281 0.326042 0.385156 0.327083 0.385156 0.327083 0.384375 0.328125 0.383594 0.329167 0.383594 0.335417 0.378906 0.335417 0.378125 0.3375 0.376562 0.338542 0.376562 0.338542 0.375781 0.339583 0.375 0.339583 0.374219 0.340625 0.373437 0.340625 0.372656 0.342708 0.371094 0.34375 0.370312 0.34375 0.369531 0.342708 0.369531 0.342708 0.371094 0.937535
0 0.55625 0.2875 0.55625 0.288281 0.555208 0.289062 0.555208 0.292187 0.554167 0.292969 0.554167 0.294531 0.552083 0.296094 0.552083 0.296875 0.551042 0.297656 0.551042 0.298437 0.548958 0.3 0.548958 0.300781 0.536458 0.310156 0.535417 0.310156 0.532292 0.3125 0.53125 0.3125 0.530208 0.313281 0.529167 0.313281 0.526042 0.315625 0.525 0.315625 0.523958 0.316406 0.521875 0.316406 0.520833 0.317187 0.519792 0.317187 0.51875 0.317969 0.517708 0.317969 0.516667 0.31875 0.514583 0.31875 0.513542 0.319531 0.5125 0.319531 0.511458 0.320312 0.510417 0.320312 0.509375 0.321094 0.508333 0.321094 0.507292 0.321875 0.505208 0.321875 0.504167 0.322656 0.501042 0.322656 0.5 0.323437 0.498958 0.323437 0.497917 0.324219 0.495833 0.324219 0.494792 0.325 0.490625 0.325 0.489583 0.325781 0.484375 0.325781 0.483333 0.326562 0.479167 0.326562 0.478125 0.327344 0.472917 0.327344 0.471875 0.328125 0.430208 0.328125 0.429167 0.327344 0.422917 0.327344 0.421875 0.326562 0.41875 0.326562 0.417708 0.325781 0.414583 0.325781 0.413542 0.325 0.408333 0.325 0.407292 0.324219 0.40625 0.324219 0.405208 0.323437 0.404167 0.323437 0.403125 0.322656 0.401042 0.322656 0.4 0.321875 0.396875 0.321875 0.395833 0.321094 0.394792 0.321094 0.392708 0.319531 0.391667 0.319531 0.390625 0.31875 0.388542 0.31875 0.3875 0.317969 0.386458 0.317969 0.384375 0.316406 0.383333 0.316406 0.382292 0.315625 0.38125 0.315625 0.379167 0.314062 0.378125 0.314062 0.375 0.311719 0.373958 0.311719 0.372917 0.310937 0.371875 0.310937 0.367708 0.307812 0.366667 0.307812 0.363542 0.305469 0.363542 0.309375 0.364583 0.310156 0.364583 0.310937 0.366667 0.3125 0.366667 0.313281 0.369792 0.315625 0.369792 0.316406 0.376042 0.321094 0.377083 0.321094 0.380208 0.323437 0.38125 0.323437 0.383333 0.325 0.384375 0.325 0.386458 0.326562 0.3875 0.326562 0.388542 0.327344 0.389583 0.327344 0.390625 0.328125 0.391667 0.328125 0.392708 0.328906 0.39375 0.328906 0.394792 0.329687 0.395833 0.329687 0.396875 0.330469 0.398958 0.330469 0.4 0.33125 0.401042 0.33125 0.402083 0.332031 0.405208 0.332031 0.40625 0.332812 0.407292 0.332812 0.408333 0.333594 0.409375 0.333594 0.410417 0.334375 0.413542 0.334375 0.414583 0.335156 0.420833 0.335156 0.421875 0.335938 0.426042 0.335938 0.427083 0.336719 0.429167 0.336719 0.430208 0.3375 0.44375 0.3375 0.444792 0.338281 0.471875 0.338281 0.472917 0.3375 0.482292 0.3375 0.483333 0.336719 0.485417 0.336719 0.486458 0.335938 0.489583 0.335938 0.490625 0.335156 0.496875 0.335156 0.497917 0.334375 0.5 0.334375 0.501042 0.333594 0.503125 0.333594 0.504167 0.332812 0.50625 0.332812 0.507292 0.332031 0.509375 0.332031 0.510417 0.33125 0.5125 0.33125 0.513542 0.330469 0.514583 0.330469 0.515625 0.329687 0.516667 0.329687 0.517708 0.328906 0.519792 0.328906 0.520833 0.328125 0.521875 0.328125 0.522917 0.327344 0.523958 0.327344 0.526042 0.325781 0.527083 0.325781 0.528125 0.325 0.529167 0.325 0.53125 0.323437 0.532292 0.323437 0.533333 0.322656 0.534375 0.322656 0.541667 0.317187 0.542708 0.317187 0.547917 0.313281 0.547917 0.3125 0.551042 0.310156 0.551042 0.309375 0.553125 0.307812 0.553125 0.307031 0.554167 0.30625 0.554167 0.305469 0.555208 0.304688 0.555208 0.303906 0.55625 0.303125 0.55625 0.302344 0.557292 0.301562 0.557292 0.298437 0.558333 0.297656 0.558333 0.291406 0.557292 0.290625 0.557292 0.289844 0.55625 0.289062 0.55625 0.2875 0.561458 0.28125 0.561458 0.277344 0.55625 0.277344 0.55625 0.278125 0.559375 0.280469 0.560417 0.280469 0.561458 0.28125 0.937284
0 0.55625 0.361719 0.555208 0.3625 0.555208 0.364062 0.553125 0.365625 0.552083 0.365625 0.551042 0.366406 0.551042 0.367188 0.55 0.367969 0.55 0.36875 0.548958 0.369531 0.547917 0.369531 0.547917 0.370312 0.546875 0.371094 0.546875 0.371875 0.544792 0.373437 0.544792 0.375 0.54375 0.375781 0.54375 0.376562 0.541667 0.378125 0.541667 0.378906 0.540625 0.379687 0.540625 0.380469 0.538542 0.382031 0.5375 0.382031 0.5375 0.382812 0.535417 0.384375 0.534375 0.384375 0.529167 0.388281 0.528125 0.388281 0.523958 0.391406 0.522917 0.391406 0.521875 0.392187 0.520833 0.392187 0.51875 0.39375 0.517708 0.39375 0.516667 0.394531 0.515625 0.394531 0.513542 0.396094 0.5125 0.396094 0.511458 0.396875 0.510417 0.396875 0.509375 0.397656 0.508333 0.397656 0.507292 0.398438 0.50625 0.398438 0.505208 0.399219 0.503125 0.399219 0.502083 0.4 0.5 0.4 0.498958 0.400781 0.496875 0.400781 0.495833 0.401562 0.49375 0.401562 0.492708 0.402344 0.489583 0.402344 0.488542 0.403125 0.483333 0.403125 0.482292 0.403906 0.477083 0.403906 0.476042 0.404687 0.467708 0.404687 0.466667 0.405469 0.439583 0.405469 0.438542 0.404687 0.430208 0.404687 0.429167 0.403906 0.425 0.403906 0.423958 0.403125 0.420833 0.403125 0.419792 0.402344 0.417708 0.402344 0.416667 0.401562 0.415625 0.401562 0.414583 0.400781 0.411458 0.400781 0.410417 0.4 0.408333 0.4 0.407292 0.399219 0.40625 0.399219 0.405208 0.398438 0.404167 0.398438 0.403125 0.397656 0.401042 0.397656 0.4 0.396875 0.398958 0.396875 0.396875 0.395312 0.395833 0.395312 0.39375 0.39375 0.392708 0.39375 0.391667 0.392969 0.390625 0.392969 0.3875 0.390625 0.386458 0.390625 0.38125 0.386719 0.380208 0.386719 0.377083 0.384375 0.376042 0.384375 0.376042 0.385937 0.377083 0.386719 0.377083 0.3875 0.379167 0.389062 0.379167 0.389844 0.383333 0.392969 0.383333 0.39375 0.386458 0.396094 0.3875 0.396094 0.39375 0.400781 0.394792 0.400781 0.396875 0.402344 0.397917 0.402344 0.398958 0.403125 0.4 0.403125 0.401042 0.403906 0.402083 0.403906 0.403125 0.404687 0.404167 0.404687 0.405208 0.405469 0.407292 0.405469 0.408333 0.40625 0.409375 0.40625 0.410417 0.407031 0.411458 0.407031 0.4125 0.407812 0.414583 0.407812 0.415625 0.408594 0.416667 0.408594 0.417708 0.409375 0.419792 0.409375 0.420833 0.410156 0.423958 0.410156 0.425 0.410937 0.428125 0.410937 0.429167 0.411719 0.43125 0.411719 0.432292 0.4125 0.436458 0.4125 0.4375 0.413281 0.445833 0.413281 0.446875 0.414062 0.46875 0.414062 0.469792 0.413281 0.478125 0.413281 0.479167 0.4125 0.483333 0.4125 0.484375 0.411719 0.4875 0.411719 0.488542 0.410937 0.491667 0.410937 0.492708 0.410156 0.494792 0.410156 0.495833 0.409375 0.498958 0.409375 0.5 0.408594 0.503125 0.408594 0.504167 0.407812 0.505208 0.407812 0.50625 0.407031 0.508333 0.407031 0.509375 0.40625 0.511458 0.40625 0.5125 0.405469 0.514583 0.405469 0.515625 0.404687 0.516667 0.404687 0.517708 0.403906 0.51875 0.403906 0.519792 0.403125 0.520833 0.403125 0.521875 0.402344 0.522917 0.402344 0.523958 0.401562 0.525 0.401562 0.527083 0.4 0.528125 0.4 0.53125 0.397656 0.532292 0.397656 0.536458 0.394531 0.5375 0.394531 0.540625 0.392187 0.540625 0.391406 0.545833 0.3875 0.545833 0.386719 0.547917 0.385156 0.547917 0.384375 0.548958 0.383594 0.548958 0.382812 0.55 0.382031 0.55 0.38125 0.551042 0.380469 0.551042 0.379687 0.552083 0.378906 0.552083 0.377344 0.553125 0.376562 0.553125 0.375 0.554167 0.374219 0.554167 0.371094 0.555208 0.370312 0.555208 0.367969 0.55625 0.367188 0.929911
0 0.321875 0.344531 0.321875 0.345312 0.319792 0.346875 0.317708 0.346875 0.315625 0.348437 0.314583 0.348437 0.3125 0.35 0.311458 0.35 0.310417 0.350781 0.309375 0.350781 0.308333 0.351562 0.307292 0.351562 0.305208 0.353125 0.304167 0.353125 0.303125 0.353906 0.301042 0.353906 0.298958 0.355469 0.297917 0.355469 0.296875 0.35625 0.295833 0.35625 0.294792 0.357031 0.292708 0.357031 0.291667 0.357812 0.290625 0.357812 0.289583 0.358594 0.288542 0.358594 0.2875 0.359375 0.285417 0.359375 0.284375 0.360156 0.282292 0.360156 0.28125 0.360937 0.280208 0.360937 0.279167 0.361719 0.277083 0.361719 0.276042 0.3625 0.272917 0.3625 0.271875 0.363281 0.267708 0.363281 0.266667 0.364062 0.265625 0.364062 0.264583 0.364844 0.2625 0.364844 0.261458 0.365625 0.257292 0.365625 0.25625 0.366406 0.251042 0.366406 0.25 0.367188 0.245833 0.367188 0.244792 0.367969 0.239583 0.367969 0.238542 0.36875 0.217708 0.36875 0.216667 0.369531 0.213542 0.369531 0.2125 0.36875 0.197917 0.36875 0.196875 0.367969 0.191667 0.367969 0.190625 0.367188 0.1875 0.367188 0.186458 0.366406 0.18125 0.366406 0.180208 0.365625 0.176042 0.365625 0.175 0.364844 0.172917 0.364844 0.171875 0.364062 0.169792 0.364062 0.16875 0.363281 0.166667 0.363281 0.165625 0.3625 0.1625 0.3625 0.161458 0.361719 0.160417 0.361719 0.159375 0.360937 0.158333 0.360937 0.157292 0.360156 0.155208 0.360156 0.154167 0.359375 0.153125 0.359375 0.152083 0.358594 0.151042 0.358594 0.148958 0.357031 0.147917 0.357031 0.146875 0.35625 0.145833 0.35625 0.14375 0.354687 0.142708 0.354687 0.140625 0.353125 0.139583 0.353125 0.130208 0.346094 0.130208 0.35 0.132292 0.351562 0.132292 0.352344 0.134375 0.353906 0.134375 0.354687 0.1375 0.357031 0.1375 0.357812 0.138542 0.358594 0.139583 0.358594 0.14375 0.361719 0.144792 0.361719 0.147917 0.364062 0.148958 0.364062 0.15 0.364844 0.151042 0.364844 0.153125 0.366406 0.154167 0.366406 0.155208 0.367188 0.15625 0.367188 0.157292 0.367969 0.158333 0.367969 0.159375 0.36875 0.160417 0.36875 0.161458 0.369531 0.1625 0.369531 0.163542 0.370312 0.165625 0.370312 0.166667 0.371094 0.16875 0.371094 0.169792 0.371875 0.172917 0.371875 0.173958 0.372656 0.176042 0.372656 0.177083 0.373437 0.179167 0.373437 0.180208 0.374219 0.185417 0.374219 0.186458 0.375 0.191667 0.375 0.192708 0.375781 0.196875 0.375781 0.197917 0.376562 0.233333 0.376562 0.234375 0.375781 0.239583 0.375781 0.240625 0.375 0.246875 0.375 0.247917 0.374219 0.252083 0.374219 0.253125 0.373437 0.25625 0.373437 0.257292 0.372656 0.259375 0.372656 0.260417 0.371875 0.263542 0.371875 0.264583 0.371094 0.267708 0.371094 0.26875 0.370312 0.270833 0.370312 0.271875 0.369531 0.272917 0.369531 0.273958 0.36875 0.276042 0.36875 0.277083 0.367969 0.279167 0.367969 0.280208 0.367188 0.28125 0.367188 0.282292 0.366406 0.283333 0.366406 0.284375 0.365625 0.285417 0.365625 0.286458 0.364844 0.288542 0.364844 0.289583 0.364062 0.290625 0.364062 0.292708 0.3625 0.29375 0.3625 0.294792 0.361719 0.296875 0.361719 0.298958 0.360156 0.3 0.360156 0.301042 0.359375 0.302083 0.359375 0.304167 0.357812 0.305208 0.357812 0.307292 0.35625 0.308333 0.35625 0.309375 0.355469 0.310417 0.355469 0.31875 0.349219 0.319792 0.349219 0.320833 0.348437 0.320833 0.347656 0.322917 0.346094 0.322917 0.344531 0.926696
0 0.35625 0.389062 0.355208 0.389844 0.355208 0.392187 0.354167 0.392969 0.354167 0.394531 0.351042 0.396875 0.351042 0.398438 0.348958 0.4 0.348958 0.400781 0.346875 0.402344 0.346875 0.403125 0.345833 0.403906 0.345833 0.404687 0.342708 0.407031 0.342708 0.407812 0.340625 0.409375 0.339583 0.409375 0.3375 0.410937 0.3375 0.411719 0.336458 0.4125 0.335417 0.4125 0.332292 0.414844 0.33125 0.414844 0.329167 0.416406 0.328125 0.416406 0.325 0.41875 0.323958 0.41875 0.320833 0.421094 0.319792 0.421094 0.31875 0.421875 0.317708 0.421875 0.316667 0.422656 0.315625 0.422656 0.3125 0.425 0.311458 0.425 0.310417 0.425781 0.308333 0.425781 0.307292 0.426562 0.30625 0.426562 0.305208 0.427344 0.304167 0.427344 0.303125 0.428125 0.301042 0.428125 0.3 0.428906 0.297917 0.428906 0.296875 0.429688 0.294792 0.429688 0.29375 0.430469 0.291667 0.430469 0.290625 0.43125 0.2875 0.43125 0.286458 0.432031 0.284375 0.432031 0.283333 0.432812 0.28125 0.432812 0.280208 0.433594 0.277083 0.433594 0.276042 0.434375 0.269792 0.434375 0.26875 0.435156 0.263542 0.435156 0.2625 0.435937 0.253125 0.435937 0.252083 0.436719 0.234375 0.436719 0.233333 0.435937 0.226042 0.435937 0.225 0.435156 0.220833 0.435156 0.219792 0.434375 0.213542 0.434375 0.2125 0.433594 0.209375 0.433594 0.208333 0.432812 0.20625 0.432812 0.205208 0.432031 0.204167 0.432031 0.203125 0.43125 0.2 0.43125 0.198958 0.430469 0.197917 0.430469 0.196875 0.429688 0.195833 0.429688 0.194792 0.428906 0.192708 0.428906 0.191667 0.428125 0.190625 0.428125 0.1875 0.425781 0.186458 0.425781 0.185417 0.425 0.184375 0.425 0.18125 0.422656 0.180208 0.422656 0.177083 0.420312 0.177083 0.419531 0.175 0.419531 0.172917 0.417969 0.172917 0.416406 0.171875 0.415625 0.171875 0.41875 0.172917 0.419531 0.172917 0.420312 0.173958 0.420312 0.175 0.421094 0.175 0.421875 0.176042 0.422656 0.176042 0.423437 0.185417 0.430469 0.186458 0.430469 0.189583 0.432812 0.190625 0.432812 0.191667 0.433594 0.192708 0.433594 0.194792 0.435156 0.195833 0.435156 0.196875 0.435937 0.197917 0.435937 0.198958 0.436719 0.2 0.436719 0.201042 0.4375 0.202083 0.4375 0.203125 0.438281 0.205208 0.438281 0.20625 0.439062 0.207292 0.439062 0.208333 0.439844 0.211458 0.439844 0.2125 0.440625 0.215625 0.440625 0.216667 0.441406 0.21875 0.441406 0.219792 0.442187 0.223958 0.442187 0.225 0.442969 0.232292 0.442969 0.233333 0.44375 0.261458 0.44375 0.2625 0.442969 0.270833 0.442969 0.271875 0.442187 0.278125 0.442187 0.279167 0.441406 0.282292 0.441406 0.283333 0.440625 0.285417 0.440625 0.286458 0.439844 0.289583 0.439844 0.290625 0.439062 0.29375 0.439062 0.294792 0.438281 0.296875 0.438281 0.297917 0.4375 0.3 0.4375 0.301042 0.436719 0.303125 0.436719 0.304167 0.435937 0.30625 0.435937 0.307292 0.435156 0.308333 0.435156 0.309375 0.434375 0.310417 0.434375 0.311458 0.433594 0.3125 0.433594 0.313542 0.432812 0.314583 0.432812 0.315625 0.432031 0.316667 0.432031 0.31875 0.430469 0.319792 0.430469 0.321875 0.428906 0.322917 0.428906 0.326042 0.426562 0.327083 0.426562 0.329167 0.425 0.330208 0.425 0.339583 0.417969 0.340625 0.417969 0.344792 0.414844 0.344792 0.414062 0.35 0.410156 0.35 0.409375 0.352083 0.407812 0.352083 0.407031 0.353125 0.40625 0.353125 0.405469 0.354167 0.404687 0.354167 0.403906 0.355208 0.403125 0.355208 0.401562 0.35625 0.400781 0.35625 0.399219 0.357292 0.398438 0.357292 0.390625 0.35625 0.389844 0.923177
0 0.563542 0.35625 0.563542 0.36875 0.564583 0.369531 0.564583 0.370312 0.565625 0.371094 0.565625 0.371875 0.566667 0.372656 0.566667 0.374219 0.567708 0.375 0.567708 0.375781 0.56875 0.376562 0.56875 0.377344 0.570833 0.378906 0.570833 0.379687 0.579167 0.385937 0.580208 0.385937 0.584375 0.389062 0.585417 0.389062 0.588542 0.391406 0.589583 0.391406 0.591667 0.392969 0.592708 0.392969 0.59375 0.39375 0.594792 0.39375 0.596875 0.395312 0.597917 0.395312 0.598958 0.396094 0.6 0.396094 0.601042 0.396875 0.602083 0.396875 0.603125 0.397656 0.604167 0.397656 0.605208 0.398438 0.607292 0.398438 0.608333 0.399219 0.609375 0.399219 0.610417 0.4 0.6125 0.4 0.613542 0.400781 0.615625 0.400781 0.616667 0.401562 0.61875 0.401562 0.619792 0.402344 0.621875 0.402344 0.622917 0.403125 0.626042 0.403125 0.627083 0.403906 0.630208 0.403906 0.63125 0.404687 0.6375 0.404687 0.638542 0.405469 0.644792 0.405469 0.645833 0.40625 0.673958 0.40625 0.675 0.405469 0.68125 0.405469 0.682292 0.404687 0.686458 0.404687 0.6875 0.403906 0.690625 0.403906 0.691667 0.403125 0.694792 0.403125 0.695833 0.402344 0.697917 0.402344 0.698958 0.401562 0.701042 0.401562 0.702083 0.400781 0.703125 0.400781 0.704167 0.4 0.70625 0.4 0.707292 0.399219 0.708333 0.399219 0.709375 0.398438 0.710417 0.398438 0.7125 0.396875 0.713542 0.396875 0.714583 0.396094 0.715625 0.396094 0.717708 0.394531 0.71875 0.394531 0.722917 0.391406 0.723958 0.391406 0.728125 0.388281 0.728125 0.3875 0.73125 0.385156 0.73125 0.384375 0.732292 0.383594 0.732292 0.382812 0.734375 0.38125 0.734375 0.380469 0.735417 0.379687 0.735417 0.375781 0.734375 0.376562 0.734375 0.377344 0.73125 0.379687 0.730208 0.379687 0.730208 0.380469 0.728125 0.382031 0.727083 0.382031 0.721875 0.385937 0.720833 0.385937 0.71875 0.3875 0.717708 0.3875 0.716667 0.388281 0.715625 0.388281 0.714583 0.389062 0.713542 0.389062 0.711458 0.390625 0.710417 0.390625 0.709375 0.391406 0.707292 0.391406 0.70625 0.392187 0.704167 0.392187 0.703125 0.392969 0.701042 0.392969 0.7 0.39375 0.698958 0.39375 0.697917 0.394531 0.69375 0.394531 0.692708 0.395312 0.6875 0.395312 0.686458 0.396094 0.682292 0.396094 0.68125 0.396875 0.648958 0.396875 0.647917 0.396094 0.641667 0.396094 0.640625 0.395312 0.635417 0.395312 0.634375 0.394531 0.630208 0.394531 0.629167 0.39375 0.627083 0.39375 0.626042 0.392969 0.623958 0.392969 0.622917 0.392187 0.620833 0.392187 0.619792 0.391406 0.616667 0.391406 0.615625 0.390625 0.613542 0.390625 0.6125 0.389844 0.611458 0.389844 0.610417 0.389062 0.609375 0.389062 0.608333 0.388281 0.60625 0.388281 0.605208 0.3875 0.604167 0.3875 0.603125 0.386719 0.602083 0.386719 0.601042 0.385937 0.6 0.385937 0.598958 0.385156 0.597917 0.385156 0.596875 0.384375 0.595833 0.384375 0.59375 0.382812 0.592708 0.382812 0.590625 0.38125 0.589583 0.38125 0.5875 0.379687 0.586458 0.379687 0.577083 0.372656 0.577083 0.371875 0.573958 0.369531 0.573958 0.36875 0.572917 0.367969 0.572917 0.367188 0.56875 0.364062 0.56875 0.363281 0.567708 0.3625 0.567708 0.361719 0.565625 0.360156 0.565625 0.358594 0.564583 0.357812 0.564583 0.357031 0.918792
0 0.555208 0.335938 0.555208 0.3375 0.554167 0.338281 0.551042 0.338281 0.551042 0.339062 0.548958 0.340625 0.547917 0.340625 0.544792 0.342969 0.54375 0.342969 0.540625 0.345312 0.539583 0.345312 0.536458 0.347656 0.535417 0.347656 0.534375 0.348437 0.533333 0.348437 0.530208 0.350781 0.528125 0.350781 0.527083 0.351562 0.526042 0.351562 0.523958 0.353125 0.522917 0.353125 0.521875 0.353906 0.51875 0.353906 0.517708 0.354687 0.516667 0.354687 0.515625 0.355469 0.514583 0.355469 0.513542 0.35625 0.511458 0.35625 0.510417 0.357031 0.507292 0.357031 0.50625 0.357812 0.504167 0.357812 0.503125 0.358594 0.501042 0.358594 0.5 0.359375 0.497917 0.359375 0.496875 0.360156 0.491667 0.360156 0.490625 0.360937 0.486458 0.360937 0.485417 0.361719 0.480208 0.361719 0.479167 0.3625 0.470833 0.3625 0.469792 0.363281 0.440625 0.363281 0.439583 0.3625 0.433333 0.3625 0.432292 0.361719 0.429167 0.361719 0.428125 0.360937 0.426042 0.360937 0.425 0.360156 0.419792 0.360156 0.41875 0.359375 0.415625 0.359375 0.414583 0.358594 0.4125 0.358594 0.411458 0.357812 0.409375 0.357812 0.408333 0.357031 0.405208 0.357031 0.404167 0.35625 0.402083 0.35625 0.401042 0.355469 0.4 0.355469 0.398958 0.354687 0.397917 0.354687 0.396875 0.353906 0.394792 0.353906 0.39375 0.353125 0.391667 0.353125 0.388542 0.350781 0.386458 0.350781 0.383333 0.348437 0.382292 0.348437 0.380208 0.346875 0.379167 0.346875 0.376042 0.344531 0.375 0.344531 0.370833 0.341406 0.369792 0.341406 0.36875 0.340625 0.36875 0.339844 0.367708 0.339062 0.367708 0.342969 0.36875 0.34375 0.36875 0.344531 0.369792 0.345312 0.369792 0.346094 0.38125 0.354687 0.382292 0.354687 0.3875 0.358594 0.388542 0.358594 0.390625 0.360156 0.391667 0.360156 0.392708 0.360937 0.39375 0.360937 0.395833 0.3625 0.396875 0.3625 0.397917 0.363281 0.398958 0.363281 0.4 0.364062 0.402083 0.364062 0.403125 0.364844 0.404167 0.364844 0.405208 0.365625 0.40625 0.365625 0.407292 0.366406 0.409375 0.366406 0.410417 0.367188 0.4125 0.367188 0.413542 0.367969 0.415625 0.367969 0.416667 0.36875 0.41875 0.36875 0.419792 0.369531 0.421875 0.369531 0.422917 0.370312 0.428125 0.370312 0.429167 0.371094 0.434375 0.371094 0.435417 0.371875 0.439583 0.371875 0.440625 0.372656 0.479167 0.372656 0.480208 0.371875 0.484375 0.371875 0.485417 0.371094 0.490625 0.371094 0.491667 0.370312 0.495833 0.370312 0.496875 0.369531 0.498958 0.369531 0.5 0.36875 0.502083 0.36875 0.503125 0.367969 0.505208 0.367969 0.50625 0.367188 0.509375 0.367188 0.510417 0.366406 0.511458 0.366406 0.5125 0.365625 0.513542 0.365625 0.514583 0.364844 0.516667 0.364844 0.517708 0.364062 0.51875 0.364062 0.519792 0.363281 0.520833 0.363281 0.521875 0.3625 0.522917 0.3625 0.523958 0.361719 0.525 0.361719 0.528125 0.359375 0.529167 0.359375 0.530208 0.358594 0.53125 0.358594 0.534375 0.35625 0.535417 0.35625 0.547917 0.346875 0.547917 0.346094 0.55 0.344531 0.55 0.34375 0.552083 0.342187 0.552083 0.341406 0.553125 0.340625 0.553125 0.339844 0.554167 0.339062 0.554167 0.338281 0.555208 0.3375 0.918447
0 0.369792 0.307812 0.369792 0.307812 0.371875 0.309375 0.370833 0.310156 0.371875 0.310937 0.373958 0.310937 0.375 0.311719 0.376042 0.311719 0.379167 0.314062 0.380208 0.314062 0.38125 0.314844 0.382292 0.314844 0.384375 0.316406 0.385417 0.316406 0.386458 0.317187 0.3875 0.317187 0.388542 0.317969 0.390625 0.317969 0.391667 0.31875 0.392708 0.31875 0.39375 0.319531 0.394792 0.319531 0.395833 0.320312 0.397917 0.320312 0.398958 0.321094 0.401042 0.321094 0.402083 0.321875 0.403125 0.321875 0.404167 0.322656 0.405208 0.322656 0.40625 0.323437 0.408333 0.323437 0.409375 0.324219 0.413542 0.324219 0.414583 0.325 0.417708 0.325 0.41875 0.325781 0.420833 0.325781 0.421875 0.326562 0.427083 0.326562 0.428125 0.327344 0.44375 0.327344 0.444792 0.328125 0.458333 0.328125 0.459375 0.327344 0.473958 0.327344 0.475 0.326562 0.479167 0.326562 0.480208 0.325781 0.484375 0.325781 0.485417 0.325 0.489583 0.325 0.490625 0.324219 0.494792 0.324219 0.495833 0.323437 0.497917 0.323437 0.498958 0.322656 0.5 0.322656 0.501042 0.321875 0.504167 0.321875 0.505208 0.321094 0.507292 0.321094 0.508333 0.320312 0.509375 0.320312 0.510417 0.319531 0.511458 0.319531 0.5125 0.31875 0.513542 0.31875 0.514583 0.317969 0.516667 0.317969 0.517708 0.317187 0.51875 0.317187 0.519792 0.316406 0.520833 0.316406 0.521875 0.315625 0.522917 0.315625 0.523958 0.314844 0.525 0.314844 0.526042 0.314062 0.527083 0.314062 0.529167 0.3125 0.530208 0.3125 0.53125 0.311719 0.532292 0.311719 0.5375 0.307812 0.538542 0.307812 0.54375 0.303906 0.54375 0.303125 0.545833 0.301562 0.546875 0.301562 0.546875 0.300781 0.547917 0.3 0.547917 0.299219 0.55 0.297656 0.55 0.296875 0.552083 0.295312 0.552083 0.292969 0.553125 0.292187 0.553125 0.289844 0.554167 0.289062 0.554167 0.288281 0.555208 0.2875 0.555208 0.286719 0.55625 0.285937 0.55625 0.278125 0.555208 0.278906 0.555208 0.28125 0.553125 0.282812 0.553125 0.283594 0.552083 0.284375 0.552083 0.285156 0.551042 0.285937 0.551042 0.289062 0.546875 0.292187 0.546875 0.292969 0.545833 0.29375 0.545833 0.294531 0.541667 0.297656 0.541667 0.298437 0.538542 0.300781 0.5375 0.300781 0.5375 0.301562 0.536458 0.302344 0.535417 0.302344 0.533333 0.303906 0.532292 0.303906 0.528125 0.307031 0.527083 0.307031 0.526042 0.307812 0.525 0.307812 0.522917 0.309375 0.520833 0.309375 0.51875 0.310937 0.517708 0.310937 0.516667 0.311719 0.515625 0.311719 0.514583 0.3125 0.513542 0.3125 0.5125 0.313281 0.510417 0.313281 0.509375 0.314062 0.508333 0.314062 0.507292 0.314844 0.505208 0.314844 0.504167 0.315625 0.502083 0.315625 0.501042 0.316406 0.498958 0.316406 0.497917 0.317187 0.494792 0.317187 0.49375 0.317969 0.491667 0.317969 0.490625 0.31875 0.4875 0.31875 0.486458 0.319531 0.482292 0.319531 0.48125 0.320312 0.477083 0.320312 0.476042 0.321094 0.469792 0.321094 0.46875 0.321875 0.445833 0.321875 0.444792 0.322656 0.442708 0.322656 0.441667 0.321875 0.423958 0.321875 0.422917 0.321094 0.416667 0.321094 0.415625 0.320312 0.4125 0.320312 0.411458 0.319531 0.40625 0.319531 0.405208 0.31875 0.401042 0.31875 0.4 0.317969 0.398958 0.317969 0.397917 0.317187 0.396875 0.317187 0.395833 0.316406 0.392708 0.316406 0.391667 0.315625 0.388542 0.315625 0.3875 0.314844 0.386458 0.314844 0.384375 0.313281 0.38125 0.313281 0.380208 0.3125 0.378125 0.3125 0.377083 0.311719 0.377083 0.310937 0.376042 0.310156 0.372917 0.310156 0.371875 0.309375 0.898436
0 0.733333 0.282812 0.734375 0.283594 0.735417 0.282812 0.7375 0.282812 0.736458 0.282031 0.735417 0.282031 0.734375 0.282812 0.733333 0.282812 0.73125 0.284375 0.730208 0.284375 0.729167 0.285156 0.721875 0.285156 0.720833 0.285937 0.71875 0.285937 0.717708 0.286719 0.716667 0.286719 0.715625 0.2875 0.710417 0.2875 0.709375 0.288281 0.703125 0.288281 0.702083 0.289062 0.697917 0.289062 0.696875 0.289844 0.689583 0.289844 0.688542 0.290625 0.65625 0.290625 0.655208 0.289844 0.646875 0.289844 0.645833 0.289062 0.638542 0.289062 0.6375 0.288281 0.632292 0.288281 0.63125 0.2875 0.628125 0.2875 0.627083 0.286719 0.623958 0.286719 0.622917 0.285937 0.620833 0.285937 0.619792 0.285156 0.616667 0.285156 0.615625 0.284375 0.6125 0.284375 0.611458 0.283594 0.610417 0.283594 0.609375 0.282812 0.607292 0.282812 0.60625 0.282031 0.604167 0.282031 0.603125 0.28125 0.602083 0.28125 0.601042 0.280469 0.6 0.280469 0.598958 0.279687 0.596875 0.279687 0.595833 0.278906 0.594792 0.278906 0.59375 0.278125 0.591667 0.278125 0.589583 0.276562 0.588542 0.276562 0.5875 0.275781 0.586458 0.275781 0.583333 0.273438 0.582292 0.273438 0.580208 0.271875 0.579167 0.271875 0.576042 0.269531 0.575 0.269531 0.571875 0.267187 0.570833 0.267187 0.567708 0.264844 0.567708 0.264062 0.566667 0.264062 0.564583 0.2625 0.564583 0.261719 0.563542 0.260937 0.563542 0.267187 0.564583 0.267187 0.577083 0.276562 0.578125 0.276562 0.58125 0.278906 0.582292 0.278906 0.584375 0.280469 0.585417 0.280469 0.586458 0.28125 0.5875 0.28125 0.588542 0.282031 0.589583 0.282031 0.590625 0.282812 0.591667 0.282812 0.592708 0.283594 0.59375 0.283594 0.594792 0.284375 0.595833 0.284375 0.596875 0.285156 0.597917 0.285156 0.598958 0.285937 0.6 0.285937 0.601042 0.286719 0.602083 0.286719 0.603125 0.2875 0.605208 0.2875 0.60625 0.288281 0.608333 0.288281 0.609375 0.289062 0.610417 0.289062 0.611458 0.289844 0.613542 0.289844 0.614583 0.290625 0.616667 0.290625 0.617708 0.291406 0.620833 0.291406 0.621875 0.292187 0.623958 0.292187 0.625 0.292969 0.629167 0.292969 0.630208 0.29375 0.633333 0.29375 0.634375 0.294531 0.638542 0.294531 0.639583 0.295312 0.644792 0.295312 0.645833 0.296094 0.653125 0.296094 0.654167 0.296875 0.678125 0.296875 0.679167 0.296094 0.6875 0.296094 0.688542 0.295312 0.694792 0.295312 0.695833 0.294531 0.7 0.294531 0.701042 0.29375 0.703125 0.29375 0.704167 0.292969 0.707292 0.292969 0.708333 0.292187 0.7125 0.292187 0.713542 0.291406 0.714583 0.291406 0.715625 0.290625 0.716667 0.290625 0.717708 0.289844 0.719792 0.289844 0.720833 0.289062 0.722917 0.289062 0.723958 0.288281 0.725 0.288281 0.727083 0.286719 0.728125 0.286719 0.729167 0.285937 0.73125 0.285937 0.732292 0.285156 0.73125 0.284375 0.891824
0 0.567708 0.313281 0.567708 0.314062 0.566667 0.314844 0.566667 0.317187 0.565625 0.317969 0.565625 0.325781 0.566667 0.326562 0.566667 0.327344 0.567708 0.327344 0.569792 0.328906 0.569792 0.329687 0.570833 0.330469 0.571875 0.330469 0.573958 0.332031 0.573958 0.332812 0.575 0.332812 0.579167 0.335938 0.580208 0.335938 0.58125 0.336719 0.582292 0.336719 0.585417 0.339062 0.586458 0.339062 0.5875 0.339844 0.588542 0.339844 0.589583 0.340625 0.590625 0.340625 0.592708 0.342187 0.59375 0.342187 0.594792 0.342969 0.595833 0.342969 0.596875 0.34375 0.597917 0.34375 0.6 0.345312 0.602083 0.345312 0.603125 0.346094 0.605208 0.346094 0.60625 0.346875 0.607292 0.346875 0.608333 0.347656 0.609375 0.347656 0.610417 0.348437 0.611458 0.348437 0.6125 0.349219 0.614583 0.349219 0.615625 0.35 0.617708 0.35 0.61875 0.350781 0.620833 0.350781 0.621875 0.351562 0.625 0.351562 0.626042 0.352344 0.630208 0.352344 0.63125 0.353125 0.635417 0.353125 0.636458 0.353906 0.639583 0.353906 0.640625 0.354687 0.65 0.354687 0.651042 0.355469 0.675 0.355469 0.676042 0.354687 0.684375 0.354687 0.685417 0.353906 0.689583 0.353906 0.690625 0.353125 0.694792 0.353125 0.695833 0.352344 0.7 0.352344 0.701042 0.351562 0.704167 0.351562 0.705208 0.350781 0.70625 0.350781 0.707292 0.35 0.709375 0.35 0.710417 0.349219 0.713542 0.349219 0.714583 0.348437 0.715625 0.348437 0.716667 0.347656 0.717708 0.347656 0.71875 0.346875 0.719792 0.346875 0.720833 0.346094 0.721875 0.346094 0.722917 0.345312 0.723958 0.345312 0.727083 0.342969 0.728125 0.342969 0.733333 0.339062 0.734375 0.339062 0.735417 0.338281 0.735417 0.3375 0.738542 0.335156 0.738542 0.334375 0.740625 0.332812 0.740625 0.33125 0.741667 0.330469 0.741667 0.329687 0.742708 0.328906 0.742708 0.327344 0.74375 0.326562 0.74375 0.325781 0.742708 0.325781 0.742708 0.327344 0.741667 0.328125 0.739583 0.328125 0.735417 0.33125 0.734375 0.33125 0.73125 0.333594 0.730208 0.333594 0.727083 0.335938 0.726042 0.335938 0.725 0.336719 0.723958 0.336719 0.722917 0.3375 0.721875 0.3375 0.720833 0.338281 0.719792 0.338281 0.71875 0.339062 0.717708 0.339062 0.716667 0.339844 0.714583 0.339844 0.713542 0.340625 0.711458 0.340625 0.710417 0.341406 0.707292 0.341406 0.70625 0.342187 0.705208 0.342187 0.704167 0.342969 0.7 0.342969 0.698958 0.34375 0.692708 0.34375 0.691667 0.344531 0.685417 0.344531 0.684375 0.345312 0.678125 0.345312 0.677083 0.346094 0.660417 0.346094 0.659375 0.345312 0.651042 0.345312 0.65 0.344531 0.64375 0.344531 0.642708 0.34375 0.635417 0.34375 0.634375 0.342969 0.63125 0.342969 0.630208 0.342187 0.627083 0.342187 0.626042 0.341406 0.622917 0.341406 0.621875 0.340625 0.61875 0.340625 0.617708 0.339844 0.616667 0.339844 0.615625 0.339062 0.614583 0.339062 0.613542 0.338281 0.611458 0.338281 0.610417 0.3375 0.609375 0.3375 0.608333 0.336719 0.607292 0.336719 0.60625 0.335938 0.605208 0.335938 0.604167 0.335156 0.603125 0.335156 0.602083 0.334375 0.6 0.334375 0.598958 0.333594 0.597917 0.333594 0.595833 0.332031 0.594792 0.332031 0.592708 0.330469 0.591667 0.330469 0.590625 0.329687 0.589583 0.329687 0.5875 0.328125 0.586458 0.328125 0.580208 0.323437 0.579167 0.323437 0.573958 0.319531 0.573958 0.31875 0.56875 0.314844 0.56875 0.314062 0.878337
0 0.567708 0.336719 0.566667 0.3375 0.566667 0.339062 0.567708 0.339844 0.567708 0.340625 0.56875 0.341406 0.56875 0.342187 0.570833 0.34375 0.570833 0.344531 0.571875 0.345312 0.571875 0.346094 0.588542 0.358594 0.589583 0.358594 0.591667 0.360156 0.592708 0.360156 0.594792 0.361719 0.595833 0.361719 0.597917 0.363281 0.598958 0.363281 0.6 0.364062 0.601042 0.364062 0.602083 0.364844 0.603125 0.364844 0.604167 0.365625 0.605208 0.365625 0.60625 0.366406 0.607292 0.366406 0.608333 0.367188 0.609375 0.367188 0.610417 0.367969 0.6125 0.367969 0.613542 0.36875 0.614583 0.36875 0.615625 0.369531 0.617708 0.369531 0.61875 0.370312 0.619792 0.370312 0.620833 0.371094 0.623958 0.371094 0.625 0.371875 0.627083 0.371875 0.628125 0.372656 0.63125 0.372656 0.632292 0.373437 0.635417 0.373437 0.636458 0.374219 0.641667 0.374219 0.642708 0.375 0.651042 0.375 0.652083 0.375781 0.661458 0.375781 0.6625 0.376562 0.676042 0.376562 0.677083 0.375781 0.686458 0.375781 0.6875 0.375 0.695833 0.375 0.696875 0.374219 0.7 0.374219 0.701042 0.373437 0.703125 0.373437 0.704167 0.372656 0.707292 0.372656 0.708333 0.371875 0.710417 0.371875 0.711458 0.371094 0.713542 0.371094 0.714583 0.370312 0.715625 0.370312 0.716667 0.369531 0.717708 0.369531 0.719792 0.367969 0.720833 0.367969 0.721875 0.367188 0.722917 0.367188 0.725 0.365625 0.726042 0.365625 0.728125 0.364062 0.729167 0.364062 0.736458 0.358594 0.736458 0.357812 0.740625 0.354687 0.740625 0.353906 0.74375 0.351562 0.74375 0.350781 0.745833 0.349219 0.745833 0.348437 0.746875 0.347656 0.746875 0.346875 0.747917 0.346094 0.747917 0.345312 0.748958 0.344531 0.748958 0.338281 0.747917 0.3375 0.746875 0.338281 0.746875 0.339844 0.745833 0.340625 0.745833 0.341406 0.742708 0.34375 0.742708 0.344531 0.738542 0.347656 0.738542 0.348437 0.735417 0.350781 0.734375 0.350781 0.73125 0.353125 0.730208 0.353125 0.729167 0.353906 0.728125 0.353906 0.726042 0.355469 0.725 0.355469 0.723958 0.35625 0.722917 0.35625 0.721875 0.357031 0.720833 0.357031 0.719792 0.357812 0.71875 0.357812 0.717708 0.358594 0.716667 0.358594 0.715625 0.359375 0.713542 0.359375 0.7125 0.360156 0.710417 0.360156 0.709375 0.360937 0.708333 0.360937 0.707292 0.361719 0.704167 0.361719 0.703125 0.3625 0.7 0.3625 0.698958 0.363281 0.694792 0.363281 0.69375 0.364062 0.689583 0.364062 0.688542 0.364844 0.678125 0.364844 0.677083 0.365625 0.659375 0.365625 0.658333 0.364844 0.646875 0.364844 0.645833 0.364062 0.641667 0.364062 0.640625 0.363281 0.635417 0.363281 0.634375 0.3625 0.63125 0.3625 0.630208 0.361719 0.627083 0.361719 0.626042 0.360937 0.623958 0.360937 0.622917 0.360156 0.619792 0.360156 0.61875 0.359375 0.616667 0.359375 0.615625 0.358594 0.614583 0.358594 0.613542 0.357812 0.611458 0.357812 0.610417 0.357031 0.608333 0.357031 0.607292 0.35625 0.60625 0.35625 0.605208 0.355469 0.604167 0.355469 0.603125 0.354687 0.602083 0.354687 0.601042 0.353906 0.6 0.353906 0.598958 0.353125 0.597917 0.353125 0.596875 0.352344 0.595833 0.352344 0.59375 0.350781 0.592708 0.350781 0.591667 0.35 0.590625 0.35 0.586458 0.346875 0.585417 0.346875 0.580208 0.342969 0.579167 0.342969 0.577083 0.341406 0.577083 0.340625 0.576042 0.340625 0.572917 0.338281 0.571875 0.338281 0.570833 0.3375 0.569792 0.3375 0.56875 0.336719 0.878154
0 0.344792 0.264844 0.344792 0.2875 0.345833 0.288281 0.345833 0.289062 0.347917 0.290625 0.347917 0.291406 0.348958 0.292187 0.348958 0.292969 0.35 0.29375 0.35 0.294531 0.354167 0.297656 0.354167 0.298437 0.35625 0.3 0.357292 0.3 0.360417 0.302344 0.361458 0.302344 0.363542 0.303906 0.364583 0.303906 0.367708 0.30625 0.36875 0.30625 0.370833 0.307812 0.371875 0.307812 0.373958 0.309375 0.375 0.309375 0.376042 0.310156 0.377083 0.310156 0.379167 0.311719 0.380208 0.311719 0.38125 0.3125 0.383333 0.3125 0.384375 0.313281 0.385417 0.313281 0.386458 0.314062 0.3875 0.314062 0.388542 0.314844 0.392708 0.314844 0.39375 0.315625 0.395833 0.315625 0.396875 0.316406 0.397917 0.316406 0.398958 0.317187 0.402083 0.317187 0.403125 0.317969 0.409375 0.317969 0.410417 0.31875 0.413542 0.31875 0.414583 0.319531 0.416667 0.319531 0.417708 0.320312 0.423958 0.320312 0.425 0.321094 0.467708 0.321094 0.46875 0.320312 0.475 0.320312 0.476042 0.319531 0.480208 0.319531 0.48125 0.31875 0.484375 0.31875 0.485417 0.317969 0.489583 0.317969 0.490625 0.317187 0.492708 0.317187 0.49375 0.316406 0.495833 0.316406 0.496875 0.315625 0.498958 0.315625 0.5 0.314844 0.503125 0.314844 0.504167 0.314062 0.50625 0.314062 0.508333 0.3125 0.509375 0.3125 0.510417 0.311719 0.511458 0.311719 0.5125 0.310937 0.514583 0.310937 0.515625 0.310156 0.516667 0.310156 0.51875 0.308594 0.519792 0.308594 0.520833 0.307812 0.522917 0.307812 0.526042 0.305469 0.527083 0.305469 0.528125 0.304688 0.529167 0.304688 0.533333 0.301562 0.534375 0.301562 0.538542 0.298437 0.539583 0.298437 0.539583 0.297656 0.54375 0.294531 0.54375 0.29375 0.545833 0.292187 0.545833 0.291406 0.548958 0.289062 0.548958 0.286719 0.551042 0.285156 0.551042 0.284375 0.552083 0.283594 0.552083 0.28125 0.551042 0.282031 0.551042 0.283594 0.548958 0.285156 0.547917 0.285156 0.54375 0.288281 0.542708 0.288281 0.542708 0.289062 0.540625 0.290625 0.539583 0.290625 0.536458 0.292969 0.535417 0.292969 0.534375 0.29375 0.533333 0.29375 0.532292 0.294531 0.53125 0.294531 0.528125 0.296875 0.527083 0.296875 0.526042 0.297656 0.525 0.297656 0.523958 0.298437 0.522917 0.298437 0.520833 0.3 0.51875 0.3 0.517708 0.300781 0.515625 0.300781 0.514583 0.301562 0.513542 0.301562 0.511458 0.303125 0.509375 0.303125 0.508333 0.303906 0.505208 0.303906 0.504167 0.304688 0.502083 0.304688 0.501042 0.305469 0.5 0.305469 0.498958 0.30625 0.494792 0.30625 0.49375 0.307031 0.488542 0.307031 0.4875 0.307812 0.485417 0.307812 0.484375 0.308594 0.48125 0.308594 0.480208 0.309375 0.473958 0.309375 0.472917 0.310156 0.459375 0.310156 0.458333 0.310937 0.440625 0.310937 0.439583 0.310156 0.427083 0.310156 0.426042 0.309375 0.420833 0.309375 0.419792 0.308594 0.416667 0.308594 0.415625 0.307812 0.413542 0.307812 0.4125 0.307031 0.408333 0.307031 0.407292 0.30625 0.403125 0.30625 0.402083 0.305469 0.4 0.305469 0.398958 0.304688 0.396875 0.304688 0.395833 0.303906 0.392708 0.303906 0.391667 0.303125 0.390625 0.303125 0.389583 0.302344 0.388542 0.302344 0.3875 0.301562 0.386458 0.301562 0.385417 0.300781 0.383333 0.300781 0.382292 0.3 0.38125 0.3 0.380208 0.299219 0.379167 0.299219 0.378125 0.298437 0.377083 0.298437 0.376042 0.297656 0.375 0.297656 0.372917 0.296094 0.371875 0.296094 0.36875 0.29375 0.367708 0.29375 0.35625 0.285156 0.35625 0.284375 0.353125 0.282031 0.353125 0.28125 0.352083 0.280469 0.352083 0.278906 0.351042 0.278125 0.351042 0.276562 0.35 0.275781 0.35 0.274219 0.348958 0.273438 0.348958 0.271875 0.347917 0.271094 0.347917 0.269531 0.346875 0.26875 0.346875 0.266406 0.852557
0 0.138542 0.360156 0.138542 0.360937 0.139583 0.360937 0.138542 0.360156 0.135417 0.357812 0.142708 0.3625 0.141667 0.363281 0.141667 0.364062 0.142708 0.364844 0.142708 0.365625 0.146875 0.36875 0.146875 0.369531 0.153125 0.374219 0.154167 0.374219 0.157292 0.376562 0.158333 0.376562 0.159375 0.377344 0.160417 0.377344 0.161458 0.378125 0.1625 0.378125 0.164583 0.379687 0.165625 0.379687 0.166667 0.380469 0.16875 0.380469 0.169792 0.38125 0.170833 0.38125 0.171875 0.382031 0.172917 0.382031 0.173958 0.382812 0.176042 0.382812 0.177083 0.383594 0.180208 0.383594 0.18125 0.384375 0.183333 0.384375 0.184375 0.385156 0.185417 0.385156 0.186458 0.385937 0.189583 0.385937 0.190625 0.386719 0.194792 0.386719 0.195833 0.3875 0.202083 0.3875 0.203125 0.388281 0.208333 0.388281 0.209375 0.389062 0.219792 0.389062 0.220833 0.389844 0.236458 0.389844 0.2375 0.389062 0.247917 0.389062 0.248958 0.388281 0.253125 0.388281 0.254167 0.3875 0.260417 0.3875 0.261458 0.386719 0.266667 0.386719 0.267708 0.385937 0.270833 0.385937 0.271875 0.385156 0.272917 0.385156 0.273958 0.384375 0.276042 0.384375 0.277083 0.383594 0.28125 0.383594 0.282292 0.382812 0.284375 0.382812 0.286458 0.38125 0.288542 0.38125 0.289583 0.380469 0.291667 0.380469 0.292708 0.379687 0.294792 0.379687 0.296875 0.378125 0.298958 0.378125 0.3 0.377344 0.301042 0.377344 0.302083 0.376562 0.303125 0.376562 0.304167 0.375781 0.305208 0.375781 0.30625 0.375 0.307292 0.375 0.308333 0.374219 0.309375 0.374219 0.310417 0.373437 0.3125 0.373437 0.315625 0.371094 0.316667 0.371094 0.317708 0.370312 0.31875 0.370312 0.320833 0.36875 0.321875 0.36875 0.322917 0.367969 0.323958 0.367969 0.329167 0.364062 0.330208 0.364062 0.335417 0.360156 0.335417 0.359375 0.3375 0.357812 0.338542 0.357812 0.339583 0.357031 0.339583 0.35625 0.34375 0.353125 0.34375 0.352344 0.346875 0.35 0.346875 0.349219 0.347917 0.348437 0.347917 0.347656 0.348958 0.346875 0.348958 0.346094 0.35 0.345312 0.35 0.344531 0.351042 0.34375 0.351042 0.342969 0.352083 0.342187 0.352083 0.340625 0.353125 0.339844 0.353125 0.338281 0.354167 0.3375 0.354167 0.335156 0.355208 0.334375 0.355208 0.332031 0.35625 0.33125 0.35625 0.325781 0.355208 0.325 0.355208 0.320312 0.354167 0.319531 0.354167 0.315625 0.353125 0.314844 0.353125 0.307812 0.351042 0.307812 0.351042 0.314844 0.35 0.315625 0.35 0.317969 0.348958 0.31875 0.348958 0.319531 0.347917 0.320312 0.347917 0.321094 0.346875 0.321875 0.346875 0.323437 0.345833 0.324219 0.345833 0.325 0.344792 0.325781 0.344792 0.326562 0.341667 0.328906 0.341667 0.329687 0.338542 0.332031 0.338542 0.332812 0.335417 0.335156 0.335417 0.335938 0.327083 0.342187 0.327083 0.342969 0.323958 0.345312 0.323958 0.346094 0.321875 0.347656 0.321875 0.348437 0.314583 0.353906 0.313542 0.353906 0.310417 0.35625 0.309375 0.35625 0.308333 0.357031 0.307292 0.357031 0.303125 0.360156 0.301042 0.360156 0.298958 0.361719 0.297917 0.361719 0.296875 0.3625 0.295833 0.3625 0.294792 0.363281 0.29375 0.363281 0.291667 0.364844 0.290625 0.364844 0.289583 0.365625 0.288542 0.365625 0.2875 0.366406 0.285417 0.366406 0.284375 0.367188 0.283333 0.367188 0.282292 0.367969 0.28125 0.367969 0.280208 0.36875 0.278125 0.36875 0.277083 0.369531 0.275 0.369531 0.273958 0.370312 0.271875 0.370312 0.270833 0.371094 0.269792 0.371094 0.26875 0.371875 0.266667 0.371875 0.265625 0.372656 0.2625 0.372656 0.261458 0.373437 0.259375 0.373437 0.258333 0.374219 0.25625 0.374219 0.255208 0.375 0.251042 0.375 0.25 0.375781 0.242708 0.375781 0.241667 0.376562 0.234375 0.376562 0.233333 0.377344 0.197917 0.377344 0.196875 0.376562 0.191667 0.376562 0.190625 0.375781 0.183333 0.375781 0.182292 0.375 0.178125 0.375 0.177083 0.374219 0.175 0.374219 0.173958 0.373437 0.171875 0.373437 0.170833 0.372656 0.167708 0.372656 0.166667 0.371875 0.164583 0.371875 0.163542 0.371094 0.1625 0.371094 0.161458 0.370312 0.160417 0.370312 0.159375 0.369531 0.158333 0.369531 0.157292 0.36875 0.15625 0.36875 0.155208 0.367969 0.154167 0.367969 0.152083 0.366406 0.151042 0.366406 0.15 0.365625 0.148958 0.365625 0.146875 0.364062 0.145833 0.364062 0.144792 0.363281 0.14375 0.363281 0.142708 0.3625 0.135417 0.357812 0.135417 0.357812 0.833365
0 0.564583 0.288281 0.564583 0.295312 0.566667 0.296875 0.566667 0.297656 0.567708 0.298437 0.567708 0.299219 0.56875 0.3 0.56875 0.300781 0.571875 0.303125 0.571875 0.303906 0.576042 0.307031 0.576042 0.307812 0.58125 0.311719 0.582292 0.311719 0.586458 0.314844 0.5875 0.314844 0.590625 0.317187 0.591667 0.317187 0.592708 0.317969 0.59375 0.317969 0.595833 0.319531 0.596875 0.319531 0.597917 0.320312 0.598958 0.320312 0.601042 0.321875 0.602083 0.321875 0.603125 0.322656 0.605208 0.322656 0.607292 0.324219 0.608333 0.324219 0.609375 0.325 0.611458 0.325 0.6125 0.325781 0.613542 0.325781 0.614583 0.326562 0.616667 0.326562 0.617708 0.327344 0.61875 0.327344 0.619792 0.328125 0.621875 0.328125 0.622917 0.328906 0.626042 0.328906 0.627083 0.329687 0.629167 0.329687 0.630208 0.330469 0.632292 0.330469 0.633333 0.33125 0.6375 0.33125 0.638542 0.332031 0.646875 0.332031 0.647917 0.332812 0.653125 0.332812 0.654167 0.333594 0.688542 0.333594 0.689583 0.332812 0.694792 0.332812 0.695833 0.332031 0.704167 0.332031 0.705208 0.33125 0.709375 0.33125 0.710417 0.330469 0.711458 0.330469 0.7125 0.329687 0.714583 0.329687 0.715625 0.328906 0.717708 0.328906 0.71875 0.328125 0.720833 0.328125 0.721875 0.327344 0.722917 0.327344 0.723958 0.326562 0.725 0.326562 0.726042 0.325781 0.728125 0.325781 0.729167 0.325 0.730208 0.325 0.732292 0.323437 0.733333 0.323437 0.735417 0.321875 0.736458 0.321875 0.738542 0.320312 0.739583 0.320312 0.742708 0.317969 0.74375 0.317969 0.752083 0.311719 0.752083 0.310937 0.754167 0.309375 0.754167 0.308594 0.755208 0.307812 0.755208 0.30625 0.75625 0.305469 0.75625 0.303906 0.757292 0.303125 0.757292 0.297656 0.75625 0.297656 0.755208 0.298437 0.755208 0.299219 0.754167 0.3 0.754167 0.300781 0.751042 0.303125 0.751042 0.303906 0.74375 0.309375 0.742708 0.309375 0.739583 0.311719 0.738542 0.311719 0.736458 0.313281 0.735417 0.313281 0.733333 0.314844 0.732292 0.314844 0.73125 0.315625 0.729167 0.315625 0.728125 0.316406 0.727083 0.316406 0.726042 0.317187 0.725 0.317187 0.723958 0.317969 0.721875 0.317969 0.720833 0.31875 0.71875 0.31875 0.717708 0.319531 0.715625 0.319531 0.714583 0.320312 0.7125 0.320312 0.711458 0.321094 0.708333 0.321094 0.707292 0.321875 0.703125 0.321875 0.702083 0.322656 0.696875 0.322656 0.695833 0.323437 0.6875 0.323437 0.686458 0.324219 0.660417 0.324219 0.659375 0.323437 0.652083 0.323437 0.651042 0.322656 0.64375 0.322656 0.642708 0.321875 0.638542 0.321875 0.6375 0.321094 0.635417 0.321094 0.634375 0.320312 0.63125 0.320312 0.630208 0.319531 0.627083 0.319531 0.626042 0.31875 0.623958 0.31875 0.622917 0.317969 0.620833 0.317969 0.619792 0.317187 0.617708 0.317187 0.616667 0.316406 0.614583 0.316406 0.613542 0.315625 0.611458 0.315625 0.609375 0.314062 0.607292 0.314062 0.60625 0.313281 0.605208 0.313281 0.604167 0.3125 0.603125 0.3125 0.602083 0.311719 0.601042 0.311719 0.6 0.310937 0.598958 0.310937 0.597917 0.310156 0.596875 0.310156 0.595833 0.309375 0.594792 0.309375 0.592708 0.307812 0.591667 0.307812 0.589583 0.30625 0.588542 0.30625 0.585417 0.303906 0.584375 0.303906 0.576042 0.297656 0.575 0.297656 0.573958 0.296875 0.573958 0.296094 0.569792 0.292969 0.569792 0.292187 0.567708 0.290625 0.566667 0.290625 0.565625 0.289844 0.565625 0.289062 0.802966
0 0.554167 0.244531 0.554167 0.245312 0.555208 0.246094 0.555208 0.249219 0.554167 0.25 0.554167 0.250781 0.553125 0.251563 0.553125 0.252344 0.552083 0.253125 0.552083 0.254688 0.551042 0.255469 0.551042 0.257031 0.55 0.257812 0.55 0.258594 0.546875 0.260937 0.546875 0.261719 0.542708 0.264844 0.542708 0.265625 0.535417 0.271094 0.534375 0.271094 0.530208 0.274219 0.529167 0.274219 0.527083 0.275781 0.526042 0.275781 0.523958 0.277344 0.522917 0.277344 0.521875 0.278125 0.520833 0.278125 0.519792 0.278906 0.51875 0.278906 0.517708 0.279687 0.516667 0.279687 0.515625 0.280469 0.513542 0.280469 0.5125 0.28125 0.511458 0.28125 0.510417 0.282031 0.509375 0.282031 0.508333 0.282812 0.50625 0.282812 0.505208 0.283594 0.504167 0.283594 0.503125 0.284375 0.501042 0.284375 0.5 0.285156 0.496875 0.285156 0.495833 0.285937 0.49375 0.285937 0.492708 0.286719 0.490625 0.286719 0.489583 0.2875 0.4875 0.2875 0.486458 0.288281 0.480208 0.288281 0.479167 0.289062 0.475 0.289062 0.473958 0.289844 0.469792 0.289844 0.46875 0.290625 0.461458 0.290625 0.460417 0.291406 0.427083 0.291406 0.426042 0.290625 0.417708 0.290625 0.416667 0.289844 0.4125 0.289844 0.411458 0.289062 0.407292 0.289062 0.40625 0.288281 0.402083 0.288281 0.401042 0.2875 0.397917 0.2875 0.396875 0.286719 0.394792 0.286719 0.39375 0.285937 0.390625 0.285937 0.389583 0.285156 0.3875 0.285156 0.386458 0.284375 0.384375 0.284375 0.383333 0.283594 0.382292 0.283594 0.38125 0.282812 0.379167 0.282812 0.378125 0.282031 0.376042 0.282031 0.375 0.28125 0.373958 0.28125 0.372917 0.280469 0.371875 0.280469 0.370833 0.279687 0.369792 0.279687 0.36875 0.278906 0.367708 0.278906 0.366667 0.278125 0.365625 0.278125 0.363542 0.276562 0.3625 0.276562 0.361458 0.275781 0.360417 0.275781 0.358333 0.274219 0.357292 0.274219 0.354167 0.271875 0.353125 0.271875 0.352083 0.271094 0.352083 0.270312 0.35 0.270312 0.35 0.275781 0.351042 0.276562 0.351042 0.277344 0.352083 0.278125 0.352083 0.278906 0.353125 0.279687 0.353125 0.280469 0.354167 0.28125 0.354167 0.282031 0.357292 0.284375 0.357292 0.285156 0.366667 0.292187 0.367708 0.292187 0.36875 0.292969 0.369792 0.292969 0.373958 0.296094 0.375 0.296094 0.376042 0.296875 0.377083 0.296875 0.378125 0.297656 0.379167 0.297656 0.380208 0.298437 0.38125 0.298437 0.382292 0.299219 0.383333 0.299219 0.384375 0.3 0.386458 0.3 0.3875 0.300781 0.388542 0.300781 0.389583 0.301562 0.390625 0.301562 0.391667 0.302344 0.39375 0.302344 0.394792 0.303125 0.396875 0.303125 0.397917 0.303906 0.4 0.303906 0.401042 0.304688 0.403125 0.304688 0.404167 0.305469 0.407292 0.305469 0.408333 0.30625 0.411458 0.30625 0.4125 0.307031 0.416667 0.307031 0.417708 0.307812 0.421875 0.307812 0.422917 0.308594 0.428125 0.308594 0.429167 0.309375 0.439583 0.309375 0.440625 0.310156 0.458333 0.310156 0.459375 0.309375 0.470833 0.309375 0.471875 0.308594 0.478125 0.308594 0.479167 0.307812 0.484375 0.307812 0.485417 0.307031 0.488542 0.307031 0.489583 0.30625 0.49375 0.30625 0.494792 0.305469 0.497917 0.305469 0.498958 0.304688 0.501042 0.304688 0.502083 0.303906 0.504167 0.303906 0.505208 0.303125 0.507292 0.303125 0.508333 0.302344 0.510417 0.302344 0.511458 0.301562 0.5125 0.301562 0.513542 0.300781 0.514583 0.300781 0.515625 0.3 0.516667 0.3 0.517708 0.299219 0.519792 0.299219 0.520833 0.298437 0.521875 0.298437 0.523958 0.296875 0.525 0.296875 0.526042 0.296094 0.527083 0.296094 0.528125 0.295312 0.529167 0.295312 0.53125 0.29375 0.532292 0.29375 0.534375 0.292187 0.535417 0.292187 0.538542 0.289844 0.539583 0.289844 0.54375 0.286719 0.544792 0.286719 0.545833 0.285937 0.545833 0.285156 0.548958 0.282812 0.548958 0.282031 0.552083 0.279687 0.552083 0.278906 0.553125 0.278125 0.553125 0.277344 0.554167 0.276562 0.554167 0.275781 0.555208 0.275 0.555208 0.274219 0.55625 0.273438 0.55625 0.271094 0.557292 0.270312 0.557292 0.267969 0.558333 0.267187 0.558333 0.254688 0.557292 0.253906 0.558333 0.253125 0.558333 0.25 0.557292 0.249219 0.557292 0.248437 0.559375 0.246875 0.560417 0.246875 0.560417 0.244531 0.634823
0 0.34375 0.265625 0.34375 0.28125 0.344792 0.282031 0.344792 0.2875 0.346875 0.289062 0.346875 0.289844 0.348958 0.291406 0.348958 0.292187 0.35 0.292969 0.35 0.29375 0.351042 0.294531 0.351042 0.295312 0.358333 0.300781 0.359375 0.300781 0.3625 0.303125 0.363542 0.303125 0.366667 0.305469 0.367708 0.305469 0.370833 0.307812 0.371875 0.307812 0.373958 0.309375 0.375 0.309375 0.376042 0.310156 0.377083 0.310156 0.379167 0.311719 0.380208 0.311719 0.38125 0.3125 0.383333 0.3125 0.384375 0.313281 0.385417 0.313281 0.386458 0.314062 0.3875 0.314062 0.388542 0.314844 0.392708 0.314844 0.39375 0.315625 0.395833 0.315625 0.396875 0.316406 0.397917 0.316406 0.398958 0.317187 0.402083 0.317187 0.403125 0.317969 0.409375 0.317969 0.410417 0.31875 0.413542 0.31875 0.414583 0.319531 0.417708 0.319531 0.41875 0.320312 0.423958 0.320312 0.425 0.321094 0.441667 0.321094 0.442708 0.321875 0.447917 0.321875 0.448958 0.321094 0.467708 0.321094 0.46875 0.320312 0.475 0.320312 0.476042 0.319531 0.480208 0.319531 0.48125 0.31875 0.485417 0.31875 0.486458 0.317969 0.489583 0.317969 0.490625 0.317187 0.492708 0.317187 0.49375 0.316406 0.495833 0.316406 0.496875 0.315625 0.498958 0.315625 0.5 0.314844 0.502083 0.314844 0.503125 0.314062 0.505208 0.314062 0.50625 0.313281 0.507292 0.313281 0.509375 0.311719 0.511458 0.311719 0.5125 0.310937 0.514583 0.310937 0.515625 0.310156 0.516667 0.310156 0.51875 0.308594 0.519792 0.308594 0.520833 0.307812 0.522917 0.307812 0.527083 0.304688 0.529167 0.304688 0.533333 0.301562 0.534375 0.301562 0.540625 0.296875 0.540625 0.296094 0.541667 0.295312 0.542708 0.295312 0.54375 0.294531 0.54375 0.29375 0.544792 0.292969 0.544792 0.292187 0.547917 0.289844 0.547917 0.289062 0.548958 0.288281 0.548958 0.286719 0.55 0.285937 0.55 0.285156 0.552083 0.283594 0.552083 0.282031 0.551042 0.282031 0.551042 0.284375 0.55 0.285156 0.547917 0.285156 0.546875 0.285937 0.546875 0.286719 0.544792 0.288281 0.54375 0.288281 0.539583 0.291406 0.538542 0.291406 0.535417 0.29375 0.534375 0.29375 0.533333 0.294531 0.53125 0.294531 0.530208 0.295312 0.530208 0.296094 0.529167 0.296875 0.528125 0.296875 0.527083 0.297656 0.525 0.297656 0.523958 0.298437 0.522917 0.298437 0.520833 0.3 0.519792 0.3 0.51875 0.300781 0.516667 0.300781 0.515625 0.301562 0.514583 0.301562 0.513542 0.302344 0.5125 0.302344 0.511458 0.303125 0.510417 0.303125 0.509375 0.303906 0.505208 0.303906 0.504167 0.304688 0.502083 0.304688 0.501042 0.305469 0.5 0.305469 0.498958 0.30625 0.495833 0.30625 0.494792 0.307031 0.489583 0.307031 0.488542 0.307812 0.485417 0.307812 0.484375 0.308594 0.48125 0.308594 0.480208 0.309375 0.476042 0.309375 0.475 0.310156 0.4625 0.310156 0.461458 0.310937 0.4375 0.310937 0.436458 0.310156 0.426042 0.310156 0.425 0.309375 0.420833 0.309375 0.419792 0.308594 0.416667 0.308594 0.415625 0.307812 0.4125 0.307812 0.411458 0.307031 0.407292 0.307031 0.40625 0.30625 0.403125 0.30625 0.402083 0.305469 0.4 0.305469 0.398958 0.304688 0.396875 0.304688 0.395833 0.303906 0.392708 0.303906 0.391667 0.303125 0.390625 0.303125 0.389583 0.302344 0.388542 0.302344 0.3875 0.301562 0.386458 0.301562 0.385417 0.300781 0.383333 0.300781 0.382292 0.3 0.38125 0.3 0.380208 0.299219 0.379167 0.299219 0.378125 0.298437 0.377083 0.298437 0.376042 0.297656 0.375 0.297656 0.372917 0.296094 0.371875 0.296094 0.36875 0.29375 0.367708 0.29375 0.355208 0.284375 0.355208 0.283594 0.353125 0.282031 0.353125 0.28125 0.352083 0.280469 0.352083 0.278906 0.351042 0.278125 0.351042 0.277344 0.35 0.276562 0.35 0.274219 0.348958 0.273438 0.348958 0.272656 0.347917 0.271875 0.347917 0.269531 0.346875 0.26875 0.346875 0.266406 0.345833 0.265625 0.291847
0 0.539583 0.263281 0.539583 0.264062 0.539583 0.263281 0.558333 0.242969 0.559375 0.242969 0.560417 0.24375 0.561458 0.24375 0.563542 0.245312 0.564583 0.245312 0.566667 0.246875 0.56875 0.246875 0.569792 0.247656 0.570833 0.247656 0.571875 0.248437 0.572917 0.248437 0.573958 0.249219 0.575 0.249219 0.576042 0.25 0.577083 0.25 0.578125 0.250781 0.579167 0.250781 0.580208 0.251563 0.58125 0.251563 0.582292 0.252344 0.583333 0.252344 0.584375 0.253125 0.586458 0.253125 0.5875 0.253906 0.588542 0.253906 0.589583 0.254688 0.592708 0.254688 0.59375 0.255469 0.594792 0.255469 0.595833 0.25625 0.597917 0.25625 0.598958 0.257031 0.602083 0.257031 0.603125 0.257812 0.605208 0.257812 0.60625 0.258594 0.609375 0.258594 0.610417 0.259375 0.613542 0.259375 0.614583 0.260156 0.620833 0.260156 0.621875 0.260937 0.628125 0.260937 0.629167 0.261719 0.635417 0.261719 0.636458 0.2625 0.645833 0.2625 0.646875 0.263281 0.663542 0.263281 0.664583 0.2625 0.677083 0.2625 0.678125 0.261719 0.683333 0.261719 0.684375 0.260937 0.689583 0.260937 0.690625 0.260156 0.694792 0.260156 0.695833 0.259375 0.698958 0.259375 0.7 0.258594 0.702083 0.258594 0.703125 0.257812 0.70625 0.257812 0.707292 0.257031 0.709375 0.257031 0.710417 0.25625 0.711458 0.25625 0.7125 0.255469 0.713542 0.255469 0.714583 0.254688 0.716667 0.254688 0.717708 0.253906 0.71875 0.253906 0.719792 0.253125 0.720833 0.253125 0.721875 0.252344 0.722917 0.252344 0.723958 0.251563 0.725 0.251563 0.726042 0.250781 0.727083 0.250781 0.730208 0.248437 0.73125 0.248437 0.732292 0.247656 0.733333 0.247656 0.739583 0.242969 0.739583 0.242187 0.740625 0.241406 0.740625 0.240625 0.742708 0.239062 0.742708 0.2375 0.74375 0.236719 0.74375 0.235937 0.744792 0.235156 0.744792 0.234375 0.745833 0.233594 0.745833 0.232031 0.746875 0.23125 0.746875 0.228906 0.747917 0.228125 0.747917 0.216406 0.746875 0.215625 0.746875 0.213281 0.745833 0.2125 0.745833 0.210938 0.74375 0.209375 0.74375 0.207812 0.741667 0.20625 0.741667 0.205469 0.740625 0.204687 0.740625 0.203906 0.738542 0.202344 0.738542 0.201562 0.7375 0.200781 0.7375 0.2 0.736458 0.199219 0.736458 0.198437 0.732292 0.195312 0.73125 0.195312 0.727083 0.192187 0.726042 0.192187 0.722917 0.189844 0.721875 0.189844 0.719792 0.188281 0.71875 0.188281 0.717708 0.1875 0.716667 0.1875 0.715625 0.186719 0.714583 0.186719 0.713542 0.185937 0.7125 0.185937 0.711458 0.185156 0.710417 0.185156 0.709375 0.184375 0.708333 0.184375 0.707292 0.183594 0.705208 0.183594 0.704167 0.182812 0.702083 0.182812 0.701042 0.182031 0.698958 0.182031 0.697917 0.18125 0.696875 0.18125 0.695833 0.180469 0.692708 0.180469 0.691667 0.179688 0.688542 0.179688 0.6875 0.178906 0.685417 0.178906 0.684375 0.178125 0.68125 0.178125 0.680208 0.177344 0.678125 0.177344 0.677083 0.176562 0.671875 0.176562 0.670833 0.175781 0.667708 0.175781 0.666667 0.175 0.663542 0.175 0.6625 0.174219 0.596875 0.174219 0.595833 0.175 0.59375 0.175 0.592708 0.175781 0.590625 0.175781 0.589583 0.176562 0.586458 0.176562 0.585417 0.177344 0.583333 0.177344 0.582292 0.178125 0.580208 0.178125 0.579167 0.178906 0.578125 0.178906 0.577083 0.179688 0.575 0.179688 0.573958 0.180469 0.571875 0.180469 0.570833 0.18125 0.569792 0.18125 0.56875 0.182031 0.567708 0.182031 0.566667 0.182812 0.565625 0.182812 0.564583 0.183594 0.563542 0.183594 0.561458 0.185156 0.560417 0.185156 0.558333 0.186719 0.557292 0.186719 0.545833 0.195312 0.545833 0.196094 0.54375 0.197656 0.54375 0.198437 0.542708 0.199219 0.542708 0.2 0.541667 0.200781 0.541667 0.202344 0.539583 0.203906 0.539583 0.225781 0.540625 0.226562 0.540625 0.228125 0.544792 0.23125 0.544792 0.232031 0.548958 0.235156 0.548958 0.235937 0.552083 0.238281 0.552083 0.239062 0.554167 0.240625 0.55625 0.240625 0.557292 0.241406 0.557292 0.242187 0.558333 0.242969 0.156463
0 0.5625 0.248437 0.5625 0.248437 0.558333 0.25 0.557292 0.249219 0.557292 0.246875 0.559375 0.245312 0.560417 0.245312 0.559375 0.244531 0.557292 0.244531 0.55625 0.24375 0.555208 0.24375 0.554167 0.244531 0.554167 0.246094 0.555208 0.246875 0.555208 0.247656 0.554167 0.248437 0.554167 0.249219 0.553125 0.25 0.553125 0.250781 0.552083 0.251563 0.552083 0.253906 0.551042 0.254688 0.551042 0.257031 0.548958 0.258594 0.548958 0.259375 0.546875 0.260937 0.546875 0.261719 0.54375 0.264062 0.54375 0.264844 0.533333 0.272656 0.532292 0.272656 0.528125 0.275781 0.527083 0.275781 0.526042 0.276562 0.525 0.276562 0.522917 0.278125 0.521875 0.278125 0.520833 0.278906 0.51875 0.278906 0.517708 0.279687 0.516667 0.279687 0.515625 0.280469 0.514583 0.280469 0.513542 0.28125 0.5125 0.28125 0.511458 0.282031 0.510417 0.282031 0.509375 0.282812 0.507292 0.282812 0.50625 0.283594 0.505208 0.283594 0.504167 0.284375 0.502083 0.284375 0.501042 0.285156 0.498958 0.285156 0.497917 0.285937 0.494792 0.285937 0.49375 0.286719 0.492708 0.286719 0.491667 0.2875 0.488542 0.2875 0.4875 0.288281 0.483333 0.288281 0.482292 0.289062 0.477083 0.289062 0.476042 0.289844 0.472917 0.289844 0.471875 0.290625 0.465625 0.290625 0.464583 0.291406 0.421875 0.291406 0.420833 0.290625 0.414583 0.290625 0.413542 0.289844 0.410417 0.289844 0.409375 0.289062 0.405208 0.289062 0.404167 0.288281 0.4 0.288281 0.398958 0.2875 0.395833 0.2875 0.394792 0.286719 0.39375 0.286719 0.392708 0.285937 0.389583 0.285937 0.388542 0.285156 0.385417 0.285156 0.384375 0.284375 0.383333 0.284375 0.382292 0.283594 0.380208 0.283594 0.379167 0.282812 0.378125 0.282812 0.377083 0.282031 0.375 0.282031 0.373958 0.28125 0.372917 0.28125 0.371875 0.280469 0.370833 0.280469 0.369792 0.279687 0.36875 0.279687 0.367708 0.278906 0.366667 0.278906 0.365625 0.278125 0.364583 0.278125 0.3625 0.276562 0.361458 0.276562 0.360417 0.275781 0.359375 0.275781 0.355208 0.272656 0.354167 0.272656 0.351042 0.270312 0.35 0.270312 0.348958 0.271094 0.348958 0.275781 0.351042 0.277344 0.351042 0.278125 0.352083 0.278906 0.352083 0.279687 0.354167 0.28125 0.354167 0.282812 0.367708 0.292969 0.36875 0.292969 0.371875 0.295312 0.372917 0.295312 0.373958 0.296094 0.375 0.296094 0.376042 0.296875 0.377083 0.296875 0.379167 0.298437 0.38125 0.298437 0.382292 0.299219 0.383333 0.299219 0.384375 0.3 0.385417 0.3 0.386458 0.300781 0.3875 0.300781 0.388542 0.301562 0.390625 0.301562 0.391667 0.302344 0.39375 0.302344 0.394792 0.303125 0.395833 0.303125 0.396875 0.303906 0.398958 0.303906 0.4 0.304688 0.403125 0.304688 0.404167 0.305469 0.407292 0.305469 0.408333 0.30625 0.411458 0.30625 0.4125 0.307031 0.416667 0.307031 0.417708 0.307812 0.421875 0.307812 0.422917 0.308594 0.428125 0.308594 0.429167 0.309375 0.439583 0.309375 0.440625 0.310156 0.458333 0.310156 0.459375 0.309375 0.470833 0.309375 0.471875 0.308594 0.478125 0.308594 0.479167 0.307812 0.484375 0.307812 0.485417 0.307031 0.488542 0.307031 0.489583 0.30625 0.49375 0.30625 0.494792 0.305469 0.497917 0.305469 0.498958 0.304688 0.501042 0.304688 0.502083 0.303906 0.504167 0.303906 0.505208 0.303125 0.508333 0.303125 0.509375 0.302344 0.511458 0.302344 0.5125 0.301562 0.513542 0.301562 0.514583 0.300781 0.515625 0.300781 0.516667 0.3 0.517708 0.3 0.51875 0.299219 0.519792 0.299219 0.520833 0.298437 0.521875 0.298437 0.523958 0.296875 0.526042 0.296875 0.527083 0.296094 0.528125 0.296094 0.53125 0.29375 0.532292 0.29375 0.533333 0.292969 0.534375 0.292969 0.5375 0.290625 0.538542 0.290625 0.539583 0.289844 0.540625 0.289844 0.541667 0.289062 0.541667 0.288281 0.542708 0.2875 0.54375 0.2875 0.548958 0.283594 0.548958 0.282812 0.55 0.282031 0.55 0.28125 0.553125 0.278906 0.553125 0.278125 0.554167 0.277344 0.554167 0.276562 0.555208 0.275781 0.555208 0.275 0.55625 0.274219 0.55625 0.272656 0.557292 0.271875 0.557292 0.270312 0.558333 0.269531 0.558333 0.265625 0.559375 0.264844 0.559375 0.258594 0.558333 0.257812 0.558333 0.25 0.108919
0 0.539583 0.261719 0.539583 0.264062 0.540625 0.263281 0.539583 0.2625 0.539583 0.261719 0.560417 0.24375 0.561458 0.24375 0.5625 0.244531 0.563542 0.244531 0.566667 0.246875 0.56875 0.246875 0.569792 0.247656 0.570833 0.247656 0.571875 0.248437 0.572917 0.248437 0.573958 0.249219 0.575 0.249219 0.576042 0.25 0.577083 0.25 0.578125 0.250781 0.579167 0.250781 0.580208 0.251563 0.58125 0.251563 0.582292 0.252344 0.584375 0.252344 0.585417 0.253125 0.586458 0.253125 0.5875 0.253906 0.589583 0.253906 0.590625 0.254688 0.592708 0.254688 0.59375 0.255469 0.594792 0.255469 0.595833 0.25625 0.597917 0.25625 0.598958 0.257031 0.602083 0.257031 0.603125 0.257812 0.60625 0.257812 0.607292 0.258594 0.610417 0.258594 0.611458 0.259375 0.613542 0.259375 0.614583 0.260156 0.620833 0.260156 0.621875 0.260937 0.628125 0.260937 0.629167 0.261719 0.636458 0.261719 0.6375 0.2625 0.646875 0.2625 0.647917 0.263281 0.661458 0.263281 0.6625 0.2625 0.676042 0.2625 0.677083 0.261719 0.683333 0.261719 0.684375 0.260937 0.689583 0.260937 0.690625 0.260156 0.694792 0.260156 0.695833 0.259375 0.698958 0.259375 0.7 0.258594 0.702083 0.258594 0.703125 0.257812 0.70625 0.257812 0.707292 0.257031 0.709375 0.257031 0.710417 0.25625 0.711458 0.25625 0.7125 0.255469 0.713542 0.255469 0.714583 0.254688 0.716667 0.254688 0.717708 0.253906 0.71875 0.253906 0.719792 0.253125 0.720833 0.253125 0.721875 0.252344 0.722917 0.252344 0.723958 0.251563 0.725 0.251563 0.726042 0.250781 0.727083 0.250781 0.730208 0.248437 0.73125 0.248437 0.733333 0.246875 0.734375 0.246875 0.738542 0.24375 0.738542 0.242969 0.740625 0.241406 0.740625 0.240625 0.742708 0.239062 0.742708 0.2375 0.74375 0.236719 0.74375 0.235937 0.744792 0.235156 0.744792 0.233594 0.745833 0.232812 0.745833 0.232031 0.746875 0.23125 0.746875 0.228125 0.747917 0.227344 0.747917 0.216406 0.746875 0.215625 0.746875 0.213281 0.745833 0.2125 0.745833 0.211719 0.744792 0.210938 0.744792 0.210156 0.74375 0.209375 0.74375 0.207812 0.741667 0.20625 0.741667 0.205469 0.739583 0.203906 0.739583 0.203125 0.738542 0.202344 0.738542 0.201562 0.7375 0.200781 0.7375 0.2 0.736458 0.199219 0.736458 0.198437 0.73125 0.194531 0.730208 0.194531 0.726042 0.191406 0.725 0.191406 0.721875 0.189062 0.720833 0.189062 0.719792 0.188281 0.71875 0.188281 0.716667 0.186719 0.715625 0.186719 0.714583 0.185937 0.7125 0.185937 0.711458 0.185156 0.710417 0.185156 0.709375 0.184375 0.708333 0.184375 0.707292 0.183594 0.705208 0.183594 0.704167 0.182812 0.702083 0.182812 0.701042 0.182031 0.7 0.182031 0.698958 0.18125 0.696875 0.18125 0.695833 0.180469 0.692708 0.180469 0.691667 0.179688 0.688542 0.179688 0.6875 0.178906 0.685417 0.178906 0.684375 0.178125 0.682292 0.178125 0.68125 0.177344 0.678125 0.177344 0.677083 0.176562 0.672917 0.176562 0.671875 0.175781 0.667708 0.175781 0.666667 0.175 0.663542 0.175 0.6625 0.174219 0.596875 0.174219 0.595833 0.175 0.59375 0.175 0.592708 0.175781 0.590625 0.175781 0.589583 0.176562 0.586458 0.176562 0.585417 0.177344 0.583333 0.177344 0.582292 0.178125 0.580208 0.178125 0.579167 0.178906 0.578125 0.178906 0.577083 0.179688 0.575 0.179688 0.573958 0.180469 0.571875 0.180469 0.570833 0.18125 0.569792 0.18125 0.56875 0.182031 0.567708 0.182031 0.566667 0.182812 0.565625 0.182812 0.564583 0.183594 0.563542 0.183594 0.561458 0.185156 0.560417 0.185156 0.558333 0.186719 0.557292 0.186719 0.545833 0.195312 0.545833 0.196094 0.544792 0.196875 0.544792 0.197656 0.54375 0.198437 0.54375 0.199219 0.542708 0.2 0.542708 0.200781 0.541667 0.201562 0.541667 0.202344 0.540625 0.203125 0.540625 0.203906 0.539583 0.204687 0.539583 0.227344 0.540625 0.228125 0.540625 0.228906 0.541667 0.229687 0.542708 0.229687 0.54375 0.230469 0.54375 0.23125 0.548958 0.235156 0.548958 0.235937 0.552083 0.238281 0.552083 0.239062 0.553125 0.239844 0.554167 0.239844 0.555208 0.240625 0.55625 0.240625 0.560417 0.24375 0.082837
0 0.742708 0.367188 0.742708 0.369531 0.741667 0.370312 0.741667 0.371094 0.740625 0.371875 0.740625 0.372656 0.739583 0.373437 0.739583 0.375 0.738542 0.375781 0.738542 0.376562 0.7375 0.377344 0.7375 0.378125 0.736458 0.378906 0.736458 0.379687 0.735417 0.380469 0.735417 0.38125 0.734375 0.382031 0.734375 0.382812 0.732292 0.384375 0.732292 0.385156 0.729167 0.3875 0.729167 0.388281 0.723958 0.392187 0.722917 0.392187 0.719792 0.394531 0.71875 0.394531 0.715625 0.396875 0.714583 0.396875 0.713542 0.397656 0.7125 0.397656 0.711458 0.398438 0.710417 0.398438 0.708333 0.4 0.707292 0.4 0.70625 0.400781 0.704167 0.400781 0.703125 0.401562 0.702083 0.401562 0.701042 0.402344 0.698958 0.402344 0.697917 0.403125 0.695833 0.403125 0.694792 0.403906 0.691667 0.403906 0.690625 0.404687 0.686458 0.404687 0.685417 0.405469 0.679167 0.405469 0.678125 0.40625 0.671875 0.40625 0.670833 0.407031 0.646875 0.407031 0.645833 0.40625 0.640625 0.40625 0.639583 0.405469 0.633333 0.405469 0.632292 0.404687 0.627083 0.404687 0.626042 0.403906 0.623958 0.403906 0.622917 0.403125 0.619792 0.403125 0.61875 0.402344 0.616667 0.402344 0.615625 0.401562 0.613542 0.401562 0.6125 0.400781 0.610417 0.400781 0.609375 0.4 0.608333 0.4 0.607292 0.399219 0.605208 0.399219 0.604167 0.398438 0.603125 0.398438 0.602083 0.397656 0.601042 0.397656 0.6 0.396875 0.598958 0.396875 0.597917 0.396094 0.596875 0.396094 0.59375 0.39375 0.592708 0.39375 0.591667 0.392969 0.590625 0.392969 0.588542 0.391406 0.5875 0.391406 0.584375 0.389062 0.583333 0.389062 0.58125 0.3875 0.580208 0.3875 0.576042 0.384375 0.575 0.384375 0.575 0.388281 0.576042 0.389062 0.577083 0.389062 0.578125 0.389844 0.578125 0.390625 0.585417 0.396094 0.586458 0.396094 0.591667 0.4 0.592708 0.4 0.595833 0.402344 0.596875 0.402344 0.597917 0.403125 0.598958 0.403125 0.601042 0.404687 0.602083 0.404687 0.603125 0.405469 0.604167 0.405469 0.605208 0.40625 0.60625 0.40625 0.607292 0.407031 0.608333 0.407031 0.609375 0.407812 0.610417 0.407812 0.611458 0.408594 0.6125 0.408594 0.613542 0.409375 0.614583 0.409375 0.615625 0.410156 0.617708 0.410156 0.61875 0.410937 0.619792 0.410937 0.620833 0.411719 0.621875 0.411719 0.622917 0.4125 0.626042 0.4125 0.627083 0.413281 0.630208 0.413281 0.63125 0.414062 0.634375 0.414062 0.635417 0.414844 0.638542 0.414844 0.639583 0.415625 0.64375 0.415625 0.644792 0.416406 0.684375 0.416406 0.685417 0.415625 0.689583 0.415625 0.690625 0.414844 0.69375 0.414844 0.694792 0.414062 0.697917 0.414062 0.698958 0.413281 0.702083 0.413281 0.703125 0.4125 0.705208 0.4125 0.70625 0.411719 0.708333 0.411719 0.709375 0.410937 0.710417 0.410937 0.711458 0.410156 0.7125 0.410156 0.713542 0.409375 0.714583 0.409375 0.715625 0.408594 0.716667 0.408594 0.717708 0.407812 0.71875 0.407812 0.720833 0.40625 0.721875 0.40625 0.722917 0.405469 0.723958 0.405469 0.727083 0.403125 0.728125 0.403125 0.735417 0.397656 0.735417 0.396875 0.7375 0.395312 0.7375 0.394531 0.738542 0.39375 0.738542 0.392969 0.740625 0.391406 0.740625 0.390625 0.741667 0.389844 0.741667 0.388281 0.742708 0.3875 0.742708 0.385937 0.74375 0.385156 0.74375 0.383594 0.744792 0.382812 0.744792 0.379687 0.745833 0.378906 0.745833 0.371094 0.744792 0.370312 0.744792 0.36875 0.74375 0.367969 0.74375 0.367188 0.0347703
0 0.74375 0.366406 0.742708 0.367188 0.742708 0.36875 0.741667 0.369531 0.741667 0.371094 0.740625 0.371875 0.740625 0.372656 0.739583 0.373437 0.739583 0.374219 0.738542 0.375 0.738542 0.375781 0.7375 0.376562 0.7375 0.377344 0.736458 0.378125 0.736458 0.379687 0.735417 0.380469 0.735417 0.38125 0.734375 0.382031 0.734375 0.382812 0.732292 0.384375 0.732292 0.385156 0.730208 0.386719 0.730208 0.3875 0.723958 0.392187 0.722917 0.392187 0.71875 0.395312 0.717708 0.395312 0.715625 0.396875 0.714583 0.396875 0.713542 0.397656 0.7125 0.397656 0.711458 0.398438 0.710417 0.398438 0.708333 0.4 0.707292 0.4 0.70625 0.400781 0.704167 0.400781 0.703125 0.401562 0.702083 0.401562 0.701042 0.402344 0.698958 0.402344 0.697917 0.403125 0.695833 0.403125 0.694792 0.403906 0.691667 0.403906 0.690625 0.404687 0.686458 0.404687 0.685417 0.405469 0.680208 0.405469 0.679167 0.40625 0.672917 0.40625 0.671875 0.407031 0.646875 0.407031 0.645833 0.40625 0.639583 0.40625 0.638542 0.405469 0.633333 0.405469 0.632292 0.404687 0.627083 0.404687 0.626042 0.403906 0.622917 0.403906 0.621875 0.403125 0.619792 0.403125 0.61875 0.402344 0.616667 0.402344 0.615625 0.401562 0.613542 0.401562 0.6125 0.400781 0.610417 0.400781 0.609375 0.4 0.608333 0.4 0.607292 0.399219 0.605208 0.399219 0.604167 0.398438 0.603125 0.398438 0.602083 0.397656 0.601042 0.397656 0.6 0.396875 0.598958 0.396875 0.597917 0.396094 0.596875 0.396094 0.594792 0.394531 0.59375 0.394531 0.591667 0.392969 0.590625 0.392969 0.589583 0.392187 0.588542 0.392187 0.584375 0.389062 0.583333 0.389062 0.58125 0.3875 0.580208 0.3875 0.576042 0.384375 0.575 0.384375 0.575 0.388281 0.576042 0.389062 0.577083 0.389062 0.579167 0.390625 0.579167 0.391406 0.584375 0.395312 0.585417 0.395312 0.591667 0.4 0.592708 0.4 0.595833 0.402344 0.596875 0.402344 0.597917 0.403125 0.598958 0.403125 0.601042 0.404687 0.602083 0.404687 0.603125 0.405469 0.604167 0.405469 0.605208 0.40625 0.60625 0.40625 0.607292 0.407031 0.608333 0.407031 0.609375 0.407812 0.610417 0.407812 0.611458 0.408594 0.6125 0.408594 0.613542 0.409375 0.614583 0.409375 0.615625 0.410156 0.617708 0.410156 0.61875 0.410937 0.619792 0.410937 0.620833 0.411719 0.621875 0.411719 0.622917 0.4125 0.626042 0.4125 0.627083 0.413281 0.630208 0.413281 0.63125 0.414062 0.634375 0.414062 0.635417 0.414844 0.638542 0.414844 0.639583 0.415625 0.64375 0.415625 0.644792 0.416406 0.684375 0.416406 0.685417 0.415625 0.689583 0.415625 0.690625 0.414844 0.69375 0.414844 0.694792 0.414062 0.697917 0.414062 0.698958 0.413281 0.702083 0.413281 0.703125 0.4125 0.705208 0.4125 0.70625 0.411719 0.708333 0.411719 0.709375 0.410937 0.710417 0.410937 0.711458 0.410156 0.7125 0.410156 0.713542 0.409375 0.714583 0.409375 0.715625 0.408594 0.716667 0.408594 0.717708 0.407812 0.71875 0.407812 0.720833 0.40625 0.721875 0.40625 0.722917 0.405469 0.723958 0.405469 0.727083 0.403125 0.728125 0.403125 0.735417 0.397656 0.735417 0.396875 0.7375 0.395312 0.7375 0.394531 0.738542 0.39375 0.738542 0.392969 0.740625 0.391406 0.740625 0.390625 0.741667 0.389844 0.741667 0.388281 0.742708 0.3875 0.742708 0.385937 0.74375 0.385156 0.74375 0.383594 0.744792 0.382812 0.744792 0.379687 0.745833 0.378906 0.745833 0.370312 0.744792 0.369531 0.744792 0.36875 0.74375 0.367969 0.0290536
0 0.551042 0.338281 0.551042 0.339062 0.547917 0.341406 0.546875 0.341406 0.54375 0.34375 0.542708 0.34375 0.540625 0.345312 0.539583 0.345312 0.539583 0.346094 0.538542 0.346875 0.5375 0.346875 0.536458 0.347656 0.535417 0.347656 0.532292 0.35 0.53125 0.35 0.530208 0.350781 0.528125 0.350781 0.527083 0.351562 0.526042 0.351562 0.523958 0.353125 0.522917 0.353125 0.521875 0.353906 0.519792 0.353906 0.51875 0.354687 0.517708 0.354687 0.516667 0.355469 0.515625 0.355469 0.514583 0.35625 0.5125 0.35625 0.511458 0.357031 0.507292 0.357031 0.50625 0.357812 0.505208 0.357812 0.504167 0.358594 0.502083 0.358594 0.501042 0.359375 0.498958 0.359375 0.497917 0.360156 0.491667 0.360156 0.490625 0.360937 0.4875 0.360937 0.486458 0.361719 0.48125 0.361719 0.480208 0.3625 0.472917 0.3625 0.471875 0.363281 0.438542 0.363281 0.4375 0.3625 0.432292 0.3625 0.43125 0.361719 0.428125 0.361719 0.427083 0.360937 0.423958 0.360937 0.422917 0.360156 0.41875 0.360156 0.417708 0.359375 0.414583 0.359375 0.413542 0.358594 0.411458 0.358594 0.410417 0.357812 0.408333 0.357812 0.407292 0.357031 0.404167 0.357031 0.403125 0.35625 0.401042 0.35625 0.4 0.355469 0.398958 0.355469 0.397917 0.354687 0.396875 0.354687 0.395833 0.353906 0.39375 0.353906 0.392708 0.353125 0.391667 0.353125 0.389583 0.351562 0.388542 0.351562 0.3875 0.350781 0.386458 0.350781 0.385417 0.35 0.384375 0.35 0.38125 0.347656 0.380208 0.347656 0.379167 0.346875 0.378125 0.346875 0.377083 0.346094 0.377083 0.345312 0.376042 0.344531 0.375 0.344531 0.371875 0.342187 0.370833 0.342187 0.369792 0.341406 0.369792 0.345312 0.370833 0.346094 0.370833 0.346875 0.38125 0.354687 0.382292 0.354687 0.386458 0.357812 0.3875 0.357812 0.389583 0.359375 0.390625 0.359375 0.392708 0.360937 0.39375 0.360937 0.394792 0.361719 0.395833 0.361719 0.397917 0.363281 0.398958 0.363281 0.4 0.364062 0.402083 0.364062 0.403125 0.364844 0.404167 0.364844 0.405208 0.365625 0.40625 0.365625 0.407292 0.366406 0.409375 0.366406 0.410417 0.367188 0.413542 0.367188 0.414583 0.367969 0.415625 0.367969 0.416667 0.36875 0.41875 0.36875 0.419792 0.369531 0.422917 0.369531 0.423958 0.370312 0.429167 0.370312 0.430208 0.371094 0.435417 0.371094 0.436458 0.371875 0.439583 0.371875 0.440625 0.372656 0.444792 0.372656 0.445833 0.373437 0.472917 0.373437 0.473958 0.372656 0.478125 0.372656 0.479167 0.371875 0.483333 0.371875 0.484375 0.371094 0.488542 0.371094 0.489583 0.370312 0.494792 0.370312 0.495833 0.369531 0.498958 0.369531 0.5 0.36875 0.502083 0.36875 0.503125 0.367969 0.504167 0.367969 0.505208 0.367188 0.508333 0.367188 0.509375 0.366406 0.510417 0.366406 0.511458 0.365625 0.513542 0.365625 0.514583 0.364844 0.515625 0.364844 0.516667 0.364062 0.51875 0.364062 0.520833 0.3625 0.521875 0.3625 0.522917 0.361719 0.523958 0.361719 0.525 0.360937 0.526042 0.360937 0.529167 0.358594 0.530208 0.358594 0.53125 0.357812 0.532292 0.357812 0.535417 0.355469 0.536458 0.355469 0.542708 0.350781 0.542708 0.35 0.545833 0.347656 0.546875 0.347656 0.546875 0.346875 0.548958 0.345312 0.548958 0.344531 0.552083 0.342187 0.552083 0.341406 0.553125 0.340625 0.553125 0.338281 0.0143569
0 0.742708 0.366406 0.742708 0.36875 0.741667 0.369531 0.741667 0.371094 0.740625 0.371875 0.740625 0.372656 0.739583 0.373437 0.739583 0.374219 0.738542 0.375 0.738542 0.375781 0.7375 0.376562 0.7375 0.377344 0.736458 0.378125 0.736458 0.379687 0.735417 0.380469 0.735417 0.38125 0.734375 0.382031 0.734375 0.382812 0.732292 0.384375 0.732292 0.385156 0.729167 0.3875 0.729167 0.388281 0.723958 0.392187 0.722917 0.392187 0.71875 0.395312 0.717708 0.395312 0.715625 0.396875 0.714583 0.396875 0.713542 0.397656 0.7125 0.397656 0.710417 0.399219 0.709375 0.399219 0.708333 0.4 0.707292 0.4 0.70625 0.400781 0.704167 0.400781 0.703125 0.401562 0.702083 0.401562 0.701042 0.402344 0.698958 0.402344 0.697917 0.403125 0.695833 0.403125 0.694792 0.403906 0.692708 0.403906 0.691667 0.404687 0.686458 0.404687 0.685417 0.405469 0.680208 0.405469 0.679167 0.40625 0.672917 0.40625 0.671875 0.407031 0.646875 0.407031 0.645833 0.40625 0.639583 0.40625 0.638542 0.405469 0.632292 0.405469 0.63125 0.404687 0.627083 0.404687 0.626042 0.403906 0.622917 0.403906 0.621875 0.403125 0.619792 0.403125 0.61875 0.402344 0.616667 0.402344 0.615625 0.401562 0.613542 0.401562 0.6125 0.400781 0.610417 0.400781 0.609375 0.4 0.608333 0.4 0.607292 0.399219 0.605208 0.399219 0.604167 0.398438 0.603125 0.398438 0.602083 0.397656 0.601042 0.397656 0.6 0.396875 0.598958 0.396875 0.597917 0.396094 0.596875 0.396094 0.594792 0.394531 0.59375 0.394531 0.591667 0.392969 0.590625 0.392969 0.588542 0.391406 0.5875 0.391406 0.584375 0.389062 0.583333 0.389062 0.580208 0.386719 0.579167 0.386719 0.576042 0.384375 0.573958 0.384375 0.572917 0.383594 0.572917 0.382812 0.572917 0.385156 0.573958 0.385937 0.573958 0.386719 0.580208 0.391406 0.580208 0.392187 0.58125 0.392187 0.583333 0.39375 0.583333 0.394531 0.584375 0.395312 0.585417 0.395312 0.591667 0.4 0.592708 0.4 0.595833 0.402344 0.596875 0.402344 0.597917 0.403125 0.598958 0.403125 0.601042 0.404687 0.602083 0.404687 0.603125 0.405469 0.604167 0.405469 0.605208 0.40625 0.60625 0.40625 0.607292 0.407031 0.608333 0.407031 0.609375 0.407812 0.610417 0.407812 0.611458 0.408594 0.6125 0.408594 0.613542 0.409375 0.614583 0.409375 0.615625 0.410156 0.617708 0.410156 0.61875 0.410937 0.619792 0.410937 0.620833 0.411719 0.621875 0.411719 0.622917 0.4125 0.626042 0.4125 0.627083 0.413281 0.630208 0.413281 0.63125 0.414062 0.634375 0.414062 0.635417 0.414844 0.638542 0.414844 0.639583 0.415625 0.644792 0.415625 0.645833 0.416406 0.654167 0.416406 0.655208 0.417187 0.673958 0.417187 0.675 0.416406 0.683333 0.416406 0.684375 0.415625 0.689583 0.415625 0.690625 0.414844 0.69375 0.414844 0.694792 0.414062 0.697917 0.414062 0.698958 0.413281 0.702083 0.413281 0.703125 0.4125 0.705208 0.4125 0.70625 0.411719 0.708333 0.411719 0.709375 0.410937 0.710417 0.410937 0.711458 0.410156 0.7125 0.410156 0.713542 0.409375 0.714583 0.409375 0.715625 0.408594 0.716667 0.408594 0.717708 0.407812 0.71875 0.407812 0.720833 0.40625 0.721875 0.40625 0.723958 0.404687 0.725 0.404687 0.728125 0.402344 0.729167 0.402344 0.729167 0.401562 0.730208 0.400781 0.73125 0.400781 0.735417 0.397656 0.735417 0.396875 0.7375 0.395312 0.7375 0.394531 0.738542 0.39375 0.738542 0.392969 0.740625 0.391406 0.740625 0.390625 0.741667 0.389844 0.741667 0.388281 0.742708 0.3875 0.742708 0.385937 0.74375 0.385156 0.74375 0.383594 0.744792 0.382812 0.744792 0.378906 0.745833 0.378125 0.745833 0.371094 0.744792 0.370312 0.744792 0.36875 0.74375 0.367969 0.74375 0.366406 0.0115315
0 0.566667 0.300781 0.566667 0.308594 0.567708 0.309375 0.567708 0.310937 0.56875 0.311719 0.56875 0.313281 0.570833 0.314844 0.570833 0.315625 0.584375 0.325781 0.585417 0.325781 0.589583 0.328906 0.590625 0.328906 0.591667 0.329687 0.592708 0.329687 0.59375 0.330469 0.594792 0.330469 0.596875 0.332031 0.597917 0.332031 0.598958 0.332812 0.6 0.332812 0.601042 0.333594 0.602083 0.333594 0.603125 0.334375 0.604167 0.334375 0.605208 0.335156 0.60625 0.335156 0.607292 0.335938 0.608333 0.335938 0.609375 0.336719 0.611458 0.336719 0.6125 0.3375 0.613542 0.3375 0.614583 0.338281 0.616667 0.338281 0.617708 0.339062 0.619792 0.339062 0.620833 0.339844 0.622917 0.339844 0.623958 0.340625 0.627083 0.340625 0.628125 0.341406 0.63125 0.341406 0.632292 0.342187 0.636458 0.342187 0.6375 0.342969 0.642708 0.342969 0.64375 0.34375 0.65 0.34375 0.651042 0.344531 0.685417 0.344531 0.686458 0.34375 0.692708 0.34375 0.69375 0.342969 0.697917 0.342969 0.698958 0.342187 0.703125 0.342187 0.704167 0.341406 0.70625 0.341406 0.707292 0.340625 0.709375 0.340625 0.710417 0.339844 0.7125 0.339844 0.713542 0.339062 0.715625 0.339062 0.716667 0.338281 0.717708 0.338281 0.71875 0.3375 0.719792 0.3375 0.720833 0.336719 0.721875 0.336719 0.722917 0.335938 0.723958 0.335938 0.725 0.335156 0.726042 0.335156 0.729167 0.332812 0.730208 0.332812 0.733333 0.330469 0.734375 0.330469 0.741667 0.325 0.741667 0.324219 0.74375 0.322656 0.74375 0.321875 0.745833 0.320312 0.745833 0.319531 0.747917 0.317969 0.747917 0.316406 0.745833 0.316406 0.741667 0.319531 0.740625 0.319531 0.736458 0.322656 0.735417 0.322656 0.733333 0.324219 0.732292 0.324219 0.730208 0.325781 0.728125 0.325781 0.727083 0.326562 0.726042 0.326562 0.725 0.327344 0.723958 0.327344 0.722917 0.328125 0.721875 0.328125 0.720833 0.328906 0.71875 0.328906 0.717708 0.329687 0.714583 0.329687 0.713542 0.330469 0.7125 0.330469 0.711458 0.33125 0.708333 0.33125 0.707292 0.332031 0.701042 0.332031 0.7 0.332812 0.69375 0.332812 0.692708 0.333594 0.6875 0.333594 0.686458 0.334375 0.654167 0.334375 0.653125 0.333594 0.648958 0.333594 0.647917 0.332812 0.641667 0.332812 0.640625 0.332031 0.634375 0.332031 0.633333 0.33125 0.63125 0.33125 0.630208 0.330469 0.628125 0.330469 0.627083 0.329687 0.623958 0.329687 0.622917 0.328906 0.619792 0.328906 0.61875 0.328125 0.617708 0.328125 0.616667 0.327344 0.615625 0.327344 0.614583 0.326562 0.6125 0.326562 0.611458 0.325781 0.609375 0.325781 0.608333 0.325 0.607292 0.325 0.605208 0.323437 0.604167 0.323437 0.603125 0.322656 0.602083 0.322656 0.601042 0.321875 0.6 0.321875 0.597917 0.320312 0.596875 0.320312 0.595833 0.319531 0.594792 0.319531 0.59375 0.31875 0.592708 0.31875 0.590625 0.317187 0.589583 0.317187 0.5875 0.315625 0.586458 0.315625 0.583333 0.313281 0.582292 0.313281 0.576042 0.308594 0.576042 0.307812 0.572917 0.305469 0.572917 0.304688 0.56875 0.301562 0.56875 0.300781 0.0107465
