0 0.410417 0.196875 0.408333 0.198437 0.402083 0.198437 0.4 0.2 0.39375 0.2 0.391667 0.201562 0.3875 0.201562 0.385417 0.203125 0.383333 0.203125 0.38125 0.204687 0.377083 0.204687 0.375 0.20625 0.372917 0.20625 0.36875 0.209375 0.366667 0.209375 0.3625 0.2125 0.360417 0.2125 0.35 0.220312 0.35 0.221875 0.347917 0.223437 0.347917 0.225 0.345833 0.226562 0.345833 0.232812 0.34375 0.234375 0.341667 0.234375 0.341667 0.248437 0.34375 0.246875 0.345833 0.248437 0.345833 0.253125 0.347917 0.254688 0.347917 0.259375 0.35 0.260937 0.35 0.2625 0.352083 0.264062 0.352083 0.265625 0.354167 0.265625 0.358333 0.26875 0.358333 0.270312 0.360417 0.271875 0.3625 0.271875 0.364583 0.273438 0.366667 0.273438 0.372917 0.278125 0.379167 0.278125 0.38125 0.279687 0.383333 0.279687 0.385417 0.28125 0.3875 0.28125 0.389583 0.282812 0.39375 0.282812 0.395833 0.284375 0.404167 0.284375 0.40625 0.285937 0.416667 0.285937 0.41875 0.2875 0.441667 0.2875 0.44375 0.289062 0.45 0.289062 0.452083 0.2875 0.46875 0.2875 0.470833 0.285937 0.48125 0.285937 0.483333 0.284375 0.491667 0.284375 0.49375 0.282812 0.497917 0.282812 0.5 0.28125 0.502083 0.28125 0.504167 0.279687 0.510417 0.279687 0.5125 0.278125 0.514583 0.278125 0.516667 0.276562 0.51875 0.276562 0.522917 0.273438 0.525 0.273438 0.527083 0.271875 0.529167 0.271875 0.53125 0.270312 0.53125 0.26875 0.533333 0.267187 0.535417 0.267187 0.539583 0.264062 0.539583 0.2625 0.545833 0.257812 0.545833 0.254688 0.547917 0.253125 0.547917 0.239062 0.545833 0.2375 0.545833 0.235937 0.54375 0.234375 0.54375 0.232812 0.541667 0.23125 0.541667 0.228125 0.539583 0.226562 0.539583 0.225 0.5375 0.223437 0.5375 0.221875 0.535417 0.220312 0.535417 0.21875 0.533333 0.217187 0.533333 0.214062 0.53125 0.2125 0.53125 0.210938 0.527083 0.207812 0.525 0.207812 0.522917 0.20625 0.520833 0.20625 0.51875 0.204687 0.516667 0.204687 0.514583 0.203125 0.5125 0.203125 0.510417 0.201562 0.508333 0.201562 0.50625 0.2 0.502083 0.2 0.5 0.198437 0.497917 0.198437 0.495833 0.196875 0.984161
0 0.589583 0.173437 0.5875 0.175 0.583333 0.175 0.58125 0.176562 0.579167 0.176562 0.577083 0.178125 0.575 0.178125 0.572917 0.179688 0.56875 0.179688 0.566667 0.18125 0.564583 0.18125 0.560417 0.184375 0.558333 0.184375 0.554167 0.1875 0.552083 0.1875 0.547917 0.190625 0.547917 0.192187 0.541667 0.196875 0.541667 0.198437 0.539583 0.2 0.539583 0.228125 0.541667 0.229687 0.54375 0.229687 0.547917 0.232812 0.547917 0.234375 0.55 0.235937 0.552083 0.235937 0.55625 0.239062 0.55625 0.240625 0.558333 0.242187 0.560417 0.242187 0.564583 0.245312 0.566667 0.245312 0.56875 0.246875 0.570833 0.246875 0.572917 0.248437 0.577083 0.248437 0.579167 0.25 0.58125 0.25 0.583333 0.251563 0.585417 0.251563 0.5875 0.253125 0.589583 0.253125 0.591667 0.254688 0.597917 0.254688 0.6 0.25625 0.60625 0.25625 0.608333 0.257812 0.6125 0.257812 0.614583 0.259375 0.622917 0.259375 0.625 0.260937 0.683333 0.260937 0.685417 0.259375 0.69375 0.259375 0.695833 0.257812 0.702083 0.257812 0.704167 0.25625 0.70625 0.25625 0.708333 0.254688 0.7125 0.254688 0.714583 0.253125 0.716667 0.253125 0.71875 0.251563 0.720833 0.251563 0.725 0.248437 0.727083 0.248437 0.739583 0.239062 0.739583 0.2375 0.74375 0.234375 0.74375 0.232812 0.745833 0.23125 0.745833 0.214062 0.74375 0.2125 0.74375 0.209375 0.741667 0.207812 0.741667 0.20625 0.735417 0.201562 0.735417 0.2 0.727083 0.19375 0.727083 0.192187 0.722917 0.189062 0.720833 0.189062 0.71875 0.1875 0.716667 0.1875 0.714583 0.185937 0.7125 0.185937 0.710417 0.184375 0.708333 0.184375 0.70625 0.182812 0.704167 0.182812 0.702083 0.18125 0.697917 0.18125 0.695833 0.179688 0.691667 0.179688 0.689583 0.178125 0.6875 0.178125 0.685417 0.176562 0.683333 0.176562 0.68125 0.175 0.675 0.175 0.672917 0.173437 0.975656
0 0.19375 0.20625 0.191667 0.207812 0.183333 0.207812 0.18125 0.209375 0.177083 0.209375 0.175 0.210938 0.170833 0.210938 0.16875 0.2125 0.1625 0.2125 0.160417 0.214062 0.158333 0.214062 0.15625 0.215625 0.154167 0.215625 0.152083 0.217187 0.147917 0.217187 0.145833 0.21875 0.141667 0.21875 0.1375 0.221875 0.135417 0.221875 0.13125 0.225 0.129167 0.225 0.127083 0.226562 0.125 0.226562 0.11875 0.23125 0.116667 0.23125 0.114583 0.232812 0.114583 0.234375 0.1125 0.235937 0.110417 0.235937 0.10625 0.239062 0.10625 0.240625 0.1 0.245312 0.1 0.246875 0.0979167 0.248437 0.0979167 0.25 0.09375 0.253125 0.09375 0.279687 0.0979167 0.282812 0.0979167 0.284375 0.102083 0.2875 0.102083 0.289062 0.108333 0.29375 0.110417 0.29375 0.116667 0.298437 0.120833 0.298437 0.122917 0.3 0.125 0.3 0.127083 0.301562 0.129167 0.301562 0.13125 0.303125 0.135417 0.303125 0.1375 0.304688 0.145833 0.304688 0.147917 0.30625 0.15 0.30625 0.152083 0.307812 0.154167 0.307812 0.15625 0.309375 0.170833 0.309375 0.172917 0.310937 0.227083 0.310937 0.229167 0.309375 0.241667 0.309375 0.24375 0.307812 0.247917 0.307812 0.25 0.30625 0.254167 0.30625 0.25625 0.304688 0.264583 0.304688 0.266667 0.303125 0.270833 0.303125 0.272917 0.301562 0.275 0.301562 0.277083 0.3 0.279167 0.3 0.28125 0.298437 0.285417 0.298437 0.2875 0.296875 0.291667 0.296875 0.295833 0.29375 0.297917 0.29375 0.302083 0.290625 0.304167 0.290625 0.30625 0.289062 0.308333 0.289062 0.314583 0.284375 0.316667 0.284375 0.320833 0.28125 0.320833 0.279687 0.329167 0.273438 0.329167 0.271875 0.33125 0.270312 0.33125 0.267187 0.333333 0.265625 0.333333 0.259375 0.335417 0.257812 0.335417 0.25 0.3375 0.248437 0.3375 0.245312 0.339583 0.24375 0.339583 0.239062 0.335417 0.235937 0.335417 0.234375 0.333333 0.232812 0.333333 0.23125 0.327083 0.226562 0.327083 0.225 0.325 0.223437 0.322917 0.223437 0.31875 0.220312 0.316667 0.220312 0.3125 0.217187 0.310417 0.217187 0.308333 0.215625 0.30625 0.215625 0.304167 0.214062 0.302083 0.214062 0.3 0.2125 0.297917 0.2125 0.295833 0.210938 0.291667 0.210938 0.289583 0.209375 0.285417 0.209375 0.283333 0.207812 0.279167 0.207812 0.277083 0.20625 0.975419
0 0.34375 0.295312 0.34375 0.310937 0.341667 0.3125 0.341667 0.314062 0.335417 0.31875 0.335417 0.320312 0.320833 0.33125 0.31875 0.33125 0.3125 0.335938 0.310417 0.335938 0.30625 0.339062 0.302083 0.339062 0.295833 0.34375 0.291667 0.34375 0.289583 0.345312 0.285417 0.345312 0.283333 0.346875 0.28125 0.346875 0.279167 0.348437 0.277083 0.348437 0.275 0.35 0.266667 0.35 0.264583 0.351562 0.260417 0.351562 0.258333 0.353125 0.254167 0.353125 0.252083 0.354687 0.245833 0.354687 0.24375 0.35625 0.189583 0.35625 0.1875 0.354687 0.179167 0.354687 0.177083 0.353125 0.175 0.353125 0.172917 0.351562 0.166667 0.351562 0.164583 0.35 0.160417 0.35 0.158333 0.348437 0.15625 0.348437 0.152083 0.345312 0.15 0.345312 0.147917 0.34375 0.145833 0.34375 0.133333 0.334375 0.133333 0.332812 0.13125 0.33125 0.13125 0.329687 0.127083 0.326562 0.127083 0.325 0.125 0.323437 0.125 0.321875 0.122917 0.320312 0.122917 0.31875 0.120833 0.317187 0.120833 0.314062 0.11875 0.3125 0.11875 0.335938 0.129167 0.34375 0.129167 0.345312 0.135417 0.35 0.1375 0.35 0.139583 0.351562 0.139583 0.353125 0.141667 0.354687 0.14375 0.354687 0.145833 0.35625 0.152083 0.35625 0.158333 0.360937 0.164583 0.360937 0.166667 0.3625 0.179167 0.3625 0.18125 0.364062 0.183333 0.364062 0.185417 0.365625 0.191667 0.365625 0.19375 0.367188 0.239583 0.367188 0.241667 0.365625 0.245833 0.365625 0.247917 0.364062 0.252083 0.364062 0.254167 0.3625 0.2625 0.3625 0.264583 0.360937 0.275 0.360937 0.277083 0.359375 0.279167 0.359375 0.283333 0.35625 0.289583 0.35625 0.291667 0.354687 0.295833 0.354687 0.297917 0.353125 0.3 0.353125 0.304167 0.35 0.30625 0.35 0.308333 0.348437 0.3125 0.348437 0.31875 0.34375 0.320833 0.34375 0.325 0.340625 0.325 0.339062 0.327083 0.3375 0.329167 0.3375 0.335417 0.332812 0.335417 0.33125 0.341667 0.326562 0.341667 0.325 0.345833 0.321875 0.345833 0.320312 0.347917 0.31875 0.347917 0.315625 0.35 0.314062 0.347917 0.3125 0.347917 0.3 0.345833 0.298437 0.345833 0.295312 0.971984
0 0.360417 0.345312 0.360417 0.35 0.358333 0.351562 0.358333 0.359375 0.3625 0.3625 0.3625 0.364062 0.364583 0.365625 0.364583 0.367188 0.372917 0.373437 0.375 0.373437 0.38125 0.378125 0.383333 0.378125 0.385417 0.379687 0.3875 0.379687 0.39375 0.384375 0.397917 0.384375 0.4 0.385937 0.40625 0.385937 0.410417 0.389062 0.4125 0.389062 0.414583 0.390625 0.425 0.390625 0.427083 0.392187 0.477083 0.392187 0.479167 0.390625 0.495833 0.390625 0.502083 0.385937 0.508333 0.385937 0.510417 0.384375 0.514583 0.384375 0.51875 0.38125 0.520833 0.38125 0.522917 0.379687 0.527083 0.379687 0.535417 0.373437 0.5375 0.373437 0.541667 0.370312 0.541667 0.36875 0.54375 0.367188 0.545833 0.367188 0.547917 0.365625 0.547917 0.364062 0.554167 0.359375 0.554167 0.351562 0.552083 0.353125 0.552083 0.354687 0.55 0.35625 0.55 0.357812 0.545833 0.360937 0.54375 0.360937 0.541667 0.3625 0.541667 0.364062 0.535417 0.36875 0.533333 0.36875 0.53125 0.370312 0.529167 0.370312 0.522917 0.375 0.51875 0.375 0.516667 0.376562 0.5125 0.376562 0.510417 0.378125 0.508333 0.378125 0.504167 0.38125 0.491667 0.38125 0.489583 0.382812 0.477083 0.382812 0.475 0.384375 0.464583 0.384375 0.4625 0.385937 0.458333 0.385937 0.45625 0.384375 0.44375 0.384375 0.441667 0.382812 0.429167 0.382812 0.427083 0.38125 0.416667 0.38125 0.414583 0.379687 0.4125 0.379687 0.408333 0.376562 0.404167 0.376562 0.402083 0.375 0.397917 0.375 0.391667 0.370312 0.389583 0.370312 0.3875 0.36875 0.385417 0.36875 0.379167 0.364062 0.379167 0.3625 0.377083 0.3625 0.372917 0.359375 0.372917 0.357812 0.370833 0.35625 0.370833 0.354687 0.36875 0.354687 0.3625 0.35 0.3625 0.348437 0.360417 0.346875 0.360417 0.345312 0.358333 0.335938 0.360417 0.334375 0.358333 0.332812 0.358333 0.335938 0.957627
0 0.145833 0.365625 0.145833 0.364062 0.14375 0.364062 0.14375 0.365625 0.145833 0.365625 0.152083 0.36875 0.15 0.370312 0.152083 0.371875 0.154167 0.371875 0.15625 0.373437 0.158333 0.373437 0.164583 0.378125 0.16875 0.378125 0.170833 0.379687 0.177083 0.379687 0.185417 0.385937 0.216667 0.385937 0.21875 0.3875 0.222917 0.3875 0.225 0.385937 0.266667 0.385937 0.26875 0.384375 0.272917 0.384375 0.277083 0.38125 0.279167 0.38125 0.28125 0.379687 0.289583 0.379687 0.291667 0.378125 0.295833 0.378125 0.295833 0.376562 0.297917 0.375 0.3 0.375 0.302083 0.373437 0.308333 0.373437 0.310417 0.371875 0.3125 0.371875 0.31875 0.367188 0.320833 0.367188 0.322917 0.365625 0.325 0.365625 0.333333 0.359375 0.335417 0.359375 0.3375 0.357812 0.3375 0.35625 0.345833 0.35 0.345833 0.348437 0.347917 0.346875 0.347917 0.345312 0.35 0.34375 0.35 0.342187 0.35625 0.3375 0.35625 0.325 0.354167 0.323437 0.354167 0.317187 0.352083 0.315625 0.352083 0.314062 0.352083 0.315625 0.35 0.317187 0.35 0.31875 0.345833 0.321875 0.345833 0.325 0.34375 0.326562 0.34375 0.328125 0.341667 0.329687 0.341667 0.33125 0.333333 0.3375 0.333333 0.339062 0.3125 0.354687 0.310417 0.354687 0.308333 0.35625 0.304167 0.35625 0.302083 0.357812 0.302083 0.359375 0.297917 0.3625 0.295833 0.3625 0.29375 0.364062 0.291667 0.364062 0.285417 0.36875 0.28125 0.36875 0.279167 0.370312 0.272917 0.370312 0.270833 0.371875 0.26875 0.371875 0.266667 0.373437 0.264583 0.373437 0.2625 0.375 0.25 0.375 0.247917 0.376562 0.23125 0.376562 0.229167 0.378125 0.197917 0.378125 0.195833 0.376562 0.18125 0.376562 0.179167 0.375 0.170833 0.375 0.166667 0.371875 0.164583 0.371875 0.1625 0.370312 0.15625 0.370312 0.154167 0.36875 0.152083 0.36875 0.956904
0 0.560417 0.30625 0.560417 0.307812 0.558333 0.309375 0.558333 0.314062 0.55 0.320312 0.55 0.321875 0.54375 0.326562 0.54375 0.328125 0.539583 0.33125 0.5375 0.33125 0.53125 0.335938 0.529167 0.335938 0.527083 0.3375 0.525 0.3375 0.51875 0.342187 0.514583 0.342187 0.5125 0.34375 0.508333 0.34375 0.50625 0.345312 0.504167 0.345312 0.5 0.348437 0.495833 0.348437 0.49375 0.35 0.477083 0.35 0.475 0.351562 0.43125 0.351562 0.429167 0.35 0.4125 0.35 0.410417 0.348437 0.408333 0.348437 0.404167 0.345312 0.402083 0.345312 0.4 0.34375 0.39375 0.34375 0.391667 0.342187 0.389583 0.342187 0.385417 0.339062 0.383333 0.339062 0.38125 0.3375 0.377083 0.3375 0.372917 0.334375 0.372917 0.332812 0.370833 0.33125 0.36875 0.33125 0.364583 0.328125 0.364583 0.326562 0.360417 0.323437 0.358333 0.325 0.358333 0.329687 0.360417 0.33125 0.3625 0.33125 0.364583 0.332812 0.364583 0.334375 0.375 0.342187 0.377083 0.342187 0.38125 0.345312 0.38125 0.346875 0.383333 0.348437 0.3875 0.348437 0.389583 0.35 0.39375 0.35 0.397917 0.353125 0.4 0.353125 0.402083 0.354687 0.410417 0.354687 0.4125 0.35625 0.416667 0.35625 0.41875 0.357812 0.420833 0.357812 0.422917 0.359375 0.429167 0.359375 0.43125 0.360937 0.479167 0.360937 0.48125 0.359375 0.491667 0.359375 0.49375 0.357812 0.495833 0.357812 0.497917 0.35625 0.504167 0.35625 0.50625 0.354687 0.510417 0.354687 0.5125 0.353125 0.516667 0.353125 0.51875 0.351562 0.520833 0.351562 0.525 0.348437 0.529167 0.348437 0.53125 0.346875 0.533333 0.346875 0.539583 0.342187 0.541667 0.342187 0.554167 0.332812 0.55625 0.332812 0.55625 0.33125 0.558333 0.329687 0.558333 0.326562 0.560417 0.325 0.560417 0.323437 0.5625 0.321875 0.5625 0.317187 0.564583 0.315625 0.564583 0.3125 0.5625 0.310937 0.5625 0.30625 0.955471
0 0.74375 0.365625 0.74375 0.371875 0.741667 0.373437 0.741667 0.375 0.7375 0.378125 0.7375 0.379687 0.735417 0.38125 0.735417 0.382812 0.733333 0.384375 0.733333 0.385937 0.720833 0.395312 0.71875 0.395312 0.714583 0.398438 0.7125 0.398438 0.710417 0.4 0.708333 0.4 0.70625 0.401562 0.702083 0.401562 0.7 0.403125 0.69375 0.403125 0.691667 0.404687 0.683333 0.404687 0.68125 0.40625 0.635417 0.40625 0.633333 0.404687 0.622917 0.404687 0.620833 0.403125 0.61875 0.403125 0.616667 0.401562 0.6125 0.401562 0.610417 0.4 0.604167 0.4 0.602083 0.398438 0.6 0.398438 0.595833 0.395312 0.591667 0.395312 0.5875 0.392187 0.585417 0.392187 0.579167 0.3875 0.579167 0.390625 0.583333 0.39375 0.583333 0.395312 0.585417 0.396875 0.589583 0.396875 0.597917 0.403125 0.6 0.403125 0.602083 0.404687 0.60625 0.404687 0.6125 0.409375 0.61875 0.409375 0.620833 0.410937 0.627083 0.410937 0.629167 0.4125 0.63125 0.4125 0.633333 0.414062 0.635417 0.414062 0.6375 0.415625 0.689583 0.415625 0.691667 0.414062 0.695833 0.414062 0.697917 0.4125 0.7 0.4125 0.702083 0.410937 0.708333 0.410937 0.710417 0.409375 0.714583 0.409375 0.716667 0.407812 0.71875 0.407812 0.725 0.403125 0.727083 0.403125 0.7375 0.395312 0.7375 0.39375 0.739583 0.392187 0.739583 0.389062 0.741667 0.3875 0.741667 0.385937 0.74375 0.384375 0.74375 0.382812 0.745833 0.38125 0.745833 0.365625 0.955272
0 0.554167 0.279687 0.554167 0.278125 0.554167 0.279687 0.545833 0.2875 0.54375 0.2875 0.539583 0.290625 0.5375 0.290625 0.53125 0.295312 0.527083 0.295312 0.525 0.296875 0.525 0.298437 0.522917 0.3 0.51875 0.3 0.516667 0.301562 0.510417 0.301562 0.508333 0.303125 0.50625 0.303125 0.504167 0.304688 0.502083 0.304688 0.5 0.30625 0.495833 0.30625 0.49375 0.307812 0.470833 0.307812 0.46875 0.309375 0.460417 0.309375 0.458333 0.310937 0.4375 0.310937 0.435417 0.309375 0.422917 0.309375 0.420833 0.307812 0.408333 0.307812 0.40625 0.30625 0.4 0.30625 0.397917 0.304688 0.395833 0.304688 0.39375 0.303125 0.391667 0.303125 0.389583 0.301562 0.385417 0.301562 0.383333 0.3 0.38125 0.3 0.379167 0.298437 0.377083 0.298437 0.372917 0.295312 0.370833 0.295312 0.3625 0.289062 0.360417 0.289062 0.352083 0.282812 0.35 0.282812 0.345833 0.279687 0.345833 0.275 0.345833 0.282812 0.347917 0.284375 0.347917 0.2875 0.35 0.289062 0.35 0.290625 0.352083 0.292187 0.352083 0.29375 0.366667 0.304688 0.36875 0.304688 0.372917 0.307812 0.375 0.307812 0.377083 0.309375 0.379167 0.309375 0.38125 0.310937 0.383333 0.310937 0.385417 0.3125 0.3875 0.3125 0.389583 0.314062 0.391667 0.314062 0.39375 0.315625 0.395833 0.315625 0.397917 0.317187 0.402083 0.317187 0.404167 0.31875 0.4875 0.31875 0.489583 0.317187 0.495833 0.317187 0.502083 0.3125 0.50625 0.3125 0.508333 0.310937 0.514583 0.310937 0.51875 0.307812 0.520833 0.307812 0.522917 0.30625 0.525 0.30625 0.527083 0.304688 0.529167 0.304688 0.547917 0.290625 0.547917 0.289062 0.545833 0.2875 0.954735
0 0.56875 0.326562 0.56875 0.328125 0.566667 0.329687 0.566667 0.334375 0.56875 0.334375 0.575 0.339062 0.575 0.340625 0.577083 0.342187 0.579167 0.342187 0.585417 0.346875 0.5875 0.346875 0.59375 0.351562 0.595833 0.351562 0.597917 0.353125 0.6 0.353125 0.602083 0.354687 0.60625 0.354687 0.608333 0.35625 0.610417 0.35625 0.6125 0.357812 0.614583 0.357812 0.616667 0.359375 0.627083 0.359375 0.629167 0.360937 0.6375 0.360937 0.639583 0.3625 0.641667 0.3625 0.64375 0.364062 0.64375 0.365625 0.685417 0.365625 0.689583 0.3625 0.695833 0.3625 0.697917 0.360937 0.70625 0.360937 0.708333 0.359375 0.7125 0.359375 0.714583 0.357812 0.716667 0.357812 0.71875 0.35625 0.720833 0.35625 0.722917 0.354687 0.725 0.354687 0.733333 0.348437 0.735417 0.348437 0.7375 0.346875 0.739583 0.346875 0.739583 0.345312 0.74375 0.342187 0.74375 0.340625 0.745833 0.339062 0.745833 0.328125 0.745833 0.329687 0.74375 0.33125 0.74375 0.334375 0.739583 0.3375 0.7375 0.3375 0.733333 0.340625 0.733333 0.342187 0.73125 0.34375 0.727083 0.34375 0.725 0.345312 0.720833 0.345312 0.7125 0.351562 0.695833 0.351562 0.69375 0.353125 0.691667 0.353125 0.689583 0.354687 0.6875 0.354687 0.685417 0.35625 0.672917 0.35625 0.670833 0.357812 0.652083 0.357812 0.65 0.35625 0.639583 0.35625 0.6375 0.354687 0.635417 0.354687 0.633333 0.353125 0.629167 0.353125 0.627083 0.351562 0.616667 0.351562 0.614583 0.35 0.610417 0.35 0.604167 0.345312 0.597917 0.345312 0.595833 0.34375 0.59375 0.34375 0.5875 0.339062 0.585417 0.339062 0.583333 0.3375 0.58125 0.3375 0.579167 0.335938 0.579167 0.334375 0.577083 0.332812 0.575 0.332812 0.570833 0.329687 0.570833 0.328125 0.950599
0 0.74375 0.353125 0.74375 0.351562 0.74375 0.353125 0.739583 0.357812 0.7375 0.357812 0.735417 0.359375 0.735417 0.360937 0.73125 0.364062 0.727083 0.364062 0.720833 0.36875 0.71875 0.36875 0.716667 0.370312 0.7125 0.370312 0.710417 0.371875 0.708333 0.371875 0.704167 0.375 0.697917 0.375 0.695833 0.376562 0.635417 0.376562 0.633333 0.375 0.629167 0.375 0.627083 0.373437 0.625 0.373437 0.622917 0.371875 0.620833 0.371875 0.61875 0.370312 0.610417 0.370312 0.608333 0.36875 0.60625 0.36875 0.602083 0.365625 0.6 0.365625 0.597917 0.364062 0.59375 0.364062 0.585417 0.357812 0.583333 0.357812 0.577083 0.353125 0.577083 0.351562 0.575 0.351562 0.570833 0.348437 0.570833 0.346875 0.56875 0.345312 0.566667 0.346875 0.566667 0.353125 0.585417 0.367188 0.5875 0.367188 0.59375 0.371875 0.595833 0.371875 0.597917 0.373437 0.6 0.373437 0.604167 0.376562 0.60625 0.376562 0.608333 0.378125 0.614583 0.378125 0.616667 0.379687 0.61875 0.379687 0.620833 0.38125 0.622917 0.38125 0.625 0.382812 0.629167 0.382812 0.63125 0.384375 0.641667 0.384375 0.64375 0.385937 0.68125 0.385937 0.683333 0.384375 0.691667 0.384375 0.69375 0.382812 0.702083 0.382812 0.704167 0.38125 0.70625 0.38125 0.708333 0.379687 0.7125 0.379687 0.714583 0.378125 0.716667 0.378125 0.722917 0.373437 0.725 0.373437 0.7375 0.364062 0.7375 0.360937 0.739583 0.359375 0.739583 0.357812 0.949316
0 0.560417 0.370312 0.560417 0.371875 0.558333 0.373437 0.558333 0.375 0.554167 0.378125 0.554167 0.379687 0.552083 0.38125 0.552083 0.382812 0.55 0.384375 0.55 0.385937 0.547917 0.3875 0.547917 0.389062 0.53125 0.401562 0.529167 0.401562 0.520833 0.407812 0.51875 0.407812 0.516667 0.409375 0.514583 0.409375 0.510417 0.4125 0.508333 0.4125 0.50625 0.414062 0.504167 0.414062 0.502083 0.415625 0.5 0.415625 0.497917 0.417187 0.49375 0.417187 0.491667 0.41875 0.4875 0.41875 0.485417 0.420312 0.48125 0.420312 0.479167 0.421875 0.475 0.421875 0.472917 0.423437 0.429167 0.423437 0.427083 0.425 0.422917 0.425 0.420833 0.426562 0.422917 0.428125 0.427083 0.428125 0.429167 0.429688 0.433333 0.429688 0.435417 0.43125 0.439583 0.43125 0.441667 0.432812 0.445833 0.432812 0.447917 0.434375 0.452083 0.434375 0.454167 0.435937 0.5 0.435937 0.502083 0.434375 0.50625 0.434375 0.508333 0.432812 0.510417 0.432812 0.5125 0.43125 0.516667 0.43125 0.51875 0.429688 0.522917 0.429688 0.525 0.428125 0.529167 0.428125 0.533333 0.425 0.535417 0.425 0.5375 0.423437 0.539583 0.423437 0.54375 0.420312 0.545833 0.420312 0.554167 0.414062 0.554167 0.4125 0.560417 0.407812 0.560417 0.40625 0.5625 0.404687 0.5625 0.403125 0.564583 0.401562 0.564583 0.39375 0.566667 0.392187 0.566667 0.379687 0.564583 0.378125 0.564583 0.376562 0.5625 0.375 0.5625 0.371875 0.944846
0 0.735417 0.371875 0.735417 0.370312 0.735417 0.371875 0.73125 0.376562 0.729167 0.375 0.727083 0.375 0.725 0.376562 0.722917 0.376562 0.716667 0.38125 0.7125 0.38125 0.710417 0.382812 0.70625 0.382812 0.704167 0.384375 0.697917 0.384375 0.695833 0.385937 0.6875 0.385937 0.685417 0.3875 0.639583 0.3875 0.6375 0.385937 0.627083 0.385937 0.625 0.384375 0.622917 0.384375 0.620833 0.382812 0.616667 0.382812 0.614583 0.38125 0.610417 0.38125 0.608333 0.379687 0.60625 0.379687 0.604167 0.378125 0.602083 0.378125 0.6 0.376562 0.597917 0.376562 0.595833 0.375 0.59375 0.375 0.5875 0.370312 0.585417 0.370312 0.579167 0.365625 0.579167 0.364062 0.577083 0.364062 0.570833 0.359375 0.570833 0.357812 0.56875 0.35625 0.566667 0.357812 0.566667 0.359375 0.56875 0.360937 0.56875 0.364062 0.575 0.36875 0.575 0.370312 0.577083 0.371875 0.579167 0.371875 0.589583 0.379687 0.591667 0.379687 0.597917 0.384375 0.602083 0.384375 0.604167 0.385937 0.608333 0.385937 0.6125 0.389062 0.616667 0.389062 0.61875 0.390625 0.625 0.390625 0.627083 0.392187 0.633333 0.392187 0.635417 0.39375 0.6875 0.39375 0.689583 0.392187 0.697917 0.392187 0.7 0.390625 0.704167 0.390625 0.70625 0.389062 0.708333 0.389062 0.710417 0.3875 0.7125 0.3875 0.714583 0.385937 0.716667 0.385937 0.71875 0.384375 0.720833 0.384375 0.720833 0.382812 0.725 0.379687 0.727083 0.379687 0.73125 0.376562 0.94334
0 0.554167 0.29375 0.552083 0.295312 0.552083 0.296875 0.545833 0.301562 0.54375 0.301562 0.541667 0.303125 0.541667 0.304688 0.535417 0.309375 0.533333 0.309375 0.53125 0.310937 0.529167 0.310937 0.522917 0.315625 0.520833 0.315625 0.51875 0.317187 0.516667 0.317187 0.514583 0.31875 0.510417 0.31875 0.504167 0.323437 0.49375 0.323437 0.491667 0.325 0.479167 0.325 0.477083 0.326562 0.475 0.326562 0.472917 0.328125 0.464583 0.328125 0.4625 0.329687 0.439583 0.329687 0.4375 0.328125 0.429167 0.328125 0.427083 0.326562 0.41875 0.326562 0.416667 0.325 0.410417 0.325 0.408333 0.323437 0.4 0.323437 0.397917 0.321875 0.395833 0.321875 0.391667 0.31875 0.389583 0.31875 0.3875 0.317187 0.385417 0.317187 0.383333 0.315625 0.38125 0.315625 0.379167 0.314062 0.375 0.314062 0.36875 0.309375 0.366667 0.309375 0.3625 0.30625 0.360417 0.30625 0.360417 0.309375 0.364583 0.309375 0.36875 0.3125 0.36875 0.315625 0.370833 0.315625 0.372917 0.317187 0.375 0.317187 0.377083 0.31875 0.377083 0.320312 0.379167 0.321875 0.38125 0.321875 0.385417 0.325 0.3875 0.325 0.389583 0.326562 0.391667 0.326562 0.39375 0.328125 0.397917 0.328125 0.4 0.329687 0.402083 0.329687 0.404167 0.33125 0.410417 0.33125 0.4125 0.332812 0.414583 0.332812 0.416667 0.334375 0.422917 0.334375 0.425 0.335938 0.439583 0.335938 0.441667 0.3375 0.46875 0.3375 0.470833 0.335938 0.4875 0.335938 0.489583 0.334375 0.49375 0.334375 0.495833 0.332812 0.502083 0.332812 0.504167 0.33125 0.50625 0.33125 0.508333 0.329687 0.5125 0.329687 0.514583 0.328125 0.516667 0.328125 0.51875 0.326562 0.520833 0.326562 0.525 0.323437 0.529167 0.323437 0.533333 0.320312 0.535417 0.320312 0.54375 0.314062 0.54375 0.3125 0.55 0.307812 0.55 0.304688 0.552083 0.303125 0.552083 0.3 0.554167 0.298437 0.554167 0.29375 0.5625 0.28125 0.5625 0.279687 0.560417 0.279687 0.5625 0.28125 0.938327
0 0.56875 0.292187 0.564583 0.295312 0.564583 0.296875 0.566667 0.298437 0.566667 0.3 0.570833 0.303125 0.572917 0.303125 0.583333 0.310937 0.585417 0.310937 0.59375 0.317187 0.595833 0.317187 0.597917 0.31875 0.6 0.31875 0.604167 0.321875 0.60625 0.321875 0.608333 0.323437 0.6125 0.323437 0.614583 0.325 0.61875 0.325 0.620833 0.326562 0.622917 0.326562 0.625 0.328125 0.63125 0.328125 0.633333 0.329687 0.641667 0.329687 0.64375 0.33125 0.697917 0.33125 0.7 0.329687 0.70625 0.329687 0.708333 0.328125 0.7125 0.328125 0.714583 0.326562 0.71875 0.326562 0.720833 0.325 0.722917 0.325 0.725 0.323437 0.729167 0.323437 0.7375 0.317187 0.739583 0.317187 0.741667 0.315625 0.741667 0.314062 0.752083 0.30625 0.752083 0.304688 0.754167 0.303125 0.754167 0.3 0.752083 0.3 0.752083 0.30625 0.75 0.307812 0.74375 0.307812 0.74375 0.309375 0.739583 0.3125 0.735417 0.3125 0.733333 0.314062 0.73125 0.314062 0.727083 0.317187 0.725 0.317187 0.722917 0.31875 0.71875 0.31875 0.716667 0.320312 0.704167 0.320312 0.702083 0.321875 0.69375 0.321875 0.691667 0.323437 0.685417 0.323437 0.683333 0.325 0.660417 0.325 0.658333 0.323437 0.652083 0.323437 0.65 0.321875 0.64375 0.321875 0.641667 0.320312 0.627083 0.320312 0.625 0.31875 0.622917 0.31875 0.620833 0.317187 0.616667 0.317187 0.6125 0.314062 0.60625 0.314062 0.604167 0.3125 0.6 0.3125 0.59375 0.307812 0.591667 0.307812 0.589583 0.30625 0.585417 0.30625 0.579167 0.301562 0.579167 0.3 0.577083 0.3 0.570833 0.295312 0.570833 0.29375 0.937368
0 0.179167 0.421875 0.179167 0.420312 0.177083 0.420312 0.177083 0.421875 0.179167 0.421875 0.185417 0.425 0.183333 0.426562 0.183333 0.428125 0.185417 0.429688 0.189583 0.429688 0.191667 0.43125 0.191667 0.432812 0.19375 0.434375 0.195833 0.434375 0.197917 0.435937 0.2 0.435937 0.202083 0.4375 0.204167 0.4375 0.20625 0.439062 0.208333 0.439062 0.210417 0.440625 0.21875 0.440625 0.220833 0.442187 0.235417 0.442187 0.2375 0.44375 0.252083 0.44375 0.254167 0.442187 0.275 0.442187 0.277083 0.440625 0.289583 0.440625 0.291667 0.439062 0.29375 0.439062 0.295833 0.4375 0.297917 0.4375 0.3 0.435937 0.30625 0.435937 0.308333 0.434375 0.3125 0.434375 0.31875 0.429688 0.322917 0.429688 0.329167 0.425 0.33125 0.425 0.335417 0.421875 0.3375 0.421875 0.339583 0.420312 0.339583 0.41875 0.345833 0.414062 0.345833 0.4125 0.35 0.409375 0.35 0.407812 0.354167 0.404687 0.354167 0.403125 0.35625 0.401562 0.35625 0.389062 0.352083 0.389062 0.352083 0.392187 0.35 0.39375 0.35 0.395312 0.347917 0.396875 0.347917 0.398438 0.34375 0.401562 0.34375 0.403125 0.339583 0.40625 0.339583 0.407812 0.325 0.41875 0.322917 0.41875 0.320833 0.420312 0.31875 0.420312 0.3125 0.425 0.308333 0.425 0.30625 0.426562 0.302083 0.426562 0.295833 0.43125 0.2875 0.43125 0.285417 0.432812 0.283333 0.43125 0.279167 0.43125 0.277083 0.432812 0.270833 0.432812 0.26875 0.434375 0.266667 0.434375 0.264583 0.435937 0.260417 0.435937 0.258333 0.4375 0.229167 0.4375 0.227083 0.435937 0.225 0.435937 0.220833 0.432812 0.202083 0.432812 0.2 0.43125 0.197917 0.43125 0.191667 0.426562 0.1875 0.426562 0.185417 0.425 0.936477
0 0.183333 0.403125 0.18125 0.401562 0.177083 0.401562 0.177083 0.403125 0.183333 0.403125 0.189583 0.407812 0.189583 0.409375 0.19375 0.409375 0.195833 0.410937 0.202083 0.410937 0.204167 0.4125 0.208333 0.4125 0.2125 0.415625 0.227083 0.415625 0.229167 0.417187 0.24375 0.417187 0.245833 0.415625 0.264583 0.415625 0.266667 0.417187 0.272917 0.417187 0.272917 0.415625 0.275 0.414062 0.277083 0.414062 0.279167 0.4125 0.28125 0.4125 0.283333 0.410937 0.2875 0.410937 0.289583 0.409375 0.29375 0.409375 0.295833 0.407812 0.3 0.407812 0.302083 0.40625 0.304167 0.40625 0.308333 0.403125 0.3125 0.403125 0.314583 0.401562 0.316667 0.401562 0.320833 0.398438 0.322917 0.398438 0.333333 0.390625 0.335417 0.390625 0.345833 0.382812 0.345833 0.38125 0.347917 0.379687 0.347917 0.378125 0.35 0.376562 0.35 0.375 0.354167 0.371875 0.354167 0.36875 0.35625 0.367188 0.35625 0.3625 0.354167 0.360937 0.352083 0.360937 0.352083 0.365625 0.34375 0.371875 0.34375 0.373437 0.341667 0.375 0.341667 0.376562 0.333333 0.382812 0.333333 0.384375 0.33125 0.385937 0.329167 0.385937 0.327083 0.3875 0.325 0.3875 0.31875 0.392187 0.316667 0.392187 0.314583 0.39375 0.3125 0.39375 0.310417 0.395312 0.308333 0.395312 0.302083 0.4 0.297917 0.4 0.295833 0.401562 0.289583 0.401562 0.2875 0.403125 0.285417 0.403125 0.28125 0.40625 0.272917 0.40625 0.270833 0.407812 0.260417 0.407812 0.258333 0.409375 0.252083 0.409375 0.25 0.410937 0.24375 0.410937 0.241667 0.4125 0.222917 0.4125 0.220833 0.410937 0.21875 0.410937 0.216667 0.409375 0.214583 0.409375 0.2125 0.407812 0.197917 0.407812 0.195833 0.40625 0.19375 0.40625 0.191667 0.407812 0.189583 0.407812 0.933104
0 0.34375 0.29375 0.34375 0.295312 0.339583 0.298437 0.3375 0.298437 0.335417 0.3 0.335417 0.303125 0.3125 0.320312 0.310417 0.320312 0.308333 0.321875 0.30625 0.321875 0.304167 0.323437 0.302083 0.323437 0.297917 0.326562 0.295833 0.326562 0.29375 0.328125 0.291667 0.328125 0.289583 0.329687 0.285417 0.329687 0.283333 0.33125 0.28125 0.33125 0.277083 0.334375 0.272917 0.334375 0.270833 0.335938 0.2625 0.335938 0.260417 0.3375 0.25625 0.3375 0.254167 0.339062 0.25 0.339062 0.247917 0.340625 0.241667 0.340625 0.239583 0.342187 0.189583 0.342187 0.1875 0.340625 0.177083 0.340625 0.175 0.339062 0.170833 0.339062 0.16875 0.3375 0.164583 0.3375 0.1625 0.335938 0.158333 0.335938 0.15625 0.334375 0.152083 0.334375 0.147917 0.33125 0.145833 0.33125 0.141667 0.328125 0.139583 0.328125 0.1375 0.326562 0.135417 0.326562 0.129167 0.321875 0.129167 0.320312 0.129167 0.328125 0.135417 0.332812 0.135417 0.334375 0.14375 0.340625 0.145833 0.340625 0.147917 0.342187 0.15 0.342187 0.154167 0.345312 0.15625 0.345312 0.158333 0.346875 0.1625 0.346875 0.164583 0.348437 0.16875 0.348437 0.170833 0.35 0.172917 0.35 0.175 0.351562 0.177083 0.351562 0.179167 0.353125 0.18125 0.353125 0.183333 0.354687 0.185417 0.354687 0.1875 0.35625 0.23125 0.35625 0.233333 0.354687 0.241667 0.354687 0.24375 0.35625 0.245833 0.35625 0.247917 0.354687 0.252083 0.354687 0.254167 0.353125 0.25625 0.353125 0.260417 0.35 0.2625 0.35 0.264583 0.348437 0.26875 0.348437 0.270833 0.346875 0.277083 0.346875 0.279167 0.345312 0.28125 0.345312 0.283333 0.34375 0.285417 0.34375 0.2875 0.342187 0.289583 0.342187 0.291667 0.340625 0.295833 0.340625 0.297917 0.339062 0.3 0.339062 0.302083 0.3375 0.304167 0.3375 0.308333 0.334375 0.310417 0.334375 0.316667 0.329687 0.31875 0.329687 0.329167 0.321875 0.33125 0.321875 0.33125 0.320312 0.3375 0.315625 0.3375 0.314062 0.339583 0.3125 0.339583 0.309375 0.341667 0.307812 0.341667 0.298437 0.34375 0.296875 0.347917 0.296875 0.347917 0.295312 0.345833 0.29375 0.34375 0.29375 0.34375 0.284375 0.34375 0.284375 0.931892
0 0.34375 0.420312 0.34375 0.41875 0.34375 0.420312 0.335417 0.425 0.333333 0.426562 0.33125 0.426562 0.329167 0.428125 0.327083 0.428125 0.327083 0.429688 0.325 0.43125 0.320833 0.43125 0.31875 0.432812 0.316667 0.432812 0.314583 0.434375 0.3125 0.434375 0.308333 0.4375 0.30625 0.4375 0.304167 0.439062 0.297917 0.439062 0.295833 0.440625 0.291667 0.440625 0.289583 0.442187 0.285417 0.442187 0.283333 0.44375 0.272917 0.44375 0.270833 0.445312 0.254167 0.445312 0.252083 0.446875 0.241667 0.446875 0.239583 0.445312 0.222917 0.445312 0.220833 0.44375 0.214583 0.44375 0.2125 0.442187 0.210417 0.442187 0.208333 0.440625 0.204167 0.440625 0.202083 0.439062 0.2 0.439062 0.197917 0.4375 0.195833 0.4375 0.19375 0.435937 0.191667 0.435937 0.185417 0.43125 0.183333 0.43125 0.18125 0.429688 0.18125 0.428125 0.172917 0.421875 0.172917 0.420312 0.166667 0.415625 0.166667 0.421875 0.16875 0.423437 0.16875 0.425 0.170833 0.426562 0.170833 0.428125 0.172917 0.428125 0.175 0.429688 0.175 0.43125 0.177083 0.432812 0.177083 0.434375 0.179167 0.434375 0.1875 0.440625 0.189583 0.440625 0.191667 0.442187 0.19375 0.442187 0.2 0.446875 0.208333 0.446875 0.210417 0.448437 0.216667 0.448437 0.220833 0.451562 0.222917 0.451562 0.225 0.453125 0.26875 0.453125 0.270833 0.451562 0.275 0.451562 0.277083 0.45 0.279167 0.45 0.28125 0.448437 0.2875 0.448437 0.289583 0.446875 0.297917 0.446875 0.304167 0.442187 0.30625 0.442187 0.308333 0.440625 0.3125 0.440625 0.314583 0.439062 0.314583 0.4375 0.316667 0.435937 0.31875 0.435937 0.320833 0.434375 0.322917 0.434375 0.325 0.432812 0.327083 0.432812 0.327083 0.43125 0.33125 0.428125 0.335417 0.428125 0.335417 0.425 0.931571
0 0.554167 0.303125 0.552083 0.304688 0.552083 0.307812 0.55 0.309375 0.55 0.310937 0.547917 0.3125 0.545833 0.3125 0.54375 0.314062 0.54375 0.315625 0.5375 0.320312 0.535417 0.320312 0.529167 0.325 0.527083 0.325 0.525 0.326562 0.522917 0.326562 0.51875 0.329687 0.516667 0.329687 0.514583 0.33125 0.508333 0.33125 0.50625 0.332812 0.504167 0.332812 0.502083 0.334375 0.497917 0.334375 0.495833 0.335938 0.489583 0.335938 0.4875 0.3375 0.429167 0.3375 0.427083 0.335938 0.416667 0.335938 0.414583 0.334375 0.4125 0.334375 0.410417 0.332812 0.402083 0.332812 0.4 0.33125 0.395833 0.33125 0.39375 0.329687 0.391667 0.329687 0.3875 0.326562 0.385417 0.326562 0.38125 0.323437 0.379167 0.323437 0.370833 0.317187 0.36875 0.317187 0.366667 0.315625 0.366667 0.314062 0.364583 0.3125 0.364583 0.309375 0.358333 0.304688 0.358333 0.320312 0.360417 0.321875 0.360417 0.323437 0.366667 0.328125 0.366667 0.329687 0.36875 0.33125 0.370833 0.33125 0.377083 0.335938 0.38125 0.335938 0.385417 0.339062 0.3875 0.339062 0.389583 0.340625 0.395833 0.340625 0.397917 0.342187 0.402083 0.342187 0.408333 0.346875 0.414583 0.346875 0.416667 0.348437 0.433333 0.348437 0.435417 0.35 0.470833 0.35 0.472917 0.348437 0.485417 0.348437 0.4875 0.346875 0.497917 0.346875 0.5 0.345312 0.502083 0.345312 0.50625 0.342187 0.508333 0.342187 0.510417 0.340625 0.516667 0.340625 0.51875 0.339062 0.520833 0.339062 0.527083 0.334375 0.53125 0.334375 0.5375 0.329687 0.539583 0.329687 0.545833 0.325 0.545833 0.323437 0.55 0.320312 0.55 0.31875 0.554167 0.315625 0.554167 0.310937 0.55625 0.309375 0.55625 0.307812 0.554167 0.30625 0.930538
0 0.104167 0.290625 0.104167 0.290625 0.110417 0.295312 0.108333 0.296875 0.110417 0.298437 0.110417 0.301562 0.116667 0.30625 0.11875 0.30625 0.125 0.310937 0.127083 0.310937 0.129167 0.3125 0.133333 0.3125 0.1375 0.315625 0.139583 0.315625 0.141667 0.317187 0.145833 0.317187 0.147917 0.31875 0.152083 0.31875 0.154167 0.320312 0.160417 0.320312 0.1625 0.321875 0.166667 0.321875 0.16875 0.323437 0.175 0.323437 0.177083 0.325 0.235417 0.325 0.2375 0.323437 0.24375 0.323437 0.245833 0.321875 0.25 0.321875 0.252083 0.320312 0.25625 0.320312 0.258333 0.31875 0.26875 0.31875 0.270833 0.317187 0.272917 0.317187 0.275 0.315625 0.277083 0.315625 0.279167 0.314062 0.283333 0.314062 0.285417 0.3125 0.2875 0.3125 0.289583 0.310937 0.29375 0.310937 0.295833 0.309375 0.297917 0.309375 0.302083 0.30625 0.304167 0.30625 0.310417 0.301562 0.3125 0.301562 0.322917 0.29375 0.322917 0.292187 0.325 0.290625 0.327083 0.290625 0.329167 0.289062 0.329167 0.2875 0.333333 0.284375 0.333333 0.282812 0.339583 0.278125 0.339583 0.276562 0.341667 0.275 0.341667 0.270312 0.34375 0.26875 0.347917 0.271875 0.347917 0.275 0.347917 0.265625 0.345833 0.264062 0.345833 0.2625 0.34375 0.260937 0.34375 0.257812 0.341667 0.257812 0.3375 0.254688 0.3375 0.251563 0.3375 0.259375 0.335417 0.260937 0.335417 0.270312 0.333333 0.271875 0.333333 0.273438 0.33125 0.275 0.329167 0.275 0.327083 0.276562 0.327083 0.278125 0.3125 0.289062 0.310417 0.289062 0.30625 0.292187 0.304167 0.292187 0.302083 0.29375 0.3 0.29375 0.297917 0.295312 0.295833 0.295312 0.291667 0.298437 0.289583 0.298437 0.2875 0.3 0.283333 0.3 0.28125 0.301562 0.277083 0.301562 0.275 0.303125 0.272917 0.303125 0.270833 0.304688 0.26875 0.304688 0.266667 0.30625 0.260417 0.30625 0.258333 0.307812 0.25 0.307812 0.247917 0.309375 0.24375 0.309375 0.241667 0.310937 0.2375 0.310937 0.235417 0.3125 0.197917 0.3125 0.195833 0.314062 0.19375 0.314062 0.191667 0.3125 0.164583 0.3125 0.1625 0.310937 0.15625 0.310937 0.154167 0.309375 0.152083 0.309375 0.15 0.307812 0.14375 0.307812 0.141667 0.30625 0.133333 0.30625 0.13125 0.304688 0.129167 0.304688 0.127083 0.303125 0.125 0.303125 0.122917 0.301562 0.120833 0.301562 0.11875 0.3 0.116667 0.3 0.110417 0.295312 0.929232
0 0.570833 0.31875 0.56875 0.320312 0.56875 0.323437 0.570833 0.325 0.570833 0.326562 0.58125 0.334375 0.583333 0.334375 0.585417 0.335938 0.5875 0.335938 0.59375 0.340625 0.595833 0.340625 0.597917 0.342187 0.602083 0.342187 0.604167 0.34375 0.60625 0.34375 0.610417 0.346875 0.614583 0.346875 0.616667 0.348437 0.625 0.348437 0.627083 0.35 0.63125 0.35 0.633333 0.351562 0.635417 0.351562 0.6375 0.353125 0.65 0.353125 0.652083 0.354687 0.672917 0.354687 0.675 0.353125 0.6875 0.353125 0.689583 0.351562 0.691667 0.351562 0.69375 0.35 0.7 0.35 0.702083 0.348437 0.710417 0.348437 0.7125 0.346875 0.714583 0.346875 0.716667 0.345312 0.71875 0.345312 0.722917 0.342187 0.725 0.342187 0.727083 0.340625 0.729167 0.340625 0.73125 0.339062 0.73125 0.335938 0.733333 0.334375 0.7375 0.334375 0.7375 0.332812 0.733333 0.332812 0.733333 0.334375 0.73125 0.335938 0.729167 0.335938 0.727083 0.3375 0.720833 0.3375 0.71875 0.339062 0.716667 0.339062 0.7125 0.342187 0.702083 0.342187 0.7 0.34375 0.691667 0.34375 0.689583 0.345312 0.672917 0.345312 0.670833 0.346875 0.66875 0.346875 0.666667 0.345312 0.645833 0.345312 0.64375 0.34375 0.63125 0.34375 0.629167 0.342187 0.622917 0.342187 0.620833 0.340625 0.61875 0.340625 0.616667 0.339062 0.6125 0.339062 0.610417 0.3375 0.604167 0.3375 0.602083 0.335938 0.6 0.335938 0.59375 0.33125 0.591667 0.33125 0.589583 0.329687 0.5875 0.329687 0.579167 0.323437 0.577083 0.323437 0.922958
0 0.74375 0.282812 0.74375 0.282812 0.735417 0.2875 0.729167 0.2875 0.727083 0.289062 0.725 0.289062 0.720833 0.292187 0.71875 0.292187 0.716667 0.29375 0.710417 0.29375 0.708333 0.295312 0.704167 0.295312 0.702083 0.296875 0.69375 0.296875 0.691667 0.298437 0.675 0.298437 0.672917 0.3 0.660417 0.3 0.658333 0.298437 0.641667 0.298437 0.639583 0.296875 0.633333 0.296875 0.63125 0.295312 0.620833 0.295312 0.61875 0.29375 0.610417 0.29375 0.608333 0.292187 0.60625 0.292187 0.602083 0.289062 0.597917 0.289062 0.595833 0.2875 0.591667 0.2875 0.5875 0.284375 0.585417 0.284375 0.583333 0.282812 0.58125 0.282812 0.572917 0.276562 0.564583 0.276562 0.564583 0.279687 0.566667 0.28125 0.566667 0.282812 0.56875 0.284375 0.570833 0.284375 0.577083 0.289062 0.577083 0.290625 0.579167 0.290625 0.585417 0.295312 0.5875 0.295312 0.589583 0.296875 0.595833 0.296875 0.597917 0.298437 0.6 0.298437 0.604167 0.301562 0.610417 0.301562 0.6125 0.303125 0.620833 0.303125 0.622917 0.304688 0.625 0.304688 0.627083 0.30625 0.629167 0.30625 0.63125 0.307812 0.641667 0.307812 0.64375 0.309375 0.679167 0.309375 0.68125 0.307812 0.6875 0.307812 0.689583 0.30625 0.69375 0.30625 0.695833 0.304688 0.7 0.304688 0.702083 0.303125 0.708333 0.303125 0.710417 0.301562 0.7125 0.301562 0.714583 0.3 0.716667 0.3 0.71875 0.298437 0.720833 0.298437 0.722917 0.296875 0.725 0.296875 0.733333 0.290625 0.735417 0.290625 0.735417 0.2875 0.920741
0 0.74375 0.346875 0.74375 0.342187 0.74375 0.346875 0.739583 0.348437 0.735417 0.348437 0.725 0.35625 0.722917 0.35625 0.720833 0.357812 0.71875 0.357812 0.716667 0.359375 0.714583 0.359375 0.7125 0.360937 0.710417 0.360937 0.708333 0.3625 0.695833 0.3625 0.69375 0.364062 0.6875 0.364062 0.685417 0.365625 0.64375 0.365625 0.641667 0.364062 0.635417 0.364062 0.633333 0.3625 0.622917 0.3625 0.620833 0.360937 0.616667 0.360937 0.614583 0.359375 0.6125 0.359375 0.610417 0.357812 0.60625 0.357812 0.604167 0.35625 0.6 0.35625 0.59375 0.351562 0.591667 0.351562 0.5875 0.348437 0.585417 0.348437 0.583333 0.346875 0.583333 0.345312 0.570833 0.335938 0.570833 0.334375 0.56875 0.332812 0.566667 0.332812 0.566667 0.342187 0.585417 0.35625 0.5875 0.35625 0.59375 0.360937 0.597917 0.360937 0.6 0.3625 0.602083 0.3625 0.60625 0.365625 0.608333 0.365625 0.610417 0.367188 0.614583 0.367188 0.616667 0.36875 0.622917 0.36875 0.625 0.370312 0.627083 0.370312 0.629167 0.371875 0.63125 0.371875 0.633333 0.373437 0.641667 0.373437 0.64375 0.375 0.689583 0.375 0.691667 0.373437 0.697917 0.373437 0.7 0.371875 0.704167 0.371875 0.70625 0.370312 0.708333 0.370312 0.7125 0.367188 0.716667 0.367188 0.71875 0.365625 0.720833 0.365625 0.727083 0.360937 0.729167 0.360937 0.73125 0.359375 0.73125 0.357812 0.735417 0.354687 0.7375 0.354687 0.739583 0.353125 0.739583 0.348437 0.914274
0 0.545833 0.34375 0.54375 0.34375 0.541667 0.345312 0.5375 0.345312 0.535417 0.346875 0.535417 0.348437 0.53125 0.351562 0.522917 0.351562 0.520833 0.353125 0.51875 0.353125 0.514583 0.35625 0.5125 0.35625 0.510417 0.357812 0.5 0.357812 0.497917 0.359375 0.49375 0.359375 0.489583 0.3625 0.477083 0.3625 0.475 0.364062 0.43125 0.364062 0.429167 0.3625 0.425 0.3625 0.422917 0.360937 0.420833 0.360937 0.41875 0.359375 0.416667 0.359375 0.414583 0.357812 0.402083 0.357812 0.4 0.35625 0.397917 0.35625 0.395833 0.354687 0.395833 0.353125 0.39375 0.353125 0.391667 0.351562 0.385417 0.351562 0.379167 0.346875 0.379167 0.345312 0.375 0.345312 0.370833 0.342187 0.370833 0.340625 0.366667 0.340625 0.366667 0.34375 0.36875 0.345312 0.36875 0.346875 0.370833 0.348437 0.372917 0.348437 0.377083 0.351562 0.377083 0.353125 0.379167 0.353125 0.3875 0.359375 0.389583 0.359375 0.391667 0.360937 0.395833 0.360937 0.4 0.364062 0.402083 0.364062 0.404167 0.365625 0.414583 0.365625 0.416667 0.367188 0.41875 0.367188 0.422917 0.370312 0.425 0.370312 0.427083 0.371875 0.4875 0.371875 0.489583 0.370312 0.49375 0.370312 0.5 0.365625 0.508333 0.365625 0.510417 0.364062 0.514583 0.364062 0.51875 0.360937 0.520833 0.360937 0.522917 0.359375 0.527083 0.359375 0.529167 0.357812 0.529167 0.35625 0.53125 0.354687 0.533333 0.354687 0.541667 0.348437 0.54375 0.348437 0.545833 0.346875 0.545833 0.34375 0.552083 0.340625 0.554167 0.339062 0.554167 0.3375 0.552083 0.339062 0.552083 0.340625 0.913045
0 0.339583 0.401562 0.335417 0.401562 0.335417 0.404687 0.333333 0.40625 0.329167 0.40625 0.320833 0.4125 0.31875 0.4125 0.316667 0.414062 0.3125 0.414062 0.30625 0.41875 0.302083 0.41875 0.3 0.420312 0.291667 0.420312 0.289583 0.421875 0.285417 0.421875 0.283333 0.423437 0.28125 0.423437 0.279167 0.425 0.275 0.425 0.272917 0.426562 0.21875 0.426562 0.216667 0.425 0.210417 0.425 0.208333 0.423437 0.20625 0.423437 0.202083 0.420312 0.19375 0.420312 0.191667 0.41875 0.189583 0.41875 0.183333 0.414062 0.18125 0.414062 0.179167 0.4125 0.177083 0.4125 0.170833 0.407812 0.170833 0.40625 0.166667 0.403125 0.164583 0.403125 0.164583 0.404687 0.166667 0.40625 0.166667 0.409375 0.172917 0.414062 0.172917 0.415625 0.175 0.417187 0.177083 0.417187 0.185417 0.423437 0.1875 0.423437 0.189583 0.425 0.191667 0.425 0.195833 0.428125 0.197917 0.428125 0.2 0.429688 0.216667 0.429688 0.21875 0.43125 0.220833 0.43125 0.225 0.434375 0.23125 0.434375 0.233333 0.435937 0.258333 0.435937 0.260417 0.434375 0.264583 0.434375 0.266667 0.432812 0.26875 0.432812 0.272917 0.429688 0.291667 0.429688 0.29375 0.428125 0.295833 0.428125 0.302083 0.423437 0.310417 0.423437 0.31875 0.417187 0.320833 0.417187 0.322917 0.415625 0.325 0.415625 0.3375 0.40625 0.3375 0.404687 0.339583 0.403125 0.339583 0.401562 0.345833 0.396875 0.34375 0.396875 0.354167 0.389062 0.354167 0.385937 0.354167 0.389062 0.34375 0.396875 0.345833 0.395312 0.345833 0.396875 0.912621
0 0.752083 0.309375 0.752083 0.307812 0.752083 0.309375 0.745833 0.314062 0.74375 0.315625 0.74375 0.31875 0.741667 0.320312 0.7375 0.320312 0.73125 0.325 0.729167 0.325 0.727083 0.326562 0.720833 0.326562 0.71875 0.328125 0.716667 0.328125 0.714583 0.329687 0.7125 0.329687 0.710417 0.33125 0.70625 0.33125 0.704167 0.332812 0.635417 0.332812 0.633333 0.33125 0.627083 0.33125 0.625 0.329687 0.622917 0.329687 0.61875 0.326562 0.610417 0.326562 0.608333 0.325 0.60625 0.325 0.602083 0.321875 0.6 0.321875 0.597917 0.320312 0.595833 0.320312 0.59375 0.31875 0.591667 0.31875 0.5875 0.315625 0.5875 0.314062 0.585417 0.314062 0.570833 0.303125 0.566667 0.303125 0.566667 0.310937 0.56875 0.3125 0.56875 0.314062 0.579167 0.321875 0.58125 0.321875 0.589583 0.328125 0.591667 0.328125 0.59375 0.329687 0.595833 0.329687 0.602083 0.334375 0.610417 0.334375 0.6125 0.335938 0.614583 0.335938 0.61875 0.339062 0.620833 0.339062 0.622917 0.340625 0.6375 0.340625 0.639583 0.342187 0.65 0.342187 0.652083 0.34375 0.683333 0.34375 0.685417 0.342187 0.69375 0.342187 0.695833 0.340625 0.710417 0.340625 0.716667 0.335938 0.71875 0.335938 0.720833 0.334375 0.727083 0.334375 0.735417 0.328125 0.7375 0.328125 0.7375 0.326562 0.739583 0.325 0.739583 0.323437 0.745833 0.31875 0.745833 0.314062 0.912477
0 0.341667 0.28125 0.339583 0.282812 0.3375 0.282812 0.335417 0.284375 0.335417 0.2875 0.33125 0.290625 0.329167 0.290625 0.327083 0.292187 0.327083 0.29375 0.325 0.295312 0.322917 0.295312 0.320833 0.296875 0.320833 0.298437 0.31875 0.3 0.316667 0.3 0.3125 0.303125 0.310417 0.303125 0.310417 0.304688 0.308333 0.30625 0.30625 0.30625 0.302083 0.309375 0.3 0.309375 0.297917 0.310937 0.295833 0.310937 0.29375 0.3125 0.291667 0.3125 0.289583 0.314062 0.285417 0.314062 0.283333 0.315625 0.279167 0.315625 0.275 0.31875 0.270833 0.31875 0.26875 0.320312 0.258333 0.320312 0.25625 0.321875 0.252083 0.321875 0.25 0.323437 0.247917 0.323437 0.245833 0.325 0.239583 0.325 0.2375 0.326562 0.172917 0.326562 0.170833 0.325 0.164583 0.325 0.1625 0.323437 0.160417 0.323437 0.158333 0.321875 0.154167 0.321875 0.152083 0.320312 0.14375 0.320312 0.141667 0.31875 0.139583 0.31875 0.135417 0.315625 0.133333 0.315625 0.13125 0.314062 0.125 0.314062 0.125 0.317187 0.133333 0.323437 0.135417 0.323437 0.1375 0.325 0.139583 0.325 0.14375 0.328125 0.145833 0.328125 0.147917 0.329687 0.15 0.329687 0.154167 0.332812 0.160417 0.332812 0.1625 0.334375 0.166667 0.334375 0.16875 0.335938 0.172917 0.335938 0.175 0.3375 0.177083 0.3375 0.179167 0.339062 0.185417 0.339062 0.1875 0.340625 0.24375 0.340625 0.245833 0.339062 0.247917 0.339062 0.25 0.3375 0.252083 0.3375 0.254167 0.335938 0.25625 0.335938 0.258333 0.334375 0.26875 0.334375 0.270833 0.332812 0.277083 0.332812 0.283333 0.328125 0.2875 0.328125 0.289583 0.326562 0.29375 0.326562 0.297917 0.323437 0.3 0.323437 0.302083 0.321875 0.304167 0.321875 0.30625 0.320312 0.308333 0.320312 0.314583 0.315625 0.316667 0.315625 0.329167 0.30625 0.329167 0.304688 0.333333 0.301562 0.333333 0.3 0.335417 0.298437 0.335417 0.296875 0.3375 0.295312 0.3375 0.29375 0.339583 0.292187 0.339583 0.290625 0.341667 0.289062 0.341667 0.284375 0.34375 0.282812 0.34375 0.28125 0.912258
0 0.554167 0.342187 0.552083 0.34375 0.552083 0.345312 0.55 0.346875 0.55 0.348437 0.547917 0.35 0.545833 0.35 0.54375 0.351562 0.541667 0.351562 0.541667 0.353125 0.539583 0.354687 0.5375 0.354687 0.53125 0.359375 0.529167 0.359375 0.522917 0.364062 0.51875 0.364062 0.516667 0.365625 0.514583 0.365625 0.5125 0.367188 0.508333 0.367188 0.50625 0.36875 0.502083 0.36875 0.5 0.370312 0.495833 0.370312 0.49375 0.371875 0.489583 0.371875 0.4875 0.373437 0.475 0.373437 0.472917 0.375 0.435417 0.375 0.433333 0.373437 0.425 0.373437 0.422917 0.371875 0.420833 0.371875 0.41875 0.370312 0.414583 0.370312 0.4125 0.36875 0.40625 0.36875 0.404167 0.367188 0.402083 0.367188 0.4 0.365625 0.397917 0.365625 0.395833 0.364062 0.391667 0.364062 0.3875 0.360937 0.385417 0.360937 0.377083 0.354687 0.377083 0.353125 0.370833 0.348437 0.36875 0.348437 0.36875 0.354687 0.370833 0.354687 0.377083 0.359375 0.38125 0.359375 0.385417 0.3625 0.385417 0.365625 0.389583 0.365625 0.39375 0.36875 0.39375 0.370312 0.395833 0.370312 0.397917 0.371875 0.402083 0.371875 0.404167 0.373437 0.40625 0.373437 0.410417 0.376562 0.4125 0.376562 0.414583 0.378125 0.425 0.378125 0.427083 0.379687 0.439583 0.379687 0.441667 0.38125 0.445833 0.38125 0.447917 0.382812 0.472917 0.382812 0.475 0.38125 0.479167 0.38125 0.48125 0.379687 0.489583 0.379687 0.491667 0.378125 0.504167 0.378125 0.50625 0.376562 0.508333 0.376562 0.5125 0.373437 0.514583 0.373437 0.516667 0.371875 0.522917 0.371875 0.529167 0.367188 0.53125 0.367188 0.533333 0.365625 0.535417 0.365625 0.539583 0.3625 0.539583 0.360937 0.541667 0.359375 0.54375 0.359375 0.545833 0.357812 0.545833 0.35625 0.552083 0.351562 0.552083 0.35 0.55625 0.346875 0.55625 0.345312 0.554167 0.34375 0.902824
0 0.539583 0.376562 0.535417 0.376562 0.535417 0.379687 0.533333 0.38125 0.53125 0.38125 0.529167 0.382812 0.520833 0.382812 0.51875 0.384375 0.51875 0.385937 0.516667 0.3875 0.5125 0.3875 0.510417 0.389062 0.502083 0.389062 0.497917 0.392187 0.495833 0.392187 0.49375 0.39375 0.479167 0.39375 0.477083 0.395312 0.422917 0.395312 0.420833 0.39375 0.416667 0.39375 0.414583 0.392187 0.4125 0.392187 0.410417 0.390625 0.408333 0.390625 0.40625 0.389062 0.4 0.389062 0.397917 0.3875 0.395833 0.3875 0.389583 0.382812 0.383333 0.382812 0.379167 0.379687 0.379167 0.378125 0.377083 0.376562 0.375 0.376562 0.370833 0.373437 0.370833 0.371875 0.36875 0.371875 0.36875 0.378125 0.370833 0.378125 0.377083 0.382812 0.377083 0.384375 0.379167 0.384375 0.3875 0.390625 0.389583 0.390625 0.391667 0.392187 0.395833 0.392187 0.402083 0.396875 0.40625 0.396875 0.408333 0.398438 0.414583 0.398438 0.420833 0.403125 0.420833 0.404687 0.4625 0.404687 0.464583 0.403125 0.472917 0.403125 0.475 0.404687 0.483333 0.404687 0.485417 0.403125 0.4875 0.403125 0.489583 0.401562 0.491667 0.401562 0.49375 0.4 0.495833 0.4 0.497917 0.398438 0.5 0.398438 0.502083 0.396875 0.510417 0.396875 0.51875 0.390625 0.522917 0.390625 0.529167 0.385937 0.53125 0.385937 0.5375 0.38125 0.5375 0.379687 0.539583 0.378125 0.539583 0.376562 0.54375 0.373437 0.545833 0.373437 0.545833 0.370312 0.54375 0.370312 0.54375 0.373437 0.887342
0 0.352083 0.339062 0.352083 0.346875 0.34375 0.353125 0.34375 0.354687 0.335417 0.360937 0.335417 0.3625 0.333333 0.364062 0.33125 0.364062 0.325 0.36875 0.322917 0.36875 0.320833 0.370312 0.31875 0.370312 0.314583 0.373437 0.3125 0.373437 0.310417 0.375 0.30625 0.375 0.304167 0.376562 0.3 0.376562 0.295833 0.379687 0.29375 0.379687 0.291667 0.38125 0.289583 0.38125 0.2875 0.382812 0.279167 0.382812 0.277083 0.384375 0.275 0.384375 0.272917 0.385937 0.26875 0.385937 0.266667 0.3875 0.247917 0.3875 0.245833 0.389062 0.222917 0.389062 0.220833 0.3875 0.1875 0.3875 0.185417 0.385937 0.183333 0.385937 0.179167 0.382812 0.177083 0.382812 0.175 0.38125 0.16875 0.38125 0.166667 0.379687 0.164583 0.379687 0.160417 0.376562 0.158333 0.376562 0.15625 0.375 0.154167 0.375 0.152083 0.373437 0.15 0.373437 0.147917 0.371875 0.147917 0.370312 0.145833 0.36875 0.14375 0.36875 0.139583 0.365625 0.139583 0.364062 0.1375 0.3625 0.1375 0.359375 0.135417 0.357812 0.135417 0.367188 0.139583 0.370312 0.139583 0.371875 0.14375 0.375 0.14375 0.376562 0.15625 0.385937 0.158333 0.385937 0.160417 0.3875 0.16875 0.3875 0.175 0.392187 0.18125 0.392187 0.183333 0.39375 0.1875 0.39375 0.189583 0.395312 0.191667 0.395312 0.19375 0.396875 0.195833 0.396875 0.197917 0.398438 0.260417 0.398438 0.2625 0.396875 0.266667 0.396875 0.26875 0.395312 0.272917 0.395312 0.275 0.39375 0.285417 0.39375 0.2875 0.392187 0.291667 0.392187 0.295833 0.389062 0.297917 0.389062 0.3 0.3875 0.304167 0.3875 0.30625 0.385937 0.308333 0.385937 0.3125 0.382812 0.314583 0.382812 0.316667 0.38125 0.31875 0.38125 0.320833 0.379687 0.322917 0.379687 0.333333 0.371875 0.335417 0.371875 0.3375 0.370312 0.3375 0.36875 0.347917 0.360937 0.347917 0.359375 0.35 0.357812 0.35 0.354687 0.352083 0.353125 0.352083 0.351562 0.354167 0.35 0.354167 0.339062 0.844376
0 0.3 0.357812 0.297917 0.35625 0.29375 0.35625 0.291667 0.357812 0.283333 0.357812 0.277083 0.3625 0.26875 0.3625 0.266667 0.364062 0.252083 0.364062 0.25 0.365625 0.245833 0.365625 0.24375 0.367188 0.2375 0.367188 0.235417 0.36875 0.191667 0.36875 0.189583 0.367188 0.185417 0.367188 0.183333 0.365625 0.18125 0.365625 0.179167 0.364062 0.164583 0.364062 0.1625 0.3625 0.158333 0.3625 0.152083 0.357812 0.141667 0.357812 0.1375 0.354687 0.1375 0.353125 0.1375 0.357812 0.139583 0.359375 0.141667 0.359375 0.14375 0.360937 0.145833 0.360937 0.15 0.364062 0.15 0.365625 0.152083 0.365625 0.154167 0.367188 0.160417 0.367188 0.1625 0.36875 0.164583 0.36875 0.166667 0.370312 0.16875 0.370312 0.170833 0.371875 0.179167 0.371875 0.18125 0.373437 0.189583 0.373437 0.191667 0.375 0.197917 0.375 0.2 0.376562 0.23125 0.376562 0.233333 0.375 0.239583 0.375 0.241667 0.373437 0.252083 0.373437 0.254167 0.371875 0.264583 0.371875 0.266667 0.370312 0.26875 0.370312 0.270833 0.36875 0.272917 0.36875 0.275 0.367188 0.277083 0.367188 0.279167 0.365625 0.285417 0.365625 0.291667 0.360937 0.29375 0.360937 0.295833 0.359375 0.297917 0.359375 0.3 0.357812 0.302083 0.354687 0.304167 0.353125 0.308333 0.353125 0.310417 0.351562 0.31875 0.346875 0.31875 0.345312 0.31875 0.346875 0.310417 0.351562 0.304167 0.351562 0.302083 0.353125 0.302083 0.354687 0.828285
0 0.74375 0.201562 0.74375 0.207812 0.745833 0.209375 0.745833 0.210938 0.75 0.214062 0.75 0.228125 0.747917 0.229687 0.747917 0.23125 0.745833 0.232812 0.745833 0.234375 0.74375 0.235937 0.74375 0.2375 0.733333 0.245312 0.733333 0.246875 0.73125 0.248437 0.729167 0.248437 0.727083 0.25 0.725 0.25 0.720833 0.253125 0.71875 0.253125 0.714583 0.25625 0.710417 0.25625 0.708333 0.257812 0.704167 0.257812 0.702083 0.259375 0.697917 0.259375 0.695833 0.260937 0.689583 0.260937 0.6875 0.2625 0.6625 0.2625 0.660417 0.264062 0.645833 0.264062 0.64375 0.2625 0.61875 0.2625 0.616667 0.260937 0.6125 0.260937 0.610417 0.259375 0.608333 0.259375 0.60625 0.257812 0.597917 0.257812 0.595833 0.25625 0.589583 0.25625 0.5875 0.254688 0.585417 0.254688 0.58125 0.251563 0.579167 0.251563 0.577083 0.25 0.570833 0.25 0.56875 0.248437 0.566667 0.248437 0.5625 0.245312 0.558333 0.245312 0.554167 0.242187 0.554167 0.240625 0.554167 0.25625 0.554167 0.253125 0.558333 0.25 0.5625 0.25 0.564583 0.251563 0.564583 0.253125 0.566667 0.253125 0.570833 0.25625 0.572917 0.25625 0.577083 0.259375 0.579167 0.259375 0.58125 0.260937 0.585417 0.260937 0.591667 0.265625 0.59375 0.265625 0.595833 0.267187 0.604167 0.267187 0.60625 0.26875 0.610417 0.26875 0.614583 0.271875 0.616667 0.271875 0.61875 0.273438 0.639583 0.273438 0.641667 0.275 0.654167 0.275 0.65625 0.276562 0.660417 0.276562 0.6625 0.278125 0.683333 0.278125 0.685417 0.276562 0.691667 0.276562 0.69375 0.275 0.704167 0.275 0.70625 0.273438 0.720833 0.273438 0.722917 0.271875 0.727083 0.271875 0.729167 0.270312 0.73125 0.270312 0.735417 0.267187 0.739583 0.267187 0.741667 0.265625 0.745833 0.265625 0.752083 0.260937 0.754167 0.260937 0.75625 0.259375 0.75625 0.257812 0.758333 0.25625 0.758333 0.254688 0.760417 0.253125 0.7625 0.253125 0.764583 0.251563 0.764583 0.25 0.766667 0.248437 0.766667 0.245312 0.76875 0.24375 0.76875 0.240625 0.770833 0.239062 0.770833 0.223437 0.76875 0.221875 0.76875 0.220312 0.7625 0.215625 0.7625 0.214062 0.760417 0.2125 0.758333 0.2125 0.75625 0.210938 0.75625 0.209375 0.754167 0.209375 0.752083 0.207812 0.75 0.207812 0.745833 0.204687 0.745833 0.203125 0.811323
0 0.570833 0.290625 0.570833 0.289062 0.56875 0.289062 0.56875 0.290625 0.570833 0.290625 0.575 0.29375 0.575 0.296875 0.577083 0.296875 0.579167 0.298437 0.58125 0.298437 0.583333 0.3 0.583333 0.301562 0.585417 0.303125 0.5875 0.303125 0.589583 0.304688 0.591667 0.304688 0.597917 0.309375 0.602083 0.309375 0.604167 0.310937 0.608333 0.310937 0.610417 0.3125 0.6125 0.3125 0.614583 0.314062 0.616667 0.314062 0.61875 0.315625 0.622917 0.315625 0.625 0.317187 0.629167 0.317187 0.63125 0.31875 0.64375 0.31875 0.645833 0.320312 0.654167 0.320312 0.65625 0.321875 0.685417 0.321875 0.6875 0.320312 0.695833 0.320312 0.697917 0.31875 0.70625 0.31875 0.708333 0.317187 0.716667 0.317187 0.71875 0.315625 0.722917 0.315625 0.729167 0.310937 0.73125 0.310937 0.733333 0.309375 0.7375 0.309375 0.739583 0.307812 0.739583 0.30625 0.74375 0.303125 0.745833 0.303125 0.747917 0.301562 0.747917 0.3 0.752083 0.296875 0.754167 0.296875 0.754167 0.295312 0.760417 0.290625 0.760417 0.289062 0.7625 0.2875 0.7625 0.273438 0.760417 0.273438 0.75625 0.276562 0.754167 0.276562 0.75 0.279687 0.75 0.28125 0.74375 0.285937 0.74375 0.2875 0.733333 0.295312 0.73125 0.295312 0.729167 0.296875 0.727083 0.296875 0.727083 0.298437 0.722917 0.301562 0.71875 0.301562 0.716667 0.303125 0.714583 0.303125 0.7125 0.304688 0.710417 0.304688 0.708333 0.30625 0.704167 0.30625 0.702083 0.307812 0.69375 0.307812 0.691667 0.309375 0.68125 0.309375 0.679167 0.310937 0.647917 0.310937 0.645833 0.309375 0.633333 0.309375 0.63125 0.307812 0.622917 0.307812 0.620833 0.30625 0.6125 0.30625 0.610417 0.304688 0.60625 0.304688 0.604167 0.303125 0.602083 0.303125 0.597917 0.3 0.59375 0.3 0.591667 0.298437 0.5875 0.298437 0.583333 0.295312 0.58125 0.295312 0.579167 0.29375 0.575 0.29375 0.806149
0 0.76875 0.240625 0.76875 0.248437 0.766667 0.25 0.766667 0.251563 0.764583 0.253125 0.7625 0.253125 0.760417 0.254688 0.760417 0.25625 0.758333 0.257812 0.758333 0.259375 0.754167 0.2625 0.752083 0.2625 0.745833 0.267187 0.74375 0.267187 0.741667 0.26875 0.7375 0.26875 0.735417 0.270312 0.733333 0.270312 0.73125 0.271875 0.729167 0.271875 0.727083 0.273438 0.725 0.273438 0.722917 0.275 0.7125 0.275 0.710417 0.276562 0.697917 0.276562 0.695833 0.278125 0.685417 0.278125 0.683333 0.279687 0.66875 0.279687 0.666667 0.278125 0.654167 0.278125 0.652083 0.276562 0.629167 0.276562 0.627083 0.275 0.61875 0.275 0.614583 0.271875 0.6125 0.271875 0.610417 0.270312 0.602083 0.270312 0.6 0.26875 0.595833 0.26875 0.59375 0.267187 0.591667 0.267187 0.5875 0.264062 0.585417 0.264062 0.583333 0.2625 0.58125 0.2625 0.579167 0.260937 0.575 0.260937 0.572917 0.259375 0.572917 0.257812 0.570833 0.25625 0.56875 0.25625 0.5625 0.251563 0.5625 0.25 0.560417 0.248437 0.558333 0.248437 0.558333 0.259375 0.5625 0.2625 0.564583 0.2625 0.566667 0.264062 0.56875 0.264062 0.575 0.26875 0.577083 0.26875 0.58125 0.271875 0.583333 0.271875 0.585417 0.273438 0.5875 0.273438 0.589583 0.275 0.59375 0.275 0.595833 0.276562 0.597917 0.276562 0.6 0.278125 0.602083 0.278125 0.604167 0.279687 0.608333 0.279687 0.610417 0.28125 0.614583 0.28125 0.616667 0.282812 0.61875 0.282812 0.620833 0.284375 0.629167 0.284375 0.63125 0.285937 0.645833 0.285937 0.647917 0.2875 0.7125 0.2875 0.714583 0.285937 0.716667 0.285937 0.71875 0.284375 0.720833 0.284375 0.722917 0.282812 0.725 0.282812 0.727083 0.28125 0.729167 0.28125 0.73125 0.279687 0.7375 0.279687 0.741667 0.276562 0.74375 0.276562 0.745833 0.275 0.747917 0.275 0.75 0.273438 0.752083 0.273438 0.764583 0.264062 0.764583 0.260937 0.76875 0.257812 0.764565
0 0.566667 0.3625 0.564583 0.364062 0.564583 0.365625 0.566667 0.367188 0.566667 0.371875 0.56875 0.373437 0.56875 0.376562 0.585417 0.389062 0.5875 0.389062 0.591667 0.392187 0.59375 0.392187 0.595833 0.39375 0.597917 0.39375 0.602083 0.396875 0.604167 0.396875 0.60625 0.398438 0.6125 0.398438 0.614583 0.4 0.616667 0.4 0.620833 0.403125 0.633333 0.403125 0.635417 0.404687 0.683333 0.404687 0.685417 0.403125 0.691667 0.403125 0.69375 0.401562 0.7 0.401562 0.702083 0.4 0.704167 0.4 0.70625 0.398438 0.708333 0.398438 0.710417 0.396875 0.7125 0.396875 0.714583 0.395312 0.716667 0.395312 0.720833 0.392187 0.722917 0.392187 0.725 0.390625 0.725 0.389062 0.729167 0.385937 0.729167 0.384375 0.73125 0.382812 0.729167 0.38125 0.727083 0.38125 0.720833 0.385937 0.71875 0.385937 0.716667 0.3875 0.714583 0.3875 0.7125 0.389062 0.710417 0.389062 0.708333 0.390625 0.70625 0.390625 0.704167 0.392187 0.702083 0.392187 0.7 0.39375 0.695833 0.39375 0.69375 0.395312 0.666667 0.395312 0.664583 0.396875 0.65625 0.396875 0.654167 0.395312 0.63125 0.395312 0.629167 0.39375 0.622917 0.39375 0.620833 0.392187 0.616667 0.392187 0.614583 0.390625 0.6125 0.390625 0.610417 0.389062 0.60625 0.389062 0.604167 0.3875 0.6 0.3875 0.59375 0.382812 0.591667 0.382812 0.5875 0.379687 0.585417 0.379687 0.58125 0.376562 0.58125 0.375 0.572917 0.36875 0.572917 0.367188 0.570833 0.365625 0.570833 0.364062 0.56875 0.3625 0.714504
0 0.541667 0.390625 0.541667 0.3875 0.541667 0.390625 0.514583 0.407812 0.5 0.407812 0.495833 0.410937 0.49375 0.410937 0.491667 0.4125 0.483333 0.4125 0.48125 0.414062 0.439583 0.414062 0.4375 0.4125 0.425 0.4125 0.422917 0.410937 0.420833 0.410937 0.41875 0.409375 0.416667 0.409375 0.414583 0.407812 0.4125 0.407812 0.410417 0.40625 0.408333 0.40625 0.40625 0.404687 0.402083 0.404687 0.397917 0.401562 0.395833 0.401562 0.391667 0.398438 0.389583 0.398438 0.3875 0.396875 0.385417 0.396875 0.379167 0.392187 0.379167 0.390625 0.370833 0.384375 0.370833 0.382812 0.36875 0.38125 0.366667 0.38125 0.364583 0.379687 0.364583 0.378125 0.3625 0.376562 0.3625 0.371875 0.360417 0.370312 0.360417 0.367188 0.360417 0.390625 0.364583 0.39375 0.364583 0.396875 0.36875 0.4 0.36875 0.401562 0.370833 0.403125 0.372917 0.403125 0.385417 0.4125 0.3875 0.4125 0.389583 0.414062 0.391667 0.414062 0.39375 0.415625 0.397917 0.415625 0.4 0.417187 0.402083 0.417187 0.404167 0.41875 0.408333 0.41875 0.410417 0.420312 0.416667 0.420312 0.41875 0.421875 0.475 0.421875 0.477083 0.420312 0.479167 0.420312 0.48125 0.41875 0.483333 0.41875 0.485417 0.417187 0.489583 0.417187 0.491667 0.415625 0.497917 0.415625 0.504167 0.410937 0.50625 0.410937 0.508333 0.409375 0.5125 0.409375 0.514583 0.407812 0.65829
0 0.552083 0.246875 0.552083 0.254688 0.55 0.25625 0.55 0.257812 0.547917 0.259375 0.545833 0.259375 0.545833 0.260937 0.541667 0.264062 0.541667 0.265625 0.53125 0.273438 0.529167 0.273438 0.525 0.276562 0.520833 0.276562 0.514583 0.28125 0.510417 0.28125 0.508333 0.282812 0.502083 0.282812 0.5 0.284375 0.495833 0.284375 0.49375 0.285937 0.491667 0.285937 0.489583 0.2875 0.477083 0.2875 0.475 0.289062 0.458333 0.289062 0.45625 0.290625 0.429167 0.290625 0.427083 0.289062 0.4125 0.289062 0.410417 0.2875 0.397917 0.2875 0.395833 0.285937 0.391667 0.285937 0.389583 0.284375 0.3875 0.284375 0.385417 0.282812 0.38125 0.282812 0.379167 0.28125 0.375 0.28125 0.372917 0.279687 0.370833 0.279687 0.366667 0.276562 0.364583 0.276562 0.3625 0.275 0.360417 0.275 0.352083 0.26875 0.35 0.26875 0.345833 0.265625 0.345833 0.2625 0.345833 0.270312 0.347917 0.271875 0.347917 0.273438 0.35 0.275 0.35 0.276562 0.352083 0.278125 0.352083 0.279687 0.366667 0.290625 0.36875 0.290625 0.372917 0.29375 0.375 0.29375 0.379167 0.296875 0.38125 0.296875 0.383333 0.298437 0.385417 0.298437 0.3875 0.3 0.39375 0.3 0.395833 0.301562 0.397917 0.301562 0.4 0.303125 0.40625 0.303125 0.408333 0.304688 0.41875 0.304688 0.420833 0.30625 0.43125 0.30625 0.433333 0.307812 0.466667 0.307812 0.46875 0.30625 0.479167 0.30625 0.48125 0.304688 0.49375 0.304688 0.495833 0.303125 0.502083 0.303125 0.504167 0.301562 0.50625 0.301562 0.508333 0.3 0.510417 0.3 0.5125 0.298437 0.516667 0.298437 0.51875 0.296875 0.522917 0.296875 0.53125 0.290625 0.533333 0.290625 0.541667 0.284375 0.54375 0.284375 0.545833 0.282812 0.545833 0.28125 0.547917 0.279687 0.547917 0.278125 0.55 0.276562 0.55 0.275 0.552083 0.273438 0.552083 0.271875 0.554167 0.270312 0.554167 0.267187 0.55625 0.265625 0.55625 0.259375 0.558333 0.257812 0.558333 0.25625 0.560417 0.254688 0.560417 0.246875 0.617027
0 0.73125 0.282812 0.727083 0.282812 0.727083 0.284375 0.729167 0.284375 0.73125 0.282812 0.74375 0.278125 0.745833 0.276562 0.75 0.271875 0.708333 0.290625 0.758333 0.265625 0.760417 0.267187 0.7625 0.265625 0.7625 0.2625 0.760417 0.2625 0.760417 0.264062 0.758333 0.265625 0.708333 0.290625 0.683333 0.290625 0.68125 0.289062 0.627083 0.289062 0.625 0.2875 0.622917 0.2875 0.620833 0.285937 0.620833 0.284375 0.616667 0.284375 0.614583 0.282812 0.602083 0.282812 0.595833 0.278125 0.59375 0.278125 0.591667 0.276562 0.585417 0.276562 0.579167 0.271875 0.579167 0.270312 0.577083 0.270312 0.575 0.26875 0.572917 0.26875 0.56875 0.265625 0.566667 0.265625 0.564583 0.264062 0.5625 0.264062 0.5625 0.267187 0.564583 0.26875 0.564583 0.271875 0.566667 0.273438 0.570833 0.273438 0.577083 0.278125 0.579167 0.278125 0.58125 0.279687 0.583333 0.279687 0.5875 0.282812 0.589583 0.282812 0.591667 0.284375 0.597917 0.284375 0.6 0.285937 0.602083 0.285937 0.60625 0.289062 0.610417 0.289062 0.6125 0.290625 0.622917 0.290625 0.625 0.292187 0.63125 0.292187 0.633333 0.29375 0.635417 0.29375 0.6375 0.295312 0.639583 0.295312 0.641667 0.296875 0.685417 0.296875 0.6875 0.295312 0.69375 0.295312 0.697917 0.292187 0.702083 0.292187 0.704167 0.290625 0.708333 0.290625 0.75 0.271875 0.754167 0.271875 0.754167 0.26875 0.75 0.271875 0.745833 0.276562 0.74375 0.276562 0.74375 0.278125 0.603159
0 0.16875 0.390625 0.16875 0.389062 0.166667 0.390625 0.164583 0.390625 0.16875 0.390625 0.172917 0.395312 0.177083 0.398438 0.183333 0.398438 0.185417 0.4 0.1875 0.4 0.191667 0.403125 0.204167 0.403125 0.20625 0.404687 0.214583 0.404687 0.216667 0.40625 0.258333 0.40625 0.260417 0.404687 0.270833 0.404687 0.272917 0.403125 0.28125 0.403125 0.283333 0.401562 0.285417 0.401562 0.289583 0.398438 0.29375 0.398438 0.295833 0.396875 0.302083 0.396875 0.310417 0.390625 0.314583 0.390625 0.316667 0.389062 0.31875 0.389062 0.325 0.384375 0.327083 0.384375 0.329167 0.382812 0.329167 0.379687 0.33125 0.378125 0.333333 0.378125 0.335417 0.376562 0.335417 0.375 0.333333 0.376562 0.329167 0.376562 0.327083 0.378125 0.327083 0.379687 0.325 0.38125 0.322917 0.38125 0.320833 0.382812 0.316667 0.382812 0.314583 0.384375 0.3125 0.384375 0.308333 0.3875 0.30625 0.3875 0.304167 0.389062 0.297917 0.389062 0.29375 0.392187 0.291667 0.392187 0.289583 0.39375 0.283333 0.39375 0.28125 0.395312 0.272917 0.395312 0.270833 0.396875 0.26875 0.396875 0.266667 0.398438 0.2625 0.398438 0.260417 0.4 0.24375 0.4 0.241667 0.401562 0.220833 0.401562 0.21875 0.4 0.2 0.4 0.197917 0.398438 0.195833 0.398438 0.191667 0.395312 0.1875 0.395312 0.185417 0.39375 0.177083 0.39375 0.175 0.395312 0.172917 0.395312 0.56593
0 0.179167 0.421875 0.179167 0.420312 0.177083 0.420312 0.177083 0.421875 0.179167 0.421875 0.183333 0.425 0.183333 0.428125 0.185417 0.429688 0.189583 0.429688 0.191667 0.43125 0.191667 0.432812 0.195833 0.435937 0.2 0.435937 0.202083 0.4375 0.204167 0.4375 0.208333 0.440625 0.216667 0.440625 0.21875 0.442187 0.23125 0.442187 0.233333 0.44375 0.25625 0.44375 0.258333 0.442187 0.275 0.442187 0.277083 0.440625 0.289583 0.440625 0.291667 0.439062 0.29375 0.439062 0.295833 0.4375 0.3 0.4375 0.302083 0.435937 0.30625 0.435937 0.308333 0.434375 0.3125 0.434375 0.31875 0.429688 0.322917 0.429688 0.329167 0.425 0.33125 0.425 0.335417 0.421875 0.3375 0.421875 0.339583 0.420312 0.339583 0.41875 0.345833 0.414062 0.345833 0.4125 0.347917 0.410937 0.347917 0.409375 0.35 0.407812 0.35 0.40625 0.354167 0.403125 0.354167 0.401562 0.35625 0.4 0.35625 0.392187 0.352083 0.392187 0.352083 0.39375 0.345833 0.398438 0.345833 0.4 0.341667 0.403125 0.341667 0.404687 0.339583 0.40625 0.339583 0.407812 0.327083 0.417187 0.325 0.417187 0.320833 0.420312 0.31875 0.420312 0.314583 0.423437 0.3125 0.423437 0.310417 0.425 0.30625 0.425 0.304167 0.426562 0.302083 0.426562 0.297917 0.429688 0.295833 0.429688 0.29375 0.43125 0.277083 0.43125 0.275 0.432812 0.26875 0.432812 0.264583 0.435937 0.252083 0.435937 0.25 0.4375 0.241667 0.4375 0.239583 0.435937 0.227083 0.435937 0.225 0.434375 0.222917 0.434375 0.220833 0.432812 0.208333 0.432812 0.20625 0.43125 0.197917 0.43125 0.191667 0.426562 0.189583 0.426562 0.1875 0.425 0.183333 0.425 0.532488
0 0.74375 0.201562 0.74375 0.20625 0.745833 0.207812 0.745833 0.210938 0.747917 0.2125 0.747917 0.23125 0.745833 0.232812 0.745833 0.234375 0.741667 0.2375 0.741667 0.239062 0.733333 0.245312 0.733333 0.246875 0.73125 0.248437 0.729167 0.248437 0.727083 0.25 0.725 0.25 0.720833 0.253125 0.71875 0.253125 0.714583 0.25625 0.710417 0.25625 0.708333 0.257812 0.704167 0.257812 0.702083 0.259375 0.697917 0.259375 0.695833 0.260937 0.689583 0.260937 0.6875 0.2625 0.620833 0.2625 0.61875 0.260937 0.614583 0.260937 0.6125 0.259375 0.610417 0.259375 0.608333 0.257812 0.602083 0.257812 0.6 0.25625 0.591667 0.25625 0.589583 0.254688 0.5875 0.254688 0.585417 0.253125 0.583333 0.253125 0.579167 0.25 0.570833 0.25 0.56875 0.248437 0.566667 0.248437 0.5625 0.245312 0.560417 0.245312 0.558333 0.24375 0.55625 0.24375 0.554167 0.242187 0.554167 0.239062 0.554167 0.251563 0.55625 0.25 0.5625 0.25 0.564583 0.251563 0.564583 0.253125 0.566667 0.254688 0.56875 0.254688 0.575 0.259375 0.579167 0.259375 0.58125 0.260937 0.583333 0.260937 0.585417 0.2625 0.5875 0.2625 0.591667 0.265625 0.595833 0.265625 0.597917 0.267187 0.604167 0.267187 0.60625 0.26875 0.610417 0.26875 0.614583 0.271875 0.61875 0.271875 0.620833 0.273438 0.633333 0.273438 0.635417 0.275 0.654167 0.275 0.65625 0.276562 0.666667 0.276562 0.66875 0.278125 0.68125 0.278125 0.683333 0.276562 0.69375 0.276562 0.695833 0.275 0.70625 0.275 0.708333 0.273438 0.720833 0.273438 0.722917 0.271875 0.727083 0.271875 0.729167 0.270312 0.73125 0.270312 0.733333 0.26875 0.735417 0.26875 0.7375 0.267187 0.739583 0.267187 0.741667 0.265625 0.745833 0.265625 0.752083 0.260937 0.754167 0.260937 0.75625 0.259375 0.75625 0.257812 0.764583 0.251563 0.764583 0.25 0.766667 0.248437 0.766667 0.246875 0.76875 0.245312 0.76875 0.242187 0.770833 0.240625 0.770833 0.223437 0.76875 0.221875 0.76875 0.220312 0.758333 0.2125 0.758333 0.210938 0.754167 0.207812 0.752083 0.207812 0.74375 0.201562 0.735417 0.196875 0.735417 0.196875 0.492389
0 0.377083 0.389062 0.377083 0.390625 0.38125 0.390625 0.379167 0.389062 0.377083 0.389062 0.372917 0.384375 0.385417 0.39375 0.385417 0.395312 0.3875 0.396875 0.389583 0.396875 0.391667 0.398438 0.39375 0.398438 0.4 0.403125 0.40625 0.403125 0.408333 0.404687 0.410417 0.404687 0.414583 0.407812 0.41875 0.407812 0.420833 0.409375 0.427083 0.409375 0.429167 0.410937 0.435417 0.410937 0.4375 0.4125 0.45 0.4125 0.452083 0.414062 0.470833 0.414062 0.472917 0.4125 0.48125 0.4125 0.483333 0.410937 0.49375 0.410937 0.495833 0.409375 0.5 0.409375 0.502083 0.407812 0.50625 0.407812 0.508333 0.40625 0.5125 0.40625 0.514583 0.404687 0.516667 0.404687 0.520833 0.401562 0.522917 0.401562 0.527083 0.398438 0.529167 0.398438 0.539583 0.390625 0.539583 0.389062 0.545833 0.384375 0.545833 0.376562 0.54375 0.376562 0.54375 0.379687 0.53125 0.389062 0.529167 0.389062 0.522917 0.39375 0.51875 0.39375 0.5125 0.398438 0.510417 0.398438 0.508333 0.4 0.502083 0.4 0.5 0.401562 0.495833 0.401562 0.49375 0.403125 0.491667 0.403125 0.489583 0.404687 0.483333 0.404687 0.48125 0.40625 0.472917 0.40625 0.470833 0.404687 0.46875 0.404687 0.466667 0.40625 0.45625 0.40625 0.454167 0.404687 0.452083 0.404687 0.45 0.40625 0.441667 0.40625 0.439583 0.404687 0.420833 0.404687 0.416667 0.401562 0.410417 0.401562 0.408333 0.4 0.402083 0.4 0.395833 0.395312 0.391667 0.395312 0.389583 0.39375 0.385417 0.39375 0.372917 0.384375 0.370833 0.382812 0.370833 0.379687 0.36875 0.378125 0.36875 0.384375 0.372917 0.384375 0.453263
0 0.714583 0.289062 0.63125 0.289062 0.63125 0.290625 0.633333 0.290625 0.635417 0.292187 0.6375 0.292187 0.639583 0.29375 0.69375 0.29375 0.695833 0.292187 0.7 0.292187 0.702083 0.290625 0.7125 0.290625 0.714583 0.289062 0.725 0.282812 0.625 0.289062 0.620833 0.285937 0.620833 0.284375 0.61875 0.282812 0.602083 0.282812 0.59375 0.276562 0.585417 0.276562 0.58125 0.273438 0.58125 0.271875 0.579167 0.270312 0.577083 0.270312 0.575 0.26875 0.572917 0.26875 0.570833 0.267187 0.570833 0.265625 0.566667 0.2625 0.564583 0.2625 0.5625 0.260937 0.5625 0.267187 0.564583 0.26875 0.564583 0.270312 0.566667 0.271875 0.570833 0.271875 0.579167 0.278125 0.585417 0.278125 0.591667 0.282812 0.59375 0.282812 0.595833 0.284375 0.604167 0.284375 0.608333 0.2875 0.608333 0.289062 0.625 0.289062 0.725 0.282812 0.727083 0.284375 0.729167 0.282812 0.729167 0.28125 0.727083 0.28125 0.725 0.282812 0.442144
0 0.552083 0.245312 0.552083 0.254688 0.54375 0.260937 0.54375 0.2625 0.541667 0.264062 0.541667 0.265625 0.5375 0.26875 0.535417 0.26875 0.527083 0.275 0.525 0.275 0.522917 0.276562 0.520833 0.276562 0.516667 0.279687 0.514583 0.279687 0.5125 0.28125 0.50625 0.28125 0.504167 0.282812 0.5 0.282812 0.497917 0.284375 0.495833 0.284375 0.49375 0.285937 0.489583 0.285937 0.4875 0.2875 0.475 0.2875 0.472917 0.289062 0.452083 0.289062 0.45 0.290625 0.44375 0.290625 0.441667 0.289062 0.416667 0.289062 0.414583 0.2875 0.402083 0.2875 0.4 0.285937 0.39375 0.285937 0.391667 0.284375 0.389583 0.284375 0.3875 0.282812 0.383333 0.282812 0.38125 0.28125 0.375 0.28125 0.372917 0.279687 0.370833 0.279687 0.364583 0.275 0.3625 0.275 0.360417 0.273438 0.358333 0.273438 0.354167 0.270312 0.354167 0.26875 0.352083 0.26875 0.345833 0.264062 0.345833 0.2625 0.34375 0.260937 0.34375 0.257812 0.34375 0.270312 0.345833 0.270312 0.347917 0.271875 0.347917 0.275 0.35 0.276562 0.35 0.278125 0.364583 0.289062 0.366667 0.289062 0.370833 0.292187 0.372917 0.292187 0.379167 0.296875 0.383333 0.296875 0.385417 0.298437 0.3875 0.298437 0.389583 0.3 0.39375 0.3 0.395833 0.301562 0.4 0.301562 0.402083 0.303125 0.40625 0.303125 0.408333 0.304688 0.420833 0.304688 0.422917 0.30625 0.433333 0.30625 0.435417 0.307812 0.464583 0.307812 0.466667 0.30625 0.477083 0.30625 0.479167 0.304688 0.491667 0.304688 0.49375 0.303125 0.502083 0.303125 0.504167 0.301562 0.50625 0.301562 0.508333 0.3 0.510417 0.3 0.5125 0.298437 0.516667 0.298437 0.51875 0.296875 0.520833 0.296875 0.522917 0.295312 0.525 0.295312 0.53125 0.290625 0.533333 0.290625 0.541667 0.284375 0.54375 0.284375 0.545833 0.282812 0.545833 0.28125 0.547917 0.279687 0.547917 0.278125 0.55 0.276562 0.55 0.275 0.552083 0.273438 0.552083 0.271875 0.554167 0.270312 0.554167 0.267187 0.55625 0.265625 0.55625 0.254688 0.558333 0.253125 0.558333 0.245312 0.418666
0 0.345833 0.38125 0.345833 0.382812 0.34375 0.384375 0.34375 0.385937 0.325 0.4 0.322917 0.4 0.320833 0.401562 0.31875 0.401562 0.314583 0.404687 0.3125 0.404687 0.310417 0.40625 0.308333 0.40625 0.30625 0.407812 0.304167 0.407812 0.302083 0.409375 0.3 0.409375 0.297917 0.410937 0.29375 0.410937 0.291667 0.4125 0.285417 0.4125 0.283333 0.414062 0.279167 0.414062 0.277083 0.415625 0.270833 0.415625 0.26875 0.417187 0.2125 0.417187 0.210417 0.415625 0.208333 0.415625 0.20625 0.414062 0.202083 0.414062 0.2 0.4125 0.195833 0.4125 0.19375 0.410937 0.189583 0.410937 0.185417 0.407812 0.18125 0.407812 0.179167 0.40625 0.177083 0.40625 0.177083 0.409375 0.18125 0.409375 0.183333 0.410937 0.185417 0.410937 0.1875 0.4125 0.1875 0.414062 0.189583 0.415625 0.191667 0.415625 0.19375 0.417187 0.202083 0.417187 0.208333 0.421875 0.214583 0.421875 0.216667 0.423437 0.275 0.423437 0.277083 0.421875 0.28125 0.421875 0.285417 0.41875 0.2875 0.41875 0.289583 0.417187 0.295833 0.417187 0.297917 0.415625 0.304167 0.415625 0.310417 0.410937 0.3125 0.410937 0.314583 0.409375 0.31875 0.409375 0.320833 0.407812 0.320833 0.40625 0.322917 0.404687 0.327083 0.404687 0.335417 0.398438 0.3375 0.398438 0.339583 0.396875 0.339583 0.395312 0.347917 0.389062 0.347917 0.384375 0.345833 0.382812 0.345833 0.38125 0.352083 0.376562 0.354167 0.376562 0.354167 0.373437 0.35625 0.371875 0.35625 0.367188 0.352083 0.367188 0.352083 0.376562 0.381666
0 0.179167 0.401562 0.18125 0.401562 0.183333 0.403125 0.189583 0.403125 0.1875 0.401562 0.179167 0.401562 0.172917 0.396875 0.16875 0.396875 0.16875 0.39375 0.164583 0.390625 0.19375 0.407812 0.2 0.407812 0.202083 0.409375 0.208333 0.409375 0.210417 0.410937 0.210417 0.4125 0.2125 0.414062 0.272917 0.414062 0.275 0.4125 0.277083 0.4125 0.28125 0.409375 0.289583 0.409375 0.291667 0.407812 0.295833 0.407812 0.3 0.404687 0.302083 0.404687 0.304167 0.403125 0.30625 0.403125 0.308333 0.401562 0.3125 0.401562 0.316667 0.398438 0.31875 0.398438 0.320833 0.396875 0.322917 0.396875 0.325 0.395312 0.327083 0.395312 0.327083 0.39375 0.333333 0.389062 0.335417 0.389062 0.335417 0.3875 0.345833 0.379687 0.345833 0.378125 0.347917 0.376562 0.347917 0.375 0.354167 0.370312 0.354167 0.365625 0.347917 0.365625 0.34375 0.36875 0.34375 0.370312 0.341667 0.371875 0.341667 0.373437 0.33125 0.38125 0.33125 0.382812 0.327083 0.385937 0.325 0.385937 0.322917 0.3875 0.320833 0.3875 0.314583 0.392187 0.3125 0.392187 0.310417 0.39375 0.308333 0.39375 0.302083 0.398438 0.3 0.398438 0.297917 0.4 0.295833 0.4 0.29375 0.401562 0.285417 0.401562 0.28125 0.404687 0.277083 0.404687 0.275 0.40625 0.2625 0.40625 0.260417 0.407812 0.247917 0.407812 0.245833 0.409375 0.239583 0.409375 0.2375 0.410937 0.227083 0.410937 0.225 0.409375 0.21875 0.409375 0.216667 0.407812 0.202083 0.407812 0.2 0.40625 0.195833 0.40625 0.19375 0.407812 0.164583 0.390625 0.1625 0.390625 0.1625 0.392187 0.164583 0.390625 0.16875 0.39375 0.172917 0.396875 0.313427
0 0.14375 0.359375 0.14375 0.359375 0.1375 0.357812 0.135417 0.353125 0.15 0.3625 0.147917 0.364062 0.15 0.365625 0.158333 0.365625 0.160417 0.367188 0.1625 0.367188 0.164583 0.36875 0.164583 0.370312 0.16875 0.373437 0.175 0.373437 0.177083 0.375 0.189583 0.375 0.191667 0.376562 0.1875 0.379687 0.185417 0.379687 0.24375 0.379687 0.239583 0.379687 0.2375 0.378125 0.235417 0.378125 0.233333 0.376562 0.235417 0.375 0.239583 0.375 0.241667 0.373437 0.254167 0.373437 0.25625 0.371875 0.266667 0.371875 0.26875 0.370312 0.270833 0.370312 0.270833 0.36875 0.272917 0.367188 0.275 0.367188 0.277083 0.365625 0.283333 0.365625 0.285417 0.364062 0.2875 0.364062 0.2875 0.3625 0.291667 0.359375 0.297917 0.359375 0.3 0.357812 0.304167 0.357812 0.304167 0.35625 0.308333 0.353125 0.3125 0.353125 0.3125 0.351562 0.31875 0.346875 0.322917 0.346875 0.329167 0.34375 0.333333 0.340625 0.3375 0.340625 0.339583 0.339062 0.339583 0.3375 0.341667 0.335938 0.345833 0.335938 0.347917 0.334375 0.35 0.334375 0.35 0.33125 0.352083 0.329687 0.352083 0.325 0.345833 0.325 0.345833 0.326562 0.34375 0.328125 0.34375 0.33125 0.341667 0.332812 0.339583 0.332812 0.3375 0.334375 0.3375 0.335938 0.333333 0.339062 0.33125 0.339062 0.329167 0.340625 0.329167 0.34375 0.322917 0.346875 0.31875 0.346875 0.3125 0.351562 0.310417 0.351562 0.308333 0.353125 0.304167 0.353125 0.304167 0.354687 0.3 0.357812 0.297917 0.357812 0.295833 0.359375 0.285417 0.359375 0.285417 0.360937 0.28125 0.364062 0.275 0.364062 0.272917 0.365625 0.254167 0.365625 0.252083 0.367188 0.25 0.367188 0.245833 0.370312 0.2375 0.370312 0.235417 0.371875 0.191667 0.371875 0.189583 0.370312 0.185417 0.370312 0.183333 0.36875 0.166667 0.36875 0.1625 0.365625 0.158333 0.365625 0.15625 0.364062 0.154167 0.364062 0.152083 0.3625 0.15 0.3625 0.135417 0.353125 0.135417 0.353125 0.1375 0.357812 0.1375 0.357812 0.296144
0 0.360417 0.367188 0.360417 0.390625 0.364583 0.39375 0.364583 0.396875 0.36875 0.4 0.36875 0.401562 0.370833 0.403125 0.372917 0.403125 0.385417 0.4125 0.389583 0.4125 0.391667 0.414062 0.39375 0.414062 0.395833 0.415625 0.397917 0.415625 0.4 0.417187 0.402083 0.417187 0.404167 0.41875 0.410417 0.41875 0.4125 0.420312 0.416667 0.420312 0.41875 0.421875 0.422917 0.421875 0.425 0.423437 0.458333 0.423437 0.460417 0.421875 0.472917 0.421875 0.475 0.420312 0.479167 0.420312 0.48125 0.41875 0.483333 0.41875 0.485417 0.417187 0.489583 0.417187 0.491667 0.415625 0.497917 0.415625 0.50625 0.409375 0.5125 0.409375 0.5125 0.407812 0.502083 0.407812 0.497917 0.410937 0.495833 0.410937 0.49375 0.4125 0.485417 0.4125 0.483333 0.414062 0.4375 0.414062 0.435417 0.4125 0.425 0.4125 0.422917 0.410937 0.41875 0.410937 0.416667 0.409375 0.414583 0.409375 0.410417 0.40625 0.408333 0.40625 0.40625 0.404687 0.402083 0.404687 0.397917 0.401562 0.395833 0.401562 0.391667 0.398438 0.389583 0.398438 0.370833 0.384375 0.370833 0.382812 0.364583 0.378125 0.364583 0.376562 0.3625 0.375 0.3625 0.370312 0.360417 0.36875 0.235787
0 0.535417 0.376562 0.535417 0.378125 0.53125 0.38125 0.527083 0.38125 0.525 0.382812 0.520833 0.382812 0.514583 0.3875 0.508333 0.3875 0.50625 0.389062 0.502083 0.389062 0.497917 0.392187 0.49375 0.392187 0.491667 0.39375 0.470833 0.39375 0.46875 0.395312 0.422917 0.395312 0.420833 0.39375 0.414583 0.39375 0.408333 0.389062 0.4 0.389062 0.397917 0.3875 0.39375 0.3875 0.391667 0.385937 0.391667 0.384375 0.389583 0.382812 0.385417 0.382812 0.385417 0.3875 0.389583 0.390625 0.391667 0.390625 0.39375 0.392187 0.395833 0.392187 0.402083 0.396875 0.408333 0.396875 0.410417 0.398438 0.414583 0.398438 0.416667 0.4 0.41875 0.4 0.420833 0.401562 0.49375 0.401562 0.497917 0.398438 0.5 0.398438 0.502083 0.396875 0.508333 0.396875 0.510417 0.395312 0.5125 0.395312 0.51875 0.390625 0.520833 0.390625 0.522917 0.389062 0.525 0.389062 0.529167 0.385937 0.53125 0.385937 0.5375 0.38125 0.5375 0.379687 0.539583 0.378125 0.539583 0.376562 0.217162
0 0.379167 0.314062 0.379167 0.315625 0.391667 0.315625 0.389583 0.315625 0.3875 0.314062 0.379167 0.314062 0.370833 0.309375 0.397917 0.320312 0.397917 0.321875 0.402083 0.321875 0.404167 0.323437 0.40625 0.323437 0.408333 0.321875 0.410417 0.321875 0.4125 0.323437 0.41875 0.323437 0.422917 0.326562 0.475 0.326562 0.477083 0.325 0.479167 0.325 0.48125 0.323437 0.4875 0.323437 0.489583 0.321875 0.504167 0.321875 0.50625 0.320312 0.508333 0.320312 0.5125 0.317187 0.514583 0.317187 0.516667 0.315625 0.520833 0.315625 0.525 0.3125 0.527083 0.3125 0.529167 0.310937 0.53125 0.310937 0.533333 0.309375 0.535417 0.309375 0.5375 0.307812 0.5375 0.30625 0.539583 0.304688 0.541667 0.304688 0.545833 0.301562 0.545833 0.298437 0.547917 0.296875 0.547917 0.295312 0.552083 0.292187 0.554167 0.290625 0.554167 0.289062 0.552083 0.289062 0.552083 0.292187 0.547917 0.295312 0.545833 0.295312 0.54375 0.296875 0.54375 0.298437 0.539583 0.301562 0.5375 0.301562 0.535417 0.303125 0.535417 0.304688 0.533333 0.30625 0.529167 0.30625 0.527083 0.307812 0.522917 0.307812 0.520833 0.309375 0.51875 0.309375 0.51875 0.310937 0.516667 0.3125 0.514583 0.3125 0.5125 0.314062 0.50625 0.314062 0.504167 0.315625 0.502083 0.315625 0.497917 0.31875 0.49375 0.31875 0.491667 0.320312 0.466667 0.320312 0.464583 0.321875 0.435417 0.321875 0.433333 0.320312 0.397917 0.320312 0.370833 0.309375 0.370833 0.309375 0.204154
0 0.733333 0.282812 0.727083 0.282812 0.727083 0.284375 0.73125 0.284375 0.733333 0.282812 0.745833 0.278125 0.74375 0.278125 0.74375 0.276562 0.75 0.271875 0.71875 0.289062 0.758333 0.265625 0.760417 0.267187 0.7625 0.265625 0.7625 0.2625 0.760417 0.2625 0.760417 0.264062 0.758333 0.265625 0.71875 0.289062 0.708333 0.289062 0.70625 0.290625 0.685417 0.290625 0.683333 0.289062 0.629167 0.289062 0.627083 0.2875 0.625 0.2875 0.620833 0.284375 0.616667 0.284375 0.614583 0.282812 0.604167 0.282812 0.602083 0.28125 0.6 0.28125 0.595833 0.278125 0.59375 0.278125 0.591667 0.276562 0.585417 0.276562 0.579167 0.271875 0.579167 0.270312 0.577083 0.270312 0.575 0.26875 0.572917 0.26875 0.56875 0.265625 0.566667 0.265625 0.564583 0.264062 0.5625 0.264062 0.5625 0.270312 0.566667 0.273438 0.56875 0.273438 0.570833 0.275 0.572917 0.275 0.575 0.276562 0.575 0.278125 0.579167 0.278125 0.58125 0.279687 0.583333 0.279687 0.589583 0.284375 0.595833 0.284375 0.597917 0.285937 0.6 0.285937 0.602083 0.2875 0.604167 0.2875 0.60625 0.289062 0.608333 0.289062 0.610417 0.290625 0.620833 0.290625 0.622917 0.292187 0.627083 0.292187 0.629167 0.29375 0.633333 0.29375 0.635417 0.295312 0.639583 0.295312 0.641667 0.296875 0.691667 0.296875 0.69375 0.295312 0.695833 0.295312 0.697917 0.29375 0.7 0.29375 0.702083 0.292187 0.704167 0.292187 0.70625 0.290625 0.7125 0.290625 0.714583 0.289062 0.71875 0.289062 0.75 0.271875 0.754167 0.271875 0.754167 0.26875 0.75 0.271875 0.74375 0.276562 0.745833 0.275 0.745833 0.278125 0.196281
0 0.2125 0.407812 0.2125 0.409375 0.277083 0.409375 0.279167 0.407812 0.289583 0.407812 0.2875 0.40625 0.2875 0.4 0.285417 0.4 0.285417 0.401562 0.279167 0.40625 0.241667 0.40625 0.239583 0.404687 0.233333 0.404687 0.23125 0.40625 0.216667 0.40625 0.214583 0.407812 0.2125 0.407812 0.197917 0.403125 0.29375 0.396875 0.304167 0.396875 0.310417 0.392187 0.316667 0.392187 0.31875 0.39375 0.320833 0.392187 0.320833 0.390625 0.327083 0.385937 0.329167 0.385937 0.335417 0.38125 0.3375 0.38125 0.3375 0.379687 0.339583 0.378125 0.339583 0.376562 0.341667 0.375 0.34375 0.375 0.35 0.370312 0.35 0.36875 0.354167 0.365625 0.354167 0.357812 0.35625 0.35625 0.35625 0.353125 0.35 0.353125 0.35 0.360937 0.347917 0.3625 0.345833 0.3625 0.34375 0.364062 0.34375 0.365625 0.341667 0.367188 0.341667 0.36875 0.339583 0.370312 0.3375 0.370312 0.3375 0.371875 0.329167 0.378125 0.329167 0.379687 0.325 0.382812 0.320833 0.382812 0.31875 0.384375 0.316667 0.384375 0.316667 0.385937 0.3125 0.389062 0.310417 0.389062 0.308333 0.390625 0.302083 0.390625 0.3 0.392187 0.3 0.39375 0.297917 0.395312 0.295833 0.395312 0.29375 0.396875 0.197917 0.403125 0.195833 0.401562 0.191667 0.401562 0.1875 0.398438 0.185417 0.398438 0.183333 0.396875 0.177083 0.396875 0.175 0.395312 0.172917 0.395312 0.170833 0.39375 0.170833 0.392187 0.166667 0.389062 0.160417 0.389062 0.160417 0.390625 0.1625 0.392187 0.166667 0.392187 0.16875 0.39375 0.16875 0.395312 0.170833 0.396875 0.177083 0.396875 0.18125 0.4 0.18125 0.401562 0.183333 0.401562 0.185417 0.403125 0.197917 0.403125 0.153337
0 0.372917 0.385937 0.375 0.384375 0.372917 0.382812 0.372917 0.38125 0.370833 0.379687 0.370833 0.378125 0.36875 0.376562 0.36875 0.384375 0.370833 0.385937 0.372917 0.385937 0.377083 0.3875 0.377083 0.390625 0.383333 0.390625 0.385417 0.392187 0.385417 0.395312 0.3875 0.396875 0.389583 0.396875 0.391667 0.398438 0.39375 0.398438 0.4 0.403125 0.404167 0.403125 0.40625 0.404687 0.408333 0.404687 0.4125 0.407812 0.414583 0.407812 0.416667 0.409375 0.425 0.409375 0.427083 0.410937 0.433333 0.410937 0.435417 0.4125 0.49375 0.4125 0.495833 0.410937 0.497917 0.410937 0.5 0.409375 0.504167 0.409375 0.50625 0.407812 0.510417 0.407812 0.514583 0.404687 0.516667 0.404687 0.51875 0.403125 0.520833 0.403125 0.529167 0.396875 0.53125 0.396875 0.541667 0.389062 0.541667 0.3875 0.545833 0.384375 0.545833 0.38125 0.547917 0.379687 0.547917 0.375 0.552083 0.371875 0.552083 0.367188 0.552083 0.370312 0.547917 0.373437 0.545833 0.373437 0.545833 0.375 0.5375 0.38125 0.5375 0.382812 0.522917 0.39375 0.51875 0.39375 0.516667 0.395312 0.514583 0.395312 0.508333 0.4 0.504167 0.4 0.502083 0.401562 0.49375 0.401562 0.4875 0.40625 0.425 0.40625 0.422917 0.404687 0.420833 0.404687 0.416667 0.401562 0.4125 0.401562 0.410417 0.4 0.404167 0.4 0.397917 0.395312 0.39375 0.395312 0.391667 0.39375 0.389583 0.39375 0.385417 0.390625 0.383333 0.390625 0.379167 0.3875 0.377083 0.3875 0.0971398
0 0.56875 0.3625 0.566667 0.364062 0.564583 0.364062 0.564583 0.365625 0.566667 0.367188 0.566667 0.371875 0.56875 0.373437 0.56875 0.376562 0.585417 0.389062 0.5875 0.389062 0.59375 0.39375 0.597917 0.39375 0.602083 0.396875 0.604167 0.396875 0.60625 0.398438 0.6125 0.398438 0.614583 0.4 0.616667 0.4 0.61875 0.401562 0.620833 0.401562 0.622917 0.403125 0.633333 0.403125 0.635417 0.404687 0.683333 0.404687 0.685417 0.403125 0.691667 0.403125 0.69375 0.401562 0.7 0.401562 0.702083 0.4 0.704167 0.4 0.70625 0.398438 0.708333 0.398438 0.710417 0.396875 0.714583 0.396875 0.71875 0.39375 0.720833 0.39375 0.725 0.390625 0.725 0.389062 0.73125 0.384375 0.73125 0.382812 0.725 0.382812 0.720833 0.385937 0.71875 0.385937 0.714583 0.389062 0.7125 0.389062 0.710417 0.390625 0.708333 0.390625 0.70625 0.392187 0.702083 0.392187 0.7 0.39375 0.695833 0.39375 0.69375 0.395312 0.677083 0.395312 0.675 0.396875 0.645833 0.396875 0.64375 0.395312 0.63125 0.395312 0.629167 0.39375 0.622917 0.39375 0.620833 0.392187 0.616667 0.392187 0.614583 0.390625 0.6125 0.390625 0.610417 0.389062 0.60625 0.389062 0.604167 0.3875 0.6 0.3875 0.595833 0.384375 0.59375 0.384375 0.5875 0.379687 0.585417 0.379687 0.579167 0.375 0.579167 0.373437 0.577083 0.373437 0.572917 0.370312 0.572917 0.36875 0.570833 0.367188 0.570833 0.364062 0.0835251
0 0.689583 0.289062 0.7125 0.289062 0.689583 0.289062 0.65625 0.289062 0.720833 0.282812 0.622917 0.289062 0.7375 0.271875 0.739583 0.271875 0.741667 0.273438 0.741667 0.275 0.74375 0.276562 0.745833 0.276562 0.745833 0.275 0.75 0.271875 0.754167 0.271875 0.754167 0.270312 0.758333 0.267187 0.760417 0.267187 0.7625 0.265625 0.7625 0.257812 0.760417 0.259375 0.760417 0.260937 0.747917 0.270312 0.745833 0.270312 0.74375 0.271875 0.7375 0.271875 0.622917 0.289062 0.620833 0.2875 0.620833 0.284375 0.61875 0.282812 0.6 0.282812 0.597917 0.28125 0.597917 0.279687 0.59375 0.276562 0.585417 0.276562 0.58125 0.273438 0.58125 0.271875 0.577083 0.26875 0.572917 0.26875 0.570833 0.267187 0.570833 0.265625 0.570833 0.271875 0.572917 0.271875 0.577083 0.275 0.577083 0.276562 0.58125 0.276562 0.583333 0.278125 0.5875 0.278125 0.591667 0.28125 0.591667 0.282812 0.6 0.282812 0.602083 0.284375 0.60625 0.284375 0.608333 0.285937 0.608333 0.2875 0.610417 0.289062 0.622917 0.289062 0.720833 0.282812 0.729167 0.282812 0.727083 0.28125 0.725 0.282812 0.720833 0.282812 0.65625 0.289062 0.64375 0.289062 0.65625 0.289062 0.0808155
0 0.391667 0.315625 0.389583 0.315625 0.3875 0.314062 0.385417 0.314062 0.385417 0.315625 0.391667 0.315625 0.402083 0.320312 0.402083 0.321875 0.414583 0.321875 0.416667 0.323437 0.422917 0.323437 0.425 0.325 0.427083 0.325 0.43125 0.328125 0.46875 0.328125 0.46875 0.326562 0.470833 0.325 0.472917 0.325 0.475 0.323437 0.483333 0.323437 0.485417 0.321875 0.5 0.321875 0.502083 0.320312 0.504167 0.320312 0.508333 0.317187 0.510417 0.317187 0.5125 0.315625 0.51875 0.315625 0.527083 0.309375 0.53125 0.309375 0.541667 0.301562 0.545833 0.296875 0.545833 0.296875 0.541667 0.301562 0.5375 0.301562 0.535417 0.303125 0.535417 0.30625 0.533333 0.307812 0.520833 0.307812 0.51875 0.309375 0.51875 0.310937 0.514583 0.314062 0.502083 0.314062 0.495833 0.31875 0.49375 0.31875 0.491667 0.320312 0.402083 0.320312 0.0790763
0 0.625 0.301562 0.608333 0.301562 0.625 0.301562 0.691667 0.301562 0.69375 0.303125 0.695833 0.303125 0.697917 0.301562 0.70625 0.301562 0.704167 0.301562 0.702083 0.3 0.708333 0.290625 0.695833 0.290625 0.69375 0.290625 0.658333 0.290625 0.660417 0.292187 0.6625 0.292187 0.664583 0.29375 0.66875 0.29375 0.670833 0.295312 0.672917 0.29375 0.679167 0.29375 0.68125 0.295312 0.679167 0.296875 0.6125 0.289062 0.610417 0.289062 0.6125 0.2875 0.727083 0.284375 0.595833 0.282812 0.59375 0.284375 0.591667 0.282812 0.589583 0.282812 0.583333 0.278125 0.577083 0.273438 0.575 0.273438 0.570833 0.270312 0.564583 0.270312 0.564583 0.275 0.56875 0.275 0.572917 0.278125 0.575 0.278125 0.577083 0.279687 0.579167 0.279687 0.58125 0.278125 0.583333 0.278125 0.589583 0.282812 0.591667 0.28125 0.59375 0.28125 0.595833 0.282812 0.727083 0.284375 0.729167 0.284375 0.73125 0.285937 0.73125 0.282812 0.729167 0.282812 0.727083 0.284375 0.6125 0.2875 0.6125 0.289062 0.679167 0.296875 0.677083 0.296875 0.675 0.295312 0.6625 0.295312 0.660417 0.296875 0.652083 0.296875 0.65 0.295312 0.65 0.29375 0.645833 0.290625 0.658333 0.290625 0.69375 0.290625 0.695833 0.290625 0.708333 0.290625 0.714583 0.290625 0.708333 0.290625 0.702083 0.3 0.69375 0.3 0.691667 0.301562 0.0790762
0 0.5125 0.407812 0.502083 0.407812 0.497917 0.410937 0.495833 0.410937 0.49375 0.4125 0.4875 0.4125 0.485417 0.414062 0.43125 0.414062 0.429167 0.4125 0.422917 0.4125 0.41875 0.409375 0.416667 0.409375 0.414583 0.407812 0.4 0.407812 0.397917 0.40625 0.385417 0.40625 0.383333 0.404687 0.38125 0.404687 0.38125 0.409375 0.383333 0.410937 0.385417 0.410937 0.391667 0.415625 0.397917 0.415625 0.4 0.417187 0.404167 0.417187 0.40625 0.41875 0.408333 0.41875 0.410417 0.420312 0.4125 0.420312 0.414583 0.421875 0.477083 0.421875 0.48125 0.41875 0.483333 0.41875 0.485417 0.417187 0.489583 0.417187 0.491667 0.415625 0.497917 0.415625 0.5 0.414062 0.502083 0.414062 0.502083 0.4125 0.50625 0.409375 0.5125 0.409375 0.5125 0.407812 0.552083 0.375 0.554167 0.373437 0.554167 0.371875 0.55 0.371875 0.552083 0.373437 0.552083 0.375 0.0550728
0 0.1875 0.379687 0.185417 0.38125 0.185417 0.384375 0.189583 0.384375 0.191667 0.385937 0.2375 0.385937 0.239583 0.384375 0.25 0.384375 0.25 0.382812 0.247917 0.382812 0.245833 0.38125 0.241667 0.38125 0.239583 0.379687 0.0473572
0 0.15625 0.384375 0.15625 0.382812 0.15625 0.384375 0.160417 0.3875 0.160417 0.390625 0.16875 0.396875 0.170833 0.396875 0.172917 0.398438 0.175 0.398438 0.177083 0.4 0.177083 0.401562 0.179167 0.401562 0.18125 0.403125 0.185417 0.403125 0.1875 0.404687 0.189583 0.404687 0.19375 0.407812 0.2 0.407812 0.202083 0.409375 0.20625 0.409375 0.210417 0.4125 0.275 0.4125 0.277083 0.410937 0.279167 0.410937 0.28125 0.409375 0.2875 0.409375 0.289583 0.407812 0.29375 0.407812 0.297917 0.404687 0.302083 0.404687 0.30625 0.401562 0.310417 0.401562 0.314583 0.398438 0.316667 0.398438 0.31875 0.396875 0.322917 0.396875 0.329167 0.392187 0.329167 0.390625 0.33125 0.389062 0.333333 0.389062 0.3375 0.385937 0.3375 0.384375 0.34375 0.379687 0.34375 0.378125 0.35 0.373437 0.35 0.371875 0.35625 0.367188 0.35625 0.346875 0.352083 0.346875 0.352083 0.348437 0.35 0.35 0.35 0.351562 0.347917 0.353125 0.347917 0.359375 0.34375 0.3625 0.34375 0.364062 0.335417 0.370312 0.335417 0.371875 0.327083 0.378125 0.327083 0.379687 0.322917 0.382812 0.316667 0.382812 0.308333 0.389062 0.302083 0.389062 0.3 0.390625 0.297917 0.390625 0.291667 0.395312 0.277083 0.395312 0.275 0.396875 0.272917 0.396875 0.272917 0.398438 0.277083 0.401562 0.275 0.403125 0.214583 0.403125 0.2125 0.404687 0.210417 0.404687 0.208333 0.403125 0.197917 0.403125 0.195833 0.401562 0.19375 0.401562 0.185417 0.395312 0.175 0.395312 0.172917 0.39375 0.172917 0.392187 0.170833 0.390625 0.170833 0.389062 0.166667 0.389062 0.164583 0.3875 0.160417 0.3875 0.0470114
0 0.335417 0.375 0.333333 0.376562 0.33125 0.376562 0.329167 0.378125 0.327083 0.378125 0.327083 0.379687 0.322917 0.382812 0.316667 0.382812 0.314583 0.384375 0.3125 0.384375 0.3125 0.385937 0.310417 0.3875 0.308333 0.3875 0.30625 0.389062 0.3 0.389062 0.297917 0.390625 0.295833 0.390625 0.291667 0.39375 0.285417 0.39375 0.283333 0.395312 0.272917 0.395312 0.270833 0.396875 0.26875 0.396875 0.266667 0.398438 0.264583 0.398438 0.2625 0.4 0.25625 0.4 0.254167 0.401562 0.208333 0.401562 0.20625 0.4 0.197917 0.4 0.195833 0.398438 0.19375 0.398438 0.191667 0.396875 0.191667 0.401562 0.285417 0.401562 0.2875 0.4 0.289583 0.4 0.291667 0.398438 0.29375 0.398438 0.295833 0.396875 0.302083 0.396875 0.308333 0.392187 0.310417 0.392187 0.3125 0.390625 0.316667 0.390625 0.31875 0.389062 0.320833 0.389062 0.320833 0.3875 0.325 0.384375 0.329167 0.384375 0.329167 0.382812 0.33125 0.38125 0.33125 0.379687 0.333333 0.378125 0.335417 0.378125 0.3375 0.376562 0.3375 0.375 0.0451189
0 0.16875 0.401562 0.170833 0.403125 0.170833 0.401562 0.16875 0.401562 0.1625 0.396875 0.175 0.40625 0.175 0.409375 0.179167 0.4125 0.18125 0.4125 0.185417 0.415625 0.189583 0.415625 0.191667 0.417187 0.19375 0.417187 0.195833 0.41875 0.2 0.41875 0.204167 0.421875 0.208333 0.421875 0.210417 0.423437 0.21875 0.423437 0.220833 0.425 0.264583 0.425 0.266667 0.423437 0.277083 0.423437 0.279167 0.421875 0.283333 0.421875 0.2875 0.41875 0.29375 0.41875 0.295833 0.417187 0.3 0.417187 0.302083 0.415625 0.30625 0.415625 0.310417 0.4125 0.3125 0.4125 0.314583 0.410937 0.316667 0.410937 0.31875 0.409375 0.320833 0.409375 0.327083 0.404687 0.329167 0.404687 0.33125 0.403125 0.333333 0.403125 0.341667 0.396875 0.341667 0.395312 0.347917 0.390625 0.347917 0.384375 0.352083 0.382812 0.352083 0.38125 0.354167 0.379687 0.352083 0.379687 0.352083 0.382812 0.347917 0.384375 0.345833 0.384375 0.322917 0.401562 0.320833 0.401562 0.314583 0.40625 0.310417 0.40625 0.308333 0.407812 0.30625 0.407812 0.304167 0.409375 0.302083 0.409375 0.3 0.410937 0.295833 0.410937 0.29375 0.4125 0.289583 0.4125 0.2875 0.414062 0.28125 0.414062 0.279167 0.415625 0.275 0.415625 0.272917 0.417187 0.252083 0.417187 0.25 0.41875 0.216667 0.41875 0.214583 0.417187 0.20625 0.417187 0.204167 0.415625 0.202083 0.415625 0.2 0.414062 0.195833 0.414062 0.19375 0.4125 0.189583 0.4125 0.183333 0.407812 0.18125 0.407812 0.179167 0.40625 0.175 0.40625 0.1625 0.396875 0.1625 0.39375 0.1625 0.396875 0.0397228
0 0.5125 0.407812 0.50625 0.407812 0.504167 0.409375 0.5 0.409375 0.497917 0.410937 0.495833 0.410937 0.49375 0.4125 0.489583 0.4125 0.4875 0.414062 0.427083 0.414062 0.425 0.4125 0.422917 0.4125 0.41875 0.409375 0.416667 0.409375 0.414583 0.407812 0.402083 0.407812 0.4 0.40625 0.397917 0.40625 0.39375 0.403125 0.389583 0.403125 0.3875 0.404687 0.385417 0.404687 0.383333 0.403125 0.38125 0.403125 0.375 0.398438 0.375 0.40625 0.377083 0.407812 0.377083 0.409375 0.379167 0.409375 0.3875 0.415625 0.39375 0.415625 0.395833 0.417187 0.402083 0.417187 0.404167 0.41875 0.40625 0.41875 0.408333 0.420312 0.4125 0.420312 0.414583 0.421875 0.41875 0.421875 0.420833 0.423437 0.425 0.423437 0.427083 0.425 0.433333 0.425 0.435417 0.423437 0.4625 0.423437 0.464583 0.421875 0.477083 0.421875 0.483333 0.417187 0.4875 0.417187 0.489583 0.415625 0.497917 0.415625 0.5 0.414062 0.502083 0.414062 0.502083 0.4125 0.50625 0.409375 0.5125 0.409375 0.5125 0.407812 0.545833 0.389062 0.54375 0.389062 0.54375 0.3875 0.552083 0.378125 0.554167 0.376562 0.554167 0.373437 0.55625 0.371875 0.547917 0.371875 0.55 0.373437 0.55 0.375 0.552083 0.376562 0.552083 0.378125 0.54375 0.3875 0.545833 0.385937 0.545833 0.389062 0.0395592
0 0.641667 0.289062 0.7125 0.289062 0.7125 0.2875 0.714583 0.285937 0.71875 0.285937 0.720833 0.284375 0.722917 0.284375 0.725 0.282812 0.73125 0.282812 0.735417 0.279687 0.7375 0.279687 0.739583 0.278125 0.74375 0.278125 0.75 0.273438 0.752083 0.273438 0.764583 0.264062 0.764583 0.25625 0.7625 0.25625 0.760417 0.257812 0.760417 0.259375 0.754167 0.264062 0.752083 0.264062 0.752083 0.265625 0.747917 0.26875 0.74375 0.26875 0.741667 0.270312 0.7375 0.270312 0.729167 0.276562 0.722917 0.276562 0.720833 0.278125 0.714583 0.278125 0.714583 0.284375 0.710417 0.2875 0.702083 0.2875 0.7 0.289062 0.641667 0.289062 0.622917 0.2875 0.622917 0.282812 0.620833 0.28125 0.6125 0.28125 0.610417 0.282812 0.60625 0.282812 0.604167 0.28125 0.602083 0.28125 0.597917 0.278125 0.597917 0.276562 0.595833 0.275 0.591667 0.275 0.585417 0.270312 0.585417 0.26875 0.583333 0.267187 0.583333 0.265625 0.579167 0.265625 0.577083 0.264062 0.575 0.264062 0.566667 0.257812 0.564583 0.257812 0.5625 0.25625 0.5625 0.265625 0.564583 0.265625 0.56875 0.26875 0.56875 0.270312 0.570833 0.270312 0.572917 0.271875 0.575 0.271875 0.577083 0.273438 0.577083 0.275 0.579167 0.276562 0.583333 0.276562 0.585417 0.278125 0.5875 0.278125 0.59375 0.282812 0.6 0.282812 0.602083 0.284375 0.60625 0.284375 0.610417 0.2875 0.610417 0.289062 0.620833 0.289062 0.622917 0.2875 0.0392768
0 0.297917 0.35625 0.291667 0.35625 0.289583 0.357812 0.283333 0.357812 0.28125 0.359375 0.279167 0.359375 0.275 0.3625 0.264583 0.3625 0.2625 0.364062 0.25 0.364062 0.247917 0.365625 0.241667 0.365625 0.239583 0.367188 0.229167 0.367188 0.227083 0.36875 0.2 0.36875 0.197917 0.367188 0.1875 0.367188 0.185417 0.365625 0.183333 0.365625 0.18125 0.364062 0.16875 0.364062 0.166667 0.3625 0.160417 0.3625 0.154167 0.357812 0.141667 0.357812 0.141667 0.359375 0.14375 0.359375 0.145833 0.360937 0.147917 0.360937 0.15 0.3625 0.15 0.364062 0.152083 0.365625 0.15625 0.365625 0.158333 0.367188 0.1625 0.367188 0.164583 0.36875 0.166667 0.36875 0.16875 0.370312 0.172917 0.370312 0.175 0.371875 0.185417 0.371875 0.1875 0.373437 0.245833 0.373437 0.247917 0.371875 0.2625 0.371875 0.264583 0.370312 0.266667 0.370312 0.26875 0.36875 0.270833 0.36875 0.272917 0.367188 0.275 0.367188 0.277083 0.365625 0.283333 0.365625 0.285417 0.364062 0.2875 0.364062 0.2875 0.3625 0.289583 0.360937 0.291667 0.360937 0.29375 0.359375 0.295833 0.359375 0.297917 0.357812 0.297917 0.35625 0.302083 0.353125 0.1375 0.353125 0.135417 0.351562 0.135417 0.353125 0.1375 0.353125 0.302083 0.353125 0.30625 0.353125 0.308333 0.351562 0.310417 0.351562 0.304167 0.351562 0.302083 0.353125 0.0389333
0 0.545833 0.34375 0.54375 0.345312 0.541667 0.345312 0.539583 0.346875 0.5375 0.346875 0.53125 0.351562 0.525 0.351562 0.522917 0.353125 0.520833 0.353125 0.520833 0.354687 0.51875 0.35625 0.516667 0.35625 0.514583 0.357812 0.502083 0.357812 0.5 0.359375 0.495833 0.359375 0.491667 0.3625 0.489583 0.3625 0.4875 0.364062 0.425 0.364062 0.422917 0.3625 0.420833 0.3625 0.416667 0.359375 0.410417 0.359375 0.408333 0.357812 0.397917 0.357812 0.391667 0.353125 0.385417 0.353125 0.383333 0.351562 0.38125 0.351562 0.379167 0.35 0.379167 0.346875 0.379167 0.354687 0.38125 0.354687 0.383333 0.35625 0.383333 0.357812 0.385417 0.359375 0.389583 0.359375 0.391667 0.360937 0.395833 0.360937 0.402083 0.365625 0.414583 0.365625 0.422917 0.371875 0.433333 0.371875 0.435417 0.373437 0.479167 0.373437 0.48125 0.371875 0.491667 0.371875 0.5 0.365625 0.5125 0.365625 0.514583 0.364062 0.516667 0.364062 0.522917 0.359375 0.529167 0.359375 0.529167 0.357812 0.535417 0.353125 0.5375 0.353125 0.54375 0.348437 0.545833 0.348437 0.547917 0.346875 0.547917 0.345312 0.545833 0.34375 0.554167 0.339062 0.554167 0.339062 0.0333275
0 0.56875 0.325 0.56875 0.332812 0.570833 0.334375 0.572917 0.334375 0.575 0.335938 0.575 0.3375 0.577083 0.339062 0.577083 0.340625 0.579167 0.340625 0.589583 0.348437 0.591667 0.348437 0.597917 0.353125 0.602083 0.353125 0.604167 0.354687 0.608333 0.354687 0.610417 0.35625 0.6125 0.35625 0.614583 0.357812 0.616667 0.357812 0.61875 0.359375 0.629167 0.359375 0.63125 0.360937 0.639583 0.360937 0.641667 0.3625 0.64375 0.3625 0.645833 0.364062 0.685417 0.364062 0.6875 0.3625 0.689583 0.3625 0.691667 0.360937 0.704167 0.360937 0.70625 0.359375 0.7125 0.359375 0.716667 0.35625 0.71875 0.35625 0.720833 0.354687 0.722917 0.354687 0.725 0.353125 0.727083 0.353125 0.735417 0.346875 0.7375 0.346875 0.739583 0.345312 0.739583 0.34375 0.74375 0.340625 0.74375 0.339062 0.745833 0.3375 0.745833 0.329687 0.747917 0.328125 0.745833 0.326562 0.74375 0.328125 0.74375 0.33125 0.741667 0.332812 0.741667 0.334375 0.739583 0.335938 0.7375 0.335938 0.733333 0.339062 0.733333 0.340625 0.73125 0.342187 0.729167 0.342187 0.727083 0.34375 0.722917 0.34375 0.720833 0.345312 0.71875 0.345312 0.71875 0.346875 0.716667 0.348437 0.714583 0.348437 0.7125 0.35 0.70625 0.35 0.704167 0.351562 0.69375 0.351562 0.689583 0.354687 0.683333 0.354687 0.68125 0.35625 0.64375 0.35625 0.641667 0.354687 0.6375 0.354687 0.635417 0.353125 0.633333 0.353125 0.63125 0.351562 0.625 0.351562 0.622917 0.35 0.616667 0.35 0.614583 0.348437 0.610417 0.348437 0.60625 0.345312 0.602083 0.345312 0.6 0.34375 0.597917 0.34375 0.595833 0.342187 0.59375 0.342187 0.585417 0.335938 0.583333 0.335938 0.58125 0.334375 0.58125 0.332812 0.579167 0.33125 0.577083 0.33125 0.570833 0.326562 0.570833 0.325 0.0220122
0 0.74375 0.345312 0.74375 0.345312 0.739583 0.35 0.7375 0.348437 0.735417 0.35 0.733333 0.35 0.725 0.35625 0.722917 0.35625 0.720833 0.357812 0.71875 0.357812 0.716667 0.359375 0.714583 0.359375 0.7125 0.360937 0.710417 0.360937 0.708333 0.3625 0.695833 0.3625 0.69375 0.364062 0.6875 0.364062 0.685417 0.365625 0.64375 0.365625 0.641667 0.364062 0.635417 0.364062 0.633333 0.3625 0.625 0.3625 0.622917 0.360937 0.616667 0.360937 0.614583 0.359375 0.6125 0.359375 0.610417 0.357812 0.60625 0.357812 0.604167 0.35625 0.602083 0.35625 0.6 0.354687 0.597917 0.354687 0.59375 0.351562 0.591667 0.351562 0.5875 0.348437 0.585417 0.348437 0.58125 0.345312 0.58125 0.34375 0.577083 0.340625 0.575 0.340625 0.572917 0.339062 0.572917 0.3375 0.570833 0.335938 0.570833 0.334375 0.56875 0.332812 0.566667 0.334375 0.566667 0.340625 0.570833 0.34375 0.570833 0.345312 0.585417 0.35625 0.5875 0.35625 0.59375 0.360937 0.597917 0.360937 0.6 0.3625 0.602083 0.3625 0.60625 0.365625 0.608333 0.365625 0.610417 0.367188 0.6125 0.367188 0.614583 0.36875 0.622917 0.36875 0.625 0.370312 0.627083 0.370312 0.629167 0.371875 0.63125 0.371875 0.633333 0.373437 0.641667 0.373437 0.64375 0.375 0.689583 0.375 0.691667 0.373437 0.697917 0.373437 0.7 0.371875 0.704167 0.371875 0.70625 0.370312 0.708333 0.370312 0.7125 0.367188 0.716667 0.367188 0.71875 0.365625 0.720833 0.365625 0.727083 0.360937 0.729167 0.360937 0.73125 0.359375 0.73125 0.357812 0.735417 0.354687 0.7375 0.354687 0.739583 0.353125 0.739583 0.35 0.0219556
0 0.3375 0.371875 0.335417 0.373437 0.335417 0.375 0.333333 0.376562 0.329167 0.376562 0.322917 0.38125 0.320833 0.38125 0.31875 0.382812 0.314583 0.382812 0.308333 0.3875 0.304167 0.3875 0.302083 0.389062 0.297917 0.389062 0.295833 0.390625 0.29375 0.390625 0.289583 0.39375 0.28125 0.39375 0.279167 0.395312 0.270833 0.395312 0.26875 0.396875 0.266667 0.396875 0.264583 0.398438 0.2625 0.398438 0.260417 0.4 0.239583 0.4 0.2375 0.401562 0.229167 0.401562 0.227083 0.4 0.2 0.4 0.197917 0.398438 0.195833 0.398438 0.191667 0.395312 0.189583 0.395312 0.1875 0.39375 0.172917 0.39375 0.170833 0.392187 0.170833 0.390625 0.16875 0.389062 0.1625 0.389062 0.1625 0.390625 0.166667 0.390625 0.16875 0.392187 0.170833 0.392187 0.172917 0.39375 0.172917 0.396875 0.175 0.396875 0.177083 0.398438 0.183333 0.398438 0.185417 0.4 0.1875 0.4 0.189583 0.401562 0.285417 0.401562 0.2875 0.4 0.289583 0.4 0.291667 0.398438 0.295833 0.398438 0.297917 0.396875 0.302083 0.396875 0.308333 0.392187 0.310417 0.392187 0.3125 0.390625 0.316667 0.390625 0.325 0.384375 0.329167 0.384375 0.329167 0.38125 0.333333 0.378125 0.335417 0.378125 0.3375 0.376562 0.0190888
0 0.314583 0.384375 0.310417 0.3875 0.3125 0.3875 0.3125 0.385937 0.314583 0.384375 0.320833 0.384375 0.322917 0.382812 0.31875 0.382812 0.316667 0.384375 0.314583 0.384375 0.295833 0.359375 0.297917 0.357812 0.2875 0.357812 0.285417 0.359375 0.283333 0.359375 0.283333 0.360937 0.28125 0.3625 0.277083 0.3625 0.275 0.364062 0.260417 0.364062 0.258333 0.365625 0.254167 0.365625 0.252083 0.367188 0.25 0.367188 0.247917 0.36875 0.241667 0.36875 0.239583 0.370312 0.183333 0.370312 0.177083 0.365625 0.172917 0.365625 0.170833 0.364062 0.15625 0.364062 0.154167 0.3625 0.154167 0.360937 0.152083 0.359375 0.147917 0.359375 0.15 0.360937 0.15 0.3625 0.152083 0.364062 0.152083 0.365625 0.15625 0.365625 0.158333 0.367188 0.164583 0.367188 0.16875 0.370312 0.175 0.370312 0.177083 0.371875 0.191667 0.371875 0.19375 0.373437 0.202083 0.373437 0.204167 0.375 0.210417 0.375 0.2125 0.376562 0.225 0.376562 0.227083 0.375 0.233333 0.375 0.235417 0.373437 0.245833 0.373437 0.247917 0.371875 0.2625 0.371875 0.264583 0.370312 0.26875 0.370312 0.272917 0.367188 0.275 0.367188 0.277083 0.365625 0.285417 0.365625 0.2875 0.364062 0.2875 0.3625 0.289583 0.360937 0.291667 0.360937 0.29375 0.359375 0.295833 0.359375 0.018243
0 0.352083 0.392187 0.35 0.39375 0.35 0.395312 0.347917 0.396875 0.345833 0.396875 0.345833 0.398438 0.339583 0.403125 0.339583 0.404687 0.333333 0.409375 0.33125 0.409375 0.329167 0.410937 0.329167 0.4125 0.325 0.415625 0.322917 0.415625 0.31875 0.41875 0.3125 0.41875 0.310417 0.420312 0.308333 0.420312 0.30625 0.421875 0.295833 0.421875 0.29375 0.423437 0.29375 0.425 0.291667 0.426562 0.289583 0.426562 0.2875 0.428125 0.25625 0.428125 0.258333 0.429688 0.258333 0.432812 0.25625 0.434375 0.252083 0.434375 0.25 0.435937 0.24375 0.435937 0.241667 0.434375 0.233333 0.434375 0.23125 0.432812 0.227083 0.432812 0.225 0.43125 0.216667 0.43125 0.214583 0.429688 0.20625 0.429688 0.204167 0.428125 0.202083 0.428125 0.197917 0.425 0.195833 0.425 0.19375 0.423437 0.191667 0.423437 0.189583 0.421875 0.1875 0.421875 0.185417 0.420312 0.183333 0.420312 0.177083 0.415625 0.172917 0.415625 0.170833 0.414062 0.170833 0.410937 0.16875 0.409375 0.16875 0.407812 0.16875 0.414062 0.170833 0.415625 0.175 0.415625 0.177083 0.417187 0.177083 0.421875 0.18125 0.421875 0.183333 0.423437 0.183333 0.425 0.185417 0.426562 0.185417 0.428125 0.1875 0.428125 0.195833 0.434375 0.2 0.434375 0.202083 0.435937 0.204167 0.435937 0.20625 0.4375 0.208333 0.4375 0.210417 0.439062 0.2875 0.439062 0.291667 0.435937 0.295833 0.435937 0.297917 0.434375 0.302083 0.434375 0.304167 0.432812 0.30625 0.432812 0.310417 0.429688 0.3125 0.429688 0.314583 0.428125 0.31875 0.428125 0.327083 0.421875 0.329167 0.421875 0.335417 0.417187 0.3375 0.417187 0.34375 0.4125 0.34375 0.410937 0.347917 0.407812 0.347917 0.40625 0.354167 0.401562 0.354167 0.392187 0.0133812
0 0.41875 0.420312 0.420833 0.41875 0.420833 0.415625 0.4125 0.415625 0.41875 0.420312 0.425 0.423437 0.425 0.426562 0.427083 0.428125 0.435417 0.428125 0.4375 0.429688 0.441667 0.429688 0.445833 0.432812 0.447917 0.432812 0.45 0.434375 0.504167 0.434375 0.50625 0.432812 0.508333 0.432812 0.5125 0.429688 0.516667 0.429688 0.51875 0.428125 0.525 0.428125 0.527083 0.426562 0.529167 0.426562 0.529167 0.425 0.53125 0.423437 0.533333 0.423437 0.535417 0.421875 0.539583 0.421875 0.547917 0.415625 0.55 0.415625 0.552083 0.414062 0.552083 0.4125 0.554167 0.410937 0.554167 0.409375 0.55625 0.407812 0.55625 0.40625 0.560417 0.403125 0.560417 0.395312 0.5625 0.39375 0.5625 0.389062 0.564583 0.3875 0.564583 0.385937 0.566667 0.384375 0.566667 0.378125 0.5625 0.375 0.5625 0.371875 0.560417 0.371875 0.560417 0.373437 0.558333 0.375 0.55625 0.375 0.552083 0.378125 0.552083 0.38125 0.55 0.382812 0.55 0.385937 0.547917 0.3875 0.547917 0.389062 0.545833 0.390625 0.545833 0.392187 0.541667 0.395312 0.539583 0.395312 0.535417 0.398438 0.535417 0.4 0.53125 0.403125 0.527083 0.403125 0.527083 0.404687 0.522917 0.407812 0.520833 0.407812 0.51875 0.409375 0.516667 0.409375 0.5125 0.4125 0.510417 0.4125 0.508333 0.414062 0.504167 0.414062 0.502083 0.415625 0.497917 0.415625 0.495833 0.417187 0.485417 0.417187 0.479167 0.421875 0.44375 0.421875 0.441667 0.423437 0.425 0.423437 0.0131539
0 0.34375 0.365625 0.34375 0.367188 0.339583 0.370312 0.3375 0.370312 0.335417 0.371875 0.335417 0.373437 0.33125 0.376562 0.329167 0.376562 0.322917 0.38125 0.320833 0.38125 0.31875 0.382812 0.314583 0.382812 0.308333 0.3875 0.30625 0.3875 0.304167 0.389062 0.297917 0.389062 0.29375 0.392187 0.291667 0.392187 0.289583 0.39375 0.28125 0.39375 0.279167 0.395312 0.270833 0.395312 0.266667 0.398438 0.264583 0.398438 0.2625 0.4 0.25 0.4 0.247917 0.401562 0.210417 0.401562 0.208333 0.4 0.2 0.4 0.197917 0.398438 0.195833 0.398438 0.191667 0.395312 0.189583 0.395312 0.1875 0.39375 0.175 0.39375 0.172917 0.392187 0.172917 0.396875 0.175 0.396875 0.177083 0.398438 0.183333 0.398438 0.185417 0.4 0.1875 0.4 0.191667 0.403125 0.28125 0.403125 0.283333 0.401562 0.285417 0.401562 0.289583 0.398438 0.29375 0.398438 0.295833 0.396875 0.302083 0.396875 0.310417 0.390625 0.316667 0.390625 0.325 0.384375 0.327083 0.384375 0.329167 0.382812 0.329167 0.38125 0.333333 0.378125 0.335417 0.378125 0.3375 0.376562 0.3375 0.373437 0.339583 0.371875 0.341667 0.371875 0.34375 0.370312 0.0122424
0 0.539583 0.376562 0.535417 0.376562 0.535417 0.378125 0.53125 0.38125 0.527083 0.38125 0.525 0.382812 0.520833 0.382812 0.514583 0.3875 0.508333 0.3875 0.50625 0.389062 0.5 0.389062 0.495833 0.392187 0.49375 0.392187 0.491667 0.39375 0.472917 0.39375 0.470833 0.395312 0.41875 0.395312 0.416667 0.39375 0.414583 0.39375 0.408333 0.389062 0.397917 0.389062 0.395833 0.3875 0.39375 0.3875 0.391667 0.385937 0.391667 0.384375 0.389583 0.382812 0.383333 0.382812 0.379167 0.379687 0.379167 0.378125 0.377083 0.376562 0.375 0.376562 0.370833 0.373437 0.370833 0.371875 0.370833 0.378125 0.372917 0.378125 0.377083 0.38125 0.377083 0.382812 0.38125 0.385937 0.383333 0.385937 0.389583 0.390625 0.39375 0.390625 0.395833 0.392187 0.397917 0.392187 0.404167 0.396875 0.4125 0.396875 0.414583 0.398438 0.416667 0.398438 0.422917 0.403125 0.485417 0.403125 0.4875 0.401562 0.489583 0.401562 0.491667 0.4 0.495833 0.4 0.5 0.396875 0.504167 0.396875 0.50625 0.395312 0.510417 0.395312 0.514583 0.392187 0.516667 0.392187 0.51875 0.390625 0.520833 0.390625 0.525 0.3875 0.527083 0.3875 0.53125 0.384375 0.533333 0.384375 0.533333 0.382812 0.539583 0.378125 0.539583 0.376562 0.54375 0.373437 0.545833 0.371875 0.545833 0.370312 0.54375 0.370312 0.54375 0.373437 0.0105617
