0 0.419792 0.475 0.41875 0.475781 0.415625 0.475781 0.414583 0.476562 0.410417 0.476562 0.409375 0.477344 0.408333 0.477344 0.407292 0.478125 0.40625 0.478125 0.405208 0.478906 0.402083 0.478906 0.401042 0.479687 0.398958 0.479687 0.397917 0.480469 0.396875 0.480469 0.395833 0.48125 0.394792 0.48125 0.39375 0.482031 0.392708 0.482031 0.391667 0.482812 0.390625 0.482812 0.389583 0.483594 0.388542 0.483594 0.386458 0.485156 0.385417 0.485156 0.383333 0.486719 0.382292 0.486719 0.380208 0.488281 0.379167 0.488281 0.375 0.491406 0.373958 0.491406 0.363542 0.499219 0.363542 0.5 0.3625 0.500781 0.3625 0.501562 0.360417 0.503125 0.360417 0.503906 0.357292 0.50625 0.357292 0.507031 0.35625 0.507812 0.35625 0.508594 0.355208 0.509375 0.355208 0.510156 0.354167 0.510937 0.354167 0.511719 0.353125 0.5125 0.353125 0.514062 0.352083 0.514844 0.352083 0.515625 0.351042 0.516406 0.351042 0.5375 0.352083 0.538281 0.352083 0.542187 0.353125 0.542969 0.353125 0.544531 0.35625 0.546875 0.35625 0.547656 0.357292 0.548437 0.357292 0.549219 0.358333 0.55 0.358333 0.550781 0.3625 0.553906 0.3625 0.554688 0.365625 0.557031 0.365625 0.557812 0.367708 0.559375 0.36875 0.559375 0.376042 0.564844 0.377083 0.564844 0.378125 0.565625 0.379167 0.565625 0.382292 0.567969 0.383333 0.567969 0.384375 0.56875 0.385417 0.56875 0.3875 0.570312 0.388542 0.570312 0.389583 0.571094 0.391667 0.571094 0.392708 0.571875 0.39375 0.571875 0.394792 0.572656 0.395833 0.572656 0.396875 0.573437 0.397917 0.573437 0.398958 0.574219 0.401042 0.574219 0.402083 0.575 0.404167 0.575 0.405208 0.575781 0.40625 0.575781 0.407292 0.576562 0.408333 0.576562 0.409375 0.577344 0.414583 0.577344 0.415625 0.578125 0.419792 0.578125 0.420833 0.578906 0.472917 0.578906 0.473958 0.578125 0.479167 0.578125 0.480208 0.577344 0.484375 0.577344 0.485417 0.576562 0.4875 0.576562 0.488542 0.575781 0.489583 0.575781 0.490625 0.575 0.492708 0.575 0.49375 0.574219 0.495833 0.574219 0.496875 0.573437 0.497917 0.573437 0.498958 0.572656 0.5 0.572656 0.501042 0.571875 0.502083 0.571875 0.503125 0.571094 0.504167 0.571094 0.505208 0.570312 0.50625 0.570312 0.507292 0.569531 0.508333 0.569531 0.510417 0.567969 0.511458 0.567969 0.5125 0.567187 0.513542 0.567187 0.515625 0.565625 0.516667 0.565625 0.517708 0.564844 0.51875 0.564844 0.525 0.560156 0.526042 0.560156 0.530208 0.557031 0.530208 0.55625 0.535417 0.552344 0.535417 0.551562 0.536458 0.550781 0.536458 0.55 0.538542 0.548437 0.538542 0.547656 0.540625 0.546094 0.540625 0.545312 0.541667 0.544531 0.541667 0.54375 0.542708 0.542969 0.542708 0.541406 0.54375 0.540625 0.54375 0.539844 0.544792 0.539062 0.544792 0.538281 0.545833 0.5375 0.545833 0.535156 0.546875 0.534375 0.546875 0.532031 0.547917 0.53125 0.547917 0.521875 0.546875 0.521094 0.546875 0.517188 0.545833 0.516406 0.545833 0.513281 0.544792 0.5125 0.544792 0.511719 0.54375 0.510937 0.54375 0.509375 0.542708 0.508594 0.542708 0.507812 0.541667 0.507031 0.541667 0.50625 0.540625 0.505469 0.540625 0.504687 0.539583 0.503906 0.539583 0.503125 0.536458 0.500781 0.536458 0.5 0.53125 0.496094 0.53125 0.495312 0.530208 0.494531 0.529167 0.494531 0.521875 0.489062 0.520833 0.489062 0.51875 0.4875 0.517708 0.4875 0.514583 0.485156 0.513542 0.485156 0.5125 0.484375 0.511458 0.484375 0.509375 0.482812 0.507292 0.482812 0.50625 0.482031 0.505208 0.482031 0.504167 0.48125 0.503125 0.48125 0.502083 0.480469 0.501042 0.480469 0.5 0.479687 0.497917 0.479687 0.496875 0.478906 0.494792 0.478906 0.49375 0.478125 0.492708 0.478125 0.491667 0.477344 0.489583 0.477344 0.488542 0.476562 0.485417 0.476562 0.484375 0.475781 0.480208 0.475781 0.479167 0.475 0.99523
0 0.173958 0.385937 0.172917 0.386719 0.169792 0.386719 0.16875 0.3875 0.166667 0.3875 0.165625 0.388281 0.161458 0.388281 0.160417 0.389062 0.15625 0.389062 0.155208 0.389844 0.153125 0.389844 0.152083 0.390625 0.15 0.390625 0.148958 0.391406 0.146875 0.391406 0.145833 0.392187 0.142708 0.392187 0.141667 0.392969 0.140625 0.392969 0.138542 0.394531 0.136458 0.394531 0.135417 0.395312 0.133333 0.395312 0.132292 0.396094 0.13125 0.396094 0.130208 0.396875 0.129167 0.396875 0.128125 0.397656 0.126042 0.397656 0.125 0.398438 0.123958 0.398438 0.122917 0.399219 0.121875 0.399219 0.119792 0.400781 0.11875 0.400781 0.116667 0.402344 0.115625 0.402344 0.114583 0.403125 0.113542 0.403125 0.1125 0.403906 0.111458 0.403906 0.107292 0.407031 0.10625 0.407031 0.102083 0.410156 0.101042 0.410156 0.0895833 0.41875 0.0895833 0.419531 0.0854167 0.422656 0.0854167 0.423437 0.0833333 0.425 0.0833333 0.425781 0.0822917 0.426562 0.0822917 0.427344 0.0802083 0.428906 0.0802083 0.430469 0.0791667 0.43125 0.0791667 0.432812 0.078125 0.433594 0.078125 0.434375 0.0770833 0.435156 0.0770833 0.451562 0.078125 0.452344 0.078125 0.453906 0.0791667 0.454687 0.0791667 0.455469 0.08125 0.457031 0.08125 0.458594 0.0822917 0.459375 0.0822917 0.460156 0.0833333 0.460937 0.0833333 0.461719 0.0854167 0.463281 0.0854167 0.464062 0.0864583 0.464844 0.0864583 0.465625 0.0958333 0.472656 0.096875 0.472656 0.0989583 0.474219 0.1 0.474219 0.101042 0.475 0.102083 0.475 0.103125 0.475781 0.104167 0.475781 0.10625 0.477344 0.107292 0.477344 0.108333 0.478125 0.110417 0.478125 0.111458 0.478906 0.114583 0.478906 0.115625 0.479687 0.116667 0.479687 0.117708 0.480469 0.119792 0.480469 0.120833 0.48125 0.123958 0.48125 0.125 0.482031 0.126042 0.482031 0.127083 0.482812 0.128125 0.482812 0.129167 0.483594 0.134375 0.483594 0.135417 0.484375 0.184375 0.484375 0.185417 0.483594 0.192708 0.483594 0.19375 0.482812 0.196875 0.482812 0.197917 0.482031 0.2 0.482031 0.201042 0.48125 0.203125 0.48125 0.204167 0.480469 0.20625 0.480469 0.207292 0.479687 0.208333 0.479687 0.209375 0.478906 0.211458 0.478906 0.2125 0.478125 0.217708 0.478125 0.21875 0.477344 0.221875 0.477344 0.222917 0.476562 0.225 0.476562 0.226042 0.475781 0.227083 0.475781 0.228125 0.475 0.230208 0.475 0.232292 0.473437 0.233333 0.473437 0.235417 0.471875 0.236458 0.471875 0.2375 0.471094 0.239583 0.471094 0.240625 0.470312 0.241667 0.470312 0.242708 0.469531 0.24375 0.469531 0.244792 0.46875 0.245833 0.46875 0.246875 0.467969 0.247917 0.467969 0.251042 0.465625 0.252083 0.465625 0.254167 0.464062 0.255208 0.464062 0.258333 0.461719 0.259375 0.461719 0.264583 0.457812 0.265625 0.457812 0.275 0.450781 0.275 0.45 0.278125 0.447656 0.278125 0.446875 0.280208 0.445312 0.280208 0.444531 0.282292 0.442969 0.282292 0.442187 0.283333 0.441406 0.283333 0.439844 0.284375 0.439062 0.284375 0.4375 0.285417 0.436719 0.285417 0.434375 0.286458 0.433594 0.286458 0.426562 0.2875 0.425781 0.2875 0.421094 0.286458 0.420312 0.286458 0.417969 0.285417 0.417187 0.285417 0.415625 0.284375 0.414844 0.284375 0.413281 0.283333 0.4125 0.283333 0.411719 0.282292 0.410937 0.282292 0.410156 0.280208 0.408594 0.280208 0.407812 0.278125 0.40625 0.278125 0.405469 0.26875 0.398438 0.267708 0.398438 0.265625 0.396875 0.264583 0.396875 0.2625 0.395312 0.261458 0.395312 0.260417 0.394531 0.259375 0.394531 0.258333 0.39375 0.25625 0.39375 0.254167 0.392187 0.252083 0.392187 0.251042 0.391406 0.248958 0.391406 0.247917 0.390625 0.246875 0.390625 0.245833 0.389844 0.24375 0.389844 0.242708 0.389062 0.239583 0.389062 0.238542 0.388281 0.235417 0.388281 0.234375 0.3875 0.232292 0.3875 0.23125 0.386719 0.229167 0.386719 0.228125 0.385937 0.989955
0 0.29375 0.552344 0.29375 0.553125 0.292708 0.553906 0.292708 0.554688 0.291667 0.555469 0.291667 0.55625 0.288542 0.558594 0.288542 0.559375 0.286458 0.560937 0.285417 0.560937 0.284375 0.561719 0.284375 0.5625 0.273958 0.570312 0.272917 0.570312 0.264583 0.576562 0.263542 0.576562 0.260417 0.578906 0.259375 0.578906 0.258333 0.579687 0.25625 0.579687 0.253125 0.582031 0.252083 0.582031 0.251042 0.582812 0.248958 0.582812 0.247917 0.583594 0.246875 0.583594 0.245833 0.584375 0.244792 0.584375 0.24375 0.585156 0.242708 0.585156 0.241667 0.585938 0.239583 0.585938 0.238542 0.586719 0.236458 0.586719 0.235417 0.5875 0.234375 0.5875 0.233333 0.588281 0.23125 0.588281 0.230208 0.589062 0.228125 0.589062 0.227083 0.589844 0.225 0.589844 0.223958 0.590625 0.221875 0.590625 0.220833 0.591406 0.21875 0.591406 0.217708 0.592187 0.211458 0.592187 0.210417 0.592969 0.204167 0.592969 0.203125 0.59375 0.19375 0.59375 0.192708 0.594531 0.180208 0.594531 0.179167 0.59375 0.169792 0.59375 0.16875 0.592969 0.164583 0.592969 0.163542 0.592187 0.160417 0.592187 0.159375 0.591406 0.15625 0.591406 0.155208 0.590625 0.153125 0.590625 0.152083 0.589844 0.151042 0.589844 0.148958 0.588281 0.147917 0.588281 0.146875 0.5875 0.145833 0.5875 0.144792 0.586719 0.14375 0.586719 0.142708 0.585938 0.141667 0.585938 0.140625 0.585156 0.139583 0.585156 0.138542 0.584375 0.1375 0.584375 0.13125 0.579687 0.130208 0.579687 0.11875 0.571094 0.11875 0.570312 0.117708 0.569531 0.117708 0.575781 0.11875 0.576562 0.11875 0.577344 0.119792 0.578125 0.119792 0.578906 0.120833 0.579687 0.120833 0.580469 0.121875 0.58125 0.121875 0.582031 0.123958 0.583594 0.123958 0.584375 0.125 0.585156 0.125 0.585938 0.133333 0.592187 0.134375 0.592187 0.136458 0.59375 0.1375 0.59375 0.139583 0.595312 0.140625 0.595312 0.141667 0.596094 0.142708 0.596094 0.14375 0.596875 0.144792 0.596875 0.145833 0.597656 0.146875 0.597656 0.147917 0.598437 0.15 0.598437 0.151042 0.599219 0.153125 0.599219 0.154167 0.6 0.155208 0.6 0.15625 0.600781 0.159375 0.600781 0.160417 0.601562 0.1625 0.601562 0.163542 0.602344 0.165625 0.602344 0.166667 0.603125 0.169792 0.603125 0.170833 0.603906 0.205208 0.603906 0.20625 0.603125 0.211458 0.603125 0.2125 0.602344 0.215625 0.602344 0.216667 0.601562 0.21875 0.601562 0.219792 0.600781 0.222917 0.600781 0.223958 0.6 0.227083 0.6 0.228125 0.599219 0.229167 0.599219 0.230208 0.598437 0.232292 0.598437 0.233333 0.597656 0.235417 0.597656 0.236458 0.596875 0.238542 0.596875 0.239583 0.596094 0.240625 0.596094 0.241667 0.595312 0.242708 0.595312 0.24375 0.594531 0.244792 0.594531 0.245833 0.59375 0.246875 0.59375 0.247917 0.592969 0.248958 0.592969 0.25 0.592187 0.251042 0.592187 0.252083 0.591406 0.253125 0.591406 0.254167 0.590625 0.255208 0.590625 0.25625 0.589844 0.257292 0.589844 0.259375 0.588281 0.260417 0.588281 0.2625 0.586719 0.263542 0.586719 0.266667 0.584375 0.267708 0.584375 0.269792 0.582812 0.270833 0.582812 0.283333 0.573437 0.283333 0.572656 0.285417 0.571094 0.285417 0.570312 0.286458 0.569531 0.286458 0.56875 0.288542 0.567187 0.288542 0.566406 0.289583 0.565625 0.289583 0.564844 0.290625 0.564062 0.290625 0.5625 0.291667 0.561719 0.291667 0.560156 0.29375 0.558594 0.29375 0.557031 0.294792 0.55625 0.294792 0.554688 0.29375 0.553906 0.972947
0 0.279167 0.545312 0.280208 0.545312 0.28125 0.544531 0.279167 0.544531 0.279167 0.545312 0.277083 0.546875 0.292708 0.529687 0.29375 0.529687 0.29375 0.528906 0.292708 0.529687 0.277083 0.546875 0.271875 0.546875 0.270833 0.547656 0.269792 0.547656 0.26875 0.548437 0.267708 0.548437 0.265625 0.55 0.264583 0.55 0.263542 0.550781 0.2625 0.550781 0.261458 0.551562 0.260417 0.551562 0.259375 0.552344 0.258333 0.552344 0.25625 0.553906 0.254167 0.553906 0.253125 0.554688 0.252083 0.554688 0.25 0.55625 0.248958 0.55625 0.247917 0.557031 0.245833 0.557031 0.244792 0.557812 0.242708 0.557812 0.241667 0.558594 0.240625 0.558594 0.239583 0.559375 0.238542 0.559375 0.2375 0.560156 0.236458 0.560156 0.235417 0.560937 0.23125 0.560937 0.230208 0.561719 0.228125 0.561719 0.227083 0.5625 0.225 0.5625 0.223958 0.563281 0.220833 0.563281 0.219792 0.564062 0.215625 0.564062 0.214583 0.564844 0.209375 0.564844 0.208333 0.565625 0.203125 0.565625 0.202083 0.566406 0.172917 0.566406 0.171875 0.565625 0.165625 0.565625 0.164583 0.564844 0.160417 0.564844 0.159375 0.564062 0.15625 0.564062 0.155208 0.563281 0.153125 0.563281 0.152083 0.5625 0.151042 0.5625 0.15 0.561719 0.147917 0.561719 0.146875 0.560937 0.144792 0.560937 0.14375 0.560156 0.142708 0.560156 0.141667 0.559375 0.140625 0.559375 0.139583 0.558594 0.138542 0.558594 0.1375 0.557812 0.136458 0.557812 0.135417 0.557031 0.134375 0.557031 0.13125 0.554688 0.130208 0.554688 0.127083 0.552344 0.126042 0.552344 0.120833 0.548437 0.120833 0.547656 0.115625 0.54375 0.115625 0.542969 0.114583 0.542187 0.114583 0.540625 0.113542 0.539844 0.113542 0.539062 0.111458 0.5375 0.111458 0.536719 0.111458 0.548437 0.1125 0.549219 0.1125 0.55 0.115625 0.552344 0.115625 0.553125 0.11875 0.555469 0.11875 0.55625 0.126042 0.561719 0.127083 0.561719 0.13125 0.564844 0.132292 0.564844 0.134375 0.566406 0.135417 0.566406 0.136458 0.567187 0.1375 0.567187 0.138542 0.567969 0.139583 0.567969 0.140625 0.56875 0.141667 0.56875 0.142708 0.569531 0.14375 0.569531 0.144792 0.570312 0.145833 0.570312 0.146875 0.571094 0.147917 0.571094 0.148958 0.571875 0.151042 0.571875 0.152083 0.572656 0.15625 0.572656 0.157292 0.573437 0.1625 0.573437 0.163542 0.574219 0.16875 0.574219 0.169792 0.575 0.173958 0.575 0.175 0.575781 0.196875 0.575781 0.197917 0.575 0.204167 0.575 0.205208 0.574219 0.209375 0.574219 0.210417 0.573437 0.216667 0.573437 0.217708 0.572656 0.220833 0.572656 0.221875 0.571875 0.223958 0.571875 0.225 0.571094 0.227083 0.571094 0.228125 0.570312 0.230208 0.570312 0.23125 0.569531 0.234375 0.569531 0.235417 0.56875 0.236458 0.56875 0.2375 0.567969 0.238542 0.567969 0.239583 0.567187 0.241667 0.567187 0.242708 0.566406 0.24375 0.566406 0.244792 0.565625 0.245833 0.565625 0.246875 0.564844 0.247917 0.564844 0.248958 0.564062 0.25 0.564062 0.252083 0.5625 0.253125 0.5625 0.255208 0.560937 0.25625 0.560937 0.257292 0.560156 0.258333 0.560156 0.259375 0.559375 0.260417 0.559375 0.266667 0.554688 0.267708 0.554688 0.26875 0.553906 0.26875 0.553125 0.269792 0.552344 0.270833 0.552344 0.273958 0.55 0.273958 0.549219 0.275 0.548437 0.276042 0.548437 0.277083 0.547656 0.277083 0.546875 0.961315
0 0.509375 0.635937 0.509375 0.635937 0.508333 0.6375 0.507292 0.636719 0.50625 0.636719 0.5 0.641406 0.498958 0.641406 0.497917 0.642187 0.496875 0.642187 0.495833 0.642969 0.494792 0.642969 0.49375 0.64375 0.492708 0.64375 0.490625 0.645312 0.488542 0.645312 0.4875 0.646094 0.485417 0.646094 0.483333 0.647656 0.482292 0.647656 0.48125 0.648438 0.478125 0.648438 0.477083 0.649219 0.476042 0.649219 0.475 0.65 0.473958 0.65 0.472917 0.650781 0.470833 0.650781 0.469792 0.651562 0.464583 0.651562 0.463542 0.652344 0.460417 0.652344 0.459375 0.653125 0.457292 0.653125 0.45625 0.653906 0.453125 0.653906 0.452083 0.654687 0.419792 0.654687 0.41875 0.653906 0.415625 0.653906 0.414583 0.653125 0.411458 0.653125 0.410417 0.652344 0.40625 0.652344 0.405208 0.651562 0.401042 0.651562 0.398958 0.65 0.397917 0.65 0.396875 0.649219 0.394792 0.649219 0.39375 0.648438 0.391667 0.648438 0.390625 0.647656 0.389583 0.647656 0.388542 0.646875 0.3875 0.646875 0.386458 0.646094 0.385417 0.646094 0.384375 0.645312 0.383333 0.645312 0.382292 0.644531 0.38125 0.644531 0.380208 0.64375 0.379167 0.64375 0.377083 0.642187 0.376042 0.642187 0.370833 0.638281 0.369792 0.638281 0.36875 0.6375 0.36875 0.636719 0.367708 0.635937 0.366667 0.635937 0.363542 0.633594 0.363542 0.632812 0.3625 0.632812 0.360417 0.63125 0.360417 0.630469 0.35625 0.627344 0.35625 0.625781 0.355208 0.625 0.355208 0.624219 0.354167 0.624219 0.353125 0.623437 0.353125 0.622656 0.352083 0.621875 0.352083 0.619531 0.351042 0.61875 0.351042 0.617188 0.351042 0.625 0.352083 0.625781 0.352083 0.626562 0.353125 0.627344 0.353125 0.628125 0.354167 0.628906 0.354167 0.629687 0.355208 0.630469 0.355208 0.63125 0.359375 0.634375 0.359375 0.635156 0.361458 0.636719 0.361458 0.6375 0.365625 0.640625 0.365625 0.641406 0.371875 0.646094 0.372917 0.646094 0.376042 0.648438 0.377083 0.648438 0.380208 0.650781 0.38125 0.650781 0.383333 0.652344 0.384375 0.652344 0.385417 0.653125 0.386458 0.653125 0.3875 0.653906 0.389583 0.653906 0.390625 0.654687 0.391667 0.654687 0.392708 0.655469 0.39375 0.655469 0.394792 0.65625 0.395833 0.65625 0.396875 0.657031 0.398958 0.657031 0.4 0.657812 0.402083 0.657812 0.403125 0.658594 0.404167 0.658594 0.405208 0.659375 0.408333 0.659375 0.409375 0.660156 0.41875 0.660156 0.419792 0.660937 0.428125 0.660937 0.429167 0.661719 0.440625 0.661719 0.441667 0.660937 0.448958 0.660937 0.45 0.660156 0.457292 0.660156 0.458333 0.659375 0.461458 0.659375 0.4625 0.658594 0.464583 0.658594 0.465625 0.657812 0.467708 0.657812 0.46875 0.657031 0.470833 0.657031 0.471875 0.65625 0.472917 0.65625 0.473958 0.655469 0.476042 0.655469 0.477083 0.654687 0.478125 0.654687 0.479167 0.653906 0.480208 0.653906 0.482292 0.652344 0.483333 0.652344 0.484375 0.651562 0.485417 0.651562 0.486458 0.650781 0.4875 0.650781 0.490625 0.648438 0.491667 0.648438 0.492708 0.647656 0.49375 0.647656 0.495833 0.646094 0.496875 0.646094 0.497917 0.645312 0.498958 0.645312 0.5 0.644531 0.5 0.64375 0.503125 0.641406 0.504167 0.641406 0.508333 0.638281 0.508333 0.6375 0.960167
0 0.54375 0.541406 0.542708 0.542187 0.542708 0.54375 0.541667 0.544531 0.541667 0.545312 0.540625 0.546094 0.540625 0.546875 0.539583 0.547656 0.539583 0.548437 0.5375 0.55 0.5375 0.550781 0.536458 0.551562 0.536458 0.552344 0.532292 0.555469 0.532292 0.55625 0.523958 0.5625 0.522917 0.5625 0.51875 0.565625 0.517708 0.565625 0.514583 0.567969 0.513542 0.567969 0.5125 0.56875 0.511458 0.56875 0.510417 0.569531 0.509375 0.569531 0.507292 0.571094 0.50625 0.571094 0.505208 0.571875 0.504167 0.571875 0.503125 0.572656 0.502083 0.572656 0.501042 0.573437 0.5 0.573437 0.498958 0.574219 0.497917 0.574219 0.496875 0.575 0.494792 0.575 0.49375 0.575781 0.491667 0.575781 0.490625 0.576562 0.488542 0.576562 0.4875 0.577344 0.486458 0.577344 0.485417 0.578125 0.483333 0.578125 0.482292 0.578906 0.475 0.578906 0.473958 0.579687 0.470833 0.579687 0.469792 0.580469 0.465625 0.580469 0.464583 0.58125 0.429167 0.58125 0.428125 0.580469 0.425 0.580469 0.423958 0.579687 0.419792 0.579687 0.41875 0.578906 0.413542 0.578906 0.4125 0.578125 0.409375 0.578125 0.407292 0.576562 0.40625 0.576562 0.405208 0.575781 0.402083 0.575781 0.401042 0.575 0.398958 0.575 0.397917 0.574219 0.396875 0.574219 0.395833 0.573437 0.394792 0.573437 0.39375 0.572656 0.391667 0.572656 0.390625 0.571875 0.389583 0.571875 0.386458 0.569531 0.385417 0.569531 0.384375 0.56875 0.383333 0.56875 0.382292 0.567969 0.38125 0.567969 0.379167 0.566406 0.378125 0.566406 0.372917 0.5625 0.371875 0.5625 0.367708 0.559375 0.366667 0.559375 0.365625 0.558594 0.365625 0.557812 0.364583 0.557031 0.364583 0.55625 0.363542 0.55625 0.361458 0.554688 0.361458 0.553906 0.360417 0.553125 0.360417 0.552344 0.357292 0.55 0.357292 0.548437 0.35625 0.547656 0.35625 0.546875 0.355208 0.546094 0.355208 0.545312 0.355208 0.554688 0.35625 0.555469 0.35625 0.55625 0.357292 0.557031 0.357292 0.557812 0.360417 0.560156 0.360417 0.560937 0.3625 0.5625 0.3625 0.563281 0.366667 0.566406 0.366667 0.567187 0.367708 0.567969 0.36875 0.567969 0.372917 0.571094 0.373958 0.571094 0.377083 0.573437 0.378125 0.573437 0.382292 0.576562 0.383333 0.576562 0.384375 0.577344 0.385417 0.577344 0.386458 0.578125 0.3875 0.578125 0.388542 0.578906 0.389583 0.578906 0.391667 0.580469 0.392708 0.580469 0.39375 0.58125 0.395833 0.58125 0.396875 0.582031 0.397917 0.582031 0.398958 0.582812 0.4 0.582812 0.401042 0.583594 0.404167 0.583594 0.405208 0.584375 0.40625 0.584375 0.407292 0.585156 0.409375 0.585156 0.410417 0.585938 0.4125 0.585938 0.413542 0.586719 0.415625 0.586719 0.416667 0.5875 0.41875 0.5875 0.419792 0.588281 0.423958 0.588281 0.425 0.589062 0.432292 0.589062 0.433333 0.589844 0.465625 0.589844 0.466667 0.589062 0.472917 0.589062 0.473958 0.588281 0.477083 0.588281 0.478125 0.5875 0.48125 0.5875 0.482292 0.586719 0.484375 0.586719 0.485417 0.585938 0.4875 0.585938 0.488542 0.585156 0.491667 0.585156 0.492708 0.584375 0.49375 0.584375 0.494792 0.583594 0.495833 0.583594 0.496875 0.582812 0.498958 0.582812 0.5 0.582031 0.501042 0.582031 0.502083 0.58125 0.503125 0.58125 0.504167 0.580469 0.505208 0.580469 0.50625 0.579687 0.507292 0.579687 0.508333 0.578906 0.509375 0.578906 0.511458 0.577344 0.5125 0.577344 0.514583 0.575781 0.515625 0.575781 0.516667 0.575 0.517708 0.575 0.519792 0.573437 0.520833 0.573437 0.525 0.570312 0.526042 0.570312 0.535417 0.563281 0.535417 0.5625 0.5375 0.560937 0.5375 0.560156 0.541667 0.557031 0.541667 0.55625 0.542708 0.555469 0.542708 0.553906 0.54375 0.553125 0.54375 0.552344 0.544792 0.551562 0.544792 0.548437 0.545833 0.547656 0.545833 0.545312 0.544792 0.544531 0.544792 0.542187 0.958588
0 0.348958 0.617188 0.348958 0.635937 0.353125 0.639062 0.353125 0.640625 0.354167 0.641406 0.354167 0.642969 0.357292 0.645312 0.357292 0.646875 0.359375 0.648438 0.359375 0.651562 0.360417 0.652344 0.361458 0.651562 0.3625 0.651562 0.363542 0.650781 0.364583 0.651562 0.364583 0.652344 0.366667 0.653906 0.367708 0.653906 0.36875 0.654687 0.36875 0.655469 0.370833 0.655469 0.371875 0.65625 0.372917 0.65625 0.375 0.657812 0.375 0.658594 0.377083 0.658594 0.380208 0.660937 0.38125 0.660937 0.382292 0.661719 0.383333 0.661719 0.384375 0.6625 0.385417 0.6625 0.3875 0.664062 0.388542 0.664062 0.389583 0.664844 0.392708 0.664844 0.39375 0.665625 0.394792 0.665625 0.395833 0.666406 0.397917 0.666406 0.398958 0.667187 0.405208 0.667187 0.40625 0.667969 0.408333 0.667969 0.409375 0.66875 0.411458 0.66875 0.4125 0.669531 0.415625 0.669531 0.416667 0.670312 0.448958 0.670312 0.45 0.669531 0.453125 0.669531 0.454167 0.66875 0.45625 0.66875 0.457292 0.667969 0.458333 0.667969 0.459375 0.667187 0.463542 0.667187 0.464583 0.666406 0.46875 0.666406 0.469792 0.665625 0.470833 0.665625 0.471875 0.664844 0.472917 0.664844 0.473958 0.664062 0.476042 0.664062 0.477083 0.663281 0.478125 0.663281 0.479167 0.6625 0.480208 0.6625 0.48125 0.661719 0.482292 0.661719 0.483333 0.660937 0.484375 0.660937 0.485417 0.660156 0.486458 0.660156 0.488542 0.658594 0.490625 0.658594 0.491667 0.657812 0.497917 0.657812 0.497917 0.657031 0.501042 0.654687 0.502083 0.654687 0.503125 0.653906 0.503125 0.653125 0.504167 0.652344 0.505208 0.652344 0.50625 0.651562 0.50625 0.65 0.511458 0.646094 0.511458 0.645312 0.5125 0.644531 0.5125 0.64375 0.514583 0.642187 0.514583 0.641406 0.515625 0.640625 0.515625 0.638281 0.516667 0.6375 0.516667 0.635937 0.517708 0.635156 0.516667 0.635937 0.514583 0.635937 0.509375 0.639844 0.509375 0.640625 0.508333 0.641406 0.507292 0.641406 0.503125 0.644531 0.502083 0.644531 0.501042 0.645312 0.501042 0.646094 0.5 0.646875 0.498958 0.646875 0.496875 0.648438 0.495833 0.648438 0.49375 0.65 0.492708 0.65 0.491667 0.650781 0.490625 0.650781 0.489583 0.651562 0.488542 0.651562 0.488542 0.652344 0.4875 0.653125 0.486458 0.653125 0.485417 0.653906 0.483333 0.653906 0.482292 0.654687 0.48125 0.654687 0.479167 0.65625 0.477083 0.65625 0.476042 0.657031 0.472917 0.657031 0.471875 0.657812 0.469792 0.657812 0.46875 0.658594 0.467708 0.658594 0.466667 0.659375 0.465625 0.659375 0.464583 0.660156 0.460417 0.660156 0.459375 0.660937 0.45 0.660937 0.448958 0.661719 0.445833 0.661719 0.444792 0.6625 0.426042 0.6625 0.425 0.661719 0.419792 0.661719 0.41875 0.660937 0.408333 0.660937 0.407292 0.660156 0.404167 0.660156 0.403125 0.659375 0.402083 0.659375 0.401042 0.658594 0.4 0.658594 0.398958 0.657812 0.396875 0.657812 0.395833 0.657031 0.392708 0.657031 0.391667 0.65625 0.390625 0.65625 0.388542 0.654687 0.386458 0.654687 0.385417 0.653906 0.383333 0.653906 0.379167 0.650781 0.378125 0.650781 0.377083 0.65 0.376042 0.65 0.372917 0.647656 0.371875 0.647656 0.360417 0.639062 0.360417 0.638281 0.358333 0.636719 0.358333 0.635937 0.357292 0.635156 0.357292 0.634375 0.35625 0.633594 0.35625 0.632812 0.355208 0.632031 0.355208 0.63125 0.353125 0.629687 0.353125 0.627344 0.352083 0.626562 0.352083 0.625 0.351042 0.624219 0.351042 0.621875 0.35 0.621094 0.35 0.619531 0.348958 0.61875 0.954398
0 0.28125 0.535156 0.280208 0.535156 0.28125 0.535156 0.284375 0.532812 0.284375 0.53125 0.282292 0.528906 0.284375 0.527344 0.284375 0.526562 0.285417 0.525781 0.286458 0.526562 0.2875 0.526562 0.288542 0.527344 0.289583 0.526562 0.289583 0.525781 0.288542 0.525 0.288542 0.522656 0.289583 0.521875 0.291667 0.521875 0.292708 0.521094 0.29375 0.521094 0.296875 0.51875 0.296875 0.5125 0.295833 0.511719 0.295833 0.509375 0.29375 0.507812 0.29375 0.508594 0.292708 0.509375 0.292708 0.510156 0.291667 0.510937 0.291667 0.511719 0.290625 0.5125 0.289583 0.5125 0.288542 0.513281 0.288542 0.514062 0.285417 0.516406 0.285417 0.517188 0.283333 0.51875 0.283333 0.519531 0.277083 0.524219 0.276042 0.524219 0.273958 0.525781 0.272917 0.525781 0.26875 0.528906 0.267708 0.528906 0.265625 0.530469 0.264583 0.530469 0.2625 0.532031 0.261458 0.532031 0.260417 0.532812 0.259375 0.532812 0.25625 0.535156 0.255208 0.535156 0.254167 0.535937 0.253125 0.535937 0.252083 0.536719 0.251042 0.536719 0.248958 0.538281 0.246875 0.538281 0.245833 0.539062 0.244792 0.539062 0.24375 0.539844 0.242708 0.539844 0.241667 0.540625 0.240625 0.540625 0.239583 0.541406 0.2375 0.541406 0.236458 0.542187 0.234375 0.542187 0.233333 0.542969 0.23125 0.542969 0.230208 0.54375 0.229167 0.54375 0.228125 0.544531 0.226042 0.544531 0.225 0.545312 0.222917 0.545312 0.221875 0.546094 0.21875 0.546094 0.217708 0.546875 0.215625 0.546875 0.214583 0.547656 0.211458 0.547656 0.210417 0.548437 0.196875 0.548437 0.195833 0.549219 0.166667 0.549219 0.165625 0.548437 0.158333 0.548437 0.157292 0.547656 0.154167 0.547656 0.153125 0.546875 0.151042 0.546875 0.15 0.546094 0.147917 0.546094 0.146875 0.545312 0.144792 0.545312 0.14375 0.544531 0.141667 0.544531 0.140625 0.54375 0.139583 0.54375 0.138542 0.542969 0.1375 0.542969 0.136458 0.542187 0.134375 0.542187 0.133333 0.541406 0.132292 0.541406 0.129167 0.539062 0.128125 0.539062 0.127083 0.538281 0.126042 0.538281 0.125 0.5375 0.123958 0.5375 0.120833 0.535156 0.119792 0.535156 0.115625 0.532031 0.115625 0.53125 0.114583 0.530469 0.114583 0.529687 0.111458 0.527344 0.111458 0.525781 0.110417 0.525 0.110417 0.523438 0.107292 0.521094 0.107292 0.519531 0.107292 0.526562 0.109375 0.528125 0.109375 0.529687 0.111458 0.53125 0.111458 0.532031 0.113542 0.533594 0.113542 0.534375 0.115625 0.535937 0.115625 0.536719 0.122917 0.542187 0.123958 0.542187 0.129167 0.546094 0.130208 0.546094 0.13125 0.546875 0.132292 0.546875 0.133333 0.547656 0.134375 0.547656 0.135417 0.548437 0.136458 0.548437 0.138542 0.55 0.139583 0.55 0.140625 0.550781 0.142708 0.550781 0.14375 0.551562 0.145833 0.551562 0.146875 0.552344 0.147917 0.552344 0.148958 0.553125 0.152083 0.553125 0.153125 0.553906 0.158333 0.553906 0.159375 0.554688 0.1625 0.554688 0.163542 0.555469 0.167708 0.555469 0.16875 0.55625 0.202083 0.55625 0.203125 0.555469 0.207292 0.555469 0.208333 0.554688 0.2125 0.554688 0.213542 0.553906 0.219792 0.553906 0.220833 0.553125 0.223958 0.553125 0.225 0.552344 0.226042 0.552344 0.227083 0.551562 0.229167 0.551562 0.230208 0.550781 0.23125 0.550781 0.232292 0.55 0.235417 0.55 0.236458 0.549219 0.2375 0.549219 0.238542 0.548437 0.240625 0.548437 0.241667 0.547656 0.24375 0.547656 0.244792 0.546875 0.245833 0.546875 0.246875 0.546094 0.247917 0.546094 0.248958 0.545312 0.25 0.545312 0.251042 0.544531 0.252083 0.544531 0.253125 0.54375 0.254167 0.54375 0.25625 0.542187 0.257292 0.542187 0.258333 0.541406 0.259375 0.541406 0.260417 0.540625 0.261458 0.540625 0.265625 0.5375 0.266667 0.5375 0.267708 0.536719 0.26875 0.536719 0.269792 0.535937 0.270833 0.535937 0.272917 0.534375 0.273958 0.534375 0.277083 0.532031 0.278125 0.532031 0.279167 0.53125 0.279167 0.530469 0.28125 0.528906 0.282292 0.528906 0.284375 0.53125 0.284375 0.532812 0.952131
0 0.515625 0.645312 0.514583 0.645312 0.513542 0.646094 0.513542 0.646875 0.510417 0.649219 0.510417 0.65 0.508333 0.651562 0.508333 0.652344 0.50625 0.653906 0.50625 0.654687 0.502083 0.657812 0.501042 0.657812 0.49375 0.663281 0.492708 0.663281 0.489583 0.665625 0.488542 0.665625 0.4875 0.666406 0.486458 0.666406 0.484375 0.667969 0.483333 0.667969 0.48125 0.669531 0.480208 0.669531 0.479167 0.670312 0.477083 0.670312 0.476042 0.671094 0.475 0.671094 0.472917 0.672656 0.470833 0.672656 0.469792 0.673437 0.467708 0.673437 0.466667 0.674219 0.465625 0.674219 0.464583 0.675 0.4625 0.675 0.461458 0.675781 0.457292 0.675781 0.45625 0.676562 0.45 0.676562 0.448958 0.677344 0.444792 0.677344 0.44375 0.678125 0.4375 0.678125 0.436458 0.678906 0.425 0.678906 0.423958 0.678125 0.417708 0.678125 0.416667 0.677344 0.413542 0.677344 0.4125 0.676562 0.405208 0.676562 0.404167 0.675781 0.401042 0.675781 0.4 0.675 0.398958 0.675 0.397917 0.674219 0.395833 0.674219 0.394792 0.673437 0.39375 0.673437 0.392708 0.672656 0.390625 0.672656 0.389583 0.671875 0.388542 0.671875 0.3875 0.671094 0.386458 0.671094 0.385417 0.670312 0.384375 0.670312 0.383333 0.669531 0.382292 0.669531 0.38125 0.66875 0.380208 0.66875 0.379167 0.667969 0.378125 0.667969 0.375 0.665625 0.373958 0.665625 0.371875 0.664062 0.370833 0.664062 0.360417 0.65625 0.360417 0.655469 0.358333 0.653906 0.357292 0.653906 0.355208 0.652344 0.355208 0.651562 0.354167 0.651562 0.353125 0.650781 0.353125 0.65 0.352083 0.649219 0.352083 0.647656 0.351042 0.646875 0.351042 0.64375 0.351042 0.651562 0.354167 0.653906 0.354167 0.654687 0.355208 0.655469 0.355208 0.657031 0.357292 0.658594 0.357292 0.660937 0.3625 0.664844 0.3625 0.665625 0.365625 0.667969 0.365625 0.66875 0.366667 0.66875 0.36875 0.670312 0.36875 0.671094 0.369792 0.671875 0.370833 0.671875 0.371875 0.672656 0.372917 0.672656 0.373958 0.673437 0.373958 0.674219 0.375 0.674219 0.376042 0.675 0.377083 0.675 0.379167 0.676562 0.380208 0.676562 0.38125 0.677344 0.382292 0.677344 0.383333 0.678125 0.385417 0.678125 0.386458 0.678906 0.388542 0.678906 0.390625 0.680469 0.391667 0.680469 0.392708 0.68125 0.395833 0.68125 0.396875 0.682031 0.398958 0.682031 0.4 0.682812 0.401042 0.682812 0.402083 0.683594 0.403125 0.683594 0.404167 0.684375 0.410417 0.684375 0.411458 0.685156 0.41875 0.685156 0.419792 0.685937 0.442708 0.685937 0.44375 0.685156 0.452083 0.685156 0.453125 0.684375 0.459375 0.684375 0.460417 0.683594 0.4625 0.683594 0.464583 0.682031 0.466667 0.682031 0.467708 0.68125 0.471875 0.68125 0.475 0.678906 0.476042 0.678906 0.477083 0.678125 0.479167 0.678125 0.480208 0.677344 0.48125 0.677344 0.483333 0.675781 0.484375 0.675781 0.485417 0.675 0.486458 0.675 0.490625 0.671875 0.491667 0.671875 0.492708 0.671094 0.49375 0.671094 0.494792 0.670312 0.495833 0.670312 0.495833 0.669531 0.496875 0.66875 0.497917 0.66875 0.504167 0.664062 0.504167 0.663281 0.510417 0.658594 0.510417 0.657812 0.5125 0.65625 0.5125 0.655469 0.513542 0.654687 0.513542 0.653906 0.514583 0.653125 0.514583 0.650781 0.515625 0.65 0.515625 0.645312 0.516667 0.64375 0.516667 0.642187 0.516667 0.64375 0.951911
0 0.352083 0.575 0.352083 0.596094 0.357292 0.6 0.357292 0.600781 0.359375 0.602344 0.359375 0.603125 0.361458 0.604687 0.361458 0.605469 0.364583 0.607812 0.364583 0.608594 0.367708 0.610937 0.367708 0.611719 0.370833 0.614062 0.371875 0.614062 0.376042 0.617188 0.377083 0.617188 0.379167 0.61875 0.380208 0.61875 0.383333 0.621094 0.384375 0.621094 0.385417 0.621875 0.386458 0.621875 0.3875 0.622656 0.388542 0.622656 0.389583 0.623437 0.390625 0.623437 0.391667 0.624219 0.392708 0.624219 0.39375 0.625 0.394792 0.625 0.395833 0.625781 0.396875 0.625781 0.397917 0.626562 0.4 0.626562 0.401042 0.627344 0.403125 0.627344 0.404167 0.628125 0.40625 0.628125 0.407292 0.628906 0.410417 0.628906 0.411458 0.629687 0.414583 0.629687 0.415625 0.630469 0.416667 0.630469 0.417708 0.63125 0.421875 0.63125 0.422917 0.632031 0.433333 0.632031 0.434375 0.632812 0.447917 0.632812 0.448958 0.632031 0.458333 0.632031 0.459375 0.63125 0.463542 0.63125 0.464583 0.630469 0.466667 0.630469 0.467708 0.629687 0.470833 0.629687 0.471875 0.628906 0.475 0.628906 0.476042 0.628125 0.478125 0.628125 0.479167 0.627344 0.48125 0.627344 0.482292 0.626562 0.483333 0.626562 0.484375 0.625781 0.485417 0.625781 0.486458 0.625 0.488542 0.625 0.489583 0.624219 0.490625 0.624219 0.491667 0.623437 0.492708 0.623437 0.49375 0.622656 0.494792 0.622656 0.495833 0.621875 0.496875 0.621875 0.498958 0.620312 0.5 0.620312 0.504167 0.617188 0.505208 0.617188 0.509375 0.614062 0.510417 0.614062 0.511458 0.613281 0.511458 0.6125 0.5125 0.611719 0.513542 0.611719 0.515625 0.610156 0.515625 0.609375 0.517708 0.607812 0.51875 0.607812 0.523958 0.603906 0.523958 0.601562 0.522917 0.601562 0.522917 0.602344 0.519792 0.604687 0.51875 0.604687 0.517708 0.605469 0.517708 0.60625 0.516667 0.607031 0.514583 0.607031 0.511458 0.609375 0.510417 0.609375 0.509375 0.610156 0.508333 0.610156 0.505208 0.6125 0.504167 0.6125 0.502083 0.614062 0.501042 0.614062 0.498958 0.615625 0.497917 0.615625 0.496875 0.616406 0.495833 0.616406 0.494792 0.617188 0.49375 0.617188 0.491667 0.61875 0.490625 0.61875 0.489583 0.619531 0.4875 0.619531 0.486458 0.620312 0.485417 0.620312 0.484375 0.621094 0.483333 0.621094 0.482292 0.621875 0.480208 0.621875 0.479167 0.622656 0.476042 0.622656 0.475 0.623437 0.471875 0.623437 0.470833 0.624219 0.466667 0.624219 0.465625 0.625 0.460417 0.625 0.459375 0.625781 0.454167 0.625781 0.453125 0.626562 0.429167 0.626562 0.428125 0.625781 0.423958 0.625781 0.422917 0.625 0.41875 0.625 0.417708 0.624219 0.414583 0.624219 0.413542 0.623437 0.410417 0.623437 0.409375 0.622656 0.407292 0.622656 0.40625 0.621875 0.405208 0.621875 0.404167 0.621094 0.402083 0.621094 0.401042 0.620312 0.4 0.620312 0.398958 0.619531 0.396875 0.619531 0.395833 0.61875 0.394792 0.61875 0.39375 0.617969 0.392708 0.617969 0.391667 0.617188 0.390625 0.617188 0.389583 0.616406 0.388542 0.616406 0.385417 0.614062 0.384375 0.614062 0.382292 0.6125 0.38125 0.6125 0.379167 0.610937 0.378125 0.610937 0.376042 0.609375 0.375 0.609375 0.371875 0.607031 0.371875 0.60625 0.364583 0.600781 0.364583 0.6 0.363542 0.599219 0.363542 0.598437 0.361458 0.596875 0.361458 0.596094 0.360417 0.595312 0.360417 0.594531 0.359375 0.59375 0.359375 0.592969 0.358333 0.592187 0.358333 0.591406 0.357292 0.590625 0.357292 0.589062 0.35625 0.588281 0.35625 0.585156 0.355208 0.584375 0.355208 0.583594 0.354167 0.582812 0.354167 0.578125 0.353125 0.577344 0.353125 0.575781 0.354167 0.575 0.951355
0 0.35 0.599219 0.35 0.607031 0.351042 0.607812 0.351042 0.608594 0.352083 0.609375 0.352083 0.610156 0.354167 0.611719 0.354167 0.614062 0.355208 0.614844 0.355208 0.616406 0.35625 0.617188 0.35625 0.617969 0.359375 0.620312 0.359375 0.621094 0.360417 0.621875 0.360417 0.622656 0.366667 0.627344 0.367708 0.627344 0.370833 0.629687 0.371875 0.629687 0.372917 0.630469 0.373958 0.630469 0.375 0.63125 0.375 0.632031 0.376042 0.632812 0.377083 0.632812 0.378125 0.633594 0.379167 0.633594 0.382292 0.635937 0.383333 0.635937 0.384375 0.636719 0.385417 0.636719 0.386458 0.6375 0.3875 0.6375 0.388542 0.638281 0.389583 0.638281 0.390625 0.639062 0.391667 0.639062 0.392708 0.639844 0.394792 0.639844 0.395833 0.640625 0.396875 0.640625 0.397917 0.641406 0.402083 0.641406 0.403125 0.642187 0.405208 0.642187 0.40625 0.642969 0.407292 0.642969 0.408333 0.64375 0.409375 0.64375 0.410417 0.644531 0.41875 0.644531 0.419792 0.645312 0.448958 0.645312 0.45 0.644531 0.460417 0.644531 0.461458 0.64375 0.463542 0.64375 0.464583 0.642969 0.465625 0.642969 0.466667 0.642187 0.46875 0.642187 0.469792 0.641406 0.472917 0.641406 0.473958 0.640625 0.475 0.640625 0.476042 0.639844 0.478125 0.639844 0.479167 0.639062 0.480208 0.639062 0.48125 0.638281 0.483333 0.638281 0.484375 0.6375 0.485417 0.6375 0.4875 0.635937 0.488542 0.635937 0.490625 0.634375 0.491667 0.634375 0.492708 0.633594 0.49375 0.633594 0.494792 0.632812 0.495833 0.632812 0.5 0.629687 0.502083 0.629687 0.505208 0.627344 0.508333 0.627344 0.509375 0.626562 0.510417 0.626562 0.5125 0.625 0.513542 0.625 0.514583 0.624219 0.514583 0.623437 0.51875 0.620312 0.51875 0.617188 0.521875 0.614844 0.521875 0.610937 0.522917 0.610156 0.521875 0.609375 0.521875 0.608594 0.521875 0.609375 0.520833 0.610156 0.520833 0.610937 0.516667 0.614062 0.514583 0.614062 0.517708 0.616406 0.510417 0.621875 0.508333 0.621875 0.50625 0.620312 0.504167 0.621875 0.502083 0.621875 0.497917 0.625 0.496875 0.625 0.49375 0.627344 0.491667 0.627344 0.490625 0.628125 0.489583 0.628125 0.488542 0.628906 0.4875 0.628906 0.485417 0.630469 0.484375 0.630469 0.483333 0.63125 0.482292 0.63125 0.48125 0.632031 0.480208 0.632031 0.478125 0.633594 0.477083 0.633594 0.476042 0.634375 0.475 0.634375 0.473958 0.635156 0.470833 0.635156 0.469792 0.635937 0.466667 0.635937 0.465625 0.636719 0.4625 0.636719 0.461458 0.6375 0.459375 0.6375 0.458333 0.638281 0.45625 0.638281 0.455208 0.639062 0.417708 0.639062 0.416667 0.638281 0.413542 0.638281 0.4125 0.6375 0.410417 0.6375 0.409375 0.636719 0.407292 0.636719 0.40625 0.635937 0.402083 0.635937 0.401042 0.635156 0.4 0.635156 0.398958 0.634375 0.396875 0.634375 0.395833 0.633594 0.394792 0.633594 0.39375 0.632812 0.390625 0.632812 0.389583 0.632031 0.3875 0.632031 0.384375 0.629687 0.383333 0.629687 0.382292 0.628906 0.38125 0.628906 0.380208 0.628125 0.379167 0.628125 0.377083 0.626562 0.376042 0.626562 0.371875 0.623437 0.370833 0.623437 0.363542 0.617969 0.363542 0.617188 0.35625 0.611719 0.35625 0.610937 0.355208 0.610156 0.355208 0.609375 0.353125 0.607812 0.353125 0.607031 0.352083 0.60625 0.352083 0.6 0.351042 0.599219 0.948
0 0.302083 0.597656 0.302083 0.607031 0.301042 0.607812 0.301042 0.608594 0.3 0.609375 0.3 0.610156 0.298958 0.610937 0.298958 0.617969 0.297917 0.61875 0.297917 0.623437 0.296875 0.624219 0.296875 0.625 0.295833 0.625781 0.295833 0.626562 0.29375 0.628125 0.29375 0.628906 0.292708 0.629687 0.292708 0.630469 0.290625 0.632031 0.289583 0.632031 0.289583 0.632812 0.277083 0.642187 0.276042 0.642187 0.271875 0.645312 0.270833 0.645312 0.26875 0.646875 0.267708 0.646875 0.265625 0.648438 0.264583 0.648438 0.2625 0.65 0.261458 0.65 0.260417 0.650781 0.259375 0.650781 0.258333 0.651562 0.25625 0.651562 0.254167 0.653125 0.253125 0.653125 0.252083 0.653906 0.251042 0.653906 0.25 0.654687 0.247917 0.654687 0.246875 0.655469 0.245833 0.655469 0.24375 0.657031 0.239583 0.657031 0.238542 0.657812 0.235417 0.657812 0.234375 0.658594 0.233333 0.658594 0.232292 0.659375 0.23125 0.659375 0.230208 0.660156 0.227083 0.660156 0.226042 0.660937 0.215625 0.660937 0.214583 0.661719 0.204167 0.661719 0.203125 0.6625 0.190625 0.6625 0.189583 0.661719 0.185417 0.661719 0.184375 0.660937 0.18125 0.660937 0.180208 0.660156 0.176042 0.660156 0.175 0.659375 0.172917 0.659375 0.171875 0.658594 0.170833 0.658594 0.169792 0.657812 0.16875 0.657812 0.167708 0.657031 0.165625 0.657031 0.164583 0.65625 0.1625 0.65625 0.161458 0.655469 0.160417 0.655469 0.158333 0.653906 0.157292 0.653906 0.15625 0.653125 0.155208 0.653125 0.152083 0.650781 0.15 0.650781 0.146875 0.648438 0.145833 0.648438 0.146875 0.649219 0.146875 0.650781 0.15 0.653125 0.15 0.653906 0.151042 0.654687 0.151042 0.655469 0.154167 0.657812 0.155208 0.657812 0.157292 0.659375 0.158333 0.659375 0.1625 0.6625 0.163542 0.6625 0.164583 0.663281 0.165625 0.663281 0.167708 0.664844 0.16875 0.664844 0.169792 0.665625 0.171875 0.665625 0.172917 0.666406 0.177083 0.666406 0.178125 0.667187 0.180208 0.667187 0.18125 0.667969 0.182292 0.667969 0.183333 0.66875 0.189583 0.66875 0.190625 0.669531 0.222917 0.669531 0.223958 0.66875 0.230208 0.66875 0.23125 0.667969 0.234375 0.667969 0.235417 0.667187 0.236458 0.667187 0.2375 0.666406 0.239583 0.666406 0.240625 0.665625 0.244792 0.665625 0.245833 0.664844 0.246875 0.664844 0.247917 0.664062 0.248958 0.664062 0.25 0.663281 0.252083 0.663281 0.253125 0.6625 0.255208 0.6625 0.25625 0.661719 0.257292 0.661719 0.259375 0.660156 0.260417 0.660156 0.261458 0.659375 0.2625 0.659375 0.263542 0.658594 0.264583 0.658594 0.265625 0.657812 0.266667 0.657812 0.26875 0.65625 0.269792 0.65625 0.272917 0.653906 0.273958 0.653906 0.275 0.653125 0.276042 0.653125 0.277083 0.652344 0.278125 0.652344 0.285417 0.646875 0.286458 0.646875 0.2875 0.646094 0.288542 0.646094 0.294792 0.641406 0.295833 0.641406 0.297917 0.639844 0.297917 0.639062 0.298958 0.638281 0.298958 0.6375 0.3 0.636719 0.3 0.635937 0.303125 0.633594 0.303125 0.632812 0.304167 0.632031 0.304167 0.630469 0.305208 0.629687 0.305208 0.628125 0.30625 0.627344 0.30625 0.597656 0.945863
0 0.117708 0.576562 0.117708 0.5875 0.120833 0.589844 0.120833 0.590625 0.122917 0.592187 0.122917 0.592969 0.123958 0.59375 0.123958 0.594531 0.126042 0.596094 0.126042 0.596875 0.136458 0.604687 0.1375 0.604687 0.141667 0.607812 0.142708 0.607812 0.14375 0.608594 0.145833 0.608594 0.147917 0.610156 0.148958 0.610156 0.15 0.610937 0.152083 0.610937 0.153125 0.611719 0.155208 0.611719 0.15625 0.6125 0.158333 0.6125 0.159375 0.613281 0.1625 0.613281 0.163542 0.614062 0.166667 0.614062 0.167708 0.614844 0.170833 0.614844 0.171875 0.615625 0.205208 0.615625 0.20625 0.614844 0.211458 0.614844 0.2125 0.614062 0.214583 0.614062 0.215625 0.613281 0.219792 0.613281 0.220833 0.6125 0.225 0.6125 0.226042 0.611719 0.228125 0.611719 0.229167 0.610937 0.230208 0.610937 0.23125 0.610156 0.233333 0.610156 0.234375 0.609375 0.236458 0.609375 0.2375 0.608594 0.239583 0.608594 0.240625 0.607812 0.241667 0.607812 0.242708 0.607031 0.24375 0.607031 0.244792 0.60625 0.245833 0.60625 0.246875 0.605469 0.247917 0.605469 0.248958 0.604687 0.25 0.604687 0.252083 0.603125 0.253125 0.603125 0.255208 0.601562 0.25625 0.601562 0.258333 0.6 0.259375 0.6 0.260417 0.599219 0.261458 0.599219 0.265625 0.596094 0.266667 0.596094 0.269792 0.59375 0.270833 0.59375 0.273958 0.591406 0.273958 0.590625 0.275 0.589844 0.276042 0.589844 0.28125 0.585938 0.282292 0.585938 0.282292 0.585156 0.284375 0.583594 0.284375 0.582812 0.286458 0.58125 0.286458 0.580469 0.2875 0.579687 0.2875 0.578906 0.288542 0.578125 0.288542 0.576562 0.289583 0.575781 0.289583 0.575 0.290625 0.574219 0.290625 0.573437 0.291667 0.572656 0.291667 0.571094 0.292708 0.570312 0.292708 0.569531 0.29375 0.56875 0.29375 0.563281 0.292708 0.563281 0.292708 0.564844 0.288542 0.567969 0.288542 0.56875 0.285417 0.571094 0.285417 0.571875 0.284375 0.572656 0.284375 0.573437 0.280208 0.576562 0.280208 0.577344 0.278125 0.578906 0.277083 0.578906 0.276042 0.579687 0.276042 0.580469 0.273958 0.582031 0.272917 0.582031 0.269792 0.584375 0.26875 0.584375 0.264583 0.5875 0.263542 0.5875 0.2625 0.588281 0.261458 0.588281 0.257292 0.591406 0.255208 0.591406 0.254167 0.592187 0.253125 0.592187 0.252083 0.592969 0.251042 0.592969 0.248958 0.594531 0.246875 0.594531 0.245833 0.595312 0.24375 0.595312 0.241667 0.596875 0.240625 0.596875 0.239583 0.597656 0.238542 0.597656 0.2375 0.598437 0.234375 0.598437 0.233333 0.599219 0.23125 0.599219 0.230208 0.6 0.229167 0.6 0.228125 0.600781 0.226042 0.600781 0.225 0.601562 0.220833 0.601562 0.219792 0.602344 0.217708 0.602344 0.216667 0.603125 0.213542 0.603125 0.2125 0.603906 0.207292 0.603906 0.20625 0.604687 0.189583 0.604687 0.188542 0.605469 0.179167 0.605469 0.178125 0.604687 0.16875 0.604687 0.167708 0.603906 0.164583 0.603906 0.163542 0.603125 0.161458 0.603125 0.160417 0.602344 0.159375 0.602344 0.158333 0.601562 0.155208 0.601562 0.154167 0.600781 0.152083 0.600781 0.151042 0.6 0.148958 0.6 0.146875 0.598437 0.144792 0.598437 0.14375 0.597656 0.141667 0.597656 0.139583 0.596094 0.138542 0.596094 0.1375 0.595312 0.136458 0.595312 0.135417 0.594531 0.134375 0.594531 0.130208 0.591406 0.129167 0.591406 0.127083 0.589844 0.127083 0.589062 0.126042 0.588281 0.125 0.588281 0.122917 0.586719 0.122917 0.585156 0.121875 0.584375 0.121875 0.583594 0.119792 0.582031 0.119792 0.58125 0.11875 0.580469 0.11875 0.578906 0.117708 0.578125 0.117708 0.576562 0.117708 0.564062 0.11875 0.564062 0.119792 0.563281 0.120833 0.563281 0.120833 0.5625 0.121875 0.561719 0.121875 0.560156 0.119792 0.558594 0.119792 0.557812 0.11875 0.557031 0.117708 0.557031 0.117708 0.564062 0.944555
0 0.284375 0.625 0.282292 0.625 0.28125 0.625781 0.280208 0.625781 0.279167 0.626562 0.277083 0.626562 0.277083 0.627344 0.273958 0.629687 0.272917 0.629687 0.270833 0.63125 0.269792 0.63125 0.267708 0.632812 0.266667 0.632812 0.265625 0.633594 0.264583 0.633594 0.2625 0.635156 0.261458 0.635156 0.260417 0.635937 0.257292 0.635937 0.25625 0.636719 0.255208 0.636719 0.254167 0.6375 0.253125 0.6375 0.252083 0.638281 0.251042 0.638281 0.25 0.639062 0.247917 0.639062 0.246875 0.639844 0.245833 0.639844 0.244792 0.640625 0.24375 0.640625 0.242708 0.641406 0.240625 0.641406 0.239583 0.642187 0.234375 0.642187 0.233333 0.642969 0.230208 0.642969 0.229167 0.64375 0.225 0.64375 0.223958 0.644531 0.215625 0.644531 0.214583 0.645312 0.195833 0.645312 0.194792 0.644531 0.184375 0.644531 0.183333 0.64375 0.180208 0.64375 0.179167 0.642969 0.178125 0.642969 0.177083 0.642187 0.173958 0.642187 0.172917 0.641406 0.167708 0.641406 0.166667 0.640625 0.165625 0.640625 0.163542 0.639062 0.1625 0.639062 0.161458 0.638281 0.160417 0.638281 0.159375 0.6375 0.158333 0.6375 0.15625 0.635937 0.155208 0.635937 0.154167 0.635156 0.153125 0.635156 0.147917 0.63125 0.147917 0.630469 0.144792 0.628125 0.14375 0.628125 0.140625 0.625781 0.140625 0.625 0.139583 0.624219 0.139583 0.623437 0.138542 0.622656 0.138542 0.621875 0.1375 0.621094 0.1375 0.620312 0.1375 0.633594 0.140625 0.635937 0.140625 0.636719 0.147917 0.642187 0.148958 0.642187 0.15 0.642969 0.151042 0.642969 0.155208 0.646094 0.15625 0.646094 0.157292 0.646875 0.158333 0.646875 0.160417 0.648438 0.1625 0.648438 0.163542 0.649219 0.165625 0.649219 0.166667 0.65 0.167708 0.65 0.16875 0.650781 0.169792 0.650781 0.170833 0.651562 0.173958 0.651562 0.175 0.652344 0.178125 0.652344 0.179167 0.653125 0.183333 0.653125 0.184375 0.653906 0.214583 0.653906 0.215625 0.653125 0.219792 0.653125 0.220833 0.652344 0.225 0.652344 0.226042 0.651562 0.230208 0.651562 0.23125 0.650781 0.234375 0.650781 0.235417 0.65 0.236458 0.65 0.2375 0.649219 0.239583 0.649219 0.240625 0.648438 0.242708 0.648438 0.24375 0.647656 0.246875 0.647656 0.247917 0.646875 0.248958 0.646875 0.25 0.646094 0.251042 0.646094 0.252083 0.645312 0.254167 0.645312 0.255208 0.644531 0.25625 0.644531 0.259375 0.642187 0.260417 0.642187 0.261458 0.641406 0.2625 0.641406 0.263542 0.640625 0.264583 0.640625 0.266667 0.639062 0.267708 0.639062 0.276042 0.632812 0.277083 0.632812 0.277083 0.632031 0.28125 0.628906 0.28125 0.628125 0.284375 0.625781 0.284375 0.625 0.288542 0.622656 0.288542 0.621875 0.290625 0.620312 0.290625 0.619531 0.289583 0.619531 0.288542 0.620312 0.288542 0.622656 0.943519
0 0.297917 0.471875 0.296875 0.472656 0.296875 0.474219 0.29375 0.476562 0.29375 0.477344 0.292708 0.478125 0.292708 0.478906 0.291667 0.479687 0.291667 0.480469 0.288542 0.482812 0.288542 0.484375 0.286458 0.485937 0.285417 0.485937 0.285417 0.486719 0.283333 0.488281 0.283333 0.489062 0.28125 0.490625 0.280208 0.490625 0.275 0.494531 0.273958 0.494531 0.26875 0.498437 0.267708 0.498437 0.264583 0.500781 0.263542 0.500781 0.2625 0.501562 0.261458 0.501562 0.259375 0.503125 0.258333 0.503125 0.257292 0.503906 0.25625 0.503906 0.255208 0.504687 0.254167 0.504687 0.253125 0.505469 0.252083 0.505469 0.25 0.507031 0.248958 0.507031 0.247917 0.507812 0.245833 0.507812 0.244792 0.508594 0.24375 0.508594 0.242708 0.509375 0.241667 0.509375 0.240625 0.510156 0.239583 0.510156 0.238542 0.510937 0.235417 0.510937 0.234375 0.511719 0.23125 0.511719 0.230208 0.5125 0.229167 0.5125 0.228125 0.513281 0.225 0.513281 0.223958 0.514062 0.221875 0.514062 0.220833 0.514844 0.21875 0.514844 0.217708 0.515625 0.215625 0.515625 0.214583 0.516406 0.211458 0.516406 0.210417 0.517188 0.205208 0.517188 0.204167 0.517969 0.197917 0.517969 0.196875 0.51875 0.188542 0.51875 0.1875 0.519531 0.167708 0.519531 0.166667 0.51875 0.159375 0.51875 0.158333 0.517969 0.154167 0.517969 0.153125 0.517188 0.15 0.517188 0.148958 0.516406 0.144792 0.516406 0.14375 0.515625 0.141667 0.515625 0.140625 0.514844 0.139583 0.514844 0.138542 0.514062 0.1375 0.514062 0.136458 0.513281 0.134375 0.513281 0.133333 0.5125 0.132292 0.5125 0.13125 0.511719 0.130208 0.511719 0.128125 0.510156 0.127083 0.510156 0.126042 0.509375 0.125 0.509375 0.122917 0.507812 0.121875 0.507812 0.120833 0.507031 0.119792 0.507031 0.117708 0.505469 0.117708 0.504687 0.116667 0.504687 0.107292 0.497656 0.107292 0.496875 0.10625 0.496094 0.10625 0.495312 0.10625 0.503125 0.107292 0.503906 0.107292 0.504687 0.110417 0.507031 0.110417 0.507812 0.117708 0.513281 0.117708 0.514062 0.11875 0.514844 0.119792 0.514844 0.121875 0.516406 0.123958 0.516406 0.125 0.517188 0.127083 0.517188 0.130208 0.519531 0.13125 0.519531 0.132292 0.520312 0.133333 0.520312 0.134375 0.521094 0.136458 0.521094 0.1375 0.521875 0.138542 0.521875 0.139583 0.522656 0.142708 0.522656 0.14375 0.523438 0.146875 0.523438 0.147917 0.524219 0.15 0.524219 0.151042 0.525 0.153125 0.525 0.154167 0.525781 0.155208 0.525781 0.15625 0.526562 0.205208 0.526562 0.20625 0.525781 0.210417 0.525781 0.211458 0.525 0.213542 0.525 0.214583 0.524219 0.217708 0.524219 0.21875 0.523438 0.222917 0.523438 0.223958 0.522656 0.227083 0.522656 0.228125 0.521875 0.230208 0.521875 0.23125 0.521094 0.233333 0.521094 0.234375 0.520312 0.236458 0.520312 0.2375 0.519531 0.239583 0.519531 0.241667 0.517969 0.24375 0.517969 0.244792 0.517188 0.245833 0.517188 0.246875 0.516406 0.247917 0.516406 0.25 0.514844 0.252083 0.514844 0.253125 0.514062 0.254167 0.514062 0.255208 0.513281 0.25625 0.513281 0.258333 0.511719 0.259375 0.511719 0.260417 0.510937 0.261458 0.510937 0.263542 0.509375 0.264583 0.509375 0.266667 0.507812 0.267708 0.507812 0.270833 0.505469 0.271875 0.505469 0.277083 0.501562 0.278125 0.501562 0.278125 0.500781 0.280208 0.499219 0.28125 0.499219 0.28125 0.498437 0.286458 0.494531 0.286458 0.49375 0.289583 0.491406 0.289583 0.490625 0.290625 0.489844 0.290625 0.489062 0.291667 0.488281 0.291667 0.4875 0.292708 0.486719 0.292708 0.485937 0.29375 0.485156 0.29375 0.484375 0.294792 0.483594 0.294792 0.482812 0.295833 0.482031 0.295833 0.48125 0.296875 0.480469 0.296875 0.478906 0.297917 0.478125 0.940382
0 0.296875 0.488281 0.296875 0.489844 0.295833 0.490625 0.295833 0.492187 0.292708 0.494531 0.292708 0.496875 0.291667 0.497656 0.291667 0.499219 0.289583 0.500781 0.289583 0.501562 0.2875 0.503125 0.2875 0.503906 0.285417 0.505469 0.285417 0.50625 0.283333 0.507812 0.283333 0.508594 0.26875 0.519531 0.267708 0.519531 0.264583 0.521875 0.263542 0.521875 0.2625 0.522656 0.261458 0.522656 0.258333 0.525 0.257292 0.525 0.25625 0.525781 0.255208 0.525781 0.253125 0.527344 0.252083 0.527344 0.251042 0.528125 0.25 0.528125 0.248958 0.528906 0.246875 0.528906 0.24375 0.53125 0.241667 0.53125 0.240625 0.532031 0.238542 0.532031 0.235417 0.534375 0.233333 0.534375 0.232292 0.535156 0.227083 0.535156 0.226042 0.535937 0.225 0.535937 0.223958 0.536719 0.222917 0.536719 0.221875 0.5375 0.21875 0.5375 0.217708 0.538281 0.2125 0.538281 0.211458 0.539062 0.208333 0.539062 0.207292 0.539844 0.204167 0.539844 0.203125 0.540625 0.160417 0.540625 0.159375 0.539844 0.15625 0.539844 0.155208 0.539062 0.152083 0.539062 0.151042 0.538281 0.146875 0.538281 0.145833 0.5375 0.14375 0.5375 0.142708 0.536719 0.141667 0.536719 0.140625 0.535937 0.138542 0.535937 0.1375 0.535156 0.135417 0.535156 0.134375 0.534375 0.133333 0.534375 0.13125 0.532812 0.130208 0.532812 0.128125 0.53125 0.127083 0.53125 0.126042 0.530469 0.125 0.530469 0.122917 0.528906 0.122917 0.528125 0.119792 0.525781 0.119792 0.525 0.11875 0.524219 0.11875 0.523438 0.117708 0.522656 0.116667 0.522656 0.110417 0.517969 0.110417 0.517188 0.109375 0.516406 0.108333 0.516406 0.10625 0.514844 0.10625 0.514062 0.105208 0.513281 0.104167 0.513281 0.104167 0.520312 0.105208 0.521094 0.105208 0.521875 0.113542 0.528125 0.113542 0.528906 0.121875 0.535156 0.122917 0.535156 0.125 0.536719 0.126042 0.536719 0.127083 0.5375 0.128125 0.5375 0.129167 0.538281 0.130208 0.538281 0.13125 0.539062 0.132292 0.539062 0.134375 0.540625 0.135417 0.540625 0.136458 0.541406 0.138542 0.541406 0.139583 0.542187 0.140625 0.542187 0.141667 0.542969 0.142708 0.542969 0.14375 0.54375 0.145833 0.54375 0.146875 0.544531 0.15 0.544531 0.151042 0.545312 0.153125 0.545312 0.154167 0.546094 0.15625 0.546094 0.157292 0.546875 0.159375 0.546875 0.160417 0.547656 0.20625 0.547656 0.207292 0.546875 0.210417 0.546875 0.211458 0.546094 0.213542 0.546094 0.214583 0.545312 0.217708 0.545312 0.21875 0.544531 0.221875 0.544531 0.222917 0.54375 0.225 0.54375 0.226042 0.542969 0.227083 0.542969 0.228125 0.542187 0.230208 0.542187 0.23125 0.541406 0.234375 0.541406 0.236458 0.539844 0.238542 0.539844 0.239583 0.539062 0.240625 0.539062 0.241667 0.538281 0.24375 0.538281 0.244792 0.5375 0.245833 0.5375 0.246875 0.536719 0.247917 0.536719 0.248958 0.535937 0.25 0.535937 0.251042 0.535156 0.252083 0.535156 0.254167 0.533594 0.255208 0.533594 0.25625 0.532812 0.257292 0.532812 0.259375 0.53125 0.260417 0.53125 0.261458 0.530469 0.2625 0.530469 0.263542 0.529687 0.264583 0.529687 0.267708 0.527344 0.269792 0.527344 0.270833 0.526562 0.271875 0.526562 0.275 0.524219 0.276042 0.524219 0.277083 0.523438 0.280208 0.523438 0.28125 0.522656 0.282292 0.522656 0.284375 0.521094 0.284375 0.520312 0.285417 0.519531 0.286458 0.519531 0.2875 0.51875 0.288542 0.51875 0.288542 0.517188 0.289583 0.516406 0.289583 0.514844 0.290625 0.514062 0.290625 0.513281 0.292708 0.511719 0.292708 0.510937 0.29375 0.510156 0.29375 0.507812 0.294792 0.507031 0.294792 0.505469 0.295833 0.504687 0.295833 0.501562 0.296875 0.500781 0.296875 0.497656 0.297917 0.496875 0.297917 0.489062 0.937381
0 0.09375 0.472656 0.09375 0.473437 0.0979167 0.476562 0.0989583 0.476562 0.101042 0.478125 0.102083 0.478125 0.104167 0.479687 0.105208 0.479687 0.10625 0.480469 0.108333 0.480469 0.109375 0.48125 0.110417 0.48125 0.1125 0.482812 0.113542 0.482812 0.114583 0.483594 0.116667 0.483594 0.117708 0.484375 0.11875 0.484375 0.119792 0.485156 0.120833 0.485156 0.121875 0.485937 0.123958 0.485937 0.125 0.486719 0.126042 0.486719 0.127083 0.4875 0.129167 0.4875 0.130208 0.488281 0.134375 0.488281 0.135417 0.489062 0.138542 0.489062 0.139583 0.489844 0.145833 0.489844 0.146875 0.490625 0.195833 0.490625 0.196875 0.489844 0.201042 0.489844 0.202083 0.489062 0.204167 0.489062 0.205208 0.488281 0.208333 0.488281 0.209375 0.4875 0.2125 0.4875 0.213542 0.486719 0.215625 0.486719 0.216667 0.485937 0.21875 0.485937 0.219792 0.485156 0.221875 0.485156 0.222917 0.484375 0.226042 0.484375 0.227083 0.483594 0.228125 0.483594 0.229167 0.482812 0.23125 0.482812 0.232292 0.482031 0.234375 0.482031 0.235417 0.48125 0.236458 0.48125 0.2375 0.480469 0.238542 0.480469 0.239583 0.479687 0.240625 0.479687 0.241667 0.478906 0.242708 0.478906 0.244792 0.477344 0.245833 0.477344 0.246875 0.476562 0.247917 0.476562 0.248958 0.475781 0.25 0.475781 0.251042 0.475 0.252083 0.475 0.254167 0.473437 0.255208 0.473437 0.257292 0.471875 0.258333 0.471875 0.259375 0.471094 0.260417 0.471094 0.264583 0.467969 0.265625 0.467969 0.282292 0.455469 0.282292 0.454687 0.284375 0.453125 0.284375 0.452344 0.285417 0.451562 0.286458 0.451562 0.286458 0.450781 0.2875 0.45 0.2875 0.449219 0.288542 0.448437 0.288542 0.446875 0.290625 0.445312 0.290625 0.44375 0.291667 0.442969 0.291667 0.434375 0.290625 0.433594 0.290625 0.425 0.289583 0.424219 0.289583 0.421875 0.288542 0.421094 0.2875 0.421094 0.285417 0.419531 0.285417 0.41875 0.285417 0.423437 0.286458 0.424219 0.286458 0.427344 0.285417 0.428125 0.285417 0.4375 0.284375 0.438281 0.284375 0.439844 0.283333 0.440625 0.283333 0.442187 0.282292 0.442969 0.282292 0.44375 0.28125 0.444531 0.28125 0.445312 0.279167 0.446875 0.279167 0.447656 0.275 0.450781 0.275 0.451562 0.264583 0.459375 0.263542 0.459375 0.260417 0.461719 0.259375 0.461719 0.254167 0.465625 0.253125 0.465625 0.252083 0.466406 0.251042 0.466406 0.248958 0.467969 0.247917 0.467969 0.246875 0.46875 0.245833 0.46875 0.244792 0.469531 0.24375 0.469531 0.240625 0.471875 0.238542 0.471875 0.2375 0.472656 0.236458 0.472656 0.235417 0.473437 0.234375 0.473437 0.233333 0.474219 0.232292 0.474219 0.23125 0.475 0.230208 0.475 0.229167 0.475781 0.227083 0.475781 0.226042 0.476562 0.225 0.476562 0.223958 0.477344 0.221875 0.477344 0.220833 0.478125 0.217708 0.478125 0.216667 0.478906 0.211458 0.478906 0.210417 0.479687 0.208333 0.479687 0.20625 0.48125 0.203125 0.48125 0.202083 0.482031 0.2 0.482031 0.198958 0.482812 0.197917 0.482812 0.196875 0.483594 0.194792 0.483594 0.19375 0.484375 0.1875 0.484375 0.186458 0.485156 0.177083 0.485156 0.176042 0.485937 0.15 0.485937 0.148958 0.485156 0.136458 0.485156 0.135417 0.484375 0.130208 0.484375 0.129167 0.483594 0.128125 0.483594 0.127083 0.482812 0.126042 0.482812 0.125 0.482031 0.121875 0.482031 0.120833 0.48125 0.117708 0.48125 0.116667 0.480469 0.115625 0.480469 0.114583 0.479687 0.113542 0.479687 0.1125 0.478906 0.109375 0.478906 0.108333 0.478125 0.107292 0.478125 0.105208 0.476562 0.104167 0.476562 0.103125 0.475781 0.1 0.475781 0.0979167 0.474219 0.0979167 0.473437 0.096875 0.472656 0.09375 0.472656 0.0885417 0.426562 0.0895833 0.425781 0.090625 0.425781 0.090625 0.424219 0.0916667 0.423437 0.0916667 0.422656 0.096875 0.41875 0.0895833 0.41875 0.0885417 0.419531 0.0885417 0.420312 0.0875 0.421094 0.0875 0.426562 0.0885417 0.426562 0.932279
0 0.352083 0.610937 0.352083 0.616406 0.354167 0.617969 0.354167 0.620312 0.355208 0.621094 0.355208 0.622656 0.358333 0.625 0.358333 0.625781 0.359375 0.626562 0.359375 0.627344 0.361458 0.628906 0.361458 0.629687 0.372917 0.638281 0.373958 0.638281 0.378125 0.641406 0.379167 0.641406 0.380208 0.642187 0.38125 0.642187 0.384375 0.644531 0.386458 0.644531 0.3875 0.645312 0.388542 0.645312 0.389583 0.646094 0.390625 0.646094 0.392708 0.647656 0.396875 0.647656 0.397917 0.648438 0.398958 0.648438 0.4 0.649219 0.401042 0.649219 0.402083 0.65 0.403125 0.65 0.404167 0.650781 0.409375 0.650781 0.410417 0.651562 0.413542 0.651562 0.414583 0.652344 0.416667 0.652344 0.417708 0.653125 0.420833 0.653125 0.421875 0.653906 0.448958 0.653906 0.45 0.653125 0.453125 0.653125 0.454167 0.652344 0.457292 0.652344 0.458333 0.651562 0.461458 0.651562 0.4625 0.650781 0.467708 0.650781 0.46875 0.65 0.469792 0.65 0.470833 0.649219 0.472917 0.649219 0.473958 0.648438 0.476042 0.648438 0.477083 0.647656 0.479167 0.647656 0.480208 0.646875 0.48125 0.646875 0.482292 0.646094 0.483333 0.646094 0.484375 0.645312 0.485417 0.645312 0.486458 0.644531 0.4875 0.644531 0.488542 0.64375 0.489583 0.64375 0.490625 0.642969 0.491667 0.642969 0.49375 0.641406 0.494792 0.641406 0.495833 0.640625 0.496875 0.640625 0.502083 0.636719 0.503125 0.636719 0.513542 0.628906 0.513542 0.628125 0.514583 0.627344 0.514583 0.626562 0.515625 0.625781 0.515625 0.625 0.517708 0.623437 0.51875 0.623437 0.51875 0.622656 0.519792 0.621875 0.519792 0.621094 0.520833 0.620312 0.521875 0.620312 0.521875 0.619531 0.520833 0.61875 0.51875 0.61875 0.516667 0.620312 0.515625 0.620312 0.514583 0.621094 0.514583 0.621875 0.5125 0.623437 0.510417 0.623437 0.509375 0.624219 0.509375 0.625 0.508333 0.625781 0.507292 0.625781 0.50625 0.626562 0.50625 0.627344 0.504167 0.628906 0.503125 0.628906 0.498958 0.632031 0.497917 0.632031 0.494792 0.634375 0.49375 0.634375 0.492708 0.635156 0.491667 0.635156 0.490625 0.635937 0.489583 0.635937 0.4875 0.6375 0.486458 0.6375 0.485417 0.638281 0.483333 0.638281 0.482292 0.639062 0.480208 0.639062 0.478125 0.640625 0.477083 0.640625 0.476042 0.641406 0.473958 0.641406 0.472917 0.642187 0.467708 0.642187 0.465625 0.64375 0.463542 0.64375 0.4625 0.644531 0.459375 0.644531 0.458333 0.645312 0.44375 0.645312 0.442708 0.646094 0.425 0.646094 0.423958 0.645312 0.415625 0.645312 0.414583 0.644531 0.4125 0.644531 0.411458 0.64375 0.410417 0.64375 0.409375 0.642969 0.408333 0.642969 0.407292 0.642187 0.401042 0.642187 0.4 0.641406 0.396875 0.641406 0.395833 0.640625 0.394792 0.640625 0.39375 0.639844 0.392708 0.639844 0.391667 0.639062 0.389583 0.639062 0.3875 0.6375 0.386458 0.6375 0.385417 0.636719 0.384375 0.636719 0.383333 0.635937 0.38125 0.635937 0.377083 0.632812 0.376042 0.632812 0.373958 0.63125 0.372917 0.63125 0.369792 0.628906 0.36875 0.628906 0.367708 0.628125 0.366667 0.628125 0.364583 0.626562 0.364583 0.625781 0.363542 0.625 0.3625 0.625 0.361458 0.624219 0.361458 0.623437 0.35625 0.619531 0.35625 0.617969 0.355208 0.617188 0.355208 0.616406 0.354167 0.615625 0.354167 0.614844 0.353125 0.614062 0.353125 0.613281 0.352083 0.6125 0.929477
0 0.509375 0.660937 0.510417 0.660156 0.509375 0.660156 0.509375 0.660937 0.507292 0.663281 0.50625 0.6625 0.505208 0.663281 0.504167 0.663281 0.497917 0.667969 0.496875 0.667969 0.490625 0.672656 0.489583 0.672656 0.486458 0.675 0.485417 0.675 0.484375 0.675781 0.483333 0.675781 0.482292 0.676562 0.48125 0.676562 0.479167 0.678125 0.478125 0.678125 0.477083 0.678906 0.476042 0.678906 0.475 0.679688 0.473958 0.679688 0.472917 0.680469 0.471875 0.680469 0.470833 0.68125 0.46875 0.68125 0.467708 0.682031 0.466667 0.682031 0.465625 0.682812 0.463542 0.682812 0.4625 0.683594 0.459375 0.683594 0.458333 0.684375 0.45625 0.684375 0.455208 0.685156 0.452083 0.685156 0.451042 0.685937 0.4375 0.685937 0.436458 0.686719 0.426042 0.686719 0.425 0.685937 0.411458 0.685937 0.410417 0.685156 0.407292 0.685156 0.40625 0.684375 0.404167 0.684375 0.403125 0.683594 0.401042 0.683594 0.4 0.682812 0.396875 0.682812 0.395833 0.682031 0.394792 0.682031 0.39375 0.68125 0.392708 0.68125 0.391667 0.680469 0.390625 0.680469 0.389583 0.679688 0.388542 0.679688 0.3875 0.678906 0.386458 0.678906 0.385417 0.678125 0.384375 0.678125 0.383333 0.677344 0.382292 0.677344 0.38125 0.676562 0.380208 0.676562 0.378125 0.675 0.376042 0.675 0.375 0.674219 0.373958 0.674219 0.3625 0.665625 0.3625 0.664844 0.360417 0.663281 0.360417 0.6625 0.359375 0.661719 0.359375 0.660937 0.358333 0.660156 0.358333 0.653125 0.360417 0.651562 0.360417 0.646875 0.359375 0.646094 0.359375 0.645312 0.358333 0.644531 0.358333 0.641406 0.357292 0.640625 0.357292 0.639844 0.347917 0.639844 0.347917 0.65625 0.348958 0.657031 0.348958 0.657812 0.35 0.658594 0.35 0.659375 0.351042 0.660156 0.351042 0.660937 0.352083 0.661719 0.352083 0.6625 0.353125 0.663281 0.353125 0.664844 0.354167 0.665625 0.354167 0.667187 0.357292 0.669531 0.357292 0.670312 0.361458 0.673437 0.361458 0.674219 0.3625 0.675 0.363542 0.675 0.366667 0.677344 0.367708 0.677344 0.369792 0.678906 0.370833 0.678906 0.373958 0.68125 0.375 0.68125 0.376042 0.682031 0.377083 0.682031 0.379167 0.683594 0.380208 0.683594 0.38125 0.684375 0.382292 0.684375 0.384375 0.685937 0.385417 0.685937 0.386458 0.686719 0.3875 0.686719 0.388542 0.6875 0.389583 0.6875 0.390625 0.688281 0.39375 0.688281 0.394792 0.689062 0.395833 0.689062 0.396875 0.689844 0.397917 0.689844 0.398958 0.690625 0.4 0.690625 0.401042 0.691406 0.405208 0.691406 0.40625 0.692187 0.409375 0.692187 0.410417 0.692969 0.413542 0.692969 0.414583 0.69375 0.44375 0.69375 0.444792 0.692969 0.448958 0.692969 0.45 0.692187 0.453125 0.692187 0.454167 0.691406 0.457292 0.691406 0.458333 0.690625 0.460417 0.690625 0.461458 0.689844 0.4625 0.689844 0.463542 0.689062 0.465625 0.689062 0.466667 0.688281 0.469792 0.688281 0.470833 0.6875 0.471875 0.6875 0.472917 0.686719 0.473958 0.686719 0.476042 0.685156 0.477083 0.685156 0.478125 0.684375 0.479167 0.684375 0.48125 0.682812 0.482292 0.682812 0.483333 0.682031 0.484375 0.682031 0.486458 0.680469 0.4875 0.680469 0.491667 0.677344 0.492708 0.677344 0.494792 0.675781 0.494792 0.675 0.495833 0.674219 0.496875 0.674219 0.498958 0.672656 0.498958 0.671875 0.502083 0.669531 0.502083 0.66875 0.504167 0.667187 0.505208 0.667187 0.505208 0.666406 0.50625 0.665625 0.50625 0.664062 0.507292 0.663281 0.9223
0 0.680208 0.658594 0.680208 0.655469 0.680208 0.658594 0.677083 0.660937 0.676042 0.661719 0.676042 0.6625 0.675 0.663281 0.675 0.664062 0.673958 0.664844 0.672917 0.664844 0.670833 0.666406 0.670833 0.667187 0.669792 0.667969 0.66875 0.667969 0.666667 0.669531 0.666667 0.670312 0.665625 0.671094 0.664583 0.671094 0.661458 0.673437 0.660417 0.673437 0.657292 0.675781 0.65625 0.675781 0.652083 0.678906 0.648958 0.678906 0.647917 0.679688 0.646875 0.679688 0.644792 0.68125 0.64375 0.68125 0.642708 0.682031 0.640625 0.682031 0.639583 0.682812 0.636458 0.682812 0.635417 0.683594 0.634375 0.683594 0.633333 0.684375 0.632292 0.684375 0.63125 0.685156 0.622917 0.685156 0.621875 0.685937 0.590625 0.685937 0.589583 0.685156 0.58125 0.685156 0.580208 0.684375 0.578125 0.684375 0.576042 0.682812 0.573958 0.682812 0.572917 0.682031 0.569792 0.682031 0.56875 0.68125 0.567708 0.68125 0.566667 0.680469 0.565625 0.680469 0.563542 0.678906 0.560417 0.678906 0.559375 0.678125 0.558333 0.678125 0.555208 0.675781 0.554167 0.675781 0.553125 0.675 0.552083 0.675 0.55 0.673437 0.548958 0.673437 0.547917 0.672656 0.546875 0.672656 0.541667 0.66875 0.540625 0.66875 0.539583 0.667969 0.539583 0.667187 0.538542 0.666406 0.5375 0.666406 0.535417 0.664844 0.535417 0.664062 0.534375 0.663281 0.533333 0.663281 0.532292 0.6625 0.532292 0.661719 0.53125 0.660937 0.53125 0.660156 0.529167 0.658594 0.529167 0.657812 0.528125 0.657031 0.528125 0.65625 0.522917 0.652344 0.522917 0.651562 0.521875 0.651562 0.521875 0.65625 0.522917 0.657031 0.522917 0.657812 0.523958 0.658594 0.523958 0.659375 0.526042 0.660937 0.526042 0.661719 0.533333 0.667187 0.533333 0.667969 0.54375 0.675781 0.544792 0.675781 0.548958 0.678906 0.55 0.678906 0.551042 0.679688 0.552083 0.679688 0.553125 0.680469 0.554167 0.680469 0.555208 0.68125 0.55625 0.68125 0.557292 0.682031 0.558333 0.682031 0.559375 0.682812 0.560417 0.682812 0.561458 0.683594 0.5625 0.683594 0.563542 0.684375 0.564583 0.684375 0.565625 0.685156 0.567708 0.685156 0.56875 0.685937 0.570833 0.685937 0.572917 0.6875 0.575 0.6875 0.576042 0.688281 0.58125 0.688281 0.582292 0.689062 0.583333 0.689062 0.584375 0.689844 0.585417 0.689844 0.5875 0.691406 0.591667 0.691406 0.592708 0.692187 0.620833 0.692187 0.621875 0.691406 0.625 0.691406 0.626042 0.690625 0.628125 0.690625 0.629167 0.689844 0.63125 0.689844 0.632292 0.689062 0.633333 0.689062 0.634375 0.688281 0.638542 0.688281 0.640625 0.686719 0.641667 0.686719 0.642708 0.685937 0.64375 0.685937 0.644792 0.685156 0.645833 0.685156 0.646875 0.684375 0.647917 0.684375 0.648958 0.683594 0.65 0.683594 0.651042 0.682812 0.652083 0.682812 0.653125 0.682031 0.654167 0.682031 0.658333 0.678906 0.659375 0.678906 0.6625 0.676562 0.663542 0.676562 0.66875 0.672656 0.66875 0.671875 0.672917 0.66875 0.672917 0.667969 0.673958 0.667187 0.673958 0.666406 0.677083 0.664062 0.677083 0.660937 0.916427
0 0.263542 0.613281 0.264583 0.613281 0.263542 0.613281 0.259375 0.610156 0.2625 0.607812 0.263542 0.607812 0.271875 0.601562 0.271875 0.600781 0.273958 0.599219 0.275 0.599219 0.276042 0.598437 0.277083 0.598437 0.279167 0.596875 0.279167 0.596094 0.28125 0.594531 0.282292 0.594531 0.283333 0.595312 0.282292 0.596094 0.282292 0.598437 0.28125 0.599219 0.279167 0.599219 0.279167 0.602344 0.277083 0.603906 0.276042 0.603906 0.276042 0.604687 0.273958 0.60625 0.271875 0.60625 0.271875 0.607031 0.270833 0.607812 0.270833 0.609375 0.269792 0.610156 0.26875 0.610156 0.271875 0.610156 0.272917 0.609375 0.272917 0.608594 0.273958 0.607812 0.276042 0.607812 0.277083 0.607031 0.277083 0.60625 0.279167 0.604687 0.280208 0.604687 0.285417 0.600781 0.285417 0.6 0.286458 0.599219 0.286458 0.598437 0.290625 0.595312 0.290625 0.594531 0.291667 0.59375 0.291667 0.592969 0.292708 0.592187 0.292708 0.591406 0.29375 0.590625 0.29375 0.589844 0.294792 0.589062 0.294792 0.588281 0.295833 0.5875 0.295833 0.582031 0.296875 0.58125 0.296875 0.56875 0.29375 0.56875 0.292708 0.569531 0.292708 0.571875 0.291667 0.572656 0.291667 0.575 0.289583 0.576562 0.289583 0.578125 0.288542 0.578906 0.288542 0.580469 0.286458 0.582031 0.285417 0.582031 0.284375 0.582812 0.284375 0.586719 0.282292 0.588281 0.280208 0.588281 0.271875 0.594531 0.270833 0.594531 0.26875 0.596094 0.267708 0.596094 0.264583 0.598437 0.263542 0.598437 0.261458 0.6 0.260417 0.6 0.259375 0.600781 0.258333 0.600781 0.255208 0.603125 0.254167 0.603125 0.253125 0.603906 0.252083 0.603906 0.248958 0.60625 0.246875 0.60625 0.245833 0.607031 0.244792 0.607031 0.24375 0.607812 0.242708 0.607812 0.241667 0.608594 0.240625 0.608594 0.239583 0.609375 0.238542 0.609375 0.2375 0.610156 0.234375 0.610156 0.233333 0.610937 0.232292 0.610937 0.23125 0.611719 0.230208 0.611719 0.229167 0.6125 0.227083 0.6125 0.226042 0.613281 0.221875 0.613281 0.220833 0.614062 0.216667 0.614062 0.215625 0.614844 0.2125 0.614844 0.211458 0.615625 0.204167 0.615625 0.203125 0.616406 0.171875 0.616406 0.170833 0.615625 0.165625 0.615625 0.164583 0.614844 0.161458 0.614844 0.160417 0.614062 0.158333 0.614062 0.157292 0.613281 0.154167 0.613281 0.153125 0.6125 0.151042 0.6125 0.15 0.611719 0.148958 0.611719 0.147917 0.610937 0.146875 0.610937 0.145833 0.610156 0.14375 0.610156 0.142708 0.609375 0.141667 0.609375 0.140625 0.608594 0.139583 0.608594 0.1375 0.607031 0.136458 0.607031 0.132292 0.603906 0.13125 0.603906 0.123958 0.598437 0.123958 0.597656 0.119792 0.594531 0.119792 0.59375 0.119792 0.6 0.120833 0.600781 0.120833 0.601562 0.121875 0.602344 0.121875 0.603125 0.122917 0.603906 0.122917 0.604687 0.130208 0.610156 0.13125 0.610156 0.136458 0.614062 0.1375 0.614062 0.139583 0.615625 0.139583 0.616406 0.140625 0.616406 0.142708 0.617969 0.14375 0.617969 0.145833 0.619531 0.146875 0.619531 0.147917 0.620312 0.15 0.620312 0.151042 0.621094 0.153125 0.621094 0.154167 0.621875 0.15625 0.621875 0.157292 0.622656 0.1625 0.622656 0.163542 0.623437 0.172917 0.623437 0.173958 0.624219 0.179167 0.624219 0.180208 0.625 0.196875 0.625 0.197917 0.624219 0.207292 0.624219 0.208333 0.623437 0.214583 0.623437 0.215625 0.622656 0.220833 0.622656 0.221875 0.621875 0.225 0.621875 0.226042 0.621094 0.229167 0.621094 0.23125 0.622656 0.23125 0.623437 0.230208 0.624219 0.221875 0.624219 0.220833 0.625 0.220833 0.625781 0.232292 0.625781 0.234375 0.624219 0.235417 0.624219 0.236458 0.623437 0.239583 0.623437 0.240625 0.622656 0.241667 0.622656 0.240625 0.621875 0.233333 0.621875 0.23125 0.620312 0.233333 0.61875 0.235417 0.61875 0.236458 0.617969 0.2375 0.617969 0.238542 0.617188 0.241667 0.617188 0.242708 0.616406 0.24375 0.616406 0.245833 0.614844 0.246875 0.614844 0.248958 0.613281 0.251042 0.613281 0.252083 0.6125 0.253125 0.6125 0.255208 0.610937 0.25625 0.610937 0.257292 0.610156 0.259375 0.610156 0.900436
0 0.297917 0.507812 0.296875 0.508594 0.296875 0.511719 0.295833 0.5125 0.295833 0.514062 0.292708 0.516406 0.292708 0.517969 0.291667 0.51875 0.291667 0.519531 0.290625 0.520312 0.290625 0.521094 0.288542 0.522656 0.288542 0.524219 0.286458 0.525781 0.285417 0.525781 0.284375 0.526562 0.284375 0.528125 0.283333 0.528906 0.282292 0.528906 0.280208 0.530469 0.280208 0.53125 0.278125 0.532812 0.277083 0.532812 0.276042 0.533594 0.276042 0.534375 0.275 0.535156 0.272917 0.535156 0.269792 0.5375 0.26875 0.5375 0.267708 0.538281 0.266667 0.538281 0.2625 0.541406 0.261458 0.541406 0.260417 0.542187 0.259375 0.542187 0.257292 0.54375 0.25625 0.54375 0.255208 0.544531 0.254167 0.544531 0.253125 0.545312 0.252083 0.545312 0.25 0.546875 0.248958 0.546875 0.247917 0.547656 0.245833 0.547656 0.244792 0.548437 0.24375 0.548437 0.242708 0.549219 0.241667 0.549219 0.240625 0.55 0.238542 0.55 0.2375 0.550781 0.235417 0.550781 0.234375 0.551562 0.232292 0.551562 0.230208 0.553125 0.228125 0.553125 0.227083 0.553906 0.223958 0.553906 0.222917 0.554688 0.217708 0.554688 0.216667 0.555469 0.213542 0.555469 0.2125 0.55625 0.209375 0.55625 0.208333 0.557031 0.201042 0.557031 0.2 0.557812 0.167708 0.557812 0.166667 0.557031 0.161458 0.557031 0.160417 0.55625 0.158333 0.55625 0.157292 0.555469 0.153125 0.555469 0.152083 0.554688 0.147917 0.554688 0.146875 0.553906 0.144792 0.553906 0.14375 0.553125 0.141667 0.553125 0.139583 0.551562 0.138542 0.551562 0.1375 0.550781 0.136458 0.550781 0.135417 0.55 0.134375 0.55 0.133333 0.549219 0.132292 0.549219 0.13125 0.548437 0.130208 0.548437 0.129167 0.547656 0.128125 0.547656 0.127083 0.546875 0.127083 0.546094 0.126042 0.545312 0.125 0.545312 0.120833 0.542187 0.119792 0.542187 0.117708 0.540625 0.116667 0.540625 0.114583 0.539062 0.114583 0.5375 0.113542 0.536719 0.113542 0.535937 0.113542 0.539844 0.116667 0.542187 0.116667 0.542969 0.117708 0.54375 0.117708 0.544531 0.11875 0.545312 0.119792 0.545312 0.121875 0.546875 0.121875 0.547656 0.127083 0.551562 0.128125 0.551562 0.13125 0.553906 0.132292 0.553906 0.133333 0.554688 0.134375 0.554688 0.135417 0.555469 0.136458 0.555469 0.1375 0.55625 0.1375 0.557031 0.138542 0.557031 0.139583 0.557812 0.141667 0.557812 0.142708 0.558594 0.14375 0.558594 0.144792 0.559375 0.145833 0.559375 0.146875 0.560156 0.147917 0.560156 0.148958 0.560937 0.152083 0.560937 0.153125 0.561719 0.154167 0.561719 0.155208 0.5625 0.157292 0.5625 0.158333 0.563281 0.1625 0.563281 0.163542 0.564062 0.170833 0.564062 0.171875 0.564844 0.179167 0.564844 0.180208 0.565625 0.197917 0.565625 0.198958 0.564844 0.20625 0.564844 0.207292 0.564062 0.2125 0.564062 0.213542 0.563281 0.21875 0.563281 0.219792 0.5625 0.221875 0.5625 0.222917 0.561719 0.225 0.561719 0.226042 0.560937 0.229167 0.560937 0.230208 0.560156 0.235417 0.560156 0.2375 0.558594 0.239583 0.558594 0.240625 0.557812 0.241667 0.557812 0.242708 0.557031 0.24375 0.557031 0.244792 0.55625 0.245833 0.55625 0.246875 0.555469 0.248958 0.555469 0.25 0.554688 0.251042 0.554688 0.252083 0.553906 0.253125 0.553906 0.254167 0.553125 0.255208 0.553125 0.257292 0.551562 0.258333 0.551562 0.260417 0.55 0.261458 0.55 0.2625 0.549219 0.263542 0.549219 0.264583 0.548437 0.265625 0.548437 0.266667 0.547656 0.267708 0.547656 0.271875 0.544531 0.272917 0.544531 0.273958 0.54375 0.275 0.54375 0.276042 0.542969 0.280208 0.542969 0.282292 0.541406 0.282292 0.540625 0.285417 0.538281 0.285417 0.535937 0.28125 0.539062 0.279167 0.539062 0.277083 0.540625 0.275 0.539062 0.277083 0.5375 0.279167 0.5375 0.279167 0.535156 0.28125 0.533594 0.282292 0.533594 0.283333 0.532812 0.283333 0.532031 0.284375 0.53125 0.286458 0.53125 0.2875 0.532031 0.2875 0.534375 0.288542 0.534375 0.289583 0.533594 0.289583 0.53125 0.288542 0.530469 0.288542 0.526562 0.289583 0.525781 0.290625 0.525781 0.291667 0.526562 0.292708 0.526562 0.294792 0.525 0.294792 0.524219 0.295833 0.523438 0.295833 0.522656 0.296875 0.521875 0.296875 0.520312 0.297917 0.519531 0.881638
0 0.219792 0.635156 0.21875 0.635156 0.217708 0.634375 0.215625 0.634375 0.214583 0.633594 0.2 0.633594 0.198958 0.634375 0.191667 0.634375 0.190625 0.635156 0.1875 0.635156 0.191667 0.635156 0.192708 0.635937 0.215625 0.635937 0.216667 0.635156 0.219792 0.635156 0.241667 0.626562 0.242708 0.627344 0.242708 0.628125 0.24375 0.628906 0.247917 0.628906 0.247917 0.626562 0.297917 0.595312 0.295833 0.596875 0.295833 0.600781 0.294792 0.601562 0.294792 0.602344 0.29375 0.603125 0.29375 0.603906 0.290625 0.60625 0.290625 0.607031 0.282292 0.613281 0.282292 0.614062 0.28125 0.614844 0.280208 0.614844 0.277083 0.617188 0.275 0.617188 0.270833 0.620312 0.269792 0.620312 0.26875 0.621094 0.267708 0.621094 0.265625 0.622656 0.264583 0.622656 0.263542 0.623437 0.260417 0.623437 0.259375 0.624219 0.257292 0.624219 0.25625 0.625 0.301042 0.592187 0.302083 0.591406 0.302083 0.590625 0.303125 0.585938 0.302083 0.586719 0.305208 0.564062 0.305208 0.567187 0.30625 0.567969 0.30625 0.571875 0.305208 0.572656 0.305208 0.574219 0.30625 0.575 0.30625 0.577344 0.305208 0.578125 0.294792 0.557812 0.289583 0.557812 0.289583 0.559375 0.288542 0.560156 0.289583 0.560937 0.290625 0.560156 0.291667 0.560156 0.294792 0.557812 0.305208 0.578125 0.303125 0.576562 0.303125 0.574219 0.304167 0.573437 0.302083 0.571875 0.302083 0.56875 0.304167 0.567187 0.304167 0.565625 0.302083 0.564062 0.305208 0.564062 0.302083 0.586719 0.302083 0.5875 0.302083 0.585156 0.303125 0.585938 0.302083 0.590625 0.301042 0.590625 0.301042 0.592187 0.25625 0.625 0.251042 0.625 0.25 0.624219 0.25 0.623437 0.251042 0.622656 0.255208 0.622656 0.259375 0.619531 0.260417 0.619531 0.261458 0.61875 0.2625 0.61875 0.263542 0.617969 0.263542 0.617188 0.265625 0.617188 0.266667 0.616406 0.267708 0.616406 0.269792 0.614844 0.269792 0.614062 0.270833 0.613281 0.271875 0.613281 0.275 0.610937 0.276042 0.610937 0.289583 0.600781 0.289583 0.6 0.29375 0.596875 0.295833 0.596875 0.296875 0.596094 0.296875 0.595312 0.297917 0.594531 0.297917 0.595312 0.247917 0.626562 0.246875 0.625781 0.242708 0.625781 0.241667 0.626562 0.880903
0 0.348958 0.626562 0.348958 0.636719 0.35 0.6375 0.35 0.639062 0.351042 0.639844 0.351042 0.640625 0.352083 0.641406 0.352083 0.642187 0.354167 0.64375 0.354167 0.646094 0.355208 0.646875 0.355208 0.649219 0.35625 0.65 0.35625 0.650781 0.358333 0.652344 0.358333 0.653906 0.3625 0.657031 0.3625 0.657812 0.363542 0.657812 0.366667 0.660156 0.366667 0.660937 0.369792 0.663281 0.370833 0.663281 0.371875 0.664062 0.372917 0.664062 0.377083 0.667187 0.378125 0.667187 0.380208 0.66875 0.38125 0.66875 0.382292 0.669531 0.383333 0.669531 0.384375 0.670312 0.386458 0.670312 0.3875 0.671094 0.388542 0.671094 0.389583 0.671875 0.390625 0.671875 0.391667 0.672656 0.392708 0.672656 0.39375 0.673437 0.396875 0.673437 0.397917 0.674219 0.398958 0.674219 0.4 0.675 0.402083 0.675 0.403125 0.675781 0.407292 0.675781 0.408333 0.676562 0.413542 0.676562 0.414583 0.677344 0.419792 0.677344 0.420833 0.678125 0.442708 0.678125 0.44375 0.677344 0.45 0.677344 0.451042 0.676562 0.455208 0.676562 0.45625 0.675781 0.460417 0.675781 0.461458 0.675 0.4625 0.675 0.463542 0.674219 0.464583 0.674219 0.465625 0.673437 0.46875 0.673437 0.469792 0.672656 0.471875 0.672656 0.473958 0.671094 0.475 0.671094 0.476042 0.670312 0.478125 0.670312 0.479167 0.669531 0.480208 0.669531 0.483333 0.667187 0.485417 0.667187 0.486458 0.666406 0.4875 0.666406 0.488542 0.665625 0.489583 0.665625 0.505208 0.653906 0.505208 0.653125 0.508333 0.650781 0.508333 0.65 0.511458 0.647656 0.511458 0.646875 0.513542 0.645312 0.514583 0.645312 0.514583 0.642187 0.513542 0.642187 0.513542 0.642969 0.5125 0.64375 0.511458 0.64375 0.510417 0.644531 0.509375 0.644531 0.509375 0.646094 0.508333 0.646875 0.508333 0.648438 0.507292 0.649219 0.50625 0.649219 0.505208 0.65 0.502083 0.65 0.5 0.651562 0.5 0.652344 0.495833 0.655469 0.494792 0.655469 0.49375 0.65625 0.492708 0.65625 0.490625 0.657812 0.489583 0.657812 0.486458 0.660156 0.485417 0.660156 0.482292 0.6625 0.480208 0.6625 0.479167 0.663281 0.477083 0.663281 0.476042 0.664062 0.475 0.664062 0.473958 0.664844 0.472917 0.664844 0.471875 0.665625 0.470833 0.665625 0.469792 0.666406 0.466667 0.666406 0.465625 0.667187 0.4625 0.667187 0.461458 0.667969 0.459375 0.667969 0.458333 0.66875 0.45625 0.66875 0.455208 0.669531 0.442708 0.669531 0.441667 0.670312 0.417708 0.670312 0.416667 0.669531 0.410417 0.669531 0.409375 0.66875 0.407292 0.66875 0.40625 0.667969 0.404167 0.667969 0.403125 0.667187 0.398958 0.667187 0.397917 0.666406 0.395833 0.666406 0.394792 0.665625 0.39375 0.665625 0.392708 0.664844 0.391667 0.664844 0.390625 0.664062 0.388542 0.664062 0.3875 0.663281 0.386458 0.663281 0.385417 0.6625 0.384375 0.6625 0.382292 0.660937 0.38125 0.660937 0.380208 0.660156 0.379167 0.660156 0.376042 0.657812 0.375 0.657812 0.373958 0.657031 0.372917 0.657031 0.36875 0.653906 0.367708 0.653906 0.360417 0.648438 0.360417 0.647656 0.359375 0.646875 0.359375 0.646094 0.35625 0.64375 0.35625 0.642187 0.355208 0.641406 0.355208 0.640625 0.354167 0.640625 0.353125 0.639844 0.353125 0.639062 0.352083 0.638281 0.352083 0.635156 0.351042 0.634375 0.351042 0.632812 0.35 0.632031 0.35 0.63125 0.348958 0.630469 0.878122
0 0.292708 0.454687 0.292708 0.45625 0.291667 0.457031 0.291667 0.458594 0.290625 0.459375 0.289583 0.459375 0.289583 0.460156 0.288542 0.460937 0.288542 0.461719 0.2875 0.4625 0.2875 0.463281 0.284375 0.465625 0.284375 0.466406 0.283333 0.467187 0.283333 0.467969 0.282292 0.46875 0.28125 0.46875 0.280208 0.469531 0.280208 0.470312 0.277083 0.472656 0.276042 0.472656 0.272917 0.475 0.271875 0.475 0.266667 0.478906 0.265625 0.478906 0.263542 0.480469 0.2625 0.480469 0.260417 0.482031 0.258333 0.482031 0.25625 0.483594 0.255208 0.483594 0.253125 0.485156 0.252083 0.485156 0.251042 0.485937 0.25 0.485937 0.248958 0.486719 0.247917 0.486719 0.246875 0.4875 0.245833 0.4875 0.244792 0.488281 0.24375 0.488281 0.242708 0.489062 0.240625 0.489062 0.239583 0.489844 0.238542 0.489844 0.2375 0.490625 0.236458 0.490625 0.235417 0.491406 0.234375 0.491406 0.233333 0.492187 0.23125 0.492187 0.230208 0.492969 0.227083 0.492969 0.226042 0.49375 0.225 0.49375 0.223958 0.494531 0.222917 0.494531 0.221875 0.495312 0.219792 0.495312 0.21875 0.496094 0.215625 0.496094 0.214583 0.496875 0.2125 0.496875 0.211458 0.497656 0.210417 0.497656 0.209375 0.498437 0.205208 0.498437 0.204167 0.499219 0.195833 0.499219 0.194792 0.5 0.1875 0.5 0.186458 0.500781 0.177083 0.500781 0.176042 0.501562 0.167708 0.501562 0.166667 0.500781 0.15625 0.500781 0.155208 0.5 0.15 0.5 0.148958 0.499219 0.141667 0.499219 0.140625 0.498437 0.136458 0.498437 0.135417 0.497656 0.133333 0.497656 0.132292 0.496875 0.130208 0.496875 0.129167 0.496094 0.127083 0.496094 0.126042 0.495312 0.125 0.495312 0.123958 0.494531 0.122917 0.494531 0.121875 0.49375 0.119792 0.49375 0.117708 0.492187 0.116667 0.492187 0.115625 0.491406 0.114583 0.491406 0.113542 0.490625 0.1125 0.490625 0.110417 0.489062 0.109375 0.489062 0.108333 0.488281 0.107292 0.488281 0.0979167 0.48125 0.0979167 0.485937 0.104167 0.490625 0.105208 0.490625 0.107292 0.492187 0.107292 0.492969 0.113542 0.497656 0.114583 0.497656 0.115625 0.498437 0.116667 0.498437 0.11875 0.5 0.119792 0.5 0.120833 0.500781 0.121875 0.500781 0.122917 0.501562 0.122917 0.502344 0.123958 0.503125 0.130208 0.503125 0.13125 0.503906 0.134375 0.503906 0.135417 0.504687 0.136458 0.504687 0.1375 0.505469 0.138542 0.505469 0.139583 0.50625 0.142708 0.50625 0.14375 0.507031 0.151042 0.507031 0.152083 0.507812 0.155208 0.507812 0.15625 0.508594 0.1625 0.508594 0.163542 0.509375 0.177083 0.509375 0.178125 0.508594 0.189583 0.508594 0.190625 0.507812 0.195833 0.507812 0.196875 0.507031 0.203125 0.507031 0.204167 0.50625 0.210417 0.50625 0.211458 0.505469 0.214583 0.505469 0.215625 0.504687 0.217708 0.504687 0.21875 0.503906 0.222917 0.503906 0.223958 0.503125 0.227083 0.503125 0.228125 0.502344 0.229167 0.502344 0.230208 0.501562 0.232292 0.501562 0.233333 0.500781 0.235417 0.500781 0.236458 0.5 0.238542 0.5 0.239583 0.499219 0.240625 0.499219 0.242708 0.497656 0.244792 0.497656 0.245833 0.496875 0.246875 0.496875 0.247917 0.496094 0.248958 0.496094 0.25 0.495312 0.251042 0.495312 0.253125 0.49375 0.254167 0.49375 0.255208 0.492969 0.25625 0.492969 0.257292 0.492187 0.258333 0.492187 0.260417 0.490625 0.261458 0.490625 0.263542 0.489062 0.264583 0.489062 0.267708 0.486719 0.26875 0.486719 0.270833 0.485156 0.271875 0.485156 0.273958 0.483594 0.275 0.483594 0.275 0.482812 0.277083 0.48125 0.278125 0.48125 0.279167 0.480469 0.279167 0.479687 0.282292 0.477344 0.282292 0.476562 0.2875 0.472656 0.2875 0.471875 0.288542 0.471094 0.288542 0.470312 0.291667 0.467969 0.291667 0.467187 0.292708 0.466406 0.292708 0.464844 0.29375 0.464062 0.29375 0.454687 0.861445
0 0.355208 0.570312 0.355208 0.584375 0.35625 0.585156 0.35625 0.585938 0.358333 0.5875 0.358333 0.588281 0.359375 0.589062 0.359375 0.590625 0.360417 0.591406 0.360417 0.592187 0.361458 0.592969 0.361458 0.59375 0.3625 0.594531 0.3625 0.595312 0.364583 0.596875 0.364583 0.597656 0.366667 0.599219 0.366667 0.6 0.375 0.60625 0.375 0.607031 0.377083 0.608594 0.378125 0.608594 0.380208 0.610156 0.38125 0.610156 0.382292 0.610937 0.383333 0.610937 0.3875 0.614062 0.388542 0.614062 0.389583 0.614844 0.390625 0.614844 0.391667 0.615625 0.392708 0.615625 0.39375 0.616406 0.397917 0.616406 0.398958 0.617188 0.4 0.617188 0.401042 0.617969 0.405208 0.617969 0.407292 0.619531 0.408333 0.619531 0.410417 0.621094 0.411458 0.621094 0.413542 0.622656 0.422917 0.622656 0.423958 0.623437 0.428125 0.623437 0.429167 0.624219 0.458333 0.624219 0.459375 0.623437 0.466667 0.623437 0.467708 0.622656 0.471875 0.622656 0.473958 0.621094 0.476042 0.621094 0.477083 0.620312 0.480208 0.620312 0.48125 0.619531 0.484375 0.619531 0.486458 0.617969 0.4875 0.617969 0.488542 0.617188 0.491667 0.617188 0.492708 0.616406 0.49375 0.616406 0.495833 0.614844 0.496875 0.614844 0.497917 0.614062 0.498958 0.614062 0.5 0.613281 0.501042 0.613281 0.504167 0.610937 0.505208 0.610937 0.508333 0.608594 0.509375 0.608594 0.510417 0.607812 0.511458 0.607812 0.514583 0.605469 0.515625 0.605469 0.519792 0.602344 0.520833 0.602344 0.522917 0.600781 0.522917 0.6 0.525 0.598437 0.526042 0.598437 0.526042 0.596875 0.528125 0.595312 0.528125 0.594531 0.530208 0.592969 0.530208 0.591406 0.53125 0.590625 0.53125 0.589844 0.532292 0.589062 0.532292 0.588281 0.533333 0.5875 0.533333 0.585156 0.532292 0.585156 0.530208 0.586719 0.530208 0.5875 0.528125 0.589062 0.528125 0.589844 0.526042 0.591406 0.526042 0.592187 0.525 0.592969 0.525 0.59375 0.523958 0.594531 0.522917 0.594531 0.51875 0.597656 0.517708 0.597656 0.514583 0.6 0.513542 0.6 0.511458 0.601562 0.510417 0.601562 0.507292 0.603906 0.50625 0.603906 0.505208 0.604687 0.504167 0.604687 0.502083 0.60625 0.501042 0.60625 0.5 0.607031 0.498958 0.607031 0.497917 0.607812 0.496875 0.607812 0.495833 0.608594 0.49375 0.608594 0.492708 0.609375 0.491667 0.609375 0.490625 0.610156 0.488542 0.610156 0.4875 0.610937 0.484375 0.610937 0.483333 0.611719 0.48125 0.611719 0.480208 0.6125 0.478125 0.6125 0.477083 0.613281 0.473958 0.613281 0.472917 0.614062 0.46875 0.614062 0.467708 0.614844 0.464583 0.614844 0.463542 0.615625 0.459375 0.615625 0.458333 0.616406 0.435417 0.616406 0.434375 0.615625 0.429167 0.615625 0.428125 0.614844 0.425 0.614844 0.423958 0.614062 0.417708 0.614062 0.416667 0.613281 0.414583 0.613281 0.413542 0.6125 0.411458 0.6125 0.410417 0.611719 0.409375 0.611719 0.408333 0.610937 0.405208 0.610937 0.404167 0.610156 0.401042 0.610156 0.4 0.609375 0.398958 0.609375 0.395833 0.607031 0.39375 0.607031 0.392708 0.60625 0.391667 0.60625 0.389583 0.604687 0.388542 0.604687 0.3875 0.603906 0.386458 0.603906 0.385417 0.603125 0.384375 0.603125 0.38125 0.600781 0.379167 0.600781 0.377083 0.599219 0.377083 0.598437 0.376042 0.597656 0.375 0.597656 0.364583 0.589844 0.364583 0.589062 0.360417 0.585938 0.360417 0.582812 0.358333 0.58125 0.358333 0.579687 0.357292 0.578906 0.357292 0.575 0.35625 0.574219 0.35625 0.570312 0.854078
0 0.29375 0.488281 0.292708 0.489062 0.292708 0.490625 0.290625 0.492187 0.289583 0.492187 0.288542 0.492969 0.288542 0.49375 0.282292 0.498437 0.282292 0.499219 0.28125 0.5 0.280208 0.5 0.279167 0.500781 0.279167 0.501562 0.278125 0.502344 0.277083 0.502344 0.270833 0.507031 0.269792 0.507031 0.266667 0.509375 0.265625 0.509375 0.264583 0.510156 0.263542 0.510156 0.261458 0.511719 0.260417 0.511719 0.259375 0.5125 0.258333 0.5125 0.25625 0.514062 0.255208 0.514062 0.254167 0.514844 0.253125 0.514844 0.252083 0.515625 0.251042 0.515625 0.25 0.516406 0.248958 0.516406 0.246875 0.517969 0.245833 0.517969 0.244792 0.51875 0.242708 0.51875 0.241667 0.519531 0.240625 0.519531 0.239583 0.520312 0.238542 0.520312 0.2375 0.521094 0.235417 0.521094 0.234375 0.521875 0.233333 0.521875 0.232292 0.522656 0.229167 0.522656 0.228125 0.523438 0.226042 0.523438 0.225 0.524219 0.221875 0.524219 0.220833 0.525 0.216667 0.525 0.215625 0.525781 0.2125 0.525781 0.211458 0.526562 0.208333 0.526562 0.207292 0.527344 0.202083 0.527344 0.201042 0.528125 0.190625 0.528125 0.189583 0.528906 0.171875 0.528906 0.170833 0.528125 0.1625 0.528125 0.161458 0.527344 0.155208 0.527344 0.154167 0.526562 0.151042 0.526562 0.15 0.525781 0.144792 0.525781 0.14375 0.525 0.140625 0.525 0.138542 0.523438 0.1375 0.523438 0.136458 0.522656 0.134375 0.522656 0.133333 0.521875 0.13125 0.521875 0.128125 0.519531 0.127083 0.519531 0.126042 0.51875 0.125 0.51875 0.122917 0.517188 0.121875 0.517188 0.120833 0.516406 0.119792 0.516406 0.117708 0.514844 0.117708 0.514062 0.116667 0.514062 0.110417 0.509375 0.110417 0.508594 0.107292 0.50625 0.107292 0.505469 0.10625 0.504687 0.10625 0.503906 0.105208 0.503125 0.105208 0.502344 0.104167 0.501562 0.104167 0.5 0.103125 0.499219 0.103125 0.496875 0.102083 0.496094 0.102083 0.492969 0.102083 0.510156 0.107292 0.514062 0.107292 0.514844 0.108333 0.515625 0.108333 0.516406 0.111458 0.51875 0.111458 0.519531 0.114583 0.521875 0.114583 0.522656 0.117708 0.525 0.117708 0.525781 0.11875 0.526562 0.119792 0.526562 0.121875 0.528125 0.122917 0.528125 0.125 0.529687 0.126042 0.529687 0.127083 0.530469 0.128125 0.530469 0.129167 0.53125 0.130208 0.53125 0.132292 0.532812 0.133333 0.532812 0.134375 0.533594 0.136458 0.533594 0.1375 0.534375 0.140625 0.534375 0.141667 0.535156 0.14375 0.535156 0.144792 0.535937 0.145833 0.535937 0.146875 0.536719 0.148958 0.536719 0.15 0.5375 0.152083 0.5375 0.153125 0.538281 0.158333 0.538281 0.159375 0.539062 0.166667 0.539062 0.167708 0.539844 0.191667 0.539844 0.192708 0.539062 0.201042 0.539062 0.202083 0.538281 0.207292 0.538281 0.208333 0.5375 0.213542 0.5375 0.214583 0.536719 0.216667 0.536719 0.217708 0.535937 0.219792 0.535937 0.220833 0.535156 0.222917 0.535156 0.223958 0.534375 0.228125 0.534375 0.229167 0.533594 0.23125 0.533594 0.232292 0.532812 0.234375 0.532812 0.235417 0.532031 0.236458 0.532031 0.2375 0.53125 0.239583 0.53125 0.240625 0.530469 0.241667 0.530469 0.24375 0.528906 0.244792 0.528906 0.245833 0.528125 0.247917 0.528125 0.248958 0.527344 0.25 0.527344 0.251042 0.526562 0.252083 0.526562 0.253125 0.525781 0.254167 0.525781 0.255208 0.525 0.25625 0.525 0.258333 0.523438 0.259375 0.523438 0.261458 0.521875 0.263542 0.521875 0.264583 0.521094 0.265625 0.521094 0.26875 0.51875 0.269792 0.51875 0.282292 0.509375 0.282292 0.508594 0.285417 0.50625 0.285417 0.505469 0.2875 0.503906 0.2875 0.503125 0.288542 0.502344 0.288542 0.501562 0.289583 0.500781 0.289583 0.5 0.291667 0.498437 0.291667 0.496875 0.292708 0.496094 0.292708 0.494531 0.29375 0.49375 0.29375 0.492969 0.294792 0.492187 0.294792 0.489062 0.833054
0 0.266667 0.630469 0.26875 0.630469 0.270833 0.628906 0.271875 0.628906 0.271875 0.628125 0.273958 0.626562 0.273958 0.623437 0.271875 0.623437 0.271875 0.625 0.270833 0.625781 0.270833 0.626562 0.269792 0.627344 0.26875 0.627344 0.266667 0.628906 0.266667 0.630469 0.258333 0.633594 0.284375 0.619531 0.285417 0.619531 0.288542 0.615625 0.290625 0.615625 0.291667 0.614844 0.292708 0.614844 0.29375 0.614062 0.29375 0.613281 0.297917 0.610156 0.297917 0.607812 0.298958 0.607031 0.3 0.607031 0.301042 0.60625 0.302083 0.60625 0.304167 0.604687 0.304167 0.601562 0.305208 0.600781 0.305208 0.596094 0.30625 0.595312 0.30625 0.592969 0.305208 0.592187 0.305208 0.591406 0.305208 0.596094 0.303125 0.597656 0.302083 0.597656 0.302083 0.598437 0.301042 0.599219 0.301042 0.600781 0.3 0.601562 0.3 0.602344 0.298958 0.603125 0.297917 0.603125 0.297917 0.604687 0.296875 0.605469 0.296875 0.607031 0.294792 0.608594 0.29375 0.608594 0.29375 0.609375 0.291667 0.610937 0.290625 0.610937 0.289583 0.611719 0.289583 0.6125 0.2875 0.614062 0.288542 0.614844 0.288542 0.615625 0.285417 0.619531 0.284375 0.619531 0.258333 0.633594 0.25625 0.633594 0.254167 0.632031 0.25 0.632031 0.247917 0.633594 0.246875 0.633594 0.245833 0.634375 0.244792 0.634375 0.24375 0.635156 0.238542 0.635156 0.2375 0.635937 0.2375 0.636719 0.236458 0.6375 0.236458 0.638281 0.235417 0.639062 0.234375 0.639062 0.233333 0.638281 0.232292 0.638281 0.23125 0.6375 0.223958 0.6375 0.222917 0.638281 0.216667 0.638281 0.215625 0.639062 0.196875 0.639062 0.195833 0.638281 0.188542 0.638281 0.1875 0.6375 0.182292 0.6375 0.18125 0.636719 0.177083 0.636719 0.176042 0.635937 0.172917 0.635937 0.171875 0.635156 0.169792 0.635156 0.16875 0.634375 0.167708 0.634375 0.166667 0.633594 0.165625 0.633594 0.164583 0.632812 0.163542 0.632812 0.161458 0.63125 0.160417 0.63125 0.158333 0.629687 0.157292 0.629687 0.15625 0.628906 0.155208 0.628906 0.154167 0.628125 0.153125 0.628125 0.15 0.625781 0.148958 0.625781 0.147917 0.625 0.147917 0.624219 0.146875 0.623437 0.145833 0.623437 0.144792 0.622656 0.14375 0.622656 0.14375 0.626562 0.152083 0.632812 0.153125 0.632812 0.155208 0.634375 0.155208 0.635156 0.15625 0.635937 0.158333 0.635937 0.161458 0.638281 0.1625 0.638281 0.163542 0.639062 0.167708 0.639062 0.16875 0.638281 0.169792 0.638281 0.170833 0.6375 0.172917 0.6375 0.173958 0.638281 0.173958 0.639844 0.171875 0.641406 0.173958 0.641406 0.175 0.642187 0.179167 0.642187 0.180208 0.642969 0.183333 0.642969 0.184375 0.64375 0.185417 0.64375 0.186458 0.644531 0.191667 0.644531 0.192708 0.645312 0.213542 0.645312 0.214583 0.644531 0.221875 0.644531 0.222917 0.64375 0.225 0.64375 0.226042 0.642969 0.228125 0.642969 0.229167 0.642187 0.234375 0.642187 0.235417 0.641406 0.238542 0.641406 0.238542 0.640625 0.239583 0.639844 0.244792 0.639844 0.245833 0.639062 0.247917 0.639062 0.248958 0.638281 0.25 0.638281 0.251042 0.6375 0.252083 0.6375 0.253125 0.636719 0.254167 0.636719 0.255208 0.635937 0.257292 0.635937 0.258333 0.635156 0.258333 0.633594 0.823069
0 0.133333 0.630469 0.133333 0.633594 0.134375 0.634375 0.134375 0.635937 0.135417 0.636719 0.135417 0.6375 0.136458 0.638281 0.136458 0.639062 0.138542 0.640625 0.138542 0.641406 0.141667 0.64375 0.141667 0.644531 0.142708 0.644531 0.144792 0.646094 0.144792 0.646875 0.146875 0.648438 0.146875 0.649219 0.147917 0.649219 0.152083 0.652344 0.153125 0.652344 0.154167 0.653125 0.155208 0.653125 0.157292 0.654687 0.158333 0.654687 0.159375 0.655469 0.161458 0.655469 0.1625 0.65625 0.164583 0.65625 0.165625 0.657031 0.166667 0.657031 0.167708 0.657812 0.169792 0.657812 0.170833 0.658594 0.173958 0.658594 0.175 0.659375 0.177083 0.659375 0.178125 0.660156 0.182292 0.660156 0.183333 0.660937 0.191667 0.660937 0.192708 0.661719 0.205208 0.661719 0.20625 0.660937 0.216667 0.660937 0.217708 0.660156 0.226042 0.660156 0.227083 0.659375 0.230208 0.659375 0.23125 0.658594 0.232292 0.658594 0.233333 0.657812 0.236458 0.657812 0.2375 0.657031 0.239583 0.657031 0.240625 0.65625 0.241667 0.65625 0.242708 0.655469 0.244792 0.655469 0.245833 0.654687 0.246875 0.654687 0.247917 0.653906 0.25 0.653906 0.252083 0.652344 0.253125 0.652344 0.254167 0.651562 0.25625 0.651562 0.257292 0.650781 0.258333 0.650781 0.259375 0.65 0.260417 0.65 0.2625 0.648438 0.263542 0.648438 0.264583 0.647656 0.265625 0.647656 0.26875 0.645312 0.269792 0.645312 0.275 0.641406 0.276042 0.641406 0.279167 0.639062 0.279167 0.638281 0.285417 0.633594 0.286458 0.633594 0.286458 0.632812 0.2875 0.632031 0.2875 0.63125 0.290625 0.628906 0.290625 0.628125 0.291667 0.627344 0.292708 0.627344 0.29375 0.626562 0.29375 0.624219 0.294792 0.623437 0.294792 0.622656 0.296875 0.621094 0.296875 0.619531 0.295833 0.619531 0.294792 0.620312 0.29375 0.620312 0.29375 0.621094 0.2875 0.625781 0.286458 0.625781 0.284375 0.627344 0.284375 0.628125 0.283333 0.628906 0.283333 0.629687 0.278125 0.633594 0.277083 0.633594 0.271875 0.6375 0.270833 0.6375 0.266667 0.640625 0.265625 0.640625 0.264583 0.641406 0.263542 0.641406 0.2625 0.642187 0.261458 0.642187 0.260417 0.642969 0.259375 0.642969 0.257292 0.644531 0.255208 0.644531 0.254167 0.645312 0.253125 0.645312 0.252083 0.646094 0.251042 0.646094 0.25 0.646875 0.248958 0.646875 0.247917 0.647656 0.245833 0.647656 0.244792 0.648438 0.242708 0.648438 0.241667 0.649219 0.239583 0.649219 0.238542 0.65 0.2375 0.65 0.236458 0.650781 0.232292 0.650781 0.23125 0.651562 0.228125 0.651562 0.227083 0.652344 0.225 0.652344 0.223958 0.653125 0.221875 0.653125 0.220833 0.653906 0.211458 0.653906 0.210417 0.654687 0.190625 0.654687 0.189583 0.653906 0.180208 0.653906 0.179167 0.653125 0.177083 0.653125 0.176042 0.652344 0.173958 0.652344 0.172917 0.651562 0.171875 0.651562 0.170833 0.650781 0.167708 0.650781 0.166667 0.65 0.165625 0.65 0.164583 0.649219 0.163542 0.649219 0.1625 0.648438 0.161458 0.648438 0.160417 0.647656 0.158333 0.647656 0.155208 0.645312 0.154167 0.645312 0.152083 0.64375 0.151042 0.64375 0.147917 0.641406 0.146875 0.641406 0.145833 0.640625 0.144792 0.640625 0.14375 0.639844 0.14375 0.639062 0.142708 0.638281 0.141667 0.638281 0.140625 0.6375 0.140625 0.636719 0.136458 0.633594 0.136458 0.632812 0.135417 0.632031 0.135417 0.63125 0.134375 0.630469 0.133333 0.630469 0.133333 0.611719 0.135417 0.611719 0.135417 0.610937 0.136458 0.610156 0.136458 0.607812 0.135417 0.607031 0.134375 0.607031 0.133333 0.60625 0.133333 0.611719 0.804405
0 0.297917 0.61875 0.296875 0.619531 0.296875 0.632812 0.294792 0.634375 0.294792 0.635156 0.291667 0.6375 0.291667 0.638281 0.290625 0.639062 0.290625 0.639844 0.289583 0.640625 0.289583 0.641406 0.2875 0.642969 0.2875 0.64375 0.277083 0.651562 0.276042 0.651562 0.270833 0.655469 0.269792 0.655469 0.26875 0.65625 0.267708 0.65625 0.266667 0.657031 0.265625 0.657031 0.263542 0.658594 0.2625 0.658594 0.260417 0.660156 0.259375 0.660156 0.258333 0.660937 0.25625 0.660937 0.254167 0.6625 0.253125 0.6625 0.252083 0.663281 0.251042 0.663281 0.25 0.664062 0.246875 0.664062 0.245833 0.664844 0.244792 0.664844 0.24375 0.665625 0.242708 0.665625 0.241667 0.666406 0.240625 0.666406 0.239583 0.667187 0.233333 0.667187 0.232292 0.667969 0.229167 0.667969 0.228125 0.66875 0.225 0.66875 0.223958 0.669531 0.21875 0.669531 0.217708 0.670312 0.198958 0.670312 0.197917 0.669531 0.19375 0.669531 0.192708 0.66875 0.188542 0.66875 0.1875 0.667969 0.182292 0.667969 0.18125 0.667187 0.179167 0.667187 0.178125 0.666406 0.176042 0.666406 0.175 0.665625 0.173958 0.665625 0.172917 0.664844 0.169792 0.664844 0.16875 0.664062 0.167708 0.664062 0.165625 0.6625 0.164583 0.6625 0.1625 0.660937 0.161458 0.660937 0.159375 0.659375 0.158333 0.659375 0.157292 0.658594 0.15625 0.658594 0.146875 0.651562 0.146875 0.657812 0.15 0.660156 0.15 0.660937 0.155208 0.664844 0.15625 0.664844 0.159375 0.667187 0.160417 0.667187 0.163542 0.669531 0.164583 0.669531 0.165625 0.670312 0.166667 0.670312 0.167708 0.671094 0.16875 0.671094 0.169792 0.671875 0.170833 0.671875 0.171875 0.672656 0.172917 0.672656 0.173958 0.673437 0.176042 0.673437 0.177083 0.674219 0.179167 0.674219 0.180208 0.675 0.183333 0.675 0.184375 0.675781 0.188542 0.675781 0.189583 0.676562 0.19375 0.676562 0.194792 0.677344 0.220833 0.677344 0.221875 0.676562 0.228125 0.676562 0.229167 0.675781 0.232292 0.675781 0.233333 0.675 0.236458 0.675 0.2375 0.674219 0.239583 0.674219 0.240625 0.673437 0.242708 0.673437 0.24375 0.672656 0.246875 0.672656 0.247917 0.671875 0.248958 0.671875 0.25 0.671094 0.251042 0.671094 0.252083 0.670312 0.253125 0.670312 0.254167 0.669531 0.25625 0.669531 0.258333 0.667969 0.259375 0.667969 0.260417 0.667187 0.261458 0.667187 0.2625 0.666406 0.263542 0.666406 0.265625 0.664844 0.266667 0.664844 0.267708 0.664062 0.26875 0.664062 0.269792 0.663281 0.270833 0.663281 0.272917 0.661719 0.273958 0.661719 0.276042 0.660156 0.277083 0.660156 0.294792 0.646875 0.294792 0.646094 0.295833 0.645312 0.295833 0.644531 0.298958 0.642187 0.298958 0.641406 0.3 0.640625 0.3 0.639844 0.301042 0.639062 0.301042 0.638281 0.302083 0.6375 0.302083 0.636719 0.303125 0.635937 0.303125 0.634375 0.304167 0.633594 0.304167 0.632031 0.305208 0.63125 0.305208 0.630469 0.30625 0.629687 0.30625 0.61875 0.775637
0 0.547917 0.582031 0.546875 0.582812 0.546875 0.585156 0.545833 0.585938 0.54375 0.585938 0.542708 0.586719 0.542708 0.5875 0.541667 0.588281 0.541667 0.589062 0.5375 0.592187 0.5375 0.59375 0.536458 0.594531 0.536458 0.597656 0.535417 0.598437 0.535417 0.604687 0.534375 0.605469 0.534375 0.60625 0.533333 0.607031 0.533333 0.607812 0.532292 0.608594 0.532292 0.609375 0.53125 0.610156 0.53125 0.614062 0.530208 0.614844 0.530208 0.617188 0.529167 0.617969 0.529167 0.620312 0.528125 0.621094 0.528125 0.622656 0.526042 0.624219 0.526042 0.625781 0.525 0.626562 0.525 0.638281 0.523958 0.639062 0.523958 0.641406 0.522917 0.642187 0.522917 0.65 0.523958 0.650781 0.523958 0.652344 0.526042 0.653906 0.526042 0.654687 0.528125 0.65625 0.528125 0.657031 0.530208 0.658594 0.530208 0.659375 0.532292 0.660937 0.532292 0.661719 0.535417 0.664062 0.535417 0.664844 0.5375 0.666406 0.538542 0.666406 0.540625 0.667969 0.540625 0.66875 0.541667 0.66875 0.545833 0.671875 0.547917 0.671875 0.55 0.673437 0.55 0.674219 0.552083 0.674219 0.553125 0.675 0.554167 0.675 0.557292 0.677344 0.558333 0.677344 0.559375 0.678125 0.561458 0.678125 0.5625 0.678906 0.563542 0.678906 0.565625 0.680469 0.567708 0.680469 0.56875 0.68125 0.569792 0.68125 0.570833 0.682031 0.576042 0.682031 0.578125 0.683594 0.579167 0.683594 0.580208 0.684375 0.632292 0.684375 0.633333 0.683594 0.634375 0.683594 0.635417 0.682812 0.6375 0.682812 0.638542 0.682031 0.64375 0.682031 0.644792 0.68125 0.645833 0.68125 0.647917 0.679688 0.651042 0.679688 0.652083 0.678906 0.653125 0.678906 0.65625 0.676562 0.658333 0.676562 0.659375 0.675781 0.660417 0.675781 0.6625 0.674219 0.663542 0.674219 0.667708 0.671094 0.667708 0.670312 0.672917 0.666406 0.672917 0.665625 0.676042 0.663281 0.676042 0.661719 0.679167 0.659375 0.679167 0.658594 0.680208 0.657812 0.680208 0.65625 0.68125 0.655469 0.68125 0.654687 0.682292 0.653906 0.682292 0.652344 0.683333 0.651562 0.683333 0.649219 0.684375 0.648438 0.684375 0.646094 0.685417 0.645312 0.685417 0.64375 0.686458 0.642969 0.686458 0.630469 0.685417 0.629687 0.685417 0.627344 0.684375 0.626562 0.684375 0.624219 0.683333 0.623437 0.683333 0.621875 0.682292 0.621094 0.682292 0.619531 0.68125 0.61875 0.68125 0.617969 0.680208 0.617188 0.680208 0.616406 0.679167 0.615625 0.679167 0.614844 0.678125 0.614062 0.678125 0.613281 0.675 0.610937 0.675 0.610156 0.672917 0.608594 0.672917 0.607812 0.66875 0.604687 0.66875 0.603906 0.658333 0.596094 0.657292 0.596094 0.65625 0.595312 0.655208 0.595312 0.653125 0.59375 0.652083 0.59375 0.651042 0.592969 0.65 0.592969 0.648958 0.592187 0.647917 0.592187 0.646875 0.591406 0.645833 0.591406 0.64375 0.589844 0.642708 0.589844 0.641667 0.589062 0.640625 0.589062 0.639583 0.588281 0.638542 0.588281 0.6375 0.5875 0.636458 0.5875 0.635417 0.586719 0.634375 0.586719 0.632292 0.585156 0.630208 0.585156 0.629167 0.584375 0.628125 0.584375 0.627083 0.583594 0.623958 0.583594 0.622917 0.582812 0.617708 0.582812 0.616667 0.582031 0.566667 0.582031 0.565625 0.582812 0.561458 0.582812 0.560417 0.583594 0.555208 0.583594 0.554167 0.582812 0.553125 0.582812 0.552083 0.582031 0.695637
0 0.54375 0.553125 0.542708 0.553906 0.542708 0.555469 0.541667 0.55625 0.541667 0.557812 0.540625 0.558594 0.540625 0.559375 0.538542 0.560937 0.538542 0.5625 0.5375 0.563281 0.5375 0.564062 0.536458 0.564844 0.535417 0.564844 0.534375 0.565625 0.534375 0.566406 0.533333 0.567187 0.533333 0.567969 0.532292 0.56875 0.53125 0.56875 0.530208 0.569531 0.530208 0.570312 0.528125 0.571875 0.526042 0.571875 0.523958 0.573437 0.522917 0.573437 0.519792 0.575781 0.51875 0.575781 0.515625 0.578125 0.514583 0.578125 0.513542 0.578906 0.5125 0.578906 0.511458 0.579687 0.510417 0.579687 0.508333 0.58125 0.507292 0.58125 0.50625 0.582031 0.504167 0.582031 0.503125 0.582812 0.502083 0.582812 0.5 0.584375 0.498958 0.584375 0.497917 0.585156 0.494792 0.585156 0.49375 0.585938 0.491667 0.585938 0.490625 0.586719 0.489583 0.586719 0.488542 0.5875 0.4875 0.5875 0.486458 0.588281 0.48125 0.588281 0.480208 0.589062 0.477083 0.589062 0.476042 0.589844 0.475 0.589844 0.473958 0.590625 0.470833 0.590625 0.469792 0.591406 0.425 0.591406 0.423958 0.590625 0.421875 0.590625 0.420833 0.589844 0.419792 0.589844 0.41875 0.589062 0.416667 0.589062 0.415625 0.588281 0.411458 0.588281 0.410417 0.5875 0.408333 0.5875 0.407292 0.586719 0.40625 0.586719 0.405208 0.585938 0.403125 0.585938 0.402083 0.585156 0.398958 0.585156 0.397917 0.584375 0.396875 0.584375 0.395833 0.583594 0.394792 0.583594 0.392708 0.582031 0.390625 0.582031 0.389583 0.58125 0.388542 0.58125 0.385417 0.578906 0.383333 0.578906 0.382292 0.578125 0.38125 0.578125 0.380208 0.577344 0.380208 0.576562 0.379167 0.576562 0.377083 0.575 0.376042 0.575 0.372917 0.572656 0.371875 0.572656 0.364583 0.567187 0.364583 0.566406 0.363542 0.565625 0.3625 0.565625 0.361458 0.564844 0.361458 0.564062 0.360417 0.563281 0.360417 0.5625 0.359375 0.561719 0.359375 0.560937 0.358333 0.560156 0.358333 0.567187 0.359375 0.567969 0.359375 0.56875 0.363542 0.571875 0.363542 0.572656 0.36875 0.576562 0.369792 0.576562 0.377083 0.582031 0.378125 0.582031 0.38125 0.584375 0.382292 0.584375 0.383333 0.585156 0.384375 0.585156 0.385417 0.585938 0.3875 0.585938 0.389583 0.5875 0.389583 0.588281 0.390625 0.588281 0.391667 0.589062 0.392708 0.589062 0.39375 0.589844 0.394792 0.589844 0.396875 0.591406 0.398958 0.591406 0.4 0.592187 0.402083 0.592187 0.403125 0.592969 0.404167 0.592969 0.405208 0.59375 0.407292 0.59375 0.408333 0.594531 0.410417 0.594531 0.411458 0.595312 0.414583 0.595312 0.415625 0.596094 0.416667 0.596094 0.417708 0.596875 0.419792 0.596875 0.420833 0.597656 0.427083 0.597656 0.428125 0.598437 0.432292 0.598437 0.433333 0.599219 0.438542 0.599219 0.439583 0.6 0.457292 0.6 0.458333 0.599219 0.463542 0.599219 0.464583 0.598437 0.469792 0.598437 0.470833 0.597656 0.477083 0.597656 0.478125 0.596875 0.48125 0.596875 0.482292 0.596094 0.483333 0.596094 0.484375 0.595312 0.4875 0.595312 0.488542 0.594531 0.490625 0.594531 0.491667 0.59375 0.49375 0.59375 0.494792 0.592969 0.495833 0.592969 0.496875 0.592187 0.498958 0.592187 0.5 0.591406 0.501042 0.591406 0.502083 0.590625 0.503125 0.590625 0.504167 0.589844 0.505208 0.589844 0.50625 0.589062 0.507292 0.589062 0.508333 0.588281 0.509375 0.588281 0.5125 0.585938 0.513542 0.585938 0.516667 0.583594 0.517708 0.583594 0.51875 0.582812 0.519792 0.582812 0.521875 0.58125 0.522917 0.58125 0.525 0.579687 0.526042 0.579687 0.536458 0.571875 0.536458 0.571094 0.539583 0.56875 0.539583 0.567969 0.541667 0.566406 0.541667 0.565625 0.542708 0.564844 0.542708 0.564062 0.54375 0.563281 0.54375 0.559375 0.544792 0.558594 0.544792 0.554688 0.54375 0.553906 0.646798
0 0.296875 0.489844 0.296875 0.491406 0.295833 0.492187 0.295833 0.492969 0.292708 0.495312 0.292708 0.497656 0.291667 0.498437 0.291667 0.499219 0.290625 0.5 0.290625 0.500781 0.288542 0.502344 0.288542 0.503125 0.286458 0.504687 0.286458 0.505469 0.284375 0.507031 0.284375 0.507812 0.280208 0.510937 0.280208 0.511719 0.273958 0.516406 0.272917 0.516406 0.26875 0.519531 0.267708 0.519531 0.264583 0.521875 0.263542 0.521875 0.2625 0.522656 0.261458 0.522656 0.260417 0.523438 0.259375 0.523438 0.257292 0.525 0.25625 0.525 0.255208 0.525781 0.254167 0.525781 0.251042 0.528125 0.248958 0.528125 0.247917 0.528906 0.246875 0.528906 0.245833 0.529687 0.244792 0.529687 0.242708 0.53125 0.240625 0.53125 0.239583 0.532031 0.2375 0.532031 0.235417 0.533594 0.234375 0.533594 0.233333 0.534375 0.230208 0.534375 0.229167 0.535156 0.226042 0.535156 0.225 0.535937 0.223958 0.535937 0.222917 0.536719 0.220833 0.536719 0.219792 0.5375 0.215625 0.5375 0.214583 0.538281 0.210417 0.538281 0.209375 0.539062 0.205208 0.539062 0.204167 0.539844 0.196875 0.539844 0.195833 0.540625 0.165625 0.540625 0.164583 0.539844 0.158333 0.539844 0.157292 0.539062 0.153125 0.539062 0.152083 0.538281 0.148958 0.538281 0.147917 0.5375 0.144792 0.5375 0.14375 0.536719 0.142708 0.536719 0.141667 0.535937 0.140625 0.535937 0.139583 0.535156 0.136458 0.535156 0.135417 0.534375 0.133333 0.534375 0.130208 0.532031 0.129167 0.532031 0.128125 0.53125 0.127083 0.53125 0.126042 0.530469 0.125 0.530469 0.11875 0.525781 0.11875 0.524219 0.116667 0.522656 0.115625 0.522656 0.113542 0.521094 0.113542 0.520312 0.110417 0.517969 0.110417 0.517188 0.109375 0.516406 0.108333 0.516406 0.10625 0.514844 0.10625 0.514062 0.105208 0.513281 0.104167 0.514062 0.104167 0.51875 0.105208 0.519531 0.105208 0.520312 0.10625 0.521094 0.10625 0.521875 0.107292 0.522656 0.107292 0.523438 0.1125 0.527344 0.1125 0.528125 0.116667 0.53125 0.116667 0.532031 0.117708 0.532812 0.11875 0.532812 0.122917 0.535937 0.123958 0.535937 0.126042 0.5375 0.127083 0.5375 0.128125 0.538281 0.129167 0.538281 0.130208 0.539062 0.13125 0.539062 0.132292 0.539844 0.133333 0.539844 0.135417 0.541406 0.1375 0.541406 0.138542 0.542187 0.140625 0.542187 0.141667 0.542969 0.142708 0.542969 0.14375 0.54375 0.144792 0.54375 0.145833 0.544531 0.148958 0.544531 0.15 0.545312 0.153125 0.545312 0.154167 0.546094 0.15625 0.546094 0.157292 0.546875 0.158333 0.546875 0.159375 0.547656 0.166667 0.547656 0.167708 0.548437 0.195833 0.548437 0.196875 0.547656 0.208333 0.547656 0.209375 0.546875 0.211458 0.546875 0.2125 0.546094 0.214583 0.546094 0.215625 0.545312 0.21875 0.545312 0.219792 0.544531 0.222917 0.544531 0.223958 0.54375 0.226042 0.54375 0.227083 0.542969 0.228125 0.542969 0.229167 0.542187 0.23125 0.542187 0.232292 0.541406 0.235417 0.541406 0.2375 0.539844 0.239583 0.539844 0.240625 0.539062 0.241667 0.539062 0.242708 0.538281 0.244792 0.538281 0.245833 0.5375 0.246875 0.5375 0.247917 0.536719 0.248958 0.536719 0.25 0.535937 0.251042 0.535937 0.253125 0.534375 0.254167 0.534375 0.255208 0.533594 0.25625 0.533594 0.257292 0.532812 0.258333 0.532812 0.261458 0.530469 0.2625 0.530469 0.263542 0.529687 0.264583 0.529687 0.265625 0.528906 0.266667 0.528906 0.267708 0.528125 0.26875 0.528125 0.269792 0.527344 0.271875 0.527344 0.272917 0.526562 0.272917 0.525781 0.273958 0.525 0.275 0.525 0.276042 0.524219 0.278125 0.524219 0.279167 0.523438 0.28125 0.523438 0.282292 0.522656 0.283333 0.522656 0.284375 0.521875 0.284375 0.521094 0.286458 0.519531 0.2875 0.519531 0.288542 0.51875 0.288542 0.517969 0.289583 0.517188 0.289583 0.514844 0.290625 0.514062 0.290625 0.513281 0.292708 0.511719 0.292708 0.510156 0.29375 0.509375 0.29375 0.507812 0.294792 0.507031 0.294792 0.505469 0.295833 0.504687 0.295833 0.500781 0.296875 0.5 0.296875 0.497656 0.297917 0.496875 0.297917 0.490625 0.619589
0 0.351042 0.589844 0.351042 0.607812 0.353125 0.609375 0.353125 0.610156 0.354167 0.610937 0.354167 0.611719 0.355208 0.6125 0.355208 0.613281 0.35625 0.614062 0.35625 0.615625 0.357292 0.616406 0.357292 0.617188 0.358333 0.617969 0.358333 0.61875 0.3625 0.621875 0.3625 0.622656 0.36875 0.627344 0.369792 0.627344 0.372917 0.629687 0.375 0.629687 0.377083 0.63125 0.377083 0.632031 0.379167 0.632031 0.38125 0.633594 0.382292 0.633594 0.383333 0.634375 0.383333 0.635156 0.389583 0.635156 0.390625 0.634375 0.391667 0.634375 0.392708 0.633594 0.39375 0.634375 0.394792 0.634375 0.395833 0.635156 0.395833 0.635937 0.392708 0.638281 0.391667 0.638281 0.39375 0.638281 0.394792 0.639062 0.397917 0.639062 0.401042 0.636719 0.40625 0.636719 0.407292 0.6375 0.408333 0.6375 0.410417 0.639062 0.410417 0.639844 0.408333 0.641406 0.405208 0.641406 0.411458 0.641406 0.4125 0.642187 0.414583 0.642187 0.415625 0.641406 0.417708 0.641406 0.41875 0.640625 0.419792 0.640625 0.421875 0.642187 0.420833 0.642969 0.419792 0.642969 0.419792 0.64375 0.41875 0.644531 0.455208 0.644531 0.45625 0.64375 0.460417 0.64375 0.461458 0.642969 0.463542 0.642969 0.464583 0.642187 0.466667 0.642187 0.467708 0.641406 0.471875 0.641406 0.473958 0.639844 0.476042 0.639844 0.477083 0.639062 0.479167 0.639062 0.480208 0.638281 0.48125 0.638281 0.482292 0.6375 0.483333 0.6375 0.484375 0.636719 0.485417 0.636719 0.486458 0.635937 0.4875 0.635937 0.489583 0.634375 0.490625 0.634375 0.492708 0.632812 0.494792 0.632812 0.498958 0.629687 0.5 0.629687 0.509375 0.622656 0.510417 0.622656 0.519792 0.615625 0.519792 0.614844 0.521875 0.613281 0.521875 0.611719 0.522917 0.610937 0.522917 0.608594 0.523958 0.607812 0.523958 0.605469 0.522917 0.604687 0.521875 0.604687 0.521875 0.605469 0.520833 0.60625 0.520833 0.607031 0.5125 0.613281 0.5125 0.614062 0.511458 0.614844 0.510417 0.614844 0.50625 0.617969 0.505208 0.617969 0.503125 0.619531 0.502083 0.619531 0.501042 0.620312 0.501042 0.621094 0.5 0.621875 0.498958 0.621875 0.497917 0.622656 0.496875 0.622656 0.495833 0.623437 0.494792 0.623437 0.492708 0.625 0.491667 0.625 0.490625 0.625781 0.488542 0.625781 0.4875 0.626562 0.485417 0.626562 0.483333 0.628125 0.482292 0.628125 0.48125 0.628906 0.476042 0.628906 0.475 0.629687 0.472917 0.629687 0.471875 0.630469 0.470833 0.630469 0.469792 0.63125 0.467708 0.63125 0.466667 0.632031 0.4625 0.632031 0.461458 0.632812 0.421875 0.632812 0.420833 0.632031 0.416667 0.632031 0.415625 0.63125 0.413542 0.63125 0.4125 0.630469 0.410417 0.630469 0.409375 0.629687 0.40625 0.629687 0.405208 0.628906 0.402083 0.628906 0.401042 0.628125 0.398958 0.628125 0.396875 0.626562 0.394792 0.626562 0.39375 0.625781 0.391667 0.625781 0.389583 0.624219 0.388542 0.624219 0.3875 0.623437 0.386458 0.623437 0.385417 0.622656 0.383333 0.622656 0.379167 0.619531 0.378125 0.619531 0.376042 0.617969 0.375 0.617969 0.372917 0.616406 0.371875 0.616406 0.370833 0.615625 0.369792 0.615625 0.36875 0.614844 0.36875 0.613281 0.367708 0.613281 0.365625 0.611719 0.365625 0.610156 0.360417 0.60625 0.360417 0.604687 0.359375 0.603906 0.359375 0.603125 0.357292 0.601562 0.357292 0.600781 0.35625 0.6 0.35625 0.599219 0.355208 0.598437 0.355208 0.597656 0.353125 0.596094 0.353125 0.595312 0.352083 0.594531 0.352083 0.592969 0.351042 0.592187 0.604369
0 0.542708 0.564062 0.542708 0.563281 0.542708 0.564062 0.539583 0.567187 0.539583 0.567969 0.538542 0.56875 0.538542 0.570312 0.5375 0.571094 0.5375 0.571875 0.534375 0.574219 0.534375 0.575 0.526042 0.58125 0.525 0.58125 0.523958 0.582031 0.522917 0.582031 0.51875 0.585156 0.516667 0.585156 0.5125 0.588281 0.511458 0.588281 0.510417 0.589062 0.509375 0.589062 0.507292 0.590625 0.50625 0.590625 0.505208 0.591406 0.504167 0.591406 0.503125 0.592187 0.502083 0.592187 0.5 0.59375 0.497917 0.59375 0.496875 0.594531 0.494792 0.594531 0.49375 0.595312 0.491667 0.595312 0.490625 0.596094 0.489583 0.596094 0.488542 0.596875 0.4875 0.596875 0.486458 0.597656 0.483333 0.597656 0.482292 0.598437 0.477083 0.598437 0.476042 0.599219 0.472917 0.599219 0.471875 0.6 0.467708 0.6 0.466667 0.600781 0.454167 0.600781 0.453125 0.601562 0.444792 0.601562 0.44375 0.600781 0.433333 0.600781 0.432292 0.6 0.428125 0.6 0.427083 0.599219 0.423958 0.599219 0.422917 0.598437 0.417708 0.598437 0.416667 0.597656 0.414583 0.597656 0.413542 0.596875 0.411458 0.596875 0.410417 0.596094 0.409375 0.596094 0.408333 0.595312 0.405208 0.595312 0.404167 0.594531 0.402083 0.594531 0.401042 0.59375 0.398958 0.59375 0.396875 0.592187 0.394792 0.592187 0.39375 0.591406 0.392708 0.591406 0.391667 0.590625 0.390625 0.590625 0.3875 0.588281 0.386458 0.588281 0.384375 0.586719 0.383333 0.586719 0.382292 0.585938 0.38125 0.585938 0.379167 0.584375 0.378125 0.584375 0.377083 0.583594 0.377083 0.582812 0.376042 0.582031 0.375 0.582031 0.371875 0.579687 0.371875 0.578906 0.370833 0.578906 0.369792 0.578125 0.369792 0.577344 0.364583 0.573437 0.364583 0.572656 0.363542 0.571875 0.3625 0.571875 0.361458 0.571094 0.361458 0.570312 0.360417 0.569531 0.360417 0.567969 0.357292 0.565625 0.357292 0.564844 0.35625 0.564062 0.35625 0.563281 0.355208 0.5625 0.355208 0.560937 0.354167 0.560156 0.354167 0.569531 0.357292 0.571875 0.357292 0.573437 0.358333 0.574219 0.358333 0.575 0.359375 0.575781 0.359375 0.576562 0.361458 0.578125 0.361458 0.578906 0.366667 0.582812 0.366667 0.583594 0.36875 0.585156 0.36875 0.585938 0.369792 0.586719 0.370833 0.586719 0.375 0.589844 0.376042 0.589844 0.377083 0.590625 0.378125 0.590625 0.379167 0.591406 0.380208 0.591406 0.385417 0.595312 0.386458 0.595312 0.3875 0.596094 0.389583 0.596094 0.391667 0.597656 0.392708 0.597656 0.39375 0.598437 0.395833 0.598437 0.396875 0.599219 0.397917 0.599219 0.4 0.600781 0.402083 0.600781 0.403125 0.601562 0.40625 0.601562 0.407292 0.602344 0.408333 0.602344 0.409375 0.603125 0.411458 0.603125 0.4125 0.603906 0.415625 0.603906 0.416667 0.604687 0.419792 0.604687 0.420833 0.605469 0.422917 0.605469 0.423958 0.60625 0.426042 0.60625 0.427083 0.607031 0.433333 0.607031 0.434375 0.607812 0.461458 0.607812 0.4625 0.607031 0.46875 0.607031 0.469792 0.60625 0.472917 0.60625 0.473958 0.605469 0.477083 0.605469 0.478125 0.604687 0.48125 0.604687 0.482292 0.603906 0.485417 0.603906 0.486458 0.603125 0.4875 0.603125 0.488542 0.602344 0.490625 0.602344 0.491667 0.601562 0.492708 0.601562 0.49375 0.600781 0.494792 0.600781 0.495833 0.6 0.496875 0.6 0.497917 0.599219 0.498958 0.599219 0.5 0.598437 0.501042 0.598437 0.502083 0.597656 0.503125 0.597656 0.504167 0.596875 0.505208 0.596875 0.50625 0.596094 0.507292 0.596094 0.508333 0.595312 0.509375 0.595312 0.5125 0.592969 0.513542 0.592969 0.514583 0.592187 0.515625 0.592187 0.517708 0.590625 0.51875 0.590625 0.520833 0.589062 0.521875 0.589062 0.525 0.586719 0.526042 0.586719 0.529167 0.584375 0.530208 0.584375 0.53125 0.583594 0.53125 0.582812 0.536458 0.578906 0.536458 0.578125 0.538542 0.576562 0.538542 0.575 0.539583 0.574219 0.539583 0.571094 0.540625 0.570312 0.540625 0.567969 0.539583 0.567187 0.559083
0 0.954167 0.392187 0.95625 0.39375 0.95625 0.394531 0.959375 0.396875 0.959375 0.397656 0.963542 0.400781 0.963542 0.401562 0.967708 0.404687 0.967708 0.405469 0.973958 0.410156 0.973958 0.410937 0.979167 0.414844 0.979167 0.415625 0.982292 0.417969 0.982292 0.41875 0.984375 0.420312 0.984375 0.421094 0.988542 0.424219 0.988542 0.425 0.992708 0.428125 0.992708 0.428906 0.99375 0.429688 0.994792 0.429688 0.997917 0.432031 0.998958 0.432031 0.998958 0.4125 0.995833 0.4125 0.994792 0.411719 0.99375 0.411719 0.991667 0.410156 0.990625 0.410156 0.989583 0.409375 0.9875 0.409375 0.985417 0.407812 0.984375 0.407812 0.983333 0.407031 0.983333 0.40625 0.979167 0.403125 0.978125 0.403125 0.975 0.400781 0.973958 0.400781 0.971875 0.399219 0.971875 0.398438 0.970833 0.398438 0.969792 0.397656 0.96875 0.397656 0.966667 0.396094 0.965625 0.396094 0.960417 0.392187 0.490459
0 0.35625 0.561719 0.35625 0.571875 0.357292 0.572656 0.357292 0.574219 0.358333 0.575 0.358333 0.575781 0.359375 0.576562 0.359375 0.577344 0.365625 0.582031 0.365625 0.583594 0.36875 0.585938 0.36875 0.586719 0.369792 0.5875 0.370833 0.5875 0.375 0.590625 0.377083 0.590625 0.379167 0.592187 0.380208 0.592187 0.38125 0.592969 0.382292 0.592969 0.386458 0.596094 0.3875 0.596094 0.388542 0.596875 0.389583 0.596875 0.390625 0.597656 0.391667 0.597656 0.392708 0.598437 0.39375 0.598437 0.394792 0.599219 0.395833 0.599219 0.396875 0.6 0.398958 0.6 0.4 0.600781 0.401042 0.600781 0.402083 0.601562 0.404167 0.601562 0.405208 0.602344 0.407292 0.602344 0.408333 0.603125 0.410417 0.603125 0.411458 0.603906 0.414583 0.603906 0.415625 0.604687 0.41875 0.604687 0.419792 0.605469 0.421875 0.605469 0.422917 0.60625 0.425 0.60625 0.426042 0.607031 0.432292 0.607031 0.433333 0.607812 0.4625 0.607812 0.463542 0.607031 0.469792 0.607031 0.470833 0.60625 0.473958 0.60625 0.475 0.605469 0.478125 0.605469 0.479167 0.604687 0.482292 0.604687 0.483333 0.603906 0.485417 0.603906 0.486458 0.603125 0.488542 0.603125 0.489583 0.602344 0.491667 0.602344 0.492708 0.601562 0.49375 0.601562 0.494792 0.600781 0.495833 0.600781 0.496875 0.6 0.497917 0.6 0.498958 0.599219 0.5 0.599219 0.501042 0.598437 0.502083 0.598437 0.504167 0.596875 0.50625 0.596875 0.507292 0.596094 0.508333 0.596094 0.510417 0.594531 0.511458 0.594531 0.513542 0.592969 0.514583 0.592969 0.516667 0.591406 0.517708 0.591406 0.520833 0.589062 0.521875 0.589062 0.525 0.586719 0.526042 0.586719 0.530208 0.583594 0.53125 0.583594 0.53125 0.582812 0.5375 0.578125 0.5375 0.577344 0.538542 0.576562 0.538542 0.567187 0.538542 0.569531 0.5375 0.570312 0.5375 0.571094 0.534375 0.573437 0.534375 0.574219 0.533333 0.575 0.533333 0.575781 0.532292 0.576562 0.53125 0.576562 0.53125 0.577344 0.529167 0.578906 0.528125 0.578906 0.523958 0.582031 0.522917 0.582031 0.519792 0.584375 0.51875 0.584375 0.517708 0.585156 0.516667 0.585156 0.515625 0.585938 0.514583 0.585938 0.511458 0.588281 0.510417 0.588281 0.507292 0.590625 0.50625 0.590625 0.505208 0.591406 0.503125 0.591406 0.502083 0.592187 0.501042 0.592187 0.498958 0.59375 0.496875 0.59375 0.495833 0.594531 0.49375 0.594531 0.492708 0.595312 0.490625 0.595312 0.489583 0.596094 0.488542 0.596094 0.4875 0.596875 0.486458 0.596875 0.485417 0.597656 0.482292 0.597656 0.48125 0.598437 0.476042 0.598437 0.475 0.599219 0.470833 0.599219 0.469792 0.6 0.465625 0.6 0.464583 0.600781 0.435417 0.600781 0.434375 0.6 0.430208 0.6 0.429167 0.599219 0.426042 0.599219 0.425 0.598437 0.419792 0.598437 0.41875 0.597656 0.415625 0.597656 0.414583 0.596875 0.4125 0.596875 0.411458 0.596094 0.410417 0.596094 0.409375 0.595312 0.407292 0.595312 0.40625 0.594531 0.403125 0.594531 0.402083 0.59375 0.4 0.59375 0.398958 0.592969 0.397917 0.592969 0.395833 0.591406 0.39375 0.591406 0.392708 0.590625 0.391667 0.590625 0.388542 0.588281 0.3875 0.588281 0.385417 0.586719 0.384375 0.586719 0.383333 0.585938 0.382292 0.585938 0.38125 0.585156 0.380208 0.585156 0.36875 0.576562 0.36875 0.575781 0.364583 0.572656 0.364583 0.571875 0.361458 0.569531 0.361458 0.56875 0.360417 0.567969 0.360417 0.567187 0.359375 0.566406 0.359375 0.565625 0.35625 0.563281 0.408923
0 0.363542 0.607812 0.363542 0.617188 0.364583 0.617188 0.366667 0.61875 0.366667 0.619531 0.367708 0.620312 0.367708 0.622656 0.36875 0.623437 0.371875 0.623437 0.372917 0.624219 0.373958 0.624219 0.375 0.625 0.375 0.625781 0.376042 0.626562 0.378125 0.626562 0.379167 0.627344 0.380208 0.627344 0.382292 0.628906 0.383333 0.628906 0.384375 0.629687 0.385417 0.629687 0.386458 0.630469 0.3875 0.630469 0.389583 0.632031 0.390625 0.632031 0.391667 0.632812 0.395833 0.632812 0.396875 0.633594 0.398958 0.633594 0.401042 0.635156 0.404167 0.635156 0.405208 0.635937 0.409375 0.635937 0.410417 0.636719 0.4125 0.636719 0.413542 0.6375 0.459375 0.6375 0.460417 0.636719 0.463542 0.636719 0.464583 0.635937 0.469792 0.635937 0.470833 0.635156 0.471875 0.635156 0.472917 0.634375 0.473958 0.634375 0.475 0.633594 0.476042 0.633594 0.477083 0.632812 0.480208 0.632812 0.483333 0.630469 0.484375 0.630469 0.485417 0.629687 0.488542 0.629687 0.491667 0.627344 0.497917 0.627344 0.498958 0.626562 0.502083 0.626562 0.507292 0.622656 0.508333 0.622656 0.5125 0.619531 0.513542 0.619531 0.513542 0.61875 0.51875 0.614844 0.51875 0.614062 0.519792 0.613281 0.519792 0.60625 0.519792 0.607031 0.508333 0.615625 0.507292 0.615625 0.503125 0.61875 0.502083 0.61875 0.497917 0.621875 0.496875 0.621875 0.495833 0.622656 0.49375 0.622656 0.490625 0.625 0.488542 0.625 0.4875 0.625781 0.484375 0.625781 0.483333 0.626562 0.482292 0.626562 0.48125 0.627344 0.480208 0.627344 0.479167 0.628125 0.476042 0.628125 0.475 0.628906 0.471875 0.628906 0.470833 0.629687 0.46875 0.629687 0.467708 0.630469 0.466667 0.630469 0.465625 0.63125 0.461458 0.63125 0.460417 0.632031 0.421875 0.632031 0.420833 0.63125 0.417708 0.63125 0.416667 0.630469 0.415625 0.630469 0.414583 0.629687 0.411458 0.629687 0.410417 0.628906 0.40625 0.628906 0.405208 0.628125 0.403125 0.628125 0.402083 0.627344 0.401042 0.627344 0.4 0.626562 0.397917 0.626562 0.396875 0.625781 0.394792 0.625781 0.39375 0.625 0.392708 0.625 0.391667 0.624219 0.390625 0.624219 0.388542 0.622656 0.386458 0.622656 0.385417 0.621875 0.384375 0.621875 0.383333 0.621094 0.382292 0.621094 0.378125 0.617969 0.377083 0.617969 0.373958 0.615625 0.372917 0.615625 0.366667 0.610937 0.366667 0.610156 0.363542 0.607812 0.367708 0.588281 0.36875 0.5875 0.36875 0.585938 0.367708 0.585156 0.365625 0.585156 0.364583 0.584375 0.363542 0.584375 0.363542 0.585156 0.367708 0.588281 0.387938
