0 0.289583 0.280469 0.288542 0.28125 0.286458 0.28125 0.285417 0.282031 0.282292 0.282031 0.28125 0.282812 0.276042 0.282812 0.275 0.283594 0.272917 0.283594 0.271875 0.284375 0.269792 0.284375 0.26875 0.285156 0.266667 0.285156 0.265625 0.285937 0.2625 0.285937 0.261458 0.286719 0.260417 0.286719 0.259375 0.2875 0.258333 0.2875 0.257292 0.288281 0.255208 0.288281 0.254167 0.289062 0.252083 0.289062 0.25 0.290625 0.248958 0.290625 0.247917 0.291406 0.246875 0.291406 0.245833 0.292187 0.24375 0.292187 0.240625 0.294531 0.239583 0.294531 0.2375 0.296094 0.236458 0.296094 0.233333 0.298437 0.232292 0.298437 0.222917 0.305469 0.222917 0.30625 0.220833 0.307812 0.220833 0.308594 0.217708 0.310937 0.217708 0.311719 0.215625 0.313281 0.215625 0.314062 0.214583 0.314844 0.214583 0.330469 0.215625 0.33125 0.215625 0.332031 0.217708 0.333594 0.217708 0.334375 0.21875 0.335156 0.21875 0.336719 0.219792 0.3375 0.219792 0.338281 0.223958 0.341406 0.223958 0.342187 0.230208 0.346875 0.23125 0.346875 0.232292 0.347656 0.233333 0.347656 0.235417 0.349219 0.236458 0.349219 0.238542 0.350781 0.239583 0.350781 0.241667 0.352344 0.242708 0.352344 0.24375 0.353125 0.245833 0.353125 0.246875 0.353906 0.247917 0.353906 0.248958 0.354687 0.25 0.354687 0.251042 0.355469 0.253125 0.355469 0.254167 0.35625 0.25625 0.35625 0.257292 0.357031 0.258333 0.357031 0.259375 0.357812 0.261458 0.357812 0.2625 0.358594 0.265625 0.358594 0.266667 0.359375 0.272917 0.359375 0.273958 0.360156 0.278125 0.360156 0.279167 0.360937 0.284375 0.360937 0.285417 0.361719 0.296875 0.361719 0.297917 0.3625 0.319792 0.3625 0.320833 0.361719 0.334375 0.361719 0.335417 0.360937 0.340625 0.360937 0.341667 0.360156 0.345833 0.360156 0.346875 0.359375 0.351042 0.359375 0.352083 0.358594 0.357292 0.358594 0.358333 0.357812 0.361458 0.357812 0.3625 0.357031 0.364583 0.357031 0.365625 0.35625 0.367708 0.35625 0.36875 0.355469 0.371875 0.355469 0.372917 0.354687 0.373958 0.354687 0.375 0.353906 0.376042 0.353906 0.377083 0.353125 0.379167 0.353125 0.380208 0.352344 0.382292 0.352344 0.383333 0.351562 0.384375 0.351562 0.385417 0.350781 0.386458 0.350781 0.3875 0.35 0.389583 0.35 0.391667 0.348437 0.392708 0.348437 0.39375 0.347656 0.394792 0.347656 0.395833 0.346875 0.396875 0.346875 0.398958 0.345312 0.4 0.345312 0.403125 0.342969 0.404167 0.342969 0.405208 0.342187 0.40625 0.342187 0.411458 0.338281 0.411458 0.3375 0.415625 0.334375 0.415625 0.333594 0.417708 0.332031 0.417708 0.33125 0.420833 0.328906 0.420833 0.328125 0.421875 0.327344 0.421875 0.325781 0.422917 0.325 0.422917 0.322656 0.423958 0.321875 0.423958 0.315625 0.422917 0.314844 0.422917 0.311719 0.421875 0.310937 0.421875 0.308594 0.420833 0.307812 0.420833 0.307031 0.419792 0.30625 0.419792 0.305469 0.41875 0.304688 0.41875 0.303906 0.417708 0.303125 0.417708 0.302344 0.415625 0.300781 0.415625 0.3 0.408333 0.294531 0.407292 0.294531 0.404167 0.292187 0.403125 0.292187 0.4 0.289844 0.398958 0.289844 0.397917 0.289062 0.396875 0.289062 0.395833 0.288281 0.394792 0.288281 0.39375 0.2875 0.392708 0.2875 0.391667 0.286719 0.390625 0.286719 0.389583 0.285937 0.3875 0.285937 0.386458 0.285156 0.384375 0.285156 0.383333 0.284375 0.38125 0.284375 0.380208 0.283594 0.378125 0.283594 0.377083 0.282812 0.373958 0.282812 0.372917 0.282031 0.370833 0.282031 0.369792 0.28125 0.36875 0.28125 0.367708 0.280469 0.992592
0 0.573958 0.375 0.572917 0.375781 0.569792 0.375781 0.56875 0.376562 0.564583 0.376562 0.563542 0.377344 0.5625 0.377344 0.561458 0.378125 0.559375 0.378125 0.558333 0.378906 0.555208 0.378906 0.554167 0.379687 0.552083 0.379687 0.55 0.38125 0.548958 0.38125 0.547917 0.382031 0.545833 0.382031 0.544792 0.382812 0.54375 0.382812 0.541667 0.384375 0.540625 0.384375 0.538542 0.385937 0.5375 0.385937 0.534375 0.388281 0.533333 0.388281 0.526042 0.39375 0.526042 0.394531 0.522917 0.396875 0.522917 0.397656 0.520833 0.399219 0.520833 0.4 0.519792 0.400781 0.519792 0.401562 0.51875 0.402344 0.51875 0.403125 0.517708 0.403906 0.517708 0.404687 0.516667 0.405469 0.516667 0.419531 0.517708 0.420312 0.517708 0.421094 0.51875 0.421875 0.51875 0.424219 0.519792 0.425 0.519792 0.426562 0.520833 0.427344 0.520833 0.428125 0.522917 0.429688 0.522917 0.430469 0.523958 0.43125 0.523958 0.432031 0.532292 0.438281 0.532292 0.439062 0.533333 0.439844 0.534375 0.439844 0.542708 0.446094 0.54375 0.446094 0.544792 0.446875 0.545833 0.446875 0.546875 0.447656 0.547917 0.447656 0.55 0.449219 0.552083 0.449219 0.553125 0.45 0.554167 0.45 0.55625 0.451562 0.557292 0.451562 0.558333 0.452344 0.561458 0.452344 0.5625 0.453125 0.565625 0.453125 0.566667 0.453906 0.56875 0.453906 0.569792 0.454687 0.570833 0.454687 0.571875 0.455469 0.575 0.455469 0.576042 0.45625 0.579167 0.45625 0.580208 0.457031 0.58125 0.457031 0.582292 0.457812 0.584375 0.457812 0.585417 0.458594 0.590625 0.458594 0.591667 0.459375 0.6 0.459375 0.601042 0.460156 0.633333 0.460156 0.634375 0.459375 0.641667 0.459375 0.642708 0.458594 0.648958 0.458594 0.65 0.457812 0.653125 0.457812 0.654167 0.457031 0.655208 0.457031 0.65625 0.45625 0.659375 0.45625 0.660417 0.455469 0.6625 0.455469 0.663542 0.454687 0.665625 0.454687 0.667708 0.453125 0.66875 0.453125 0.669792 0.452344 0.671875 0.452344 0.672917 0.451562 0.673958 0.451562 0.675 0.450781 0.676042 0.450781 0.678125 0.449219 0.679167 0.449219 0.680208 0.448437 0.68125 0.448437 0.683333 0.446875 0.684375 0.446875 0.6875 0.444531 0.688542 0.444531 0.694792 0.439844 0.694792 0.439062 0.696875 0.4375 0.696875 0.436719 0.698958 0.435156 0.698958 0.434375 0.7 0.433594 0.7 0.432812 0.701042 0.432031 0.701042 0.430469 0.702083 0.429688 0.702083 0.428906 0.703125 0.428125 0.703125 0.427344 0.704167 0.426562 0.704167 0.425 0.705208 0.424219 0.705208 0.414062 0.704167 0.413281 0.704167 0.411719 0.703125 0.410937 0.703125 0.410156 0.702083 0.409375 0.702083 0.408594 0.701042 0.407812 0.701042 0.407031 0.7 0.40625 0.7 0.405469 0.698958 0.404687 0.698958 0.403906 0.696875 0.402344 0.696875 0.401562 0.686458 0.39375 0.685417 0.39375 0.68125 0.390625 0.680208 0.390625 0.677083 0.388281 0.676042 0.388281 0.675 0.3875 0.673958 0.3875 0.671875 0.385937 0.670833 0.385937 0.669792 0.385156 0.66875 0.385156 0.667708 0.384375 0.666667 0.384375 0.664583 0.382812 0.6625 0.382812 0.661458 0.382031 0.659375 0.382031 0.658333 0.38125 0.657292 0.38125 0.65625 0.380469 0.655208 0.380469 0.654167 0.379687 0.652083 0.379687 0.651042 0.378906 0.647917 0.378906 0.646875 0.378125 0.644792 0.378125 0.64375 0.377344 0.641667 0.377344 0.640625 0.376562 0.6375 0.376562 0.636458 0.375781 0.63125 0.375781 0.630208 0.375 0.99201
0 0.435417 0.523438 0.434375 0.524219 0.434375 0.525 0.432292 0.526562 0.432292 0.527344 0.430208 0.528906 0.430208 0.529687 0.426042 0.532812 0.426042 0.533594 0.423958 0.535156 0.422917 0.535156 0.421875 0.535937 0.421875 0.536719 0.419792 0.538281 0.41875 0.538281 0.414583 0.541406 0.413542 0.541406 0.411458 0.542969 0.410417 0.542969 0.408333 0.544531 0.407292 0.544531 0.40625 0.545312 0.405208 0.545312 0.403125 0.546875 0.402083 0.546875 0.401042 0.547656 0.398958 0.547656 0.397917 0.548437 0.396875 0.548437 0.394792 0.55 0.39375 0.55 0.392708 0.550781 0.390625 0.550781 0.389583 0.551562 0.385417 0.551562 0.383333 0.553125 0.382292 0.553125 0.38125 0.553906 0.378125 0.553906 0.377083 0.554688 0.36875 0.554688 0.367708 0.555469 0.365625 0.555469 0.364583 0.55625 0.359375 0.55625 0.358333 0.557031 0.330208 0.557031 0.329167 0.55625 0.326042 0.55625 0.325 0.555469 0.322917 0.555469 0.321875 0.554688 0.313542 0.554688 0.3125 0.553906 0.309375 0.553906 0.308333 0.553125 0.307292 0.553125 0.305208 0.551562 0.302083 0.551562 0.301042 0.550781 0.3 0.550781 0.298958 0.55 0.297917 0.55 0.296875 0.549219 0.295833 0.549219 0.294792 0.548437 0.29375 0.548437 0.292708 0.547656 0.291667 0.547656 0.288542 0.545312 0.2875 0.545312 0.286458 0.544531 0.285417 0.544531 0.28125 0.541406 0.280208 0.541406 0.279167 0.540625 0.278125 0.540625 0.277083 0.539844 0.277083 0.539062 0.276042 0.538281 0.275 0.538281 0.272917 0.536719 0.272917 0.535937 0.271875 0.535156 0.271875 0.534375 0.269792 0.532812 0.269792 0.532031 0.26875 0.53125 0.26875 0.530469 0.26875 0.535937 0.269792 0.536719 0.269792 0.5375 0.270833 0.538281 0.270833 0.539062 0.271875 0.539844 0.271875 0.541406 0.275 0.54375 0.275 0.544531 0.285417 0.552344 0.286458 0.552344 0.288542 0.553906 0.289583 0.553906 0.292708 0.55625 0.29375 0.55625 0.294792 0.557031 0.296875 0.557031 0.297917 0.557812 0.298958 0.557812 0.3 0.558594 0.301042 0.558594 0.302083 0.559375 0.303125 0.559375 0.304167 0.560156 0.308333 0.560156 0.309375 0.560937 0.311458 0.560937 0.3125 0.561719 0.313542 0.561719 0.314583 0.5625 0.315625 0.5625 0.316667 0.563281 0.326042 0.563281 0.327083 0.564062 0.332292 0.564062 0.333333 0.564844 0.3375 0.564844 0.338542 0.565625 0.355208 0.565625 0.35625 0.564844 0.359375 0.564844 0.360417 0.564062 0.366667 0.564062 0.367708 0.563281 0.375 0.563281 0.376042 0.5625 0.377083 0.5625 0.378125 0.561719 0.379167 0.561719 0.380208 0.560937 0.382292 0.560937 0.383333 0.560156 0.388542 0.560156 0.390625 0.558594 0.391667 0.558594 0.392708 0.557812 0.39375 0.557812 0.394792 0.557031 0.396875 0.557031 0.398958 0.555469 0.4 0.555469 0.401042 0.554688 0.402083 0.554688 0.403125 0.553906 0.405208 0.553906 0.408333 0.551562 0.409375 0.551562 0.413542 0.548437 0.414583 0.548437 0.416667 0.546875 0.417708 0.546875 0.420833 0.544531 0.421875 0.544531 0.421875 0.54375 0.429167 0.538281 0.429167 0.5375 0.430208 0.536719 0.430208 0.535937 0.432292 0.534375 0.432292 0.533594 0.433333 0.532812 0.433333 0.532031 0.434375 0.53125 0.434375 0.529687 0.435417 0.528906 0.435417 0.527344 0.436458 0.526562 0.436458 0.524219 0.976602
0 0.5125 0.505469 0.5125 0.5125 0.513542 0.513281 0.513542 0.514062 0.515625 0.515625 0.515625 0.517188 0.516667 0.517969 0.516667 0.519531 0.517708 0.520312 0.517708 0.521094 0.51875 0.521875 0.51875 0.522656 0.525 0.527344 0.525 0.528125 0.528125 0.530469 0.529167 0.530469 0.536458 0.535937 0.5375 0.535937 0.540625 0.538281 0.541667 0.538281 0.542708 0.539062 0.54375 0.539062 0.544792 0.539844 0.545833 0.539844 0.547917 0.541406 0.55 0.541406 0.551042 0.542187 0.553125 0.542187 0.555208 0.54375 0.55625 0.54375 0.557292 0.544531 0.560417 0.544531 0.561458 0.545312 0.5625 0.545312 0.563542 0.546094 0.564583 0.546094 0.565625 0.546875 0.566667 0.546875 0.567708 0.547656 0.573958 0.547656 0.575 0.548437 0.579167 0.548437 0.580208 0.549219 0.58125 0.549219 0.582292 0.55 0.586458 0.55 0.5875 0.550781 0.601042 0.550781 0.602083 0.551562 0.609375 0.551562 0.610417 0.550781 0.620833 0.550781 0.621875 0.55 0.625 0.55 0.626042 0.549219 0.628125 0.549219 0.629167 0.548437 0.632292 0.548437 0.633333 0.547656 0.638542 0.547656 0.639583 0.546875 0.640625 0.546875 0.641667 0.546094 0.642708 0.546094 0.64375 0.545312 0.645833 0.545312 0.646875 0.544531 0.647917 0.544531 0.648958 0.54375 0.65 0.54375 0.651042 0.542969 0.652083 0.542969 0.653125 0.542187 0.654167 0.542187 0.65625 0.540625 0.657292 0.540625 0.659375 0.539062 0.660417 0.539062 0.664583 0.535937 0.665625 0.535937 0.670833 0.532031 0.670833 0.53125 0.672917 0.529687 0.672917 0.528906 0.673958 0.528125 0.673958 0.527344 0.676042 0.525781 0.676042 0.525 0.677083 0.524219 0.677083 0.521875 0.673958 0.524219 0.672917 0.524219 0.671875 0.525 0.671875 0.525781 0.670833 0.526562 0.669792 0.526562 0.665625 0.529687 0.664583 0.529687 0.661458 0.532031 0.660417 0.532031 0.659375 0.532812 0.658333 0.532812 0.657292 0.533594 0.65625 0.533594 0.654167 0.535156 0.653125 0.535156 0.652083 0.535937 0.65 0.535937 0.648958 0.536719 0.647917 0.536719 0.646875 0.5375 0.645833 0.5375 0.644792 0.538281 0.64375 0.538281 0.642708 0.539062 0.638542 0.539062 0.6375 0.539844 0.634375 0.539844 0.633333 0.540625 0.632292 0.540625 0.63125 0.541406 0.629167 0.541406 0.628125 0.542187 0.582292 0.542187 0.58125 0.541406 0.578125 0.541406 0.577083 0.540625 0.575 0.540625 0.573958 0.539844 0.571875 0.539844 0.570833 0.539062 0.566667 0.539062 0.565625 0.538281 0.563542 0.538281 0.5625 0.5375 0.561458 0.5375 0.560417 0.536719 0.559375 0.536719 0.558333 0.535937 0.555208 0.535937 0.554167 0.535156 0.553125 0.535156 0.552083 0.534375 0.551042 0.534375 0.55 0.533594 0.548958 0.533594 0.547917 0.532812 0.546875 0.532812 0.545833 0.532031 0.544792 0.532031 0.542708 0.530469 0.541667 0.530469 0.540625 0.529687 0.539583 0.529687 0.538542 0.528906 0.5375 0.528906 0.530208 0.523438 0.529167 0.523438 0.521875 0.517969 0.521875 0.517188 0.520833 0.517188 0.51875 0.515625 0.51875 0.514844 0.517708 0.514062 0.517708 0.513281 0.516667 0.513281 0.515625 0.5125 0.515625 0.511719 0.514583 0.510937 0.514583 0.508594 0.513542 0.507812 0.513542 0.50625 0.967599
0 0.434375 0.38125 0.434375 0.382812 0.433333 0.383594 0.433333 0.389062 0.432292 0.389844 0.432292 0.392969 0.43125 0.39375 0.43125 0.395312 0.430208 0.396094 0.430208 0.398438 0.428125 0.4 0.428125 0.400781 0.426042 0.402344 0.426042 0.403125 0.423958 0.404687 0.423958 0.405469 0.413542 0.413281 0.4125 0.413281 0.408333 0.416406 0.407292 0.416406 0.404167 0.41875 0.402083 0.41875 0.401042 0.419531 0.398958 0.419531 0.397917 0.420312 0.396875 0.420312 0.394792 0.421875 0.392708 0.421875 0.391667 0.422656 0.389583 0.422656 0.388542 0.423437 0.386458 0.423437 0.385417 0.424219 0.384375 0.424219 0.383333 0.425 0.38125 0.425 0.380208 0.425781 0.377083 0.425781 0.376042 0.426562 0.371875 0.426562 0.370833 0.427344 0.36875 0.427344 0.367708 0.428125 0.365625 0.428125 0.364583 0.428906 0.359375 0.428906 0.358333 0.429688 0.348958 0.429688 0.347917 0.430469 0.336458 0.430469 0.335417 0.43125 0.323958 0.43125 0.322917 0.430469 0.309375 0.430469 0.308333 0.429688 0.3 0.429688 0.298958 0.428906 0.291667 0.428906 0.290625 0.428125 0.2875 0.428125 0.286458 0.427344 0.285417 0.427344 0.284375 0.426562 0.282292 0.426562 0.28125 0.425781 0.278125 0.425781 0.277083 0.425 0.275 0.425 0.272917 0.423437 0.271875 0.423437 0.270833 0.422656 0.26875 0.422656 0.267708 0.421875 0.266667 0.421875 0.264583 0.420312 0.263542 0.420312 0.2625 0.419531 0.261458 0.419531 0.259375 0.417969 0.258333 0.417969 0.25625 0.416406 0.253125 0.416406 0.253125 0.417187 0.255208 0.41875 0.255208 0.419531 0.25625 0.420312 0.257292 0.420312 0.259375 0.421875 0.259375 0.422656 0.260417 0.423437 0.261458 0.423437 0.265625 0.426562 0.266667 0.426562 0.269792 0.428906 0.270833 0.428906 0.271875 0.429688 0.273958 0.429688 0.277083 0.432031 0.279167 0.432031 0.280208 0.432812 0.282292 0.432812 0.283333 0.433594 0.284375 0.433594 0.285417 0.434375 0.286458 0.434375 0.2875 0.435156 0.290625 0.435156 0.291667 0.435937 0.294792 0.435937 0.295833 0.436719 0.296875 0.436719 0.297917 0.4375 0.3 0.4375 0.301042 0.438281 0.3125 0.438281 0.313542 0.439062 0.322917 0.439062 0.323958 0.439844 0.332292 0.439844 0.333333 0.440625 0.335417 0.440625 0.336458 0.439844 0.347917 0.439844 0.348958 0.439062 0.35625 0.439062 0.357292 0.438281 0.367708 0.438281 0.36875 0.4375 0.370833 0.4375 0.371875 0.436719 0.373958 0.436719 0.375 0.435937 0.378125 0.435937 0.379167 0.435156 0.383333 0.435156 0.384375 0.434375 0.385417 0.434375 0.386458 0.433594 0.3875 0.433594 0.388542 0.432812 0.390625 0.432812 0.391667 0.432031 0.39375 0.432031 0.394792 0.43125 0.395833 0.43125 0.396875 0.430469 0.397917 0.430469 0.398958 0.429688 0.4 0.429688 0.401042 0.428906 0.402083 0.428906 0.404167 0.427344 0.405208 0.427344 0.40625 0.426562 0.407292 0.426562 0.408333 0.425781 0.409375 0.425781 0.4125 0.423437 0.413542 0.423437 0.416667 0.421094 0.417708 0.421094 0.419792 0.419531 0.420833 0.419531 0.428125 0.414062 0.428125 0.413281 0.430208 0.411719 0.430208 0.410937 0.432292 0.409375 0.432292 0.408594 0.433333 0.407812 0.433333 0.407031 0.434375 0.40625 0.434375 0.405469 0.435417 0.404687 0.435417 0.403906 0.436458 0.403125 0.436458 0.402344 0.4375 0.401562 0.4375 0.398438 0.438542 0.397656 0.438542 0.394531 0.4375 0.39375 0.4375 0.389062 0.436458 0.388281 0.436458 0.385937 0.435417 0.385156 0.435417 0.38125 0.9646
0 0.515625 0.478125 0.515625 0.489062 0.517708 0.490625 0.517708 0.491406 0.519792 0.492969 0.519792 0.49375 0.521875 0.495312 0.521875 0.496094 0.523958 0.497656 0.523958 0.498437 0.532292 0.504687 0.533333 0.504687 0.5375 0.507812 0.538542 0.507812 0.539583 0.508594 0.540625 0.508594 0.542708 0.510156 0.54375 0.510156 0.544792 0.510937 0.545833 0.510937 0.547917 0.5125 0.548958 0.5125 0.55 0.513281 0.551042 0.513281 0.552083 0.514062 0.553125 0.514062 0.554167 0.514844 0.555208 0.514844 0.55625 0.515625 0.558333 0.515625 0.559375 0.516406 0.560417 0.516406 0.561458 0.517188 0.563542 0.517188 0.564583 0.517969 0.566667 0.517969 0.567708 0.51875 0.569792 0.51875 0.570833 0.519531 0.573958 0.519531 0.575 0.520312 0.577083 0.520312 0.578125 0.521094 0.580208 0.521094 0.58125 0.521875 0.584375 0.521875 0.585417 0.522656 0.628125 0.522656 0.629167 0.521875 0.633333 0.521875 0.634375 0.521094 0.636458 0.521094 0.6375 0.520312 0.639583 0.520312 0.640625 0.519531 0.644792 0.519531 0.645833 0.51875 0.646875 0.51875 0.647917 0.517969 0.648958 0.517969 0.65 0.517188 0.652083 0.517188 0.653125 0.516406 0.655208 0.516406 0.658333 0.514062 0.659375 0.514062 0.660417 0.513281 0.661458 0.513281 0.6625 0.5125 0.663542 0.5125 0.665625 0.510937 0.666667 0.510937 0.671875 0.507031 0.672917 0.507031 0.672917 0.50625 0.68125 0.5 0.68125 0.499219 0.682292 0.498437 0.682292 0.497656 0.683333 0.496875 0.683333 0.496094 0.684375 0.495312 0.684375 0.49375 0.685417 0.492969 0.685417 0.488281 0.685417 0.489062 0.684375 0.489844 0.684375 0.490625 0.682292 0.492187 0.68125 0.492187 0.68125 0.492969 0.670833 0.500781 0.669792 0.500781 0.666667 0.503125 0.665625 0.503125 0.664583 0.503906 0.663542 0.503906 0.6625 0.504687 0.661458 0.504687 0.660417 0.505469 0.659375 0.505469 0.658333 0.50625 0.657292 0.50625 0.65625 0.507031 0.655208 0.507031 0.654167 0.507812 0.652083 0.507812 0.651042 0.508594 0.65 0.508594 0.648958 0.509375 0.647917 0.509375 0.646875 0.510156 0.644792 0.510156 0.64375 0.510937 0.6375 0.510937 0.636458 0.511719 0.633333 0.511719 0.632292 0.5125 0.629167 0.5125 0.628125 0.513281 0.622917 0.513281 0.621875 0.514062 0.594792 0.514062 0.59375 0.513281 0.588542 0.513281 0.5875 0.5125 0.584375 0.5125 0.583333 0.511719 0.58125 0.511719 0.580208 0.510937 0.571875 0.510937 0.570833 0.510156 0.56875 0.510156 0.567708 0.509375 0.566667 0.509375 0.565625 0.508594 0.564583 0.508594 0.563542 0.507812 0.560417 0.507812 0.559375 0.507031 0.558333 0.507031 0.557292 0.50625 0.55625 0.50625 0.555208 0.505469 0.553125 0.505469 0.552083 0.504687 0.551042 0.504687 0.55 0.503906 0.547917 0.503906 0.546875 0.503125 0.545833 0.503125 0.54375 0.501562 0.542708 0.501562 0.540625 0.5 0.539583 0.5 0.5375 0.498437 0.536458 0.498437 0.534375 0.496875 0.533333 0.496875 0.527083 0.492187 0.527083 0.491406 0.526042 0.490625 0.525 0.490625 0.523958 0.489844 0.523958 0.489062 0.522917 0.488281 0.522917 0.4875 0.521875 0.486719 0.521875 0.485937 0.519792 0.484375 0.519792 0.483594 0.51875 0.482812 0.51875 0.48125 0.517708 0.480469 0.517708 0.479687 0.516667 0.478906 0.516667 0.478125 0.96397
0 0.260417 0.4625 0.260417 0.466406 0.2625 0.467969 0.2625 0.46875 0.263542 0.469531 0.263542 0.470312 0.264583 0.471094 0.264583 0.471875 0.265625 0.472656 0.265625 0.473437 0.267708 0.475 0.26875 0.475 0.269792 0.475781 0.269792 0.476562 0.270833 0.476562 0.273958 0.478906 0.275 0.478906 0.277083 0.480469 0.278125 0.480469 0.279167 0.48125 0.280208 0.48125 0.282292 0.482812 0.283333 0.482812 0.284375 0.483594 0.285417 0.483594 0.286458 0.484375 0.2875 0.484375 0.289583 0.485937 0.290625 0.485937 0.291667 0.486719 0.29375 0.486719 0.294792 0.4875 0.295833 0.4875 0.296875 0.488281 0.297917 0.488281 0.298958 0.489062 0.3 0.489062 0.301042 0.489844 0.304167 0.489844 0.305208 0.490625 0.3125 0.490625 0.313542 0.491406 0.315625 0.491406 0.316667 0.492187 0.320833 0.492187 0.321875 0.492969 0.364583 0.492969 0.365625 0.492187 0.369792 0.492187 0.370833 0.491406 0.373958 0.491406 0.375 0.490625 0.379167 0.490625 0.380208 0.489844 0.384375 0.489844 0.385417 0.489062 0.3875 0.489062 0.389583 0.4875 0.391667 0.4875 0.392708 0.486719 0.395833 0.486719 0.396875 0.485937 0.397917 0.485937 0.398958 0.485156 0.4 0.485156 0.401042 0.484375 0.402083 0.484375 0.403125 0.483594 0.405208 0.483594 0.40625 0.482812 0.407292 0.482812 0.409375 0.48125 0.410417 0.48125 0.411458 0.480469 0.4125 0.480469 0.413542 0.479687 0.414583 0.479687 0.417708 0.477344 0.41875 0.477344 0.425 0.472656 0.426042 0.472656 0.430208 0.469531 0.430208 0.46875 0.432292 0.467187 0.432292 0.466406 0.433333 0.465625 0.433333 0.464844 0.434375 0.464062 0.434375 0.463281 0.435417 0.4625 0.435417 0.461719 0.436458 0.460937 0.436458 0.460156 0.4375 0.459375 0.4375 0.458594 0.438542 0.457812 0.438542 0.457031 0.439583 0.45625 0.439583 0.455469 0.440625 0.454687 0.440625 0.441406 0.439583 0.440625 0.439583 0.439062 0.438542 0.438281 0.4375 0.438281 0.4375 0.442187 0.436458 0.442969 0.436458 0.444531 0.435417 0.445312 0.435417 0.447656 0.434375 0.448437 0.434375 0.449219 0.433333 0.45 0.433333 0.450781 0.43125 0.452344 0.43125 0.453125 0.430208 0.453906 0.430208 0.454687 0.427083 0.457031 0.427083 0.457812 0.419792 0.463281 0.41875 0.463281 0.413542 0.467187 0.4125 0.467187 0.410417 0.46875 0.409375 0.46875 0.408333 0.469531 0.407292 0.469531 0.404167 0.471875 0.403125 0.471875 0.402083 0.472656 0.401042 0.472656 0.4 0.473437 0.397917 0.473437 0.395833 0.475 0.394792 0.475 0.39375 0.475781 0.391667 0.475781 0.390625 0.476562 0.388542 0.476562 0.3875 0.477344 0.386458 0.477344 0.385417 0.478125 0.383333 0.478125 0.382292 0.478906 0.38125 0.478906 0.380208 0.479687 0.372917 0.479687 0.371875 0.480469 0.36875 0.480469 0.367708 0.48125 0.365625 0.48125 0.364583 0.482031 0.361458 0.482031 0.360417 0.482812 0.352083 0.482812 0.351042 0.483594 0.325 0.483594 0.323958 0.482812 0.315625 0.482812 0.314583 0.482031 0.311458 0.482031 0.310417 0.48125 0.307292 0.48125 0.30625 0.480469 0.303125 0.480469 0.302083 0.479687 0.296875 0.479687 0.295833 0.478906 0.292708 0.478906 0.291667 0.478125 0.290625 0.478125 0.289583 0.477344 0.2875 0.477344 0.286458 0.476562 0.285417 0.476562 0.284375 0.475781 0.283333 0.475781 0.282292 0.475 0.28125 0.475 0.279167 0.473437 0.278125 0.473437 0.277083 0.472656 0.276042 0.472656 0.275 0.471875 0.273958 0.471875 0.270833 0.469531 0.269792 0.469531 0.264583 0.465625 0.2625 0.465625 0.261458 0.464844 0.261458 0.464062 0.260417 0.463281 0.260417 0.4625 0.260417 0.4375 0.261458 0.436719 0.261458 0.435937 0.260417 0.435156 0.260417 0.4375 0.961906
0 0.422917 0.429688 0.422917 0.430469 0.427083 0.430469 0.427083 0.429688 0.428125 0.428906 0.427083 0.428125 0.427083 0.427344 0.423958 0.429688 0.422917 0.429688 0.409375 0.414062 0.413542 0.410937 0.414583 0.410937 0.417708 0.408594 0.41875 0.408594 0.419792 0.407812 0.419792 0.407031 0.425 0.403125 0.425 0.402344 0.427083 0.400781 0.427083 0.4 0.429167 0.398438 0.429167 0.396875 0.430208 0.396094 0.430208 0.394531 0.43125 0.39375 0.43125 0.392187 0.432292 0.391406 0.432292 0.389062 0.433333 0.388281 0.433333 0.375 0.432292 0.374219 0.432292 0.372656 0.43125 0.371875 0.43125 0.371094 0.430208 0.370312 0.430208 0.371094 0.429167 0.371875 0.429167 0.373437 0.428125 0.374219 0.428125 0.375781 0.427083 0.376562 0.427083 0.378125 0.426042 0.378906 0.426042 0.380469 0.425 0.38125 0.425 0.382812 0.423958 0.383594 0.423958 0.384375 0.422917 0.385156 0.422917 0.385937 0.421875 0.386719 0.421875 0.388281 0.420833 0.389062 0.420833 0.389844 0.417708 0.392187 0.417708 0.392969 0.407292 0.400781 0.40625 0.400781 0.402083 0.403906 0.401042 0.403906 0.397917 0.40625 0.396875 0.40625 0.395833 0.407031 0.394792 0.407031 0.39375 0.407812 0.392708 0.407812 0.390625 0.409375 0.389583 0.409375 0.388542 0.410156 0.3875 0.410156 0.386458 0.410937 0.385417 0.410937 0.384375 0.411719 0.382292 0.411719 0.38125 0.4125 0.380208 0.4125 0.379167 0.413281 0.376042 0.413281 0.375 0.414062 0.372917 0.414062 0.371875 0.414844 0.369792 0.414844 0.36875 0.415625 0.366667 0.415625 0.365625 0.416406 0.3625 0.416406 0.361458 0.417187 0.357292 0.417187 0.35625 0.417969 0.351042 0.417969 0.35 0.41875 0.345833 0.41875 0.344792 0.419531 0.3375 0.419531 0.336458 0.420312 0.304167 0.420312 0.303125 0.419531 0.296875 0.419531 0.295833 0.41875 0.288542 0.41875 0.2875 0.417969 0.28125 0.417969 0.280208 0.417187 0.276042 0.417187 0.275 0.416406 0.269792 0.416406 0.266667 0.414062 0.264583 0.414062 0.263542 0.413281 0.260417 0.413281 0.25625 0.410156 0.254167 0.410156 0.252083 0.408594 0.252083 0.407812 0.251042 0.407812 0.25 0.407031 0.248958 0.407031 0.246875 0.405469 0.246875 0.408594 0.247917 0.409375 0.247917 0.410156 0.251042 0.4125 0.252083 0.4125 0.253125 0.413281 0.254167 0.413281 0.255208 0.414062 0.259375 0.414062 0.260417 0.414844 0.261458 0.414844 0.263542 0.416406 0.264583 0.416406 0.267708 0.41875 0.267708 0.419531 0.269792 0.419531 0.270833 0.420312 0.272917 0.420312 0.273958 0.421094 0.275 0.421094 0.277083 0.422656 0.278125 0.422656 0.279167 0.423437 0.280208 0.423437 0.28125 0.424219 0.283333 0.424219 0.284375 0.425 0.286458 0.425 0.2875 0.425781 0.289583 0.425781 0.290625 0.426562 0.294792 0.426562 0.295833 0.427344 0.3 0.427344 0.301042 0.428125 0.309375 0.428125 0.310417 0.428906 0.345833 0.428906 0.346875 0.428125 0.35625 0.428125 0.357292 0.427344 0.361458 0.427344 0.3625 0.426562 0.365625 0.426562 0.366667 0.425781 0.369792 0.425781 0.370833 0.425 0.373958 0.425 0.375 0.424219 0.377083 0.424219 0.378125 0.423437 0.380208 0.423437 0.38125 0.422656 0.383333 0.422656 0.384375 0.421875 0.385417 0.421875 0.386458 0.421094 0.389583 0.421094 0.390625 0.420312 0.392708 0.420312 0.39375 0.419531 0.394792 0.419531 0.395833 0.41875 0.396875 0.41875 0.397917 0.417969 0.398958 0.417969 0.4 0.417187 0.401042 0.417187 0.403125 0.415625 0.404167 0.415625 0.405208 0.414844 0.40625 0.414844 0.407292 0.414062 0.409375 0.414062 0.960816
0 0.353125 0.420312 0.347917 0.420312 0.353125 0.420312 0.3625 0.45 0.361458 0.450781 0.351042 0.450781 0.35 0.451562 0.326042 0.451562 0.325 0.450781 0.313542 0.450781 0.3125 0.45 0.308333 0.45 0.307292 0.449219 0.304167 0.449219 0.303125 0.448437 0.296875 0.448437 0.295833 0.447656 0.29375 0.447656 0.292708 0.446875 0.290625 0.446875 0.288542 0.445312 0.286458 0.445312 0.285417 0.444531 0.283333 0.444531 0.282292 0.44375 0.28125 0.44375 0.280208 0.442969 0.279167 0.442969 0.278125 0.442187 0.277083 0.442187 0.276042 0.441406 0.275 0.441406 0.273958 0.440625 0.272917 0.440625 0.270833 0.439062 0.269792 0.439062 0.26875 0.438281 0.267708 0.438281 0.25625 0.429688 0.25625 0.428906 0.253125 0.426562 0.253125 0.425781 0.252083 0.425 0.252083 0.423437 0.25 0.421875 0.25 0.421094 0.248958 0.420312 0.248958 0.417969 0.25 0.417187 0.25 0.415625 0.248958 0.415625 0.248958 0.432812 0.25 0.432812 0.253125 0.435156 0.253125 0.435937 0.254167 0.436719 0.254167 0.4375 0.257292 0.439844 0.257292 0.440625 0.265625 0.446875 0.266667 0.446875 0.269792 0.449219 0.270833 0.449219 0.272917 0.450781 0.273958 0.450781 0.275 0.451562 0.276042 0.451562 0.277083 0.452344 0.278125 0.452344 0.279167 0.453125 0.280208 0.453125 0.28125 0.453906 0.282292 0.453906 0.283333 0.454687 0.285417 0.454687 0.286458 0.455469 0.2875 0.455469 0.288542 0.45625 0.290625 0.45625 0.291667 0.457031 0.29375 0.457031 0.294792 0.457812 0.297917 0.457812 0.298958 0.458594 0.301042 0.458594 0.302083 0.459375 0.305208 0.459375 0.30625 0.460156 0.316667 0.460156 0.317708 0.460937 0.327083 0.460937 0.328125 0.461719 0.338542 0.461719 0.339583 0.460937 0.351042 0.460937 0.352083 0.460156 0.366667 0.460156 0.367708 0.459375 0.370833 0.459375 0.371875 0.458594 0.373958 0.458594 0.375 0.457812 0.377083 0.457812 0.378125 0.457031 0.38125 0.457031 0.382292 0.45625 0.384375 0.45625 0.385417 0.455469 0.3875 0.455469 0.388542 0.454687 0.389583 0.454687 0.390625 0.453906 0.392708 0.453906 0.39375 0.453125 0.394792 0.453125 0.395833 0.452344 0.396875 0.452344 0.397917 0.451562 0.4 0.451562 0.402083 0.45 0.403125 0.45 0.404167 0.449219 0.405208 0.449219 0.40625 0.448437 0.407292 0.448437 0.408333 0.447656 0.409375 0.447656 0.4125 0.445312 0.413542 0.445312 0.421875 0.439062 0.422917 0.439062 0.422917 0.438281 0.428125 0.434375 0.428125 0.433594 0.43125 0.43125 0.43125 0.430469 0.433333 0.428906 0.433333 0.428125 0.434375 0.427344 0.434375 0.426562 0.435417 0.425781 0.435417 0.424219 0.436458 0.423437 0.436458 0.419531 0.435417 0.41875 0.435417 0.417969 0.434375 0.41875 0.434375 0.420312 0.430208 0.423437 0.430208 0.424219 0.41875 0.432812 0.417708 0.432812 0.417708 0.433594 0.416667 0.434375 0.415625 0.434375 0.413542 0.435937 0.4125 0.435937 0.410417 0.4375 0.409375 0.4375 0.408333 0.438281 0.407292 0.438281 0.40625 0.439062 0.405208 0.439062 0.402083 0.441406 0.4 0.441406 0.398958 0.442187 0.397917 0.442187 0.396875 0.442969 0.395833 0.442969 0.394792 0.44375 0.39375 0.44375 0.392708 0.444531 0.390625 0.444531 0.389583 0.445312 0.3875 0.445312 0.386458 0.446094 0.385417 0.446094 0.384375 0.446875 0.383333 0.446875 0.382292 0.447656 0.379167 0.447656 0.378125 0.448437 0.371875 0.448437 0.370833 0.449219 0.366667 0.449219 0.365625 0.45 0.3625 0.45 0.960243
0 0.43125 0.5 0.430208 0.500781 0.430208 0.502344 0.428125 0.503906 0.427083 0.503906 0.426042 0.504687 0.426042 0.505469 0.422917 0.507812 0.422917 0.508594 0.419792 0.510937 0.41875 0.510937 0.411458 0.516406 0.410417 0.516406 0.409375 0.517188 0.408333 0.517188 0.407292 0.517969 0.40625 0.517969 0.404167 0.519531 0.403125 0.519531 0.402083 0.520312 0.401042 0.520312 0.4 0.521094 0.398958 0.521094 0.396875 0.522656 0.395833 0.522656 0.394792 0.523438 0.392708 0.523438 0.391667 0.524219 0.389583 0.524219 0.388542 0.525 0.3875 0.525 0.385417 0.526562 0.38125 0.526562 0.380208 0.527344 0.378125 0.527344 0.377083 0.528125 0.376042 0.528125 0.375 0.528906 0.373958 0.528906 0.372917 0.529687 0.366667 0.529687 0.365625 0.530469 0.357292 0.530469 0.35625 0.53125 0.352083 0.53125 0.351042 0.532031 0.328125 0.532031 0.327083 0.53125 0.322917 0.53125 0.321875 0.530469 0.313542 0.530469 0.3125 0.529687 0.308333 0.529687 0.307292 0.528906 0.305208 0.528906 0.304167 0.528125 0.302083 0.528125 0.301042 0.527344 0.297917 0.527344 0.296875 0.526562 0.295833 0.526562 0.294792 0.525781 0.292708 0.525781 0.290625 0.524219 0.289583 0.524219 0.288542 0.523438 0.286458 0.523438 0.285417 0.522656 0.284375 0.522656 0.283333 0.521875 0.282292 0.521875 0.279167 0.519531 0.278125 0.519531 0.277083 0.51875 0.276042 0.51875 0.271875 0.515625 0.270833 0.515625 0.265625 0.511719 0.265625 0.510937 0.264583 0.510156 0.264583 0.509375 0.2625 0.507812 0.2625 0.5125 0.263542 0.513281 0.263542 0.514062 0.264583 0.514844 0.264583 0.515625 0.265625 0.516406 0.265625 0.517188 0.271875 0.521875 0.271875 0.522656 0.273958 0.524219 0.275 0.524219 0.279167 0.527344 0.280208 0.527344 0.28125 0.528125 0.282292 0.528125 0.284375 0.529687 0.285417 0.529687 0.286458 0.530469 0.288542 0.530469 0.289583 0.53125 0.290625 0.53125 0.291667 0.532031 0.292708 0.532031 0.29375 0.532812 0.294792 0.532812 0.295833 0.533594 0.297917 0.533594 0.298958 0.534375 0.3 0.534375 0.301042 0.535156 0.304167 0.535156 0.305208 0.535937 0.308333 0.535937 0.309375 0.536719 0.311458 0.536719 0.3125 0.5375 0.314583 0.5375 0.315625 0.538281 0.322917 0.538281 0.323958 0.539062 0.3375 0.539062 0.338542 0.539844 0.339583 0.539062 0.353125 0.539062 0.354167 0.538281 0.3625 0.538281 0.363542 0.5375 0.36875 0.5375 0.369792 0.536719 0.371875 0.536719 0.372917 0.535937 0.375 0.535937 0.376042 0.535156 0.38125 0.535156 0.382292 0.534375 0.385417 0.534375 0.3875 0.532812 0.389583 0.532812 0.390625 0.532031 0.391667 0.532031 0.392708 0.53125 0.39375 0.53125 0.394792 0.530469 0.395833 0.530469 0.396875 0.529687 0.397917 0.529687 0.398958 0.528906 0.4 0.528906 0.402083 0.527344 0.403125 0.527344 0.405208 0.525781 0.40625 0.525781 0.409375 0.523438 0.410417 0.523438 0.4125 0.521875 0.413542 0.521875 0.423958 0.514062 0.423958 0.513281 0.425 0.5125 0.425 0.511719 0.427083 0.510156 0.427083 0.509375 0.429167 0.507812 0.429167 0.507031 0.430208 0.50625 0.430208 0.505469 0.43125 0.504687 0.958219
0 0.511458 0.510156 0.511458 0.524219 0.5125 0.525 0.5125 0.525781 0.514583 0.527344 0.514583 0.528125 0.51875 0.53125 0.51875 0.532031 0.523958 0.535937 0.523958 0.536719 0.526042 0.538281 0.526042 0.539062 0.527083 0.539062 0.536458 0.546094 0.5375 0.546094 0.540625 0.548437 0.541667 0.548437 0.542708 0.549219 0.54375 0.549219 0.544792 0.55 0.545833 0.55 0.546875 0.550781 0.547917 0.550781 0.548958 0.551562 0.55 0.551562 0.551042 0.552344 0.552083 0.552344 0.553125 0.553125 0.554167 0.553125 0.555208 0.553906 0.55625 0.553906 0.557292 0.554688 0.559375 0.554688 0.560417 0.555469 0.5625 0.555469 0.563542 0.55625 0.564583 0.55625 0.565625 0.557031 0.56875 0.557031 0.569792 0.557812 0.572917 0.557812 0.573958 0.558594 0.577083 0.558594 0.578125 0.559375 0.582292 0.559375 0.583333 0.560156 0.61875 0.560156 0.619792 0.559375 0.625 0.559375 0.626042 0.558594 0.628125 0.558594 0.629167 0.557812 0.632292 0.557812 0.633333 0.557031 0.636458 0.557031 0.6375 0.55625 0.639583 0.55625 0.640625 0.555469 0.641667 0.555469 0.642708 0.554688 0.644792 0.554688 0.645833 0.553906 0.646875 0.553906 0.647917 0.553125 0.648958 0.553125 0.65 0.552344 0.651042 0.552344 0.652083 0.551562 0.653125 0.551562 0.655208 0.55 0.65625 0.55 0.659375 0.547656 0.660417 0.547656 0.670833 0.539844 0.670833 0.539062 0.673958 0.536719 0.673958 0.535937 0.675 0.535156 0.675 0.533594 0.676042 0.532812 0.676042 0.530469 0.677083 0.529687 0.676042 0.529687 0.676042 0.530469 0.673958 0.532031 0.672917 0.532031 0.671875 0.532812 0.671875 0.533594 0.669792 0.535156 0.66875 0.535156 0.664583 0.538281 0.663542 0.538281 0.659375 0.541406 0.658333 0.541406 0.657292 0.542187 0.65625 0.542187 0.654167 0.54375 0.653125 0.54375 0.652083 0.544531 0.651042 0.544531 0.65 0.545312 0.647917 0.545312 0.645833 0.546875 0.644792 0.546875 0.64375 0.547656 0.641667 0.547656 0.640625 0.548437 0.635417 0.548437 0.634375 0.549219 0.63125 0.549219 0.630208 0.55 0.628125 0.55 0.627083 0.550781 0.622917 0.550781 0.621875 0.551562 0.6125 0.551562 0.611458 0.552344 0.597917 0.552344 0.596875 0.551562 0.584375 0.551562 0.583333 0.550781 0.580208 0.550781 0.579167 0.55 0.577083 0.55 0.576042 0.549219 0.573958 0.549219 0.572917 0.548437 0.566667 0.548437 0.565625 0.547656 0.563542 0.547656 0.5625 0.546875 0.561458 0.546875 0.560417 0.546094 0.559375 0.546094 0.558333 0.545312 0.555208 0.545312 0.554167 0.544531 0.553125 0.544531 0.552083 0.54375 0.551042 0.54375 0.55 0.542969 0.548958 0.542969 0.547917 0.542187 0.546875 0.542187 0.545833 0.541406 0.54375 0.541406 0.542708 0.540625 0.541667 0.540625 0.539583 0.539062 0.538542 0.539062 0.533333 0.535156 0.532292 0.535156 0.528125 0.532031 0.527083 0.532031 0.525 0.530469 0.525 0.529687 0.521875 0.527344 0.521875 0.526562 0.520833 0.526562 0.51875 0.525 0.51875 0.524219 0.515625 0.521875 0.515625 0.521094 0.514583 0.520312 0.514583 0.517188 0.513542 0.516406 0.513542 0.514844 0.5125 0.514062 0.5125 0.510156 0.956177
0 0.265625 0.528906 0.265625 0.545312 0.266667 0.546094 0.266667 0.546875 0.26875 0.548437 0.26875 0.549219 0.269792 0.55 0.269792 0.550781 0.273958 0.553906 0.273958 0.554688 0.28125 0.560156 0.282292 0.560156 0.286458 0.563281 0.2875 0.563281 0.289583 0.564844 0.290625 0.564844 0.291667 0.565625 0.292708 0.565625 0.29375 0.566406 0.294792 0.566406 0.295833 0.567187 0.296875 0.567187 0.298958 0.56875 0.3 0.56875 0.301042 0.569531 0.304167 0.569531 0.305208 0.570312 0.30625 0.570312 0.307292 0.571094 0.309375 0.571094 0.310417 0.571875 0.3125 0.571875 0.313542 0.572656 0.31875 0.572656 0.319792 0.573437 0.322917 0.573437 0.323958 0.574219 0.365625 0.574219 0.366667 0.573437 0.369792 0.573437 0.370833 0.572656 0.375 0.572656 0.376042 0.571875 0.379167 0.571875 0.380208 0.571094 0.382292 0.571094 0.383333 0.570312 0.384375 0.570312 0.385417 0.569531 0.388542 0.569531 0.389583 0.56875 0.390625 0.56875 0.391667 0.567969 0.392708 0.567969 0.39375 0.567187 0.394792 0.567187 0.395833 0.566406 0.398958 0.566406 0.401042 0.564844 0.403125 0.564844 0.405208 0.563281 0.40625 0.563281 0.410417 0.560156 0.411458 0.560156 0.41875 0.554688 0.419792 0.554688 0.425 0.550781 0.425 0.55 0.426042 0.549219 0.426042 0.548437 0.428125 0.546875 0.429167 0.546875 0.429167 0.545312 0.43125 0.54375 0.43125 0.542969 0.433333 0.541406 0.433333 0.540625 0.434375 0.539844 0.434375 0.539062 0.435417 0.538281 0.435417 0.535937 0.436458 0.535156 0.436458 0.53125 0.435417 0.530469 0.434375 0.53125 0.434375 0.533594 0.433333 0.534375 0.433333 0.535156 0.430208 0.5375 0.430208 0.538281 0.417708 0.547656 0.416667 0.547656 0.4125 0.550781 0.411458 0.550781 0.408333 0.553125 0.407292 0.553125 0.40625 0.553906 0.405208 0.553906 0.404167 0.554688 0.403125 0.554688 0.402083 0.555469 0.401042 0.555469 0.398958 0.557031 0.397917 0.557031 0.396875 0.557812 0.394792 0.557812 0.39375 0.558594 0.392708 0.558594 0.390625 0.560156 0.389583 0.560156 0.388542 0.560937 0.383333 0.560937 0.382292 0.561719 0.380208 0.561719 0.379167 0.5625 0.378125 0.5625 0.377083 0.563281 0.373958 0.563281 0.372917 0.564062 0.363542 0.564062 0.3625 0.564844 0.358333 0.564844 0.357292 0.565625 0.354167 0.565625 0.353125 0.566406 0.339583 0.566406 0.338542 0.565625 0.333333 0.565625 0.332292 0.564844 0.329167 0.564844 0.328125 0.564062 0.317708 0.564062 0.316667 0.563281 0.314583 0.563281 0.313542 0.5625 0.3125 0.5625 0.311458 0.561719 0.309375 0.561719 0.308333 0.560937 0.305208 0.560937 0.304167 0.560156 0.302083 0.560156 0.301042 0.559375 0.3 0.559375 0.297917 0.557812 0.296875 0.557812 0.295833 0.557031 0.29375 0.557031 0.291667 0.555469 0.290625 0.555469 0.289583 0.554688 0.288542 0.554688 0.280208 0.548437 0.279167 0.548437 0.277083 0.546875 0.277083 0.546094 0.271875 0.542187 0.271875 0.541406 0.270833 0.540625 0.270833 0.539844 0.269792 0.539062 0.269792 0.538281 0.26875 0.5375 0.26875 0.535937 0.267708 0.535156 0.267708 0.534375 0.266667 0.533594 0.266667 0.532812 0.265625 0.532031 0.955572
0 0.439583 0.4 0.439583 0.400781 0.438542 0.401562 0.438542 0.403125 0.435417 0.405469 0.435417 0.40625 0.434375 0.407031 0.434375 0.408594 0.43125 0.410937 0.43125 0.411719 0.430208 0.4125 0.430208 0.413281 0.429167 0.414062 0.429167 0.414844 0.41875 0.422656 0.417708 0.422656 0.414583 0.425 0.413542 0.425 0.411458 0.426562 0.410417 0.426562 0.407292 0.428906 0.405208 0.428906 0.404167 0.429688 0.402083 0.429688 0.4 0.43125 0.398958 0.43125 0.397917 0.432031 0.396875 0.432031 0.395833 0.432812 0.392708 0.432812 0.391667 0.433594 0.390625 0.433594 0.389583 0.434375 0.388542 0.434375 0.3875 0.435156 0.386458 0.435156 0.385417 0.435937 0.380208 0.435937 0.379167 0.436719 0.377083 0.436719 0.376042 0.4375 0.375 0.4375 0.373958 0.438281 0.370833 0.438281 0.369792 0.439062 0.364583 0.439062 0.363542 0.439844 0.357292 0.439844 0.35625 0.440625 0.352083 0.440625 0.351042 0.441406 0.341667 0.441406 0.340625 0.442187 0.327083 0.442187 0.326042 0.441406 0.316667 0.441406 0.315625 0.440625 0.309375 0.440625 0.308333 0.439844 0.303125 0.439844 0.302083 0.439062 0.297917 0.439062 0.296875 0.438281 0.294792 0.438281 0.29375 0.4375 0.291667 0.4375 0.290625 0.436719 0.288542 0.436719 0.2875 0.435937 0.285417 0.435937 0.284375 0.435156 0.282292 0.435156 0.28125 0.434375 0.279167 0.434375 0.278125 0.433594 0.277083 0.433594 0.275 0.432031 0.272917 0.432031 0.271875 0.43125 0.270833 0.43125 0.267708 0.428906 0.266667 0.428906 0.2625 0.425781 0.261458 0.425781 0.253125 0.419531 0.253125 0.41875 0.253125 0.425 0.254167 0.425781 0.254167 0.426562 0.259375 0.430469 0.259375 0.43125 0.265625 0.435937 0.266667 0.435937 0.270833 0.439062 0.271875 0.439062 0.272917 0.439844 0.273958 0.439844 0.276042 0.441406 0.277083 0.441406 0.278125 0.442187 0.280208 0.442187 0.28125 0.442969 0.282292 0.442969 0.283333 0.44375 0.284375 0.44375 0.285417 0.444531 0.2875 0.444531 0.288542 0.445312 0.290625 0.445312 0.291667 0.446094 0.292708 0.446094 0.29375 0.446875 0.295833 0.446875 0.296875 0.447656 0.303125 0.447656 0.304167 0.448437 0.308333 0.448437 0.309375 0.449219 0.3125 0.449219 0.313542 0.45 0.321875 0.45 0.322917 0.450781 0.348958 0.450781 0.35 0.45 0.359375 0.45 0.360417 0.449219 0.364583 0.449219 0.365625 0.448437 0.369792 0.448437 0.370833 0.447656 0.378125 0.447656 0.379167 0.446875 0.38125 0.446875 0.382292 0.446094 0.383333 0.446094 0.384375 0.445312 0.3875 0.445312 0.388542 0.444531 0.389583 0.444531 0.390625 0.44375 0.392708 0.44375 0.39375 0.442969 0.394792 0.442969 0.395833 0.442187 0.396875 0.442187 0.397917 0.441406 0.398958 0.441406 0.4 0.440625 0.402083 0.440625 0.404167 0.439062 0.405208 0.439062 0.407292 0.4375 0.408333 0.4375 0.409375 0.436719 0.410417 0.436719 0.411458 0.435937 0.4125 0.435937 0.416667 0.432812 0.417708 0.432812 0.421875 0.429688 0.422917 0.429688 0.429167 0.425 0.429167 0.424219 0.43125 0.422656 0.432292 0.422656 0.432292 0.421875 0.434375 0.420312 0.434375 0.41875 0.435417 0.417969 0.435417 0.416406 0.436458 0.415625 0.436458 0.414844 0.4375 0.414062 0.4375 0.413281 0.438542 0.4125 0.438542 0.410156 0.439583 0.409375 0.95179
0 0.513542 0.492969 0.513542 0.504687 0.514583 0.505469 0.514583 0.507031 0.516667 0.508594 0.516667 0.509375 0.517708 0.510156 0.517708 0.510937 0.519792 0.5125 0.519792 0.513281 0.520833 0.514062 0.520833 0.514844 0.521875 0.515625 0.521875 0.516406 0.53125 0.523438 0.532292 0.523438 0.534375 0.525 0.534375 0.525781 0.535417 0.525781 0.5375 0.527344 0.538542 0.527344 0.540625 0.528906 0.541667 0.528906 0.542708 0.529687 0.54375 0.529687 0.544792 0.530469 0.545833 0.530469 0.547917 0.532031 0.548958 0.532031 0.55 0.532812 0.552083 0.532812 0.553125 0.533594 0.554167 0.533594 0.55625 0.535156 0.559375 0.535156 0.560417 0.535937 0.5625 0.535937 0.563542 0.536719 0.564583 0.536719 0.565625 0.5375 0.567708 0.5375 0.56875 0.538281 0.572917 0.538281 0.573958 0.539062 0.576042 0.539062 0.577083 0.539844 0.579167 0.539844 0.580208 0.540625 0.585417 0.540625 0.586458 0.541406 0.626042 0.541406 0.627083 0.540625 0.629167 0.540625 0.630208 0.539844 0.632292 0.539844 0.633333 0.539062 0.635417 0.539062 0.636458 0.538281 0.639583 0.538281 0.640625 0.5375 0.642708 0.5375 0.64375 0.536719 0.644792 0.536719 0.645833 0.535937 0.646875 0.535937 0.647917 0.535156 0.65 0.535156 0.651042 0.534375 0.652083 0.534375 0.654167 0.532812 0.655208 0.532812 0.65625 0.532031 0.658333 0.532031 0.660417 0.530469 0.661458 0.530469 0.663542 0.528906 0.664583 0.528906 0.664583 0.528125 0.665625 0.527344 0.666667 0.527344 0.677083 0.519531 0.677083 0.51875 0.679167 0.517188 0.679167 0.516406 0.680208 0.515625 0.680208 0.514844 0.68125 0.514062 0.68125 0.511719 0.682292 0.510937 0.682292 0.508594 0.68125 0.507812 0.68125 0.504687 0.680208 0.504687 0.680208 0.50625 0.679167 0.507031 0.679167 0.508594 0.678125 0.509375 0.678125 0.510937 0.675 0.513281 0.675 0.514062 0.671875 0.516406 0.670833 0.516406 0.666667 0.519531 0.665625 0.519531 0.661458 0.522656 0.660417 0.522656 0.658333 0.524219 0.657292 0.524219 0.65625 0.525 0.655208 0.525 0.654167 0.525781 0.653125 0.525781 0.652083 0.526562 0.65 0.526562 0.648958 0.527344 0.647917 0.527344 0.646875 0.528125 0.645833 0.528125 0.644792 0.528906 0.642708 0.528906 0.641667 0.529687 0.6375 0.529687 0.636458 0.530469 0.634375 0.530469 0.633333 0.53125 0.63125 0.53125 0.630208 0.532031 0.621875 0.532031 0.620833 0.532812 0.589583 0.532812 0.588542 0.532031 0.582292 0.532031 0.58125 0.53125 0.578125 0.53125 0.577083 0.530469 0.575 0.530469 0.573958 0.529687 0.56875 0.529687 0.567708 0.528906 0.564583 0.528906 0.563542 0.528125 0.561458 0.528125 0.559375 0.526562 0.557292 0.526562 0.55625 0.525781 0.555208 0.525781 0.554167 0.525 0.553125 0.525 0.552083 0.524219 0.551042 0.524219 0.55 0.523438 0.548958 0.523438 0.547917 0.522656 0.545833 0.522656 0.542708 0.520312 0.541667 0.520312 0.540625 0.519531 0.539583 0.519531 0.538542 0.51875 0.5375 0.51875 0.534375 0.516406 0.533333 0.516406 0.53125 0.514844 0.53125 0.514062 0.530208 0.513281 0.529167 0.513281 0.527083 0.511719 0.527083 0.510937 0.526042 0.510156 0.525 0.510156 0.523958 0.509375 0.523958 0.508594 0.522917 0.507812 0.522917 0.507031 0.519792 0.504687 0.519792 0.503125 0.51875 0.502344 0.51875 0.501562 0.515625 0.499219 0.515625 0.496094 0.514583 0.495312 0.514583 0.492969 0.944926
0 0.438542 0.494531 0.4375 0.495312 0.4375 0.496094 0.435417 0.497656 0.435417 0.499219 0.434375 0.5 0.434375 0.503125 0.433333 0.503906 0.433333 0.505469 0.43125 0.507031 0.43125 0.507812 0.430208 0.508594 0.430208 0.509375 0.427083 0.511719 0.427083 0.5125 0.426042 0.513281 0.426042 0.514062 0.421875 0.517188 0.421875 0.517969 0.419792 0.519531 0.41875 0.519531 0.415625 0.521875 0.414583 0.521875 0.4125 0.523438 0.411458 0.523438 0.408333 0.525781 0.407292 0.525781 0.40625 0.526562 0.405208 0.526562 0.402083 0.528906 0.401042 0.528906 0.4 0.529687 0.397917 0.529687 0.395833 0.53125 0.394792 0.53125 0.39375 0.532031 0.391667 0.532031 0.390625 0.532812 0.388542 0.532812 0.386458 0.534375 0.385417 0.534375 0.384375 0.535156 0.38125 0.535156 0.380208 0.535937 0.376042 0.535937 0.375 0.536719 0.373958 0.536719 0.372917 0.5375 0.370833 0.5375 0.369792 0.538281 0.361458 0.538281 0.360417 0.539062 0.347917 0.539062 0.346875 0.539844 0.328125 0.539844 0.327083 0.539062 0.317708 0.539062 0.316667 0.538281 0.310417 0.538281 0.309375 0.5375 0.308333 0.5375 0.307292 0.536719 0.30625 0.536719 0.305208 0.535937 0.302083 0.535937 0.301042 0.535156 0.297917 0.535156 0.296875 0.534375 0.295833 0.534375 0.29375 0.532812 0.292708 0.532812 0.291667 0.532031 0.288542 0.532031 0.284375 0.528906 0.282292 0.528906 0.28125 0.528125 0.280208 0.528125 0.277083 0.525781 0.275 0.525781 0.271875 0.523438 0.269792 0.523438 0.26875 0.522656 0.271875 0.525 0.271875 0.526562 0.275 0.528906 0.275 0.529687 0.276042 0.529687 0.283333 0.535156 0.284375 0.535156 0.286458 0.536719 0.2875 0.536719 0.288542 0.5375 0.289583 0.5375 0.291667 0.539062 0.292708 0.539062 0.29375 0.539844 0.294792 0.539844 0.295833 0.540625 0.296875 0.540625 0.297917 0.541406 0.298958 0.541406 0.3 0.542187 0.303125 0.542187 0.305208 0.54375 0.30625 0.54375 0.307292 0.544531 0.309375 0.544531 0.310417 0.545312 0.317708 0.545312 0.31875 0.546094 0.321875 0.546094 0.322917 0.546875 0.326042 0.546875 0.327083 0.547656 0.363542 0.547656 0.364583 0.546875 0.366667 0.546875 0.367708 0.546094 0.369792 0.546094 0.370833 0.545312 0.375 0.545312 0.376042 0.544531 0.38125 0.544531 0.382292 0.54375 0.383333 0.54375 0.384375 0.542969 0.386458 0.542969 0.3875 0.542187 0.389583 0.542187 0.390625 0.541406 0.392708 0.541406 0.39375 0.540625 0.394792 0.540625 0.396875 0.539062 0.398958 0.539062 0.4 0.538281 0.402083 0.538281 0.404167 0.536719 0.405208 0.536719 0.40625 0.535937 0.407292 0.535937 0.408333 0.535156 0.409375 0.535156 0.4125 0.532812 0.413542 0.532812 0.420833 0.527344 0.421875 0.527344 0.422917 0.526562 0.422917 0.525781 0.429167 0.521094 0.429167 0.520312 0.43125 0.51875 0.43125 0.517969 0.433333 0.516406 0.433333 0.515625 0.434375 0.514844 0.434375 0.513281 0.435417 0.5125 0.435417 0.511719 0.436458 0.510937 0.436458 0.508594 0.4375 0.507812 0.4375 0.504687 0.438542 0.503906 0.438542 0.499219 0.439583 0.498437 0.439583 0.497656 0.438542 0.496875 0.941917
0 0.521875 0.428125 0.521875 0.4375 0.526042 0.440625 0.526042 0.441406 0.529167 0.44375 0.529167 0.444531 0.535417 0.449219 0.536458 0.449219 0.540625 0.452344 0.541667 0.452344 0.544792 0.454687 0.545833 0.454687 0.546875 0.455469 0.547917 0.455469 0.551042 0.457812 0.553125 0.457812 0.555208 0.459375 0.55625 0.459375 0.557292 0.460156 0.559375 0.460156 0.560417 0.460937 0.561458 0.460937 0.5625 0.461719 0.564583 0.461719 0.565625 0.4625 0.566667 0.4625 0.567708 0.463281 0.56875 0.463281 0.569792 0.464062 0.571875 0.464062 0.572917 0.464844 0.575 0.464844 0.576042 0.465625 0.580208 0.465625 0.58125 0.466406 0.584375 0.466406 0.585417 0.467187 0.5875 0.467187 0.588542 0.467969 0.592708 0.467969 0.59375 0.46875 0.602083 0.46875 0.603125 0.469531 0.634375 0.469531 0.635417 0.46875 0.641667 0.46875 0.642708 0.467969 0.646875 0.467969 0.647917 0.467187 0.65 0.467187 0.651042 0.466406 0.655208 0.466406 0.65625 0.465625 0.658333 0.465625 0.659375 0.464844 0.661458 0.464844 0.6625 0.464062 0.663542 0.464062 0.664583 0.463281 0.666667 0.463281 0.667708 0.4625 0.66875 0.4625 0.669792 0.461719 0.670833 0.461719 0.671875 0.460937 0.672917 0.460937 0.673958 0.460156 0.675 0.460156 0.676042 0.459375 0.677083 0.459375 0.679167 0.457812 0.68125 0.457812 0.684375 0.455469 0.685417 0.455469 0.688542 0.453125 0.689583 0.453125 0.692708 0.450781 0.69375 0.450781 0.696875 0.448437 0.696875 0.447656 0.698958 0.446094 0.698958 0.445312 0.701042 0.44375 0.701042 0.442969 0.702083 0.442187 0.702083 0.440625 0.703125 0.439844 0.703125 0.4375 0.704167 0.436719 0.704167 0.43125 0.702083 0.429688 0.701042 0.430469 0.701042 0.432031 0.7 0.432812 0.7 0.434375 0.698958 0.435156 0.698958 0.435937 0.696875 0.4375 0.696875 0.438281 0.695833 0.439062 0.695833 0.439844 0.685417 0.447656 0.684375 0.447656 0.682292 0.449219 0.68125 0.449219 0.680208 0.45 0.679167 0.45 0.678125 0.450781 0.677083 0.450781 0.675 0.452344 0.673958 0.452344 0.672917 0.453125 0.671875 0.453125 0.670833 0.453906 0.66875 0.453906 0.667708 0.454687 0.666667 0.454687 0.665625 0.455469 0.664583 0.455469 0.663542 0.45625 0.661458 0.45625 0.660417 0.457031 0.657292 0.457031 0.65625 0.457812 0.655208 0.457812 0.654167 0.458594 0.652083 0.458594 0.651042 0.459375 0.647917 0.459375 0.646875 0.460156 0.6375 0.460156 0.636458 0.460937 0.625 0.460937 0.623958 0.461719 0.610417 0.461719 0.609375 0.460937 0.598958 0.460937 0.597917 0.460156 0.588542 0.460156 0.5875 0.459375 0.584375 0.459375 0.583333 0.458594 0.582292 0.458594 0.58125 0.457812 0.579167 0.457812 0.578125 0.457031 0.575 0.457031 0.573958 0.45625 0.570833 0.45625 0.569792 0.455469 0.56875 0.455469 0.567708 0.454687 0.565625 0.454687 0.564583 0.453906 0.560417 0.453906 0.559375 0.453125 0.558333 0.453125 0.557292 0.452344 0.55625 0.452344 0.554167 0.450781 0.553125 0.450781 0.552083 0.45 0.55 0.45 0.547917 0.448437 0.546875 0.448437 0.545833 0.447656 0.544792 0.447656 0.54375 0.446875 0.542708 0.446875 0.539583 0.444531 0.539583 0.44375 0.538542 0.44375 0.528125 0.435937 0.528125 0.435156 0.523958 0.432031 0.523958 0.43125 0.522917 0.430469 0.522917 0.429688 0.521875 0.428906 0.941404
0 0.438542 0.504687 0.438542 0.507812 0.435417 0.510156 0.435417 0.511719 0.434375 0.5125 0.434375 0.514844 0.432292 0.516406 0.432292 0.517188 0.430208 0.51875 0.430208 0.520312 0.427083 0.522656 0.427083 0.523438 0.415625 0.532031 0.414583 0.532031 0.411458 0.534375 0.410417 0.534375 0.408333 0.535937 0.407292 0.535937 0.404167 0.538281 0.402083 0.538281 0.401042 0.539062 0.398958 0.539062 0.397917 0.539844 0.396875 0.539844 0.394792 0.541406 0.39375 0.541406 0.392708 0.542187 0.389583 0.542187 0.388542 0.542969 0.3875 0.542969 0.386458 0.54375 0.385417 0.54375 0.384375 0.544531 0.382292 0.544531 0.38125 0.545312 0.375 0.545312 0.373958 0.546094 0.370833 0.546094 0.369792 0.546875 0.367708 0.546875 0.366667 0.547656 0.3625 0.547656 0.361458 0.548437 0.329167 0.548437 0.328125 0.547656 0.322917 0.547656 0.321875 0.546875 0.31875 0.546875 0.317708 0.546094 0.314583 0.546094 0.313542 0.545312 0.308333 0.545312 0.307292 0.544531 0.30625 0.544531 0.305208 0.54375 0.303125 0.54375 0.301042 0.542187 0.298958 0.542187 0.297917 0.541406 0.295833 0.541406 0.292708 0.539062 0.290625 0.539062 0.289583 0.538281 0.288542 0.538281 0.285417 0.535937 0.284375 0.535937 0.283333 0.535156 0.282292 0.535156 0.280208 0.533594 0.280208 0.532812 0.277083 0.530469 0.276042 0.530469 0.269792 0.525781 0.269792 0.525 0.26875 0.524219 0.26875 0.523438 0.266667 0.523438 0.266667 0.526562 0.267708 0.527344 0.267708 0.528125 0.26875 0.528906 0.26875 0.529687 0.269792 0.530469 0.269792 0.53125 0.270833 0.532031 0.270833 0.532812 0.271875 0.533594 0.271875 0.535156 0.273958 0.536719 0.273958 0.5375 0.276042 0.539062 0.276042 0.539844 0.277083 0.540625 0.277083 0.541406 0.28125 0.541406 0.284375 0.54375 0.285417 0.54375 0.286458 0.544531 0.2875 0.544531 0.288542 0.545312 0.289583 0.545312 0.292708 0.547656 0.29375 0.547656 0.294792 0.548437 0.295833 0.548437 0.296875 0.549219 0.298958 0.549219 0.301042 0.550781 0.304167 0.550781 0.305208 0.551562 0.307292 0.551562 0.308333 0.552344 0.309375 0.552344 0.310417 0.553125 0.3125 0.553125 0.313542 0.553906 0.320833 0.553906 0.321875 0.554688 0.325 0.554688 0.326042 0.555469 0.329167 0.555469 0.330208 0.55625 0.3375 0.55625 0.338542 0.557031 0.352083 0.557031 0.353125 0.55625 0.359375 0.55625 0.360417 0.555469 0.364583 0.555469 0.365625 0.554688 0.36875 0.554688 0.369792 0.553906 0.377083 0.553906 0.378125 0.553125 0.380208 0.553125 0.38125 0.552344 0.382292 0.552344 0.383333 0.551562 0.385417 0.551562 0.386458 0.550781 0.389583 0.550781 0.390625 0.55 0.391667 0.55 0.392708 0.549219 0.39375 0.549219 0.394792 0.548437 0.395833 0.548437 0.396875 0.547656 0.397917 0.547656 0.398958 0.546875 0.401042 0.546875 0.402083 0.546094 0.403125 0.546094 0.405208 0.544531 0.40625 0.544531 0.408333 0.542969 0.409375 0.542969 0.410417 0.542187 0.411458 0.542187 0.4125 0.541406 0.413542 0.541406 0.417708 0.538281 0.41875 0.538281 0.423958 0.534375 0.425 0.534375 0.425 0.533594 0.430208 0.529687 0.430208 0.528906 0.43125 0.528125 0.43125 0.527344 0.432292 0.526562 0.432292 0.525781 0.433333 0.525 0.433333 0.524219 0.434375 0.523438 0.434375 0.522656 0.4375 0.520312 0.4375 0.517969 0.438542 0.517188 0.438542 0.514844 0.439583 0.514062 0.439583 0.507812 0.438542 0.507031 0.941006
0 0.263542 0.532031 0.263542 0.551562 0.264583 0.552344 0.264583 0.553125 0.265625 0.553906 0.265625 0.555469 0.266667 0.55625 0.266667 0.557031 0.26875 0.558594 0.26875 0.559375 0.269792 0.560156 0.269792 0.560937 0.270833 0.561719 0.270833 0.5625 0.276042 0.566406 0.276042 0.567187 0.279167 0.569531 0.280208 0.569531 0.284375 0.572656 0.285417 0.572656 0.288542 0.575 0.289583 0.575 0.290625 0.575781 0.292708 0.575781 0.294792 0.577344 0.295833 0.577344 0.296875 0.578125 0.297917 0.578125 0.298958 0.578906 0.3 0.578906 0.301042 0.579687 0.303125 0.579687 0.305208 0.58125 0.307292 0.58125 0.308333 0.582031 0.3125 0.582031 0.313542 0.582812 0.317708 0.582812 0.31875 0.583594 0.320833 0.583594 0.321875 0.584375 0.325 0.584375 0.326042 0.585156 0.33125 0.585156 0.332292 0.585938 0.353125 0.585938 0.354167 0.585156 0.361458 0.585156 0.3625 0.584375 0.365625 0.584375 0.366667 0.583594 0.369792 0.583594 0.370833 0.582812 0.376042 0.582812 0.377083 0.582031 0.379167 0.582031 0.380208 0.58125 0.382292 0.58125 0.383333 0.580469 0.384375 0.580469 0.385417 0.579687 0.386458 0.579687 0.3875 0.578906 0.388542 0.578906 0.389583 0.578125 0.390625 0.578125 0.391667 0.577344 0.392708 0.577344 0.39375 0.576562 0.394792 0.576562 0.395833 0.575781 0.396875 0.575781 0.397917 0.575 0.398958 0.575 0.4 0.574219 0.401042 0.574219 0.403125 0.572656 0.404167 0.572656 0.405208 0.571875 0.40625 0.571875 0.408333 0.570312 0.409375 0.570312 0.4125 0.567969 0.413542 0.567969 0.419792 0.563281 0.419792 0.5625 0.423958 0.559375 0.423958 0.558594 0.426042 0.557031 0.426042 0.55625 0.428125 0.554688 0.428125 0.553906 0.429167 0.553125 0.429167 0.552344 0.43125 0.550781 0.43125 0.55 0.432292 0.549219 0.432292 0.545312 0.43125 0.544531 0.430208 0.544531 0.430208 0.545312 0.429167 0.546094 0.429167 0.546875 0.4125 0.559375 0.411458 0.559375 0.408333 0.561719 0.407292 0.561719 0.405208 0.563281 0.404167 0.563281 0.402083 0.564844 0.401042 0.564844 0.4 0.565625 0.398958 0.565625 0.396875 0.567187 0.394792 0.567187 0.39375 0.567969 0.391667 0.567969 0.390625 0.56875 0.389583 0.56875 0.388542 0.569531 0.386458 0.569531 0.385417 0.570312 0.384375 0.570312 0.383333 0.571094 0.380208 0.571094 0.379167 0.571875 0.377083 0.571875 0.376042 0.572656 0.373958 0.572656 0.372917 0.573437 0.36875 0.573437 0.367708 0.574219 0.3625 0.574219 0.361458 0.575 0.353125 0.575 0.352083 0.575781 0.336458 0.575781 0.335417 0.575 0.327083 0.575 0.326042 0.574219 0.320833 0.574219 0.319792 0.573437 0.315625 0.573437 0.314583 0.572656 0.313542 0.572656 0.3125 0.571875 0.310417 0.571875 0.309375 0.571094 0.30625 0.571094 0.305208 0.570312 0.304167 0.570312 0.303125 0.569531 0.301042 0.569531 0.3 0.56875 0.298958 0.56875 0.297917 0.567969 0.296875 0.567969 0.294792 0.566406 0.29375 0.566406 0.292708 0.565625 0.291667 0.565625 0.290625 0.564844 0.289583 0.564844 0.285417 0.561719 0.284375 0.561719 0.28125 0.559375 0.280208 0.559375 0.275 0.555469 0.275 0.554688 0.273958 0.553906 0.273958 0.553125 0.270833 0.550781 0.270833 0.549219 0.269792 0.548437 0.269792 0.547656 0.26875 0.546875 0.26875 0.54375 0.267708 0.542969 0.267708 0.542187 0.266667 0.541406 0.267708 0.540625 0.267708 0.5375 0.266667 0.536719 0.266667 0.532031 0.937805
0 0.296875 0.445312 0.3 0.445312 0.296875 0.445312 0.277083 0.439062 0.276042 0.439062 0.428125 0.455469 0.426042 0.457031 0.426042 0.457812 0.417708 0.464062 0.416667 0.464062 0.4125 0.467187 0.411458 0.467187 0.410417 0.467969 0.409375 0.467969 0.407292 0.469531 0.40625 0.469531 0.404167 0.471094 0.403125 0.471094 0.402083 0.471875 0.401042 0.471875 0.4 0.472656 0.398958 0.472656 0.397917 0.473437 0.396875 0.473437 0.395833 0.474219 0.394792 0.474219 0.39375 0.475 0.392708 0.475 0.391667 0.475781 0.389583 0.475781 0.388542 0.476562 0.386458 0.476562 0.385417 0.477344 0.384375 0.477344 0.383333 0.478125 0.38125 0.478125 0.380208 0.478906 0.376042 0.478906 0.375 0.479687 0.370833 0.479687 0.369792 0.480469 0.366667 0.480469 0.365625 0.48125 0.3625 0.48125 0.361458 0.482031 0.357292 0.482031 0.35625 0.482812 0.320833 0.482812 0.319792 0.482031 0.314583 0.482031 0.313542 0.48125 0.311458 0.48125 0.310417 0.480469 0.307292 0.480469 0.30625 0.479687 0.302083 0.479687 0.301042 0.478906 0.296875 0.478906 0.295833 0.478125 0.29375 0.478125 0.292708 0.477344 0.290625 0.477344 0.289583 0.476562 0.2875 0.476562 0.286458 0.475781 0.285417 0.475781 0.284375 0.475 0.283333 0.475 0.28125 0.473437 0.280208 0.473437 0.279167 0.472656 0.278125 0.472656 0.277083 0.471875 0.276042 0.471875 0.273958 0.470312 0.272917 0.470312 0.269792 0.467969 0.26875 0.467969 0.259375 0.460937 0.259375 0.460156 0.401042 0.439062 0.402083 0.438281 0.402083 0.4375 0.404167 0.435937 0.405208 0.435937 0.405208 0.435156 0.403125 0.435156 0.402083 0.434375 0.402083 0.432812 0.401042 0.432812 0.401042 0.435156 0.4 0.435937 0.398958 0.435937 0.397917 0.436719 0.396875 0.436719 0.394792 0.435156 0.392708 0.435156 0.391667 0.435937 0.389583 0.435937 0.389583 0.436719 0.390625 0.4375 0.390625 0.439062 0.389583 0.439844 0.386458 0.439844 0.385417 0.439062 0.379167 0.439062 0.380208 0.439844 0.380208 0.441406 0.377083 0.44375 0.372917 0.44375 0.371875 0.444531 0.36875 0.444531 0.36875 0.445312 0.375 0.445312 0.376042 0.446094 0.377083 0.445312 0.38125 0.445312 0.382292 0.444531 0.383333 0.444531 0.385417 0.442969 0.388542 0.442969 0.389583 0.442187 0.391667 0.442187 0.392708 0.441406 0.39375 0.441406 0.394792 0.440625 0.395833 0.440625 0.396875 0.439844 0.397917 0.439844 0.398958 0.439062 0.401042 0.439062 0.259375 0.460156 0.25625 0.457812 0.25625 0.457031 0.255208 0.45625 0.255208 0.455469 0.254167 0.454687 0.254167 0.448437 0.257292 0.450781 0.257292 0.451562 0.261458 0.454687 0.2625 0.454687 0.266667 0.457812 0.267708 0.457812 0.270833 0.460156 0.271875 0.460156 0.273958 0.461719 0.275 0.461719 0.276042 0.4625 0.277083 0.4625 0.278125 0.463281 0.279167 0.463281 0.280208 0.464062 0.28125 0.464062 0.283333 0.465625 0.285417 0.465625 0.286458 0.466406 0.2875 0.466406 0.288542 0.467187 0.290625 0.467187 0.291667 0.467969 0.29375 0.467969 0.294792 0.46875 0.296875 0.46875 0.297917 0.469531 0.3 0.469531 0.301042 0.470312 0.30625 0.470312 0.307292 0.471094 0.310417 0.471094 0.311458 0.471875 0.315625 0.471875 0.316667 0.472656 0.330208 0.472656 0.33125 0.473437 0.340625 0.473437 0.341667 0.472656 0.353125 0.472656 0.354167 0.471875 0.357292 0.471875 0.358333 0.471094 0.3625 0.471094 0.363542 0.470312 0.370833 0.470312 0.371875 0.469531 0.373958 0.469531 0.375 0.46875 0.377083 0.46875 0.378125 0.467969 0.380208 0.467969 0.38125 0.467187 0.385417 0.467187 0.386458 0.466406 0.388542 0.466406 0.389583 0.465625 0.390625 0.465625 0.391667 0.464844 0.392708 0.464844 0.39375 0.464062 0.395833 0.464062 0.396875 0.463281 0.397917 0.463281 0.4 0.461719 0.401042 0.461719 0.402083 0.460937 0.403125 0.460937 0.404167 0.460156 0.405208 0.460156 0.40625 0.459375 0.407292 0.459375 0.409375 0.457812 0.410417 0.457812 0.414583 0.454687 0.415625 0.454687 0.41875 0.452344 0.419792 0.452344 0.421875 0.450781 0.421875 0.45 0.427083 0.446094 0.427083 0.445312 0.430208 0.442969 0.430208 0.442187 0.434375 0.439062 0.434375 0.435937 0.435417 0.436719 0.435417 0.441406 0.434375 0.442187 0.434375 0.446094 0.433333 0.446875 0.433333 0.448437 0.43125 0.45 0.43125 0.451562 0.430208 0.452344 0.430208 0.453125 0.428125 0.454687 0.428125 0.455469 0.276042 0.439062 0.276042 0.438281 0.277083 0.438281 0.277083 0.439062 0.937505
0 0.51875 0.446094 0.51875 0.453906 0.519792 0.454687 0.519792 0.455469 0.521875 0.457031 0.521875 0.457812 0.523958 0.459375 0.523958 0.460156 0.534375 0.467969 0.535417 0.467969 0.539583 0.471094 0.540625 0.471094 0.542708 0.472656 0.54375 0.472656 0.545833 0.474219 0.546875 0.474219 0.547917 0.475 0.548958 0.475 0.551042 0.476562 0.552083 0.476562 0.554167 0.478125 0.555208 0.478125 0.55625 0.478906 0.559375 0.478906 0.560417 0.479687 0.5625 0.479687 0.563542 0.480469 0.564583 0.480469 0.565625 0.48125 0.566667 0.48125 0.567708 0.482031 0.570833 0.482031 0.571875 0.482812 0.573958 0.482812 0.575 0.483594 0.577083 0.483594 0.578125 0.484375 0.579167 0.484375 0.580208 0.485156 0.591667 0.485156 0.592708 0.485937 0.598958 0.485937 0.6 0.486719 0.604167 0.486719 0.605208 0.4875 0.625 0.4875 0.626042 0.486719 0.63125 0.486719 0.632292 0.485937 0.638542 0.485937 0.639583 0.485156 0.645833 0.485156 0.646875 0.484375 0.647917 0.484375 0.648958 0.483594 0.651042 0.483594 0.652083 0.482812 0.654167 0.482812 0.655208 0.482031 0.657292 0.482031 0.658333 0.48125 0.660417 0.48125 0.6625 0.479687 0.664583 0.479687 0.665625 0.478906 0.667708 0.478906 0.670833 0.476562 0.671875 0.476562 0.673958 0.475 0.675 0.475 0.677083 0.473437 0.678125 0.473437 0.68125 0.471094 0.682292 0.471094 0.685417 0.46875 0.685417 0.467969 0.689583 0.464844 0.689583 0.464062 0.690625 0.463281 0.690625 0.461719 0.692708 0.460156 0.692708 0.458594 0.692708 0.459375 0.691667 0.460156 0.689583 0.460156 0.685417 0.463281 0.684375 0.463281 0.68125 0.465625 0.680208 0.465625 0.678125 0.467187 0.677083 0.467187 0.675 0.46875 0.673958 0.46875 0.672917 0.469531 0.671875 0.469531 0.670833 0.470312 0.669792 0.470312 0.66875 0.471094 0.667708 0.471094 0.665625 0.472656 0.663542 0.472656 0.6625 0.473437 0.660417 0.473437 0.659375 0.474219 0.657292 0.474219 0.65625 0.475 0.655208 0.475 0.654167 0.475781 0.653125 0.475781 0.652083 0.476562 0.645833 0.476562 0.644792 0.477344 0.642708 0.477344 0.641667 0.478125 0.638542 0.478125 0.6375 0.478906 0.633333 0.478906 0.632292 0.479687 0.597917 0.479687 0.596875 0.478906 0.592708 0.478906 0.591667 0.478125 0.588542 0.478125 0.5875 0.477344 0.582292 0.477344 0.58125 0.476562 0.576042 0.476562 0.575 0.475781 0.573958 0.475781 0.572917 0.475 0.571875 0.475 0.570833 0.474219 0.56875 0.474219 0.567708 0.473437 0.563542 0.473437 0.5625 0.472656 0.561458 0.472656 0.560417 0.471875 0.559375 0.471875 0.558333 0.471094 0.557292 0.471094 0.55625 0.470312 0.555208 0.470312 0.554167 0.469531 0.553125 0.469531 0.552083 0.46875 0.551042 0.46875 0.55 0.467969 0.548958 0.467969 0.547917 0.467187 0.546875 0.467187 0.545833 0.466406 0.544792 0.466406 0.540625 0.463281 0.539583 0.463281 0.538542 0.4625 0.5375 0.4625 0.534375 0.460156 0.533333 0.460156 0.530208 0.457812 0.530208 0.457031 0.529167 0.457031 0.527083 0.455469 0.527083 0.454687 0.526042 0.453906 0.525 0.453906 0.522917 0.452344 0.522917 0.451562 0.521875 0.450781 0.521875 0.45 0.519792 0.448437 0.519792 0.447656 0.51875 0.446875 0.937147
0 0.420833 0.330469 0.419792 0.33125 0.41875 0.33125 0.41875 0.332031 0.416667 0.333594 0.416667 0.334375 0.413542 0.336719 0.413542 0.3375 0.40625 0.342969 0.405208 0.342969 0.403125 0.344531 0.402083 0.344531 0.398958 0.346875 0.397917 0.346875 0.396875 0.347656 0.395833 0.347656 0.394792 0.348437 0.39375 0.348437 0.391667 0.35 0.390625 0.35 0.389583 0.350781 0.388542 0.350781 0.3875 0.351562 0.386458 0.351562 0.385417 0.352344 0.384375 0.352344 0.383333 0.353125 0.382292 0.353125 0.38125 0.353906 0.378125 0.353906 0.377083 0.354687 0.376042 0.354687 0.375 0.355469 0.373958 0.355469 0.372917 0.35625 0.370833 0.35625 0.369792 0.357031 0.366667 0.357031 0.365625 0.357812 0.363542 0.357812 0.3625 0.358594 0.360417 0.358594 0.359375 0.359375 0.357292 0.359375 0.35625 0.360156 0.351042 0.360156 0.35 0.360937 0.345833 0.360937 0.344792 0.361719 0.338542 0.361719 0.3375 0.3625 0.328125 0.3625 0.327083 0.363281 0.294792 0.363281 0.29375 0.3625 0.284375 0.3625 0.283333 0.361719 0.277083 0.361719 0.276042 0.360937 0.271875 0.360937 0.270833 0.360156 0.265625 0.360156 0.264583 0.359375 0.261458 0.359375 0.260417 0.358594 0.259375 0.358594 0.258333 0.357812 0.257292 0.357812 0.25625 0.357031 0.254167 0.357031 0.253125 0.35625 0.251042 0.35625 0.25 0.355469 0.248958 0.355469 0.247917 0.354687 0.246875 0.354687 0.245833 0.353906 0.24375 0.353906 0.242708 0.353125 0.241667 0.353125 0.239583 0.351562 0.238542 0.351562 0.236458 0.35 0.235417 0.35 0.234375 0.349219 0.233333 0.349219 0.23125 0.347656 0.230208 0.347656 0.225 0.34375 0.225 0.342969 0.222917 0.341406 0.222917 0.340625 0.220833 0.339062 0.220833 0.338281 0.219792 0.3375 0.219792 0.336719 0.219792 0.349219 0.226042 0.353906 0.227083 0.353906 0.234375 0.359375 0.235417 0.359375 0.236458 0.360156 0.2375 0.360156 0.238542 0.360937 0.239583 0.360937 0.241667 0.3625 0.242708 0.3625 0.244792 0.364062 0.246875 0.364062 0.247917 0.364844 0.248958 0.364844 0.25 0.365625 0.251042 0.365625 0.252083 0.366406 0.254167 0.366406 0.255208 0.367188 0.257292 0.367188 0.258333 0.367969 0.259375 0.367969 0.260417 0.36875 0.2625 0.36875 0.263542 0.369531 0.265625 0.369531 0.266667 0.370312 0.26875 0.370312 0.269792 0.371094 0.272917 0.371094 0.273958 0.371875 0.279167 0.371875 0.280208 0.372656 0.2875 0.372656 0.288542 0.373437 0.295833 0.373437 0.296875 0.374219 0.323958 0.374219 0.325 0.373437 0.332292 0.373437 0.333333 0.372656 0.341667 0.372656 0.342708 0.371875 0.348958 0.371875 0.35 0.371094 0.352083 0.371094 0.353125 0.370312 0.355208 0.370312 0.35625 0.369531 0.359375 0.369531 0.360417 0.36875 0.363542 0.36875 0.364583 0.367969 0.365625 0.367969 0.366667 0.367188 0.367708 0.367188 0.36875 0.366406 0.371875 0.366406 0.372917 0.365625 0.375 0.365625 0.376042 0.364844 0.377083 0.364844 0.378125 0.364062 0.379167 0.364062 0.380208 0.363281 0.382292 0.363281 0.383333 0.3625 0.384375 0.3625 0.385417 0.361719 0.386458 0.361719 0.3875 0.360937 0.388542 0.360937 0.389583 0.360156 0.390625 0.360156 0.391667 0.359375 0.392708 0.359375 0.394792 0.357812 0.395833 0.357812 0.396875 0.357031 0.397917 0.357031 0.401042 0.354687 0.402083 0.354687 0.405208 0.352344 0.40625 0.352344 0.413542 0.346875 0.413542 0.346094 0.416667 0.34375 0.416667 0.342969 0.419792 0.340625 0.419792 0.339062 0.420833 0.338281 0.932419
0 0.422917 0.346094 0.422917 0.347656 0.421875 0.348437 0.421875 0.350781 0.420833 0.351562 0.420833 0.352344 0.419792 0.353125 0.419792 0.353906 0.417708 0.355469 0.417708 0.35625 0.414583 0.358594 0.414583 0.359375 0.40625 0.365625 0.405208 0.365625 0.403125 0.367188 0.402083 0.367188 0.398958 0.369531 0.397917 0.369531 0.396875 0.370312 0.395833 0.370312 0.39375 0.371875 0.392708 0.371875 0.391667 0.372656 0.390625 0.372656 0.389583 0.373437 0.388542 0.373437 0.3875 0.374219 0.386458 0.374219 0.385417 0.375 0.384375 0.375 0.383333 0.375781 0.382292 0.375781 0.38125 0.376562 0.380208 0.376562 0.379167 0.377344 0.377083 0.377344 0.376042 0.378125 0.375 0.378125 0.372917 0.379687 0.36875 0.379687 0.367708 0.380469 0.364583 0.380469 0.363542 0.38125 0.361458 0.38125 0.360417 0.382031 0.358333 0.382031 0.357292 0.382812 0.353125 0.382812 0.352083 0.383594 0.347917 0.383594 0.346875 0.384375 0.344792 0.384375 0.34375 0.385156 0.340625 0.385156 0.339583 0.385937 0.328125 0.385937 0.327083 0.386719 0.301042 0.386719 0.3 0.385937 0.285417 0.385937 0.284375 0.385156 0.28125 0.385156 0.280208 0.384375 0.277083 0.384375 0.276042 0.383594 0.272917 0.383594 0.271875 0.382812 0.267708 0.382812 0.266667 0.382031 0.264583 0.382031 0.263542 0.38125 0.2625 0.38125 0.261458 0.380469 0.259375 0.380469 0.258333 0.379687 0.255208 0.379687 0.254167 0.378906 0.253125 0.378906 0.252083 0.378125 0.251042 0.378125 0.25 0.377344 0.248958 0.377344 0.247917 0.376562 0.246875 0.376562 0.244792 0.375 0.24375 0.375 0.242708 0.374219 0.241667 0.374219 0.239583 0.372656 0.238542 0.372656 0.234375 0.369531 0.233333 0.369531 0.225 0.363281 0.225 0.36875 0.226042 0.369531 0.226042 0.370312 0.227083 0.371094 0.227083 0.371875 0.228125 0.372656 0.229167 0.372656 0.23125 0.374219 0.23125 0.375 0.233333 0.376562 0.233333 0.377344 0.234375 0.377344 0.236458 0.378906 0.236458 0.379687 0.241667 0.383594 0.241667 0.385156 0.246875 0.389062 0.247917 0.389062 0.248958 0.388281 0.25 0.388281 0.251042 0.3875 0.252083 0.388281 0.254167 0.388281 0.255208 0.389062 0.25625 0.389062 0.257292 0.389844 0.260417 0.389844 0.261458 0.390625 0.2625 0.390625 0.263542 0.391406 0.267708 0.391406 0.26875 0.392187 0.269792 0.392187 0.270833 0.392969 0.271875 0.392969 0.272917 0.39375 0.276042 0.39375 0.277083 0.394531 0.283333 0.394531 0.284375 0.395312 0.283333 0.396094 0.277083 0.396094 0.276042 0.396875 0.273958 0.396875 0.332292 0.396875 0.333333 0.396094 0.338542 0.396094 0.339583 0.395312 0.34375 0.395312 0.344792 0.394531 0.352083 0.394531 0.353125 0.39375 0.35625 0.39375 0.357292 0.392969 0.359375 0.392969 0.360417 0.392187 0.363542 0.392187 0.364583 0.391406 0.367708 0.391406 0.36875 0.390625 0.370833 0.390625 0.371875 0.389844 0.373958 0.389844 0.375 0.389062 0.376042 0.389062 0.377083 0.388281 0.380208 0.388281 0.38125 0.3875 0.382292 0.3875 0.384375 0.385937 0.385417 0.385937 0.386458 0.385156 0.388542 0.385156 0.389583 0.384375 0.390625 0.384375 0.391667 0.383594 0.392708 0.383594 0.39375 0.382812 0.394792 0.382812 0.395833 0.382031 0.396875 0.382031 0.398958 0.380469 0.4 0.380469 0.402083 0.378906 0.403125 0.378906 0.40625 0.376562 0.407292 0.376562 0.414583 0.371094 0.414583 0.370312 0.415625 0.369531 0.415625 0.36875 0.41875 0.366406 0.41875 0.365625 0.419792 0.364844 0.419792 0.363281 0.420833 0.3625 0.420833 0.361719 0.421875 0.360937 0.421875 0.360156 0.423958 0.358594 0.423958 0.346875 0.928708
0 0.514583 0.4625 0.514583 0.476562 0.515625 0.477344 0.515625 0.478125 0.516667 0.478906 0.516667 0.479687 0.517708 0.480469 0.517708 0.48125 0.519792 0.482812 0.519792 0.483594 0.521875 0.485156 0.521875 0.485937 0.523958 0.4875 0.523958 0.488281 0.535417 0.496875 0.536458 0.496875 0.539583 0.499219 0.540625 0.499219 0.54375 0.501562 0.544792 0.501562 0.545833 0.502344 0.546875 0.502344 0.547917 0.503125 0.548958 0.503125 0.55 0.503906 0.552083 0.503906 0.553125 0.504687 0.554167 0.504687 0.555208 0.505469 0.557292 0.505469 0.558333 0.50625 0.559375 0.50625 0.560417 0.507031 0.5625 0.507031 0.563542 0.507812 0.565625 0.507812 0.566667 0.508594 0.567708 0.508594 0.56875 0.509375 0.570833 0.509375 0.571875 0.510156 0.578125 0.510156 0.579167 0.510937 0.583333 0.510937 0.584375 0.511719 0.5875 0.511719 0.588542 0.5125 0.591667 0.5125 0.592708 0.513281 0.625 0.513281 0.626042 0.5125 0.629167 0.5125 0.630208 0.511719 0.632292 0.511719 0.633333 0.510937 0.6375 0.510937 0.638542 0.510156 0.644792 0.510156 0.645833 0.509375 0.646875 0.509375 0.647917 0.508594 0.648958 0.508594 0.65 0.507812 0.651042 0.507812 0.652083 0.507031 0.655208 0.507031 0.657292 0.505469 0.658333 0.505469 0.659375 0.504687 0.660417 0.504687 0.661458 0.503906 0.663542 0.503906 0.666667 0.501562 0.667708 0.501562 0.671875 0.498437 0.672917 0.498437 0.679167 0.49375 0.679167 0.492969 0.68125 0.491406 0.68125 0.490625 0.684375 0.488281 0.684375 0.486719 0.685417 0.485937 0.685417 0.484375 0.684375 0.484375 0.678125 0.489062 0.677083 0.489062 0.676042 0.489844 0.676042 0.490625 0.675 0.491406 0.673958 0.491406 0.670833 0.49375 0.669792 0.49375 0.66875 0.494531 0.667708 0.494531 0.666667 0.495312 0.664583 0.495312 0.661458 0.497656 0.660417 0.497656 0.659375 0.498437 0.65625 0.498437 0.655208 0.499219 0.654167 0.499219 0.653125 0.5 0.652083 0.5 0.651042 0.500781 0.648958 0.500781 0.647917 0.501562 0.64375 0.501562 0.642708 0.502344 0.641667 0.502344 0.640625 0.503125 0.638542 0.503125 0.6375 0.503906 0.633333 0.503906 0.632292 0.504687 0.589583 0.504687 0.588542 0.503906 0.583333 0.503906 0.582292 0.503125 0.580208 0.503125 0.579167 0.502344 0.577083 0.502344 0.576042 0.501562 0.571875 0.501562 0.570833 0.500781 0.567708 0.500781 0.566667 0.5 0.565625 0.5 0.564583 0.499219 0.563542 0.499219 0.5625 0.498437 0.559375 0.498437 0.558333 0.497656 0.55625 0.497656 0.555208 0.496875 0.554167 0.496875 0.552083 0.495312 0.551042 0.495312 0.55 0.494531 0.548958 0.494531 0.547917 0.49375 0.546875 0.49375 0.545833 0.492969 0.544792 0.492969 0.542708 0.491406 0.541667 0.491406 0.538542 0.489062 0.5375 0.489062 0.535417 0.4875 0.534375 0.4875 0.530208 0.484375 0.529167 0.484375 0.527083 0.482812 0.527083 0.482031 0.526042 0.48125 0.525 0.48125 0.523958 0.480469 0.523958 0.479687 0.522917 0.478906 0.522917 0.478125 0.51875 0.475 0.51875 0.473437 0.517708 0.472656 0.517708 0.471094 0.515625 0.469531 0.515625 0.467969 0.514583 0.467187 0.926674
0 0.5125 0.48125 0.5125 0.494531 0.514583 0.496094 0.514583 0.496875 0.515625 0.497656 0.515625 0.498437 0.516667 0.499219 0.516667 0.5 0.51875 0.501562 0.51875 0.502344 0.520833 0.503906 0.520833 0.504687 0.523958 0.507031 0.523958 0.507812 0.528125 0.510937 0.528125 0.511719 0.529167 0.5125 0.530208 0.5125 0.532292 0.514062 0.532292 0.514844 0.533333 0.514844 0.5375 0.517969 0.538542 0.517969 0.539583 0.51875 0.540625 0.51875 0.541667 0.519531 0.542708 0.519531 0.545833 0.521875 0.546875 0.521875 0.547917 0.522656 0.55 0.522656 0.551042 0.523438 0.552083 0.523438 0.554167 0.525 0.555208 0.525 0.55625 0.525781 0.558333 0.525781 0.559375 0.526562 0.560417 0.526562 0.561458 0.527344 0.5625 0.527344 0.563542 0.528125 0.565625 0.528125 0.566667 0.528906 0.572917 0.528906 0.573958 0.529687 0.577083 0.529687 0.578125 0.530469 0.580208 0.530469 0.58125 0.53125 0.584375 0.53125 0.585417 0.532031 0.6 0.532031 0.601042 0.532812 0.608333 0.532812 0.609375 0.532031 0.625 0.532031 0.626042 0.53125 0.630208 0.53125 0.63125 0.530469 0.633333 0.530469 0.634375 0.529687 0.6375 0.529687 0.638542 0.528906 0.642708 0.528906 0.644792 0.527344 0.646875 0.527344 0.647917 0.526562 0.65 0.526562 0.651042 0.525781 0.652083 0.525781 0.653125 0.525 0.654167 0.525 0.655208 0.524219 0.65625 0.524219 0.657292 0.523438 0.658333 0.523438 0.6625 0.520312 0.663542 0.520312 0.666667 0.517969 0.667708 0.517969 0.671875 0.514844 0.672917 0.514844 0.675 0.513281 0.675 0.5125 0.679167 0.509375 0.679167 0.508594 0.680208 0.507812 0.680208 0.507031 0.68125 0.50625 0.68125 0.500781 0.680208 0.501562 0.680208 0.502344 0.678125 0.503906 0.677083 0.503906 0.676042 0.504687 0.676042 0.505469 0.669792 0.510156 0.66875 0.510156 0.667708 0.510937 0.667708 0.511719 0.666667 0.5125 0.665625 0.5125 0.664583 0.513281 0.663542 0.513281 0.6625 0.514062 0.660417 0.514062 0.657292 0.516406 0.65625 0.516406 0.655208 0.517188 0.653125 0.517188 0.652083 0.517969 0.651042 0.517969 0.65 0.51875 0.648958 0.51875 0.647917 0.519531 0.645833 0.519531 0.644792 0.520312 0.640625 0.520312 0.639583 0.521094 0.638542 0.521094 0.6375 0.521875 0.635417 0.521875 0.634375 0.522656 0.629167 0.522656 0.628125 0.523438 0.585417 0.523438 0.584375 0.522656 0.580208 0.522656 0.579167 0.521875 0.578125 0.521875 0.577083 0.521094 0.575 0.521094 0.573958 0.520312 0.569792 0.520312 0.56875 0.519531 0.566667 0.519531 0.565625 0.51875 0.563542 0.51875 0.5625 0.517969 0.561458 0.517969 0.560417 0.517188 0.557292 0.517188 0.55625 0.516406 0.555208 0.516406 0.554167 0.515625 0.553125 0.515625 0.552083 0.514844 0.551042 0.514844 0.55 0.514062 0.548958 0.514062 0.547917 0.513281 0.546875 0.513281 0.545833 0.5125 0.544792 0.5125 0.542708 0.510937 0.541667 0.510937 0.540625 0.510156 0.539583 0.510156 0.5375 0.508594 0.536458 0.508594 0.533333 0.50625 0.532292 0.50625 0.53125 0.505469 0.53125 0.504687 0.522917 0.498437 0.522917 0.497656 0.520833 0.496094 0.520833 0.495312 0.519792 0.494531 0.519792 0.492969 0.51875 0.492187 0.51875 0.489062 0.516667 0.4875 0.516667 0.485937 0.515625 0.485156 0.515625 0.482812 0.514583 0.482031 0.514583 0.48125 0.919254
0 0.510417 0.533594 0.510417 0.54375 0.5125 0.545312 0.5125 0.546094 0.514583 0.547656 0.514583 0.548437 0.516667 0.55 0.516667 0.550781 0.519792 0.553125 0.519792 0.553906 0.53125 0.5625 0.532292 0.5625 0.534375 0.564062 0.535417 0.564062 0.5375 0.565625 0.538542 0.565625 0.541667 0.567969 0.542708 0.567969 0.54375 0.56875 0.544792 0.56875 0.545833 0.569531 0.547917 0.569531 0.548958 0.570312 0.551042 0.570312 0.552083 0.571094 0.553125 0.571094 0.554167 0.571875 0.555208 0.571875 0.55625 0.572656 0.557292 0.572656 0.558333 0.573437 0.560417 0.573437 0.5625 0.575 0.563542 0.575 0.564583 0.575781 0.570833 0.575781 0.571875 0.576562 0.575 0.576562 0.576042 0.577344 0.578125 0.577344 0.579167 0.578125 0.582292 0.578125 0.583333 0.578906 0.591667 0.578906 0.592708 0.579687 0.605208 0.579687 0.60625 0.578906 0.614583 0.578906 0.615625 0.578125 0.619792 0.578125 0.620833 0.577344 0.625 0.577344 0.626042 0.576562 0.629167 0.576562 0.630208 0.575781 0.633333 0.575781 0.634375 0.575 0.635417 0.575 0.636458 0.574219 0.6375 0.574219 0.638542 0.573437 0.639583 0.573437 0.640625 0.572656 0.642708 0.572656 0.644792 0.571094 0.645833 0.571094 0.646875 0.570312 0.647917 0.570312 0.648958 0.569531 0.65 0.569531 0.651042 0.56875 0.652083 0.56875 0.654167 0.567187 0.655208 0.567187 0.659375 0.564062 0.660417 0.564062 0.666667 0.559375 0.666667 0.558594 0.66875 0.557031 0.66875 0.55625 0.669792 0.555469 0.669792 0.554688 0.670833 0.553906 0.670833 0.553125 0.671875 0.552344 0.671875 0.551562 0.672917 0.550781 0.672917 0.546875 0.671875 0.546875 0.670833 0.547656 0.670833 0.548437 0.669792 0.549219 0.66875 0.549219 0.65625 0.558594 0.655208 0.558594 0.652083 0.560937 0.651042 0.560937 0.648958 0.5625 0.647917 0.5625 0.646875 0.563281 0.645833 0.563281 0.644792 0.564062 0.64375 0.564062 0.642708 0.564844 0.639583 0.564844 0.638542 0.565625 0.6375 0.565625 0.636458 0.566406 0.635417 0.566406 0.634375 0.567187 0.630208 0.567187 0.629167 0.567969 0.626042 0.567969 0.625 0.56875 0.622917 0.56875 0.621875 0.569531 0.619792 0.569531 0.61875 0.570312 0.582292 0.570312 0.58125 0.569531 0.579167 0.569531 0.578125 0.56875 0.576042 0.56875 0.575 0.567969 0.570833 0.567969 0.569792 0.567187 0.564583 0.567187 0.5625 0.565625 0.561458 0.565625 0.560417 0.564844 0.557292 0.564844 0.55625 0.564062 0.553125 0.564062 0.552083 0.563281 0.551042 0.563281 0.55 0.5625 0.548958 0.5625 0.547917 0.561719 0.546875 0.561719 0.544792 0.560156 0.54375 0.560156 0.541667 0.558594 0.540625 0.558594 0.539583 0.557812 0.538542 0.557812 0.536458 0.55625 0.535417 0.55625 0.53125 0.553125 0.530208 0.553125 0.523958 0.548437 0.523958 0.547656 0.520833 0.545312 0.520833 0.544531 0.519792 0.54375 0.519792 0.542969 0.517708 0.541406 0.517708 0.5375 0.51875 0.536719 0.51875 0.534375 0.517708 0.533594 0.918116
0 0.516667 0.446094 0.516667 0.460937 0.519792 0.463281 0.519792 0.464844 0.522917 0.467187 0.522917 0.467969 0.526042 0.470312 0.526042 0.471094 0.532292 0.475781 0.532292 0.477344 0.533333 0.478125 0.535417 0.478125 0.536458 0.478906 0.5375 0.478906 0.541667 0.482031 0.542708 0.482031 0.545833 0.484375 0.547917 0.484375 0.548958 0.485156 0.551042 0.485156 0.553125 0.486719 0.554167 0.486719 0.555208 0.4875 0.55625 0.4875 0.557292 0.488281 0.559375 0.488281 0.560417 0.489062 0.561458 0.489062 0.5625 0.489844 0.564583 0.489844 0.565625 0.490625 0.566667 0.490625 0.567708 0.491406 0.572917 0.491406 0.573958 0.492187 0.577083 0.492187 0.578125 0.492969 0.579167 0.492969 0.580208 0.49375 0.583333 0.49375 0.584375 0.494531 0.589583 0.494531 0.590625 0.495312 0.596875 0.495312 0.597917 0.496094 0.607292 0.496094 0.608333 0.496875 0.614583 0.496875 0.615625 0.496094 0.625 0.496094 0.626042 0.495312 0.633333 0.495312 0.634375 0.494531 0.639583 0.494531 0.640625 0.49375 0.64375 0.49375 0.644792 0.492969 0.645833 0.492969 0.646875 0.492187 0.65 0.492187 0.651042 0.491406 0.654167 0.491406 0.655208 0.490625 0.65625 0.490625 0.657292 0.489844 0.658333 0.489844 0.659375 0.489062 0.661458 0.489062 0.6625 0.488281 0.663542 0.488281 0.665625 0.486719 0.666667 0.486719 0.66875 0.485156 0.669792 0.485156 0.670833 0.484375 0.671875 0.484375 0.672917 0.483594 0.673958 0.483594 0.678125 0.480469 0.679167 0.480469 0.689583 0.472656 0.689583 0.471875 0.690625 0.471094 0.690625 0.466406 0.689583 0.465625 0.688542 0.466406 0.688542 0.467187 0.680208 0.473437 0.679167 0.473437 0.677083 0.475 0.676042 0.475 0.673958 0.476562 0.672917 0.476562 0.669792 0.478906 0.66875 0.478906 0.667708 0.479687 0.665625 0.479687 0.664583 0.480469 0.663542 0.480469 0.661458 0.482031 0.659375 0.482031 0.658333 0.482812 0.65625 0.482812 0.655208 0.483594 0.654167 0.483594 0.653125 0.484375 0.651042 0.484375 0.65 0.485156 0.647917 0.485156 0.646875 0.485937 0.64375 0.485937 0.642708 0.486719 0.635417 0.486719 0.634375 0.4875 0.630208 0.4875 0.629167 0.488281 0.603125 0.488281 0.602083 0.4875 0.597917 0.4875 0.596875 0.486719 0.590625 0.486719 0.589583 0.485937 0.580208 0.485937 0.579167 0.485156 0.577083 0.485156 0.576042 0.484375 0.573958 0.484375 0.572917 0.483594 0.571875 0.483594 0.570833 0.482812 0.567708 0.482812 0.566667 0.482031 0.565625 0.482031 0.564583 0.48125 0.5625 0.48125 0.561458 0.480469 0.560417 0.480469 0.559375 0.479687 0.557292 0.479687 0.55625 0.478906 0.554167 0.478906 0.552083 0.477344 0.551042 0.477344 0.55 0.476562 0.548958 0.476562 0.547917 0.475781 0.546875 0.475781 0.545833 0.475 0.544792 0.475 0.541667 0.472656 0.540625 0.472656 0.536458 0.469531 0.535417 0.469531 0.534375 0.46875 0.533333 0.46875 0.527083 0.464062 0.527083 0.463281 0.523958 0.460937 0.523958 0.460156 0.522917 0.459375 0.522917 0.458594 0.520833 0.457031 0.520833 0.45625 0.519792 0.455469 0.519792 0.45 0.51875 0.449219 0.51875 0.447656 0.517708 0.446875 0.517708 0.446094 0.908703
0 0.429167 0.400781 0.429167 0.402344 0.428125 0.403125 0.427083 0.403125 0.427083 0.403906 0.426042 0.404687 0.429167 0.407031 0.429167 0.407812 0.429167 0.400781 0.414583 0.385156 0.425 0.377344 0.425 0.376562 0.427083 0.375 0.427083 0.373437 0.428125 0.372656 0.428125 0.371875 0.429167 0.371094 0.429167 0.35 0.428125 0.349219 0.428125 0.347656 0.427083 0.346875 0.426042 0.346875 0.425 0.347656 0.425 0.349219 0.423958 0.35 0.423958 0.353906 0.422917 0.354687 0.422917 0.360156 0.421875 0.360937 0.421875 0.363281 0.420833 0.364062 0.420833 0.364844 0.41875 0.366406 0.41875 0.367188 0.417708 0.367969 0.417708 0.36875 0.404167 0.378906 0.403125 0.378906 0.398958 0.382031 0.397917 0.382031 0.396875 0.382812 0.395833 0.382812 0.394792 0.383594 0.39375 0.383594 0.392708 0.384375 0.391667 0.384375 0.390625 0.385156 0.389583 0.385156 0.388542 0.385937 0.3875 0.385937 0.386458 0.386719 0.385417 0.386719 0.384375 0.3875 0.383333 0.3875 0.382292 0.388281 0.38125 0.388281 0.380208 0.389062 0.379167 0.389062 0.378125 0.389844 0.376042 0.389844 0.375 0.390625 0.372917 0.390625 0.371875 0.391406 0.369792 0.391406 0.36875 0.392187 0.365625 0.392187 0.364583 0.392969 0.361458 0.392969 0.360417 0.39375 0.358333 0.39375 0.357292 0.394531 0.354167 0.394531 0.353125 0.395312 0.348958 0.395312 0.347917 0.396094 0.342708 0.396094 0.341667 0.396875 0.335417 0.396875 0.334375 0.397656 0.323958 0.397656 0.322917 0.398438 0.311458 0.398438 0.310417 0.397656 0.297917 0.397656 0.296875 0.396875 0.290625 0.396875 0.289583 0.396094 0.285417 0.396094 0.284375 0.395312 0.280208 0.395312 0.279167 0.394531 0.275 0.394531 0.273958 0.39375 0.271875 0.39375 0.270833 0.392969 0.26875 0.392969 0.267708 0.392187 0.264583 0.392187 0.263542 0.391406 0.261458 0.391406 0.260417 0.390625 0.259375 0.390625 0.258333 0.389844 0.257292 0.389844 0.25625 0.389062 0.255208 0.389062 0.254167 0.388281 0.253125 0.388281 0.252083 0.3875 0.25 0.3875 0.247917 0.385937 0.246875 0.385937 0.245833 0.385156 0.244792 0.385156 0.241667 0.382812 0.240625 0.382812 0.239583 0.382031 0.238542 0.382031 0.235417 0.379687 0.235417 0.378906 0.234375 0.378906 0.232292 0.377344 0.232292 0.376562 0.232292 0.382812 0.233333 0.382812 0.234375 0.383594 0.235417 0.383594 0.242708 0.389062 0.24375 0.389062 0.245833 0.390625 0.246875 0.390625 0.25 0.392969 0.251042 0.392969 0.255208 0.396094 0.257292 0.396094 0.258333 0.396875 0.259375 0.396875 0.260417 0.397656 0.261458 0.397656 0.2625 0.398438 0.263542 0.398438 0.264583 0.399219 0.265625 0.399219 0.266667 0.4 0.267708 0.4 0.26875 0.400781 0.270833 0.400781 0.271875 0.401562 0.273958 0.401562 0.275 0.402344 0.277083 0.402344 0.278125 0.403125 0.285417 0.403125 0.286458 0.403906 0.289583 0.403906 0.290625 0.404687 0.292708 0.404687 0.29375 0.405469 0.326042 0.405469 0.327083 0.40625 0.328125 0.405469 0.33125 0.405469 0.332292 0.40625 0.340625 0.40625 0.341667 0.405469 0.352083 0.405469 0.353125 0.404687 0.35625 0.404687 0.357292 0.403906 0.360417 0.403906 0.361458 0.403125 0.364583 0.403125 0.365625 0.402344 0.367708 0.402344 0.36875 0.401562 0.372917 0.401562 0.373958 0.400781 0.376042 0.400781 0.377083 0.4 0.379167 0.4 0.380208 0.399219 0.382292 0.399219 0.383333 0.398438 0.385417 0.398438 0.386458 0.397656 0.3875 0.397656 0.389583 0.396094 0.390625 0.396094 0.391667 0.395312 0.39375 0.395312 0.394792 0.394531 0.395833 0.394531 0.396875 0.39375 0.397917 0.39375 0.4 0.392187 0.401042 0.392187 0.402083 0.391406 0.403125 0.391406 0.404167 0.390625 0.405208 0.390625 0.408333 0.388281 0.409375 0.388281 0.413542 0.385156 0.414583 0.385156 0.859045
0 0.439583 0.453906 0.439583 0.454687 0.438542 0.455469 0.438542 0.458594 0.4375 0.459375 0.4375 0.460937 0.435417 0.4625 0.435417 0.463281 0.434375 0.464062 0.434375 0.464844 0.433333 0.465625 0.433333 0.466406 0.430208 0.46875 0.430208 0.469531 0.421875 0.475781 0.420833 0.475781 0.414583 0.480469 0.413542 0.480469 0.4125 0.48125 0.411458 0.48125 0.410417 0.482031 0.409375 0.482031 0.407292 0.483594 0.40625 0.483594 0.405208 0.484375 0.403125 0.484375 0.402083 0.485156 0.401042 0.485156 0.4 0.485937 0.398958 0.485937 0.397917 0.486719 0.396875 0.486719 0.395833 0.4875 0.39375 0.4875 0.392708 0.488281 0.390625 0.488281 0.389583 0.489062 0.388542 0.489062 0.3875 0.489844 0.385417 0.489844 0.384375 0.490625 0.38125 0.490625 0.380208 0.491406 0.375 0.491406 0.373958 0.492187 0.370833 0.492187 0.369792 0.492969 0.360417 0.492969 0.359375 0.49375 0.321875 0.49375 0.320833 0.492969 0.316667 0.492969 0.315625 0.492187 0.310417 0.492187 0.309375 0.491406 0.305208 0.491406 0.304167 0.490625 0.301042 0.490625 0.3 0.489844 0.297917 0.489844 0.296875 0.489062 0.295833 0.489062 0.294792 0.488281 0.292708 0.488281 0.291667 0.4875 0.290625 0.4875 0.289583 0.486719 0.288542 0.486719 0.2875 0.485937 0.286458 0.485937 0.285417 0.485156 0.284375 0.485156 0.283333 0.484375 0.282292 0.484375 0.279167 0.482031 0.278125 0.482031 0.277083 0.48125 0.276042 0.48125 0.272917 0.478906 0.271875 0.478906 0.267708 0.475781 0.266667 0.475781 0.265625 0.475 0.265625 0.478906 0.266667 0.479687 0.266667 0.480469 0.267708 0.48125 0.267708 0.482812 0.277083 0.489844 0.278125 0.489844 0.279167 0.490625 0.279167 0.491406 0.280208 0.492187 0.28125 0.492187 0.282292 0.492969 0.283333 0.492969 0.286458 0.495312 0.288542 0.495312 0.289583 0.496094 0.290625 0.496094 0.291667 0.496875 0.292708 0.496875 0.294792 0.498437 0.297917 0.498437 0.298958 0.499219 0.3 0.499219 0.301042 0.5 0.303125 0.5 0.304167 0.500781 0.305208 0.500781 0.30625 0.501562 0.309375 0.501562 0.310417 0.502344 0.313542 0.502344 0.314583 0.503125 0.316667 0.503125 0.317708 0.503906 0.321875 0.503906 0.322917 0.504687 0.335417 0.504687 0.336458 0.505469 0.360417 0.505469 0.361458 0.504687 0.367708 0.504687 0.36875 0.503906 0.369792 0.503906 0.370833 0.503125 0.372917 0.503125 0.373958 0.502344 0.378125 0.502344 0.379167 0.501562 0.383333 0.501562 0.384375 0.500781 0.385417 0.500781 0.386458 0.5 0.3875 0.5 0.388542 0.499219 0.392708 0.499219 0.39375 0.498437 0.394792 0.498437 0.395833 0.497656 0.396875 0.497656 0.397917 0.496875 0.398958 0.496875 0.4 0.496094 0.401042 0.496094 0.402083 0.495312 0.403125 0.495312 0.404167 0.494531 0.405208 0.494531 0.40625 0.49375 0.407292 0.49375 0.408333 0.492969 0.409375 0.492969 0.414583 0.489062 0.416667 0.489062 0.41875 0.4875 0.419792 0.4875 0.420833 0.486719 0.421875 0.486719 0.423958 0.485156 0.426042 0.485156 0.428125 0.483594 0.428125 0.482812 0.43125 0.480469 0.43125 0.479687 0.435417 0.476562 0.435417 0.475 0.436458 0.474219 0.436458 0.473437 0.4375 0.472656 0.4375 0.471875 0.438542 0.471094 0.438542 0.470312 0.439583 0.469531 0.439583 0.467969 0.440625 0.467187 0.440625 0.465625 0.441667 0.464844 0.441667 0.459375 0.440625 0.458594 0.440625 0.457031 0.439583 0.45625 0.841416
0 0.515625 0.455469 0.515625 0.470312 0.517708 0.471875 0.517708 0.472656 0.521875 0.475781 0.521875 0.476562 0.522917 0.476562 0.525 0.478125 0.525 0.478906 0.527083 0.480469 0.527083 0.48125 0.530208 0.483594 0.53125 0.483594 0.535417 0.486719 0.536458 0.486719 0.539583 0.489062 0.540625 0.489062 0.54375 0.491406 0.544792 0.491406 0.545833 0.492187 0.546875 0.492187 0.547917 0.492969 0.548958 0.492969 0.551042 0.494531 0.552083 0.494531 0.553125 0.495312 0.554167 0.495312 0.555208 0.496094 0.55625 0.496094 0.557292 0.496875 0.558333 0.496875 0.559375 0.497656 0.5625 0.497656 0.563542 0.498437 0.565625 0.498437 0.567708 0.5 0.569792 0.5 0.570833 0.500781 0.576042 0.500781 0.577083 0.501562 0.58125 0.501562 0.582292 0.502344 0.584375 0.502344 0.585417 0.503125 0.588542 0.503125 0.589583 0.503906 0.601042 0.503906 0.602083 0.504687 0.61875 0.504687 0.619792 0.503906 0.632292 0.503906 0.633333 0.503125 0.635417 0.503125 0.636458 0.502344 0.638542 0.502344 0.639583 0.501562 0.641667 0.501562 0.642708 0.500781 0.647917 0.500781 0.648958 0.5 0.65 0.5 0.651042 0.499219 0.652083 0.499219 0.653125 0.498437 0.654167 0.498437 0.655208 0.497656 0.658333 0.497656 0.659375 0.496875 0.660417 0.496875 0.6625 0.495312 0.663542 0.495312 0.664583 0.494531 0.665625 0.494531 0.666667 0.49375 0.667708 0.49375 0.66875 0.492969 0.669792 0.492969 0.671875 0.491406 0.672917 0.491406 0.676042 0.489062 0.677083 0.489062 0.685417 0.482812 0.685417 0.482031 0.686458 0.48125 0.686458 0.480469 0.6875 0.479687 0.6875 0.478906 0.688542 0.478125 0.688542 0.477344 0.689583 0.476562 0.689583 0.474219 0.688542 0.474219 0.688542 0.475 0.682292 0.479687 0.68125 0.479687 0.678125 0.482031 0.677083 0.482031 0.672917 0.485156 0.671875 0.485156 0.670833 0.485937 0.669792 0.485937 0.66875 0.486719 0.667708 0.486719 0.665625 0.488281 0.664583 0.488281 0.6625 0.489844 0.661458 0.489844 0.660417 0.490625 0.658333 0.490625 0.657292 0.491406 0.65625 0.491406 0.655208 0.492187 0.652083 0.492187 0.651042 0.492969 0.647917 0.492969 0.646875 0.49375 0.644792 0.49375 0.64375 0.494531 0.640625 0.494531 0.639583 0.495312 0.635417 0.495312 0.634375 0.496094 0.628125 0.496094 0.627083 0.496875 0.617708 0.496875 0.616667 0.497656 0.608333 0.497656 0.607292 0.496875 0.598958 0.496875 0.597917 0.496094 0.592708 0.496094 0.591667 0.495312 0.585417 0.495312 0.584375 0.494531 0.58125 0.494531 0.580208 0.49375 0.578125 0.49375 0.577083 0.492969 0.573958 0.492969 0.572917 0.492187 0.56875 0.492187 0.567708 0.491406 0.565625 0.491406 0.564583 0.490625 0.5625 0.490625 0.561458 0.489844 0.560417 0.489844 0.559375 0.489062 0.558333 0.489062 0.557292 0.488281 0.55625 0.488281 0.555208 0.4875 0.554167 0.4875 0.553125 0.486719 0.552083 0.486719 0.551042 0.485937 0.55 0.485937 0.548958 0.485156 0.546875 0.485156 0.54375 0.482812 0.542708 0.482812 0.538542 0.479687 0.5375 0.479687 0.536458 0.478906 0.535417 0.478906 0.53125 0.475781 0.53125 0.475 0.522917 0.46875 0.522917 0.467969 0.521875 0.467187 0.521875 0.466406 0.519792 0.464844 0.519792 0.463281 0.51875 0.4625 0.51875 0.460937 0.517708 0.460156 0.517708 0.459375 0.516667 0.458594 0.516667 0.457812 0.515625 0.457031 0.822725
0 0.422917 0.379687 0.414583 0.385937 0.413542 0.385937 0.407292 0.390625 0.40625 0.390625 0.405208 0.391406 0.404167 0.391406 0.402083 0.392969 0.401042 0.392969 0.4 0.39375 0.398958 0.39375 0.396875 0.395312 0.395833 0.395312 0.39375 0.396875 0.391667 0.396875 0.390625 0.397656 0.389583 0.397656 0.3875 0.399219 0.386458 0.399219 0.385417 0.4 0.382292 0.4 0.38125 0.400781 0.379167 0.400781 0.378125 0.401562 0.377083 0.401562 0.376042 0.402344 0.375 0.402344 0.373958 0.403125 0.369792 0.403125 0.36875 0.403906 0.364583 0.403906 0.363542 0.404687 0.3625 0.404687 0.361458 0.405469 0.358333 0.405469 0.357292 0.40625 0.352083 0.40625 0.351042 0.407031 0.3375 0.407031 0.336458 0.407812 0.3 0.407812 0.298958 0.407031 0.290625 0.407031 0.289583 0.40625 0.286458 0.40625 0.285417 0.405469 0.283333 0.405469 0.282292 0.404687 0.279167 0.404687 0.278125 0.403906 0.273958 0.403906 0.272917 0.403125 0.270833 0.403125 0.26875 0.401562 0.266667 0.401562 0.265625 0.400781 0.263542 0.400781 0.2625 0.4 0.261458 0.4 0.258333 0.397656 0.257292 0.397656 0.25625 0.396875 0.254167 0.396875 0.251042 0.394531 0.25 0.394531 0.24375 0.389844 0.242708 0.389844 0.240625 0.388281 0.240625 0.3875 0.239583 0.386719 0.239583 0.385937 0.236458 0.383594 0.236458 0.382812 0.236458 0.395312 0.238542 0.396875 0.238542 0.397656 0.241667 0.4 0.241667 0.400781 0.247917 0.405469 0.247917 0.40625 0.25 0.40625 0.251042 0.407031 0.252083 0.407031 0.253125 0.407812 0.254167 0.407812 0.255208 0.408594 0.25625 0.408594 0.258333 0.410156 0.259375 0.410156 0.260417 0.410937 0.264583 0.410937 0.266667 0.4125 0.267708 0.4125 0.26875 0.413281 0.270833 0.413281 0.271875 0.414062 0.275 0.414062 0.276042 0.414844 0.278125 0.414844 0.279167 0.415625 0.280208 0.415625 0.28125 0.416406 0.288542 0.416406 0.289583 0.417187 0.296875 0.417187 0.297917 0.417969 0.302083 0.417969 0.303125 0.41875 0.307292 0.41875 0.308333 0.419531 0.334375 0.419531 0.335417 0.41875 0.339583 0.41875 0.340625 0.417969 0.344792 0.417969 0.345833 0.417187 0.354167 0.417187 0.355208 0.416406 0.360417 0.416406 0.361458 0.415625 0.363542 0.415625 0.364583 0.414844 0.365625 0.414844 0.366667 0.414062 0.369792 0.414062 0.370833 0.413281 0.373958 0.413281 0.375 0.4125 0.376042 0.4125 0.377083 0.411719 0.378125 0.411719 0.379167 0.410937 0.38125 0.410937 0.382292 0.410156 0.385417 0.410156 0.3875 0.408594 0.388542 0.408594 0.389583 0.407812 0.390625 0.407812 0.391667 0.407031 0.392708 0.407031 0.39375 0.40625 0.394792 0.40625 0.396875 0.404687 0.397917 0.404687 0.398958 0.403906 0.4 0.403906 0.402083 0.402344 0.403125 0.402344 0.408333 0.398438 0.409375 0.398438 0.415625 0.39375 0.415625 0.392969 0.416667 0.392187 0.417708 0.392187 0.417708 0.391406 0.41875 0.390625 0.41875 0.389062 0.419792 0.388281 0.419792 0.3875 0.421875 0.385937 0.421875 0.385156 0.422917 0.384375 0.422917 0.379687 0.426042 0.376562 0.426042 0.375 0.426042 0.376562 0.794862
0 0.261458 0.501562 0.261458 0.500781 0.260417 0.5 0.260417 0.498437 0.260417 0.501562 0.261458 0.501562 0.263542 0.503125 0.263542 0.507031 0.264583 0.507812 0.265625 0.507812 0.267708 0.509375 0.267708 0.510937 0.26875 0.511719 0.269792 0.511719 0.270833 0.5125 0.270833 0.513281 0.272917 0.514844 0.273958 0.514844 0.277083 0.517188 0.278125 0.517188 0.28125 0.519531 0.282292 0.519531 0.283333 0.520312 0.284375 0.520312 0.285417 0.521094 0.286458 0.521094 0.288542 0.522656 0.289583 0.522656 0.290625 0.523438 0.292708 0.523438 0.29375 0.524219 0.294792 0.524219 0.296875 0.525781 0.3 0.525781 0.301042 0.526562 0.303125 0.526562 0.304167 0.527344 0.305208 0.527344 0.30625 0.528125 0.308333 0.528125 0.309375 0.528906 0.315625 0.528906 0.316667 0.529687 0.323958 0.529687 0.325 0.530469 0.33125 0.530469 0.332292 0.53125 0.346875 0.53125 0.347917 0.530469 0.353125 0.530469 0.354167 0.529687 0.359375 0.529687 0.360417 0.528906 0.370833 0.528906 0.371875 0.528125 0.372917 0.528125 0.373958 0.527344 0.375 0.527344 0.376042 0.526562 0.378125 0.526562 0.379167 0.525781 0.382292 0.525781 0.383333 0.525 0.385417 0.525 0.3875 0.523438 0.389583 0.523438 0.390625 0.522656 0.392708 0.522656 0.394792 0.521094 0.395833 0.521094 0.396875 0.520312 0.397917 0.520312 0.398958 0.519531 0.4 0.519531 0.401042 0.51875 0.402083 0.51875 0.404167 0.517188 0.405208 0.517188 0.40625 0.516406 0.407292 0.516406 0.409375 0.514844 0.410417 0.514844 0.416667 0.510156 0.417708 0.510156 0.421875 0.507031 0.421875 0.50625 0.425 0.503906 0.425 0.503125 0.428125 0.500781 0.428125 0.5 0.430208 0.498437 0.430208 0.497656 0.43125 0.496875 0.43125 0.495312 0.432292 0.494531 0.432292 0.492187 0.433333 0.491406 0.433333 0.489844 0.434375 0.489062 0.434375 0.4875 0.435417 0.486719 0.435417 0.482812 0.43125 0.482812 0.43125 0.485156 0.430208 0.485937 0.430208 0.486719 0.429167 0.4875 0.429167 0.488281 0.428125 0.489062 0.428125 0.492187 0.426042 0.49375 0.426042 0.495312 0.423958 0.496875 0.423958 0.497656 0.4125 0.50625 0.411458 0.50625 0.410417 0.507031 0.409375 0.507031 0.40625 0.509375 0.405208 0.509375 0.404167 0.510156 0.403125 0.510156 0.402083 0.510937 0.401042 0.510937 0.397917 0.513281 0.395833 0.513281 0.394792 0.514062 0.39375 0.514062 0.391667 0.515625 0.390625 0.515625 0.389583 0.516406 0.386458 0.516406 0.385417 0.517188 0.384375 0.517188 0.382292 0.51875 0.380208 0.51875 0.379167 0.519531 0.377083 0.519531 0.376042 0.520312 0.370833 0.520312 0.369792 0.521094 0.367708 0.521094 0.366667 0.521875 0.364583 0.521875 0.363542 0.522656 0.358333 0.522656 0.357292 0.523438 0.326042 0.523438 0.325 0.522656 0.311458 0.522656 0.310417 0.521875 0.307292 0.521875 0.30625 0.521094 0.304167 0.521094 0.303125 0.520312 0.301042 0.520312 0.3 0.519531 0.296875 0.519531 0.295833 0.51875 0.294792 0.51875 0.292708 0.517188 0.290625 0.517188 0.289583 0.516406 0.288542 0.516406 0.2875 0.515625 0.286458 0.515625 0.285417 0.514844 0.284375 0.514844 0.282292 0.513281 0.280208 0.513281 0.277083 0.510937 0.276042 0.510937 0.275 0.510156 0.272917 0.510156 0.271875 0.509375 0.270833 0.509375 0.26875 0.507812 0.26875 0.507031 0.267708 0.507031 0.264583 0.504687 0.264583 0.503906 0.263542 0.503125 0.787915
0 0.426042 0.485937 0.426042 0.485156 0.426042 0.485937 0.423958 0.488281 0.422917 0.4875 0.421875 0.4875 0.420833 0.488281 0.419792 0.488281 0.415625 0.491406 0.413542 0.491406 0.410417 0.49375 0.409375 0.49375 0.408333 0.494531 0.407292 0.494531 0.40625 0.495312 0.405208 0.495312 0.403125 0.496875 0.401042 0.496875 0.4 0.497656 0.398958 0.497656 0.396875 0.499219 0.395833 0.499219 0.394792 0.5 0.39375 0.5 0.392708 0.500781 0.388542 0.500781 0.3875 0.501562 0.385417 0.501562 0.384375 0.502344 0.383333 0.502344 0.382292 0.503125 0.377083 0.503125 0.376042 0.503906 0.371875 0.503906 0.370833 0.504687 0.36875 0.504687 0.367708 0.505469 0.365625 0.505469 0.364583 0.50625 0.327083 0.50625 0.326042 0.505469 0.320833 0.505469 0.319792 0.504687 0.316667 0.504687 0.315625 0.503906 0.311458 0.503906 0.310417 0.503125 0.307292 0.503125 0.30625 0.502344 0.304167 0.502344 0.303125 0.501562 0.302083 0.501562 0.301042 0.500781 0.298958 0.500781 0.297917 0.5 0.295833 0.5 0.294792 0.499219 0.29375 0.499219 0.291667 0.497656 0.289583 0.497656 0.288542 0.496875 0.2875 0.496875 0.286458 0.496094 0.285417 0.496094 0.283333 0.494531 0.282292 0.494531 0.28125 0.49375 0.280208 0.49375 0.276042 0.490625 0.275 0.490625 0.265625 0.483594 0.265625 0.482812 0.264583 0.482031 0.264583 0.48125 0.263542 0.480469 0.263542 0.478125 0.2625 0.477344 0.2625 0.46875 0.261458 0.467969 0.261458 0.467187 0.260417 0.466406 0.260417 0.465625 0.259375 0.464844 0.259375 0.463281 0.257292 0.461719 0.257292 0.460937 0.25625 0.460156 0.25625 0.459375 0.255208 0.458594 0.255208 0.457812 0.253125 0.457812 0.253125 0.482031 0.255208 0.483594 0.255208 0.484375 0.25625 0.485156 0.25625 0.485937 0.257292 0.486719 0.257292 0.4875 0.258333 0.488281 0.258333 0.489062 0.261458 0.491406 0.261458 0.492187 0.263542 0.49375 0.263542 0.494531 0.267708 0.497656 0.267708 0.498437 0.26875 0.498437 0.273958 0.502344 0.275 0.502344 0.278125 0.504687 0.279167 0.504687 0.280208 0.505469 0.28125 0.505469 0.282292 0.50625 0.283333 0.50625 0.284375 0.507031 0.285417 0.507031 0.286458 0.507812 0.2875 0.507812 0.288542 0.508594 0.290625 0.508594 0.291667 0.509375 0.29375 0.509375 0.294792 0.510156 0.296875 0.510156 0.297917 0.510937 0.298958 0.510937 0.3 0.511719 0.303125 0.511719 0.304167 0.5125 0.308333 0.5125 0.309375 0.513281 0.313542 0.513281 0.314583 0.514062 0.319792 0.514062 0.320833 0.514844 0.347917 0.514844 0.348958 0.514062 0.355208 0.514062 0.35625 0.513281 0.360417 0.513281 0.361458 0.5125 0.366667 0.5125 0.367708 0.511719 0.371875 0.511719 0.372917 0.510937 0.375 0.510937 0.376042 0.510156 0.379167 0.510156 0.380208 0.509375 0.383333 0.509375 0.384375 0.508594 0.386458 0.508594 0.3875 0.507812 0.389583 0.507812 0.390625 0.507031 0.391667 0.507031 0.392708 0.50625 0.39375 0.50625 0.394792 0.505469 0.395833 0.505469 0.396875 0.504687 0.397917 0.504687 0.401042 0.502344 0.402083 0.502344 0.403125 0.501562 0.404167 0.501562 0.407292 0.499219 0.408333 0.499219 0.409375 0.498437 0.410417 0.498437 0.419792 0.491406 0.419792 0.490625 0.420833 0.489844 0.421875 0.489844 0.423958 0.488281 0.780376
0 0.517708 0.425 0.517708 0.44375 0.51875 0.444531 0.51875 0.445312 0.521875 0.447656 0.521875 0.448437 0.522917 0.449219 0.522917 0.45 0.526042 0.452344 0.526042 0.453125 0.536458 0.460937 0.5375 0.460937 0.539583 0.4625 0.540625 0.4625 0.54375 0.464844 0.544792 0.464844 0.546875 0.466406 0.548958 0.466406 0.55 0.467187 0.552083 0.467187 0.554167 0.46875 0.555208 0.46875 0.55625 0.469531 0.557292 0.469531 0.558333 0.470312 0.559375 0.470312 0.560417 0.471094 0.561458 0.471094 0.563542 0.472656 0.56875 0.472656 0.569792 0.473437 0.571875 0.473437 0.572917 0.474219 0.573958 0.474219 0.575 0.475 0.576042 0.475 0.577083 0.475781 0.585417 0.475781 0.586458 0.476562 0.590625 0.476562 0.591667 0.477344 0.59375 0.477344 0.594792 0.478125 0.597917 0.478125 0.598958 0.478906 0.630208 0.478906 0.63125 0.478125 0.634375 0.478125 0.635417 0.477344 0.636458 0.477344 0.6375 0.476562 0.641667 0.476562 0.642708 0.475781 0.651042 0.475781 0.652083 0.475 0.653125 0.475 0.655208 0.473437 0.657292 0.473437 0.658333 0.472656 0.661458 0.472656 0.6625 0.471875 0.664583 0.471875 0.667708 0.469531 0.669792 0.469531 0.670833 0.46875 0.671875 0.46875 0.672917 0.467969 0.673958 0.467969 0.676042 0.466406 0.677083 0.466406 0.678125 0.465625 0.679167 0.465625 0.679167 0.464844 0.680208 0.464062 0.68125 0.464062 0.683333 0.4625 0.684375 0.4625 0.688542 0.459375 0.689583 0.459375 0.690625 0.458594 0.690625 0.457812 0.692708 0.45625 0.692708 0.455469 0.69375 0.454687 0.69375 0.451562 0.69375 0.452344 0.691667 0.453906 0.690625 0.453906 0.686458 0.457031 0.684375 0.457031 0.68125 0.459375 0.680208 0.459375 0.679167 0.460156 0.677083 0.460156 0.676042 0.460937 0.675 0.460937 0.673958 0.461719 0.672917 0.461719 0.671875 0.4625 0.670833 0.4625 0.669792 0.463281 0.66875 0.463281 0.667708 0.464062 0.666667 0.464062 0.665625 0.464844 0.664583 0.464844 0.663542 0.465625 0.6625 0.465625 0.661458 0.466406 0.657292 0.466406 0.65625 0.467187 0.653125 0.467187 0.652083 0.467969 0.65 0.467969 0.648958 0.46875 0.646875 0.46875 0.645833 0.469531 0.636458 0.469531 0.635417 0.470312 0.626042 0.470312 0.625 0.471094 0.610417 0.471094 0.609375 0.470312 0.601042 0.470312 0.6 0.469531 0.590625 0.469531 0.589583 0.46875 0.586458 0.46875 0.585417 0.467969 0.583333 0.467969 0.582292 0.467187 0.578125 0.467187 0.577083 0.466406 0.572917 0.466406 0.571875 0.465625 0.570833 0.465625 0.569792 0.464844 0.56875 0.464844 0.567708 0.464062 0.566667 0.464062 0.565625 0.463281 0.5625 0.463281 0.560417 0.461719 0.559375 0.461719 0.558333 0.460937 0.55625 0.460937 0.555208 0.460156 0.554167 0.460156 0.553125 0.459375 0.551042 0.459375 0.547917 0.457031 0.546875 0.457031 0.545833 0.45625 0.544792 0.45625 0.540625 0.453125 0.539583 0.453125 0.536458 0.450781 0.535417 0.450781 0.53125 0.447656 0.53125 0.446875 0.527083 0.44375 0.527083 0.442969 0.526042 0.442187 0.526042 0.441406 0.523958 0.439844 0.523958 0.439062 0.522917 0.438281 0.522917 0.4375 0.521875 0.436719 0.521875 0.435937 0.520833 0.435156 0.520833 0.434375 0.519792 0.433594 0.519792 0.432031 0.51875 0.43125 0.51875 0.426562 0.517708 0.425781 0.764087
0 0.25 0.432031 0.25 0.442187 0.251042 0.442969 0.251042 0.444531 0.254167 0.446875 0.254167 0.447656 0.255208 0.448437 0.255208 0.449219 0.257292 0.450781 0.257292 0.451562 0.258333 0.452344 0.259375 0.452344 0.2625 0.454687 0.263542 0.454687 0.267708 0.457812 0.26875 0.457812 0.269792 0.458594 0.270833 0.458594 0.272917 0.460156 0.273958 0.460156 0.275 0.460937 0.276042 0.460937 0.277083 0.461719 0.278125 0.461719 0.280208 0.463281 0.28125 0.463281 0.282292 0.464062 0.283333 0.464062 0.284375 0.464844 0.286458 0.464844 0.288542 0.466406 0.291667 0.466406 0.292708 0.467187 0.294792 0.467187 0.295833 0.467969 0.297917 0.467969 0.298958 0.46875 0.3 0.46875 0.301042 0.469531 0.309375 0.469531 0.310417 0.470312 0.313542 0.470312 0.314583 0.471094 0.317708 0.471094 0.31875 0.471875 0.323958 0.471875 0.325 0.472656 0.344792 0.472656 0.345833 0.471875 0.352083 0.471875 0.353125 0.471094 0.35625 0.471094 0.357292 0.470312 0.361458 0.470312 0.3625 0.469531 0.371875 0.469531 0.372917 0.46875 0.373958 0.46875 0.375 0.467969 0.376042 0.467969 0.377083 0.467187 0.379167 0.467187 0.380208 0.466406 0.385417 0.466406 0.386458 0.465625 0.388542 0.465625 0.389583 0.464844 0.390625 0.464844 0.391667 0.464062 0.392708 0.464062 0.39375 0.463281 0.395833 0.463281 0.396875 0.4625 0.397917 0.4625 0.4 0.460937 0.401042 0.460937 0.402083 0.460156 0.403125 0.460156 0.404167 0.459375 0.405208 0.459375 0.407292 0.457812 0.408333 0.457812 0.409375 0.457031 0.410417 0.457031 0.414583 0.453906 0.415625 0.453906 0.41875 0.451562 0.419792 0.451562 0.419792 0.450781 0.422917 0.448437 0.422917 0.447656 0.427083 0.444531 0.427083 0.44375 0.430208 0.441406 0.430208 0.440625 0.43125 0.439844 0.43125 0.4375 0.432292 0.436719 0.432292 0.432031 0.43125 0.432031 0.430208 0.432812 0.430208 0.434375 0.416667 0.444531 0.415625 0.444531 0.411458 0.447656 0.410417 0.447656 0.407292 0.45 0.405208 0.45 0.404167 0.450781 0.403125 0.450781 0.402083 0.451562 0.401042 0.451562 0.398958 0.453125 0.396875 0.453125 0.395833 0.453906 0.394792 0.453906 0.39375 0.454687 0.392708 0.454687 0.391667 0.455469 0.390625 0.455469 0.389583 0.45625 0.3875 0.45625 0.386458 0.457031 0.383333 0.457031 0.382292 0.457812 0.380208 0.457812 0.379167 0.458594 0.377083 0.458594 0.376042 0.459375 0.375 0.459375 0.373958 0.460156 0.369792 0.460156 0.36875 0.460937 0.35625 0.460937 0.355208 0.461719 0.346875 0.461719 0.345833 0.4625 0.322917 0.4625 0.321875 0.461719 0.314583 0.461719 0.313542 0.460937 0.304167 0.460937 0.303125 0.460156 0.298958 0.460156 0.297917 0.459375 0.295833 0.459375 0.294792 0.458594 0.29375 0.458594 0.292708 0.457812 0.290625 0.457812 0.289583 0.457031 0.286458 0.457031 0.285417 0.45625 0.284375 0.45625 0.283333 0.455469 0.282292 0.455469 0.28125 0.454687 0.280208 0.454687 0.279167 0.453906 0.277083 0.453906 0.276042 0.453125 0.275 0.453125 0.271875 0.450781 0.270833 0.450781 0.26875 0.449219 0.267708 0.449219 0.264583 0.446875 0.263542 0.446875 0.258333 0.442969 0.258333 0.442187 0.25625 0.440625 0.25625 0.439844 0.254167 0.438281 0.254167 0.4375 0.253125 0.436719 0.253125 0.435937 0.252083 0.435156 0.252083 0.434375 0.251042 0.433594 0.251042 0.432812 0.751132
0 0.509375 0.517188 0.509375 0.532031 0.511458 0.533594 0.511458 0.534375 0.5125 0.535156 0.5125 0.535937 0.514583 0.5375 0.514583 0.538281 0.515625 0.539062 0.515625 0.539844 0.516667 0.540625 0.516667 0.542187 0.522917 0.546875 0.522917 0.547656 0.530208 0.553125 0.53125 0.553125 0.533333 0.554688 0.533333 0.555469 0.534375 0.555469 0.535417 0.55625 0.536458 0.55625 0.538542 0.557812 0.539583 0.557812 0.541667 0.559375 0.542708 0.559375 0.54375 0.560156 0.544792 0.560156 0.546875 0.561719 0.547917 0.561719 0.548958 0.5625 0.551042 0.5625 0.552083 0.563281 0.554167 0.563281 0.555208 0.564062 0.55625 0.564062 0.557292 0.564844 0.560417 0.564844 0.561458 0.565625 0.564583 0.565625 0.565625 0.566406 0.567708 0.566406 0.56875 0.567187 0.570833 0.567187 0.571875 0.567969 0.573958 0.567969 0.575 0.56875 0.580208 0.56875 0.58125 0.569531 0.584375 0.569531 0.585417 0.570312 0.615625 0.570312 0.616667 0.569531 0.619792 0.569531 0.620833 0.56875 0.625 0.56875 0.626042 0.567969 0.629167 0.567969 0.630208 0.567187 0.632292 0.567187 0.633333 0.566406 0.635417 0.566406 0.636458 0.565625 0.638542 0.565625 0.639583 0.564844 0.641667 0.564844 0.642708 0.564062 0.64375 0.564062 0.644792 0.563281 0.645833 0.563281 0.646875 0.5625 0.647917 0.5625 0.648958 0.561719 0.65 0.561719 0.652083 0.560156 0.653125 0.560156 0.655208 0.558594 0.65625 0.558594 0.659375 0.55625 0.660417 0.55625 0.6625 0.554688 0.6625 0.553906 0.663542 0.553125 0.664583 0.553125 0.666667 0.551562 0.667708 0.551562 0.670833 0.549219 0.670833 0.548437 0.671875 0.547656 0.671875 0.546875 0.672917 0.546094 0.672917 0.545312 0.673958 0.544531 0.673958 0.542187 0.675 0.541406 0.675 0.538281 0.671875 0.538281 0.671875 0.539844 0.660417 0.548437 0.659375 0.548437 0.65625 0.550781 0.655208 0.550781 0.654167 0.551562 0.653125 0.551562 0.652083 0.552344 0.651042 0.552344 0.648958 0.553906 0.647917 0.553906 0.646875 0.554688 0.644792 0.554688 0.64375 0.555469 0.642708 0.555469 0.641667 0.55625 0.640625 0.55625 0.639583 0.557031 0.6375 0.557031 0.636458 0.557812 0.63125 0.557812 0.630208 0.558594 0.629167 0.558594 0.628125 0.559375 0.626042 0.559375 0.625 0.560156 0.617708 0.560156 0.616667 0.560937 0.585417 0.560937 0.584375 0.560156 0.577083 0.560156 0.576042 0.559375 0.573958 0.559375 0.572917 0.558594 0.571875 0.558594 0.570833 0.557812 0.566667 0.557812 0.565625 0.557031 0.5625 0.557031 0.561458 0.55625 0.560417 0.55625 0.559375 0.555469 0.558333 0.555469 0.557292 0.554688 0.55625 0.554688 0.555208 0.553906 0.552083 0.553906 0.55 0.552344 0.548958 0.552344 0.547917 0.551562 0.546875 0.551562 0.545833 0.550781 0.544792 0.550781 0.54375 0.55 0.542708 0.55 0.541667 0.549219 0.540625 0.549219 0.538542 0.547656 0.5375 0.547656 0.533333 0.544531 0.532292 0.544531 0.521875 0.536719 0.521875 0.535937 0.51875 0.533594 0.51875 0.532812 0.515625 0.530469 0.515625 0.529687 0.514583 0.528906 0.514583 0.527344 0.513542 0.526562 0.513542 0.525781 0.5125 0.525 0.5125 0.524219 0.511458 0.523438 0.511458 0.517188 0.725649
0 0.421875 0.336719 0.421875 0.339062 0.420833 0.339844 0.420833 0.340625 0.419792 0.341406 0.41875 0.341406 0.41875 0.342187 0.417708 0.342969 0.417708 0.34375 0.416667 0.344531 0.416667 0.345312 0.409375 0.350781 0.409375 0.351562 0.407292 0.353125 0.40625 0.353125 0.404167 0.354687 0.403125 0.354687 0.4 0.357031 0.398958 0.357031 0.395833 0.359375 0.394792 0.359375 0.39375 0.360156 0.392708 0.360156 0.391667 0.360937 0.390625 0.360937 0.389583 0.361719 0.388542 0.361719 0.386458 0.363281 0.384375 0.363281 0.383333 0.364062 0.382292 0.364062 0.38125 0.364844 0.380208 0.364844 0.379167 0.365625 0.378125 0.365625 0.377083 0.366406 0.373958 0.366406 0.372917 0.367188 0.370833 0.367188 0.369792 0.367969 0.367708 0.367969 0.366667 0.36875 0.365625 0.36875 0.364583 0.369531 0.361458 0.369531 0.360417 0.370312 0.357292 0.370312 0.35625 0.371094 0.354167 0.371094 0.353125 0.371875 0.351042 0.371875 0.35 0.372656 0.344792 0.372656 0.34375 0.373437 0.336458 0.373437 0.335417 0.374219 0.330208 0.374219 0.329167 0.375 0.317708 0.375 0.316667 0.375781 0.304167 0.375781 0.303125 0.375 0.290625 0.375 0.289583 0.374219 0.285417 0.374219 0.284375 0.373437 0.279167 0.373437 0.278125 0.372656 0.270833 0.372656 0.269792 0.371875 0.267708 0.371875 0.266667 0.371094 0.265625 0.371094 0.264583 0.370312 0.2625 0.370312 0.261458 0.369531 0.259375 0.369531 0.258333 0.36875 0.25625 0.36875 0.255208 0.367969 0.254167 0.367969 0.253125 0.367188 0.251042 0.367188 0.25 0.366406 0.247917 0.366406 0.246875 0.365625 0.244792 0.365625 0.241667 0.363281 0.240625 0.363281 0.239583 0.3625 0.238542 0.3625 0.235417 0.360156 0.234375 0.360156 0.233333 0.359375 0.232292 0.359375 0.222917 0.352344 0.222917 0.351562 0.221875 0.350781 0.220833 0.350781 0.220833 0.358594 0.222917 0.360156 0.222917 0.360937 0.223958 0.361719 0.223958 0.3625 0.226042 0.364062 0.227083 0.364062 0.233333 0.36875 0.234375 0.36875 0.2375 0.371094 0.238542 0.371094 0.239583 0.371875 0.240625 0.371875 0.242708 0.373437 0.24375 0.373437 0.245833 0.375 0.246875 0.375 0.247917 0.375781 0.248958 0.375781 0.25 0.376562 0.251042 0.376562 0.252083 0.377344 0.253125 0.377344 0.254167 0.378125 0.255208 0.378125 0.25625 0.378906 0.259375 0.378906 0.260417 0.379687 0.263542 0.379687 0.264583 0.380469 0.265625 0.380469 0.266667 0.38125 0.267708 0.38125 0.26875 0.382031 0.272917 0.382031 0.273958 0.382812 0.278125 0.382812 0.279167 0.383594 0.282292 0.383594 0.283333 0.384375 0.2875 0.384375 0.288542 0.385156 0.336458 0.385156 0.3375 0.384375 0.341667 0.384375 0.342708 0.383594 0.344792 0.383594 0.345833 0.382812 0.35 0.382812 0.351042 0.382031 0.35625 0.382031 0.357292 0.38125 0.359375 0.38125 0.360417 0.380469 0.3625 0.380469 0.363542 0.379687 0.366667 0.379687 0.367708 0.378906 0.371875 0.378906 0.372917 0.378125 0.373958 0.378125 0.376042 0.376562 0.378125 0.376562 0.379167 0.375781 0.38125 0.375781 0.383333 0.374219 0.384375 0.374219 0.385417 0.373437 0.3875 0.373437 0.388542 0.372656 0.389583 0.372656 0.391667 0.371094 0.392708 0.371094 0.39375 0.370312 0.394792 0.370312 0.395833 0.369531 0.396875 0.369531 0.398958 0.367969 0.4 0.367969 0.402083 0.366406 0.403125 0.366406 0.405208 0.364844 0.40625 0.364844 0.413542 0.359375 0.413542 0.358594 0.417708 0.355469 0.417708 0.353906 0.41875 0.353125 0.41875 0.352344 0.419792 0.351562 0.419792 0.350781 0.420833 0.35 0.420833 0.349219 0.421875 0.348437 0.421875 0.346094 0.422917 0.345312 0.422917 0.336719 0.588534
0 0.43125 0.483594 0.428125 0.485937 0.427083 0.485937 0.426042 0.486719 0.426042 0.4875 0.423958 0.489062 0.423958 0.489844 0.422917 0.490625 0.421875 0.490625 0.421875 0.491406 0.41875 0.49375 0.417708 0.49375 0.416667 0.494531 0.416667 0.495312 0.414583 0.496875 0.413542 0.496875 0.409375 0.5 0.408333 0.5 0.407292 0.500781 0.40625 0.500781 0.403125 0.503125 0.402083 0.503125 0.401042 0.503906 0.4 0.503906 0.398958 0.504687 0.397917 0.504687 0.395833 0.50625 0.394792 0.50625 0.39375 0.507031 0.391667 0.507031 0.390625 0.507812 0.389583 0.507812 0.388542 0.508594 0.3875 0.508594 0.386458 0.509375 0.384375 0.509375 0.383333 0.510156 0.379167 0.510156 0.378125 0.510937 0.376042 0.510937 0.375 0.511719 0.372917 0.511719 0.371875 0.5125 0.36875 0.5125 0.367708 0.513281 0.361458 0.513281 0.360417 0.514062 0.354167 0.514062 0.353125 0.514844 0.346875 0.514844 0.345833 0.515625 0.321875 0.515625 0.320833 0.514844 0.315625 0.514844 0.314583 0.514062 0.310417 0.514062 0.309375 0.513281 0.303125 0.513281 0.302083 0.5125 0.3 0.5125 0.298958 0.511719 0.297917 0.511719 0.296875 0.510937 0.294792 0.510937 0.29375 0.510156 0.290625 0.510156 0.289583 0.509375 0.2875 0.509375 0.285417 0.507812 0.284375 0.507812 0.283333 0.507031 0.28125 0.507031 0.280208 0.50625 0.279167 0.50625 0.276042 0.503906 0.275 0.503906 0.273958 0.503125 0.272917 0.503125 0.269792 0.500781 0.26875 0.500781 0.263542 0.496875 0.2625 0.496875 0.260417 0.495312 0.260417 0.49375 0.259375 0.492969 0.258333 0.492969 0.257292 0.492187 0.257292 0.491406 0.257292 0.494531 0.258333 0.495312 0.258333 0.496875 0.259375 0.497656 0.259375 0.498437 0.261458 0.5 0.261458 0.500781 0.263542 0.502344 0.263542 0.503125 0.264583 0.503906 0.264583 0.504687 0.269792 0.508594 0.270833 0.508594 0.272917 0.510156 0.273958 0.510156 0.276042 0.511719 0.277083 0.511719 0.279167 0.513281 0.280208 0.513281 0.28125 0.514062 0.283333 0.514062 0.284375 0.514844 0.285417 0.514844 0.286458 0.515625 0.2875 0.515625 0.288542 0.516406 0.289583 0.516406 0.290625 0.517188 0.292708 0.517188 0.29375 0.517969 0.294792 0.517969 0.295833 0.51875 0.296875 0.51875 0.297917 0.519531 0.302083 0.519531 0.303125 0.520312 0.30625 0.520312 0.307292 0.521094 0.308333 0.521094 0.309375 0.521875 0.311458 0.521875 0.3125 0.522656 0.319792 0.522656 0.320833 0.523438 0.344792 0.523438 0.345833 0.522656 0.361458 0.522656 0.3625 0.521875 0.364583 0.521875 0.365625 0.521094 0.366667 0.521094 0.367708 0.520312 0.370833 0.520312 0.371875 0.519531 0.378125 0.519531 0.379167 0.51875 0.38125 0.51875 0.383333 0.517188 0.384375 0.517188 0.385417 0.516406 0.389583 0.516406 0.391667 0.514844 0.392708 0.514844 0.39375 0.514062 0.395833 0.514062 0.396875 0.513281 0.397917 0.513281 0.401042 0.510937 0.403125 0.510937 0.404167 0.510156 0.405208 0.510156 0.407292 0.508594 0.408333 0.508594 0.409375 0.507812 0.410417 0.507812 0.413542 0.505469 0.414583 0.505469 0.417708 0.503125 0.41875 0.503125 0.423958 0.499219 0.423958 0.498437 0.425 0.497656 0.425 0.496875 0.426042 0.496094 0.426042 0.495312 0.429167 0.492969 0.429167 0.492187 0.430208 0.491406 0.430208 0.489062 0.43125 0.488281 0.544972
0 0.435417 0.469531 0.434375 0.470312 0.435417 0.470312 0.435417 0.469531 0.419792 0.451562 0.420833 0.450781 0.420833 0.45 0.423958 0.447656 0.423958 0.446875 0.428125 0.44375 0.428125 0.442969 0.43125 0.440625 0.43125 0.439844 0.432292 0.439062 0.432292 0.4375 0.433333 0.436719 0.433333 0.435156 0.434375 0.434375 0.434375 0.433594 0.435417 0.432812 0.435417 0.423437 0.434375 0.423437 0.434375 0.428125 0.433333 0.428906 0.433333 0.429688 0.430208 0.432031 0.430208 0.432812 0.428125 0.434375 0.428125 0.435156 0.423958 0.438281 0.423958 0.439062 0.422917 0.439844 0.421875 0.439844 0.413542 0.446094 0.4125 0.446094 0.409375 0.448437 0.408333 0.448437 0.40625 0.45 0.405208 0.45 0.404167 0.450781 0.402083 0.450781 0.4 0.452344 0.398958 0.452344 0.397917 0.453125 0.396875 0.453125 0.395833 0.453906 0.394792 0.453906 0.39375 0.454687 0.392708 0.454687 0.391667 0.455469 0.389583 0.455469 0.388542 0.45625 0.3875 0.45625 0.386458 0.457031 0.383333 0.457031 0.382292 0.457812 0.380208 0.457812 0.379167 0.458594 0.377083 0.458594 0.376042 0.459375 0.373958 0.459375 0.372917 0.460156 0.36875 0.460156 0.367708 0.460937 0.35625 0.460937 0.355208 0.461719 0.344792 0.461719 0.34375 0.4625 0.323958 0.4625 0.322917 0.461719 0.314583 0.461719 0.313542 0.460937 0.305208 0.460937 0.304167 0.460156 0.3 0.460156 0.298958 0.459375 0.295833 0.459375 0.294792 0.458594 0.29375 0.458594 0.292708 0.457812 0.290625 0.457812 0.289583 0.457031 0.2875 0.457031 0.286458 0.45625 0.284375 0.45625 0.283333 0.455469 0.282292 0.455469 0.28125 0.454687 0.280208 0.454687 0.279167 0.453906 0.278125 0.453906 0.277083 0.453125 0.276042 0.453125 0.273958 0.451562 0.272917 0.451562 0.270833 0.45 0.269792 0.45 0.266667 0.447656 0.265625 0.447656 0.257292 0.441406 0.257292 0.440625 0.25625 0.439844 0.25625 0.439062 0.255208 0.438281 0.255208 0.4375 0.253125 0.435937 0.253125 0.434375 0.252083 0.433594 0.252083 0.432812 0.251042 0.432031 0.251042 0.43125 0.25 0.430469 0.25 0.429688 0.25 0.444531 0.253125 0.446875 0.253125 0.447656 0.257292 0.450781 0.257292 0.451562 0.259375 0.453125 0.260417 0.453125 0.2625 0.454687 0.263542 0.454687 0.267708 0.457812 0.26875 0.457812 0.269792 0.458594 0.270833 0.458594 0.272917 0.460156 0.275 0.460156 0.276042 0.460937 0.277083 0.460937 0.278125 0.461719 0.279167 0.461719 0.28125 0.463281 0.282292 0.463281 0.283333 0.464062 0.284375 0.464062 0.285417 0.464844 0.286458 0.464844 0.2875 0.465625 0.288542 0.465625 0.289583 0.466406 0.292708 0.466406 0.29375 0.467187 0.295833 0.467187 0.296875 0.467969 0.298958 0.467969 0.3 0.46875 0.302083 0.46875 0.303125 0.469531 0.310417 0.469531 0.311458 0.470312 0.314583 0.470312 0.315625 0.471094 0.31875 0.471094 0.319792 0.471875 0.352083 0.471875 0.353125 0.471094 0.35625 0.471094 0.357292 0.470312 0.361458 0.470312 0.3625 0.469531 0.370833 0.469531 0.371875 0.46875 0.373958 0.46875 0.375 0.467969 0.376042 0.467969 0.377083 0.467187 0.379167 0.467187 0.380208 0.466406 0.385417 0.466406 0.386458 0.465625 0.388542 0.465625 0.390625 0.464062 0.391667 0.464062 0.392708 0.463281 0.395833 0.463281 0.396875 0.4625 0.397917 0.4625 0.401042 0.460156 0.403125 0.460156 0.404167 0.459375 0.405208 0.459375 0.407292 0.457812 0.408333 0.457812 0.409375 0.457031 0.410417 0.457031 0.414583 0.453906 0.415625 0.453906 0.41875 0.451562 0.419792 0.451562 0.300367
0 0.43125 0.482812 0.43125 0.483594 0.428125 0.485937 0.427083 0.485937 0.426042 0.486719 0.426042 0.4875 0.423958 0.489062 0.423958 0.489844 0.413542 0.497656 0.4125 0.497656 0.409375 0.5 0.408333 0.5 0.40625 0.501562 0.405208 0.501562 0.403125 0.503125 0.402083 0.503125 0.401042 0.503906 0.4 0.503906 0.397917 0.505469 0.396875 0.505469 0.395833 0.50625 0.394792 0.50625 0.39375 0.507031 0.392708 0.507031 0.391667 0.507812 0.390625 0.507812 0.389583 0.508594 0.388542 0.508594 0.3875 0.509375 0.384375 0.509375 0.383333 0.510156 0.380208 0.510156 0.379167 0.510937 0.376042 0.510937 0.375 0.511719 0.373958 0.511719 0.372917 0.5125 0.369792 0.5125 0.36875 0.513281 0.3625 0.513281 0.361458 0.514062 0.355208 0.514062 0.354167 0.514844 0.348958 0.514844 0.347917 0.515625 0.319792 0.515625 0.31875 0.514844 0.314583 0.514844 0.313542 0.514062 0.309375 0.514062 0.308333 0.513281 0.302083 0.513281 0.301042 0.5125 0.298958 0.5125 0.296875 0.510937 0.29375 0.510937 0.292708 0.510156 0.290625 0.510156 0.289583 0.509375 0.2875 0.509375 0.285417 0.507812 0.284375 0.507812 0.283333 0.507031 0.28125 0.507031 0.280208 0.50625 0.279167 0.50625 0.277083 0.504687 0.276042 0.504687 0.275 0.503906 0.273958 0.503906 0.269792 0.500781 0.26875 0.500781 0.263542 0.496875 0.2625 0.496875 0.261458 0.496094 0.261458 0.495312 0.260417 0.494531 0.260417 0.49375 0.257292 0.491406 0.257292 0.490625 0.257292 0.495312 0.258333 0.496094 0.258333 0.496875 0.259375 0.497656 0.259375 0.498437 0.261458 0.5 0.261458 0.500781 0.2625 0.501562 0.2625 0.502344 0.264583 0.503906 0.264583 0.504687 0.269792 0.508594 0.270833 0.508594 0.272917 0.510156 0.273958 0.510156 0.275 0.510937 0.276042 0.510937 0.278125 0.5125 0.279167 0.5125 0.280208 0.513281 0.28125 0.513281 0.282292 0.514062 0.283333 0.514062 0.284375 0.514844 0.285417 0.514844 0.286458 0.515625 0.2875 0.515625 0.288542 0.516406 0.290625 0.516406 0.291667 0.517188 0.29375 0.517188 0.295833 0.51875 0.296875 0.51875 0.297917 0.519531 0.302083 0.519531 0.303125 0.520312 0.30625 0.520312 0.307292 0.521094 0.308333 0.521094 0.309375 0.521875 0.311458 0.521875 0.3125 0.522656 0.322917 0.522656 0.323958 0.523438 0.342708 0.523438 0.34375 0.522656 0.361458 0.522656 0.3625 0.521875 0.364583 0.521875 0.365625 0.521094 0.366667 0.521094 0.367708 0.520312 0.369792 0.520312 0.370833 0.519531 0.378125 0.519531 0.379167 0.51875 0.380208 0.51875 0.38125 0.517969 0.382292 0.517969 0.383333 0.517188 0.384375 0.517188 0.385417 0.516406 0.388542 0.516406 0.389583 0.515625 0.390625 0.515625 0.391667 0.514844 0.392708 0.514844 0.39375 0.514062 0.395833 0.514062 0.397917 0.5125 0.398958 0.5125 0.401042 0.510937 0.402083 0.510937 0.403125 0.510156 0.405208 0.510156 0.407292 0.508594 0.408333 0.508594 0.410417 0.507031 0.411458 0.507031 0.414583 0.504687 0.415625 0.504687 0.41875 0.502344 0.419792 0.502344 0.422917 0.5 0.422917 0.499219 0.423958 0.498437 0.423958 0.497656 0.426042 0.496094 0.426042 0.495312 0.429167 0.492969 0.429167 0.492187 0.430208 0.491406 0.430208 0.489844 0.43125 0.489062 0.43125 0.486719 0.432292 0.485937 0.432292 0.484375 0.433333 0.483594 0.433333 0.482812 0.299858
0 0.421875 0.3375 0.421875 0.339062 0.420833 0.339844 0.420833 0.340625 0.41875 0.342187 0.41875 0.342969 0.417708 0.34375 0.417708 0.344531 0.4125 0.348437 0.4125 0.349219 0.411458 0.35 0.410417 0.35 0.409375 0.350781 0.409375 0.351562 0.40625 0.353906 0.405208 0.353906 0.403125 0.355469 0.402083 0.355469 0.4 0.357031 0.398958 0.357031 0.394792 0.360156 0.392708 0.360156 0.390625 0.361719 0.389583 0.361719 0.388542 0.3625 0.3875 0.3625 0.386458 0.363281 0.385417 0.363281 0.384375 0.364062 0.382292 0.364062 0.38125 0.364844 0.380208 0.364844 0.379167 0.365625 0.378125 0.365625 0.377083 0.366406 0.375 0.366406 0.373958 0.367188 0.370833 0.367188 0.369792 0.367969 0.36875 0.367969 0.367708 0.36875 0.366667 0.36875 0.365625 0.369531 0.3625 0.369531 0.361458 0.370312 0.357292 0.370312 0.35625 0.371094 0.355208 0.371094 0.354167 0.371875 0.352083 0.371875 0.351042 0.372656 0.345833 0.372656 0.344792 0.373437 0.336458 0.373437 0.335417 0.374219 0.33125 0.374219 0.330208 0.375 0.320833 0.375 0.319792 0.375781 0.301042 0.375781 0.3 0.375 0.289583 0.375 0.288542 0.374219 0.285417 0.374219 0.284375 0.373437 0.278125 0.373437 0.277083 0.372656 0.270833 0.372656 0.269792 0.371875 0.266667 0.371875 0.265625 0.371094 0.264583 0.371094 0.263542 0.370312 0.2625 0.370312 0.261458 0.369531 0.258333 0.369531 0.257292 0.36875 0.25625 0.36875 0.255208 0.367969 0.253125 0.367969 0.252083 0.367188 0.251042 0.367188 0.25 0.366406 0.246875 0.366406 0.245833 0.365625 0.244792 0.365625 0.241667 0.363281 0.240625 0.363281 0.239583 0.3625 0.238542 0.3625 0.236458 0.360937 0.235417 0.360937 0.234375 0.360156 0.233333 0.360156 0.222917 0.352344 0.222917 0.360937 0.223958 0.361719 0.223958 0.3625 0.228125 0.365625 0.229167 0.365625 0.234375 0.369531 0.235417 0.369531 0.238542 0.371875 0.239583 0.371875 0.240625 0.372656 0.241667 0.372656 0.242708 0.373437 0.24375 0.373437 0.245833 0.375 0.246875 0.375 0.248958 0.376562 0.251042 0.376562 0.252083 0.377344 0.253125 0.377344 0.255208 0.378906 0.259375 0.378906 0.260417 0.379687 0.2625 0.379687 0.263542 0.380469 0.264583 0.380469 0.265625 0.38125 0.267708 0.38125 0.26875 0.382031 0.272917 0.382031 0.273958 0.382812 0.278125 0.382812 0.279167 0.383594 0.282292 0.383594 0.283333 0.384375 0.2875 0.384375 0.288542 0.385156 0.336458 0.385156 0.3375 0.384375 0.341667 0.384375 0.342708 0.383594 0.344792 0.383594 0.345833 0.382812 0.35 0.382812 0.351042 0.382031 0.35625 0.382031 0.357292 0.38125 0.359375 0.38125 0.360417 0.380469 0.3625 0.380469 0.363542 0.379687 0.366667 0.379687 0.367708 0.378906 0.371875 0.378906 0.372917 0.378125 0.373958 0.378125 0.375 0.377344 0.376042 0.377344 0.377083 0.376562 0.378125 0.376562 0.379167 0.375781 0.38125 0.375781 0.383333 0.374219 0.385417 0.374219 0.386458 0.373437 0.3875 0.373437 0.388542 0.372656 0.389583 0.372656 0.391667 0.371094 0.392708 0.371094 0.39375 0.370312 0.394792 0.370312 0.395833 0.369531 0.396875 0.369531 0.397917 0.36875 0.398958 0.36875 0.402083 0.366406 0.403125 0.366406 0.405208 0.364844 0.40625 0.364844 0.413542 0.359375 0.413542 0.358594 0.415625 0.357031 0.416667 0.357031 0.416667 0.35625 0.417708 0.355469 0.417708 0.353906 0.41875 0.353125 0.41875 0.352344 0.419792 0.351562 0.419792 0.350781 0.420833 0.35 0.420833 0.349219 0.421875 0.348437 0.421875 0.346094 0.422917 0.345312 0.422917 0.3375 0.282669
