epoch,time,train/box_loss,train/seg_loss,train/cls_loss,train/l1_loss,train/sem_loss,metrics/precision(B),metrics/recall(B),metrics/mAP50(B),metrics/mAP50-95(B),metrics/precision(M),metrics/recall(M),metrics/mAP50(M),metrics/mAP50-95(M),val/box_loss,val/seg_loss,val/cls_loss,val/l1_loss,val/sem_loss,lr/pg0,lr/pg1,lr/pg2
1,26.684,1.17296,2.56954,2.21005,0.0064,0.67183,0.64701,0.57576,0.66837,0.47673,0.39819,0.38047,0.34108,0.15997,1.00024,1.56359,1.48339,0.00615,0,0.000662879,0.000662879,0.000662879
2,44.9805,1.18413,2.22682,1.49539,0.00699,0.19618,0.63776,0.64646,0.71163,0.51331,0.5516,0.28283,0.31851,0.18059,1.00494,1.58055,1.33679,0.00623,0,0.00132735,0.00132735,0.00132735
3,63.3715,1.27667,2.35836,1.40639,0.00739,0.17626,0.70832,0.695,0.77324,0.49769,0.48911,0.30976,0.29196,0.15681,1.12422,1.67702,1.19167,0.00658,0,0.00198962,0.00198962,0.00198962
4,81.3363,1.28992,2.3103,1.31044,0.00726,0.2199,0.71969,0.70021,0.78427,0.51496,0.40181,0.43771,0.33237,0.16051,1.17029,1.44134,1.09421,0.00846,0,0.0019901,0.0019901,0.0019901
5,99.4724,1.21898,2.26904,1.2962,0.00687,0.16377,0.59691,0.66314,0.71299,0.5225,0.29971,0.38721,0.31846,0.17286,0.93366,1.45703,1.17638,0.00533,0,0.0019868,0.0019868,0.0019868
6,117.768,1.21629,2.11431,1.20587,0.00685,0.11059,0.66883,0.7037,0.7525,0.51972,0.49814,0.52189,0.42288,0.18462,1.03421,1.32921,1.05619,0.00598,0,0.0019835,0.0019835,0.0019835
7,135.543,1.18706,2.03703,1.15338,0.00691,0.11698,0.65701,0.74074,0.77493,0.57096,0.46034,0.57239,0.45448,0.19896,0.90661,1.18342,0.98487,0.00566,0,0.0019802,0.0019802,0.0019802
8,152.064,1.16006,1.85472,1.08098,0.00668,0.15432,0.74348,0.73737,0.81885,0.61474,0.59144,0.58249,0.56889,0.27177,0.91108,1.14543,0.84353,0.00561,0,0.0019769,0.0019769,0.0019769
9,168.692,1.12007,1.78723,1.04263,0.00602,0.12619,0.75202,0.73519,0.81923,0.63352,0.64468,0.61953,0.64445,0.35685,0.81785,0.98003,0.9213,0.00496,0,0.0019736,0.0019736,0.0019736
10,185.459,1.1311,1.65727,1.01165,0.00619,0.11061,0.76412,0.79624,0.87476,0.66774,0.67114,0.6936,0.72784,0.39706,0.85588,1.17655,0.73793,0.00507,0,0.0019703,0.0019703,0.0019703
11,203.171,1.07875,1.63825,0.98168,0.00572,0.11698,0.76727,0.74074,0.8195,0.61253,0.65066,0.64646,0.67392,0.36043,0.88216,1.12707,0.87485,0.00495,0,0.001967,0.001967,0.001967
12,220.549,1.05756,1.55289,0.9567,0.00557,0.094,0.75775,0.73401,0.83356,0.63996,0.64385,0.75758,0.74311,0.40277,0.82363,0.88529,0.77547,0.00496,0,0.0019637,0.0019637,0.0019637
13,238.032,1.0439,1.47556,0.90259,0.00568,0.06484,0.74222,0.79497,0.8434,0.63686,0.7063,0.77441,0.8077,0.46236,0.92347,0.88164,0.76807,0.00562,0,0.0019604,0.0019604,0.0019604
14,254.825,1.04489,1.41257,0.89209,0.00571,0.09348,0.79949,0.79798,0.88572,0.70937,0.72384,0.76781,0.8144,0.45923,0.71879,0.86525,0.69618,0.00429,0,0.0019571,0.0019571,0.0019571
15,271.332,1.02489,1.36214,0.88278,0.00533,0.08029,0.83952,0.75737,0.88496,0.69123,0.77627,0.77103,0.85812,0.53345,0.84992,0.76894,0.69861,0.00506,0,0.0019538,0.0019538,0.0019538
16,287.886,1.0397,1.34448,0.87038,0.00541,0.09958,0.78297,0.8017,0.88428,0.68726,0.75076,0.77079,0.83283,0.49511,0.7984,0.75382,0.70143,0.00497,0,0.0019505,0.0019505,0.0019505
17,304.314,1.03321,1.3147,0.84013,0.00553,0.07111,0.86615,0.75758,0.89495,0.6801,0.81722,0.73767,0.87341,0.54973,0.85364,0.70813,0.61757,0.00533,0,0.0019472,0.0019472,0.0019472
18,321.121,0.95291,1.25047,0.80185,0.00487,0.07523,0.82122,0.79798,0.89132,0.71646,0.82747,0.80471,0.89317,0.57231,0.74606,0.70837,0.60983,0.00417,0,0.0019439,0.0019439,0.0019439
19,337.781,0.95507,1.22165,0.7791,0.00498,0.06307,0.83291,0.81818,0.91575,0.72477,0.81866,0.84848,0.90114,0.59947,0.79888,0.67235,0.59971,0.00485,0,0.0019406,0.0019406,0.0019406
20,354.528,0.94382,1.14618,0.77085,0.00506,0.06304,0.85865,0.80471,0.91511,0.75242,0.8377,0.81818,0.90729,0.61632,0.68343,0.64217,0.58953,0.00389,0,0.0019373,0.0019373,0.0019373
21,371.217,0.92962,1.1295,0.7691,0.00476,0.08437,0.86847,0.82254,0.92598,0.74934,0.83592,0.84175,0.92023,0.62956,0.72715,0.63594,0.51443,0.00423,0,0.001934,0.001934,0.001934
22,387.824,0.92863,1.08048,0.75903,0.00487,0.12282,0.80535,0.8637,0.91488,0.75421,0.7845,0.85799,0.90876,0.62162,0.6623,0.5562,0.57121,0.00368,0,0.0019307,0.0019307,0.0019307
23,405.244,0.85943,1.00683,0.70565,0.00432,0.10198,0.83894,0.82155,0.9245,0.72779,0.84237,0.82492,0.92045,0.63941,0.78829,0.65182,0.56702,0.00418,0,0.0019274,0.0019274,0.0019274
24,421.687,0.88001,0.99677,0.69137,0.00446,0.09702,0.88319,0.87542,0.94527,0.79697,0.86731,0.86532,0.94277,0.67944,0.62362,0.53023,0.48757,0.00337,0,0.0019241,0.0019241,0.0019241
25,438.389,0.8956,0.95877,0.69299,0.00464,0.08562,0.86809,0.85522,0.92947,0.76381,0.86834,0.82155,0.92961,0.62984,0.67325,0.57655,0.51822,0.00388,0,0.0019208,0.0019208,0.0019208
26,454.642,0.8931,0.92556,0.69092,0.0046,0.07047,0.90541,0.87016,0.9534,0.78256,0.88829,0.88552,0.95445,0.6852,0.70135,0.46931,0.49848,0.00414,0,0.0019175,0.0019175,0.0019175
27,471.016,0.88274,0.90163,0.65671,0.00458,0.04911,0.90718,0.88215,0.95075,0.76697,0.89786,0.88215,0.9551,0.68887,0.75172,0.48018,0.46585,0.00416,0,0.0019142,0.0019142,0.0019142
28,487.742,0.91735,0.93366,0.67485,0.00482,0.08625,0.89107,0.85386,0.92439,0.74497,0.91194,0.87176,0.95654,0.69041,0.7056,0.67155,0.54634,0.00387,0,0.0019109,0.0019109,0.0019109
29,504.142,0.85149,0.88472,0.63806,0.00428,0.08357,0.8863,0.87205,0.94517,0.77408,0.92133,0.85185,0.95635,0.7086,0.70528,0.45997,0.42825,0.00415,0,0.0019076,0.0019076,0.0019076
30,521.237,0.82729,0.86015,0.61861,0.00413,0.06248,0.89123,0.89899,0.95871,0.82978,0.89063,0.92593,0.97325,0.72789,0.58346,0.46673,0.36719,0.00309,0,0.0019043,0.0019043,0.0019043
31,538.13,0.88171,0.83327,0.61375,0.00464,0.06818,0.91741,0.88215,0.96242,0.80292,0.90456,0.90909,0.97109,0.7146,0.67354,0.45046,0.40284,0.00385,0,0.001901,0.001901,0.001901
32,554.58,0.83145,0.82106,0.59229,0.00424,0.05726,0.9265,0.89899,0.96942,0.82734,0.91382,0.93266,0.97891,0.7387,0.60289,0.45691,0.34681,0.00325,0,0.0018977,0.0018977,0.0018977
33,571.25,0.78469,0.78303,0.57916,0.0039,0.05864,0.93641,0.89248,0.97189,0.83137,0.90407,0.94613,0.97992,0.74316,0.58987,0.47008,0.33007,0.00319,0,0.0018944,0.0018944,0.0018944
34,587.809,0.79024,0.81825,0.57427,0.00392,0.06239,0.86952,0.92256,0.96176,0.81719,0.87931,0.92929,0.96629,0.72857,0.64106,0.42866,0.3897,0.0034,0,0.0018911,0.0018911,0.0018911
35,603.997,0.78915,0.78584,0.56643,0.00392,0.07826,0.91968,0.88674,0.95292,0.80372,0.929,0.93603,0.98038,0.73239,0.64036,0.4202,0.37712,0.00352,0,0.0018878,0.0018878,0.0018878
36,620.085,0.82191,0.79138,0.56752,0.00419,0.101,0.93094,0.90778,0.96689,0.83015,0.93785,0.91451,0.97798,0.7176,0.57395,0.47309,0.35222,0.0032,0,0.0018845,0.0018845,0.0018845
37,636.226,0.79004,0.78312,0.56432,0.00404,0.06493,0.88941,0.88215,0.94099,0.79036,0.92087,0.90119,0.97315,0.73628,0.64538,0.45577,0.42396,0.00334,0,0.0018812,0.0018812,0.0018812
38,652.17,0.83562,0.78515,0.57806,0.00436,0.07367,0.89137,0.90572,0.96001,0.82334,0.90731,0.92285,0.97317,0.73327,0.60899,0.4306,0.40369,0.0034,0,0.0018779,0.0018779,0.0018779
39,668.802,0.81611,0.79305,0.56243,0.00407,0.08099,0.89619,0.89562,0.96183,0.82842,0.90385,0.91794,0.97612,0.74523,0.58786,0.47995,0.35202,0.00314,0,0.0018746,0.0018746,0.0018746
40,685.078,0.79982,0.7547,0.52613,0.00408,0.06231,0.92157,0.92256,0.97237,0.84149,0.9283,0.92929,0.97958,0.74897,0.5626,0.42466,0.32932,0.00306,0,0.0018713,0.0018713,0.0018713
41,702.057,0.75353,0.73746,0.50674,0.00369,0.05517,0.91499,0.92256,0.97365,0.814,0.92322,0.93603,0.98175,0.72814,0.65433,0.51404,0.36913,0.00374,0,0.001868,0.001868,0.001868
42,718.273,0.77061,0.73096,0.51388,0.00382,0.05675,0.8939,0.94949,0.97588,0.84643,0.90024,0.95623,0.98139,0.76262,0.563,0.40482,0.30578,0.00305,0,0.0018647,0.0018647,0.0018647
43,734.551,0.78157,0.72805,0.53553,0.00417,0.09549,0.92676,0.91582,0.9779,0.83252,0.92476,0.9104,0.97698,0.74348,0.591,0.40485,0.31817,0.00324,0,0.0018614,0.0018614,0.0018614
44,750.524,0.77187,0.73541,0.54373,0.00422,0.0863,0.92842,0.91713,0.97142,0.81589,0.93865,0.92723,0.98335,0.74938,0.61868,0.46138,0.35095,0.00334,0,0.0018581,0.0018581,0.0018581
45,766.703,0.77363,0.7246,0.53728,0.00392,0.09689,0.92571,0.91246,0.97111,0.82644,0.93578,0.94276,0.98338,0.751,0.62741,0.40578,0.34892,0.00346,0,0.0018548,0.0018548,0.0018548
46,783.131,0.82065,0.76377,0.56108,0.00435,0.11167,0.9491,0.93603,0.98444,0.82863,0.94636,0.95051,0.98654,0.75615,0.62291,0.40021,0.29171,0.00352,0,0.0018515,0.0018515,0.0018515
47,799.178,0.78416,0.72945,0.52739,0.00397,0.10737,0.94431,0.94276,0.98019,0.82682,0.94956,0.95083,0.98774,0.71843,0.5818,0.4185,0.28509,0.0033,0,0.0018482,0.0018482,0.0018482
48,815.48,0.77072,0.70585,0.5048,0.00387,0.11978,0.92526,0.89226,0.95722,0.81576,0.94272,0.90909,0.97541,0.73562,0.60939,0.42051,0.37876,0.00325,0,0.0018449,0.0018449,0.0018449
49,831.543,0.78228,0.7673,0.55803,0.00397,0.13557,0.93317,0.92256,0.97695,0.82684,0.93957,0.94228,0.98245,0.75913,0.62608,0.4192,0.32295,0.00355,0,0.0018416,0.0018416,0.0018416
50,848.318,0.74116,0.71902,0.51298,0.00363,0.08338,0.95079,0.91075,0.9707,0.82476,0.96133,0.92085,0.97899,0.75308,0.64036,0.41375,0.33239,0.00358,0,0.0018383,0.0018383,0.0018383
51,864.448,0.74604,0.69643,0.51048,0.00386,0.05411,0.94797,0.94613,0.98475,0.84973,0.95021,0.94949,0.98669,0.7592,0.58025,0.3808,0.27566,0.00317,0,0.001835,0.001835,0.001835
52,880.963,0.7439,0.67831,0.50052,0.00369,0.05745,0.92797,0.92929,0.97538,0.83173,0.93469,0.93603,0.98299,0.75996,0.60409,0.38153,0.29877,0.00326,0,0.0018317,0.0018317,0.0018317
53,896.959,0.73953,0.68576,0.50078,0.00382,0.05179,0.94919,0.94344,0.98512,0.85873,0.95594,0.94958,0.98791,0.76813,0.55078,0.37416,0.26416,0.00301,0,0.0018284,0.0018284,0.0018284
54,913.201,0.7117,0.66788,0.45826,0.00354,0.06656,0.95864,0.93648,0.98627,0.85294,0.96209,0.93985,0.98808,0.75994,0.5362,0.38105,0.25221,0.00294,0,0.0018251,0.0018251,0.0018251
55,929.702,0.73075,0.63782,0.46199,0.00372,0.04892,0.93883,0.93012,0.98178,0.86206,0.94222,0.93348,0.98425,0.76591,0.53514,0.39049,0.2978,0.00298,0,0.0018218,0.0018218,0.0018218
56,946.137,0.73285,0.65295,0.4822,0.00376,0.07556,0.94177,0.92575,0.98087,0.86151,0.93544,0.92593,0.98165,0.75816,0.53888,0.36571,0.28638,0.00299,0,0.0018185,0.0018185,0.0018185
57,962.198,0.78396,0.67806,0.48314,0.00389,0.10499,0.93567,0.93053,0.97642,0.82316,0.94244,0.93726,0.98221,0.76131,0.6784,0.39191,0.32939,0.00379,0,0.0018152,0.0018152,0.0018152
58,978.347,0.80534,0.72569,0.51666,0.00408,0.08433,0.91648,0.91246,0.96527,0.81543,0.93627,0.94949,0.98393,0.77251,0.64328,0.41455,0.33341,0.00382,0,0.0018119,0.0018119,0.0018119
59,994.662,0.74478,0.69522,0.48155,0.00368,0.08503,0.96298,0.90236,0.98292,0.84678,0.96658,0.90572,0.98532,0.77585,0.57319,0.37743,0.27446,0.00301,0,0.0018086,0.0018086,0.0018086
60,1010.96,0.70882,0.6524,0.46973,0.00354,0.08017,0.95341,0.89577,0.97945,0.84791,0.89782,0.9596,0.98145,0.75949,0.53081,0.37443,0.28214,0.00278,0,0.0018053,0.0018053,0.0018053
61,1027.02,0.699,0.65682,0.45711,0.0035,0.06052,0.94753,0.97294,0.98813,0.87663,0.95081,0.97631,0.99021,0.78365,0.52148,0.37637,0.23608,0.0028,0,0.001802,0.001802,0.001802
62,1043.45,0.68452,0.61589,0.45058,0.00349,0.04735,0.96718,0.93266,0.9841,0.87949,0.96718,0.93266,0.9862,0.78251,0.48977,0.35822,0.24964,0.00272,0,0.0017987,0.0017987,0.0017987
63,1059.9,0.69246,0.63971,0.45186,0.00359,0.05682,0.93879,0.9295,0.98253,0.85406,0.95467,0.93603,0.98802,0.77581,0.53603,0.37002,0.27076,0.00297,0,0.0017954,0.0017954,0.0017954
64,1076.63,0.71174,0.65769,0.45791,0.00354,0.07203,0.92052,0.93596,0.979,0.85854,0.93046,0.94606,0.98449,0.75866,0.55295,0.38662,0.29159,0.00322,0,0.0017921,0.0017921,0.0017921
65,1092.86,0.69898,0.62075,0.44871,0.00346,0.0581,0.92439,0.95623,0.98096,0.86255,0.93436,0.96633,0.98616,0.78308,0.51119,0.38836,0.27318,0.00271,0,0.0017888,0.0017888,0.0017888
66,1109.12,0.67407,0.61045,0.41737,0.0033,0.05183,0.93986,0.94715,0.9866,0.87113,0.9432,0.95051,0.98707,0.77699,0.50984,0.34509,0.24648,0.00274,0,0.0017855,0.0017855,0.0017855
67,1125.32,0.67099,0.58965,0.42283,0.00337,0.07641,0.94702,0.9596,0.98846,0.88465,0.95366,0.96633,0.9894,0.78892,0.50671,0.35583,0.23422,0.00274,0,0.0017822,0.0017822,0.0017822
68,1141.67,0.66395,0.58465,0.42075,0.00331,0.04393,0.94785,0.93939,0.9845,0.87318,0.95364,0.94613,0.98807,0.79439,0.50927,0.36344,0.25998,0.00263,0,0.0017789,0.0017789,0.0017789
69,1157.82,0.66312,0.56806,0.41714,0.00339,0.04969,0.96338,0.96296,0.9912,0.87898,0.95989,0.96695,0.99099,0.78512,0.48957,0.34467,0.20898,0.00261,0,0.0017756,0.0017756,0.0017756
70,1173.93,0.67857,0.59853,0.43798,0.00329,0.08032,0.96363,0.98143,0.99231,0.87451,0.96363,0.98143,0.99231,0.77515,0.51188,0.35406,0.20432,0.00272,0,0.0017723,0.0017723,0.0017723
71,1189.91,0.70095,0.5898,0.4309,0.00367,0.07008,0.93983,0.94668,0.98648,0.86513,0.94318,0.95005,0.98738,0.78167,0.5496,0.35786,0.26517,0.00303,0,0.001769,0.001769,0.001769
72,1206.24,0.68326,0.59533,0.42801,0.0034,0.06347,0.95276,0.95067,0.98685,0.87588,0.95951,0.95741,0.98991,0.78849,0.51992,0.38721,0.23982,0.00293,0,0.0017657,0.0017657,0.0017657
73,1222.42,0.68098,0.6023,0.43773,0.00342,0.04224,0.96197,0.94276,0.98842,0.87422,0.96197,0.94276,0.98854,0.78549,0.50953,0.35741,0.22107,0.00265,0,0.0017624,0.0017624,0.0017624
74,1238.54,0.65085,0.55916,0.40658,0.00327,0.06391,0.9478,0.97826,0.99095,0.87884,0.9478,0.97826,0.99095,0.79021,0.50874,0.34524,0.21631,0.00271,0,0.0017591,0.0017591,0.0017591
75,1254.47,0.6612,0.55152,0.41895,0.00343,0.05442,0.97303,0.94276,0.9898,0.87445,0.9765,0.94613,0.99121,0.79657,0.50967,0.33906,0.2314,0.00285,0,0.0017558,0.0017558,0.0017558
76,1270.56,0.64581,0.55318,0.38842,0.00326,0.04428,0.96574,0.93939,0.988,0.87757,0.96978,0.94276,0.98938,0.78906,0.50005,0.3322,0.22899,0.00275,0,0.0017525,0.0017525,0.0017525
77,1287.24,0.62766,0.54193,0.38638,0.0031,0.06866,0.96784,0.9596,0.9903,0.8651,0.97137,0.96296,0.99183,0.78082,0.56363,0.33061,0.23306,0.0032,0,0.0017492,0.0017492,0.0017492
78,1303.8,0.62273,0.53452,0.38312,0.00306,0.06086,0.96598,0.95612,0.99097,0.89155,0.96598,0.95612,0.99082,0.79726,0.48743,0.33522,0.20454,0.00258,0,0.0017459,0.0017459,0.0017459
79,1320.39,0.64354,0.57113,0.38563,0.00319,0.07325,0.97914,0.94805,0.99091,0.87576,0.98261,0.95142,0.99193,0.79925,0.50093,0.35143,0.20666,0.00283,0,0.0017426,0.0017426,0.0017426
80,1336.62,0.62876,0.56894,0.38597,0.003,0.06598,0.97911,0.94682,0.99208,0.89929,0.97911,0.94682,0.99208,0.79863,0.48407,0.33366,0.2042,0.00248,0,0.0017393,0.0017393,0.0017393
81,1353.36,0.61826,0.56979,0.38995,0.003,0.05234,0.97326,0.9596,0.99129,0.87656,0.97282,0.96404,0.99174,0.79458,0.51757,0.3353,0.2045,0.00273,0,0.001736,0.001736,0.001736
82,1369.71,0.63496,0.539,0.38915,0.00317,0.05217,0.97599,0.95825,0.99195,0.88173,0.97599,0.95825,0.99171,0.79724,0.51285,0.3432,0.2012,0.00275,0,0.0017327,0.0017327,0.0017327
83,1386.26,0.65392,0.56957,0.3943,0.00322,0.04313,0.94733,0.96892,0.98962,0.87619,0.94404,0.96556,0.98886,0.79797,0.50694,0.34358,0.23118,0.00287,0,0.0017294,0.0017294,0.0017294
84,1402.45,0.64848,0.56088,0.39209,0.00317,0.05169,0.94154,0.97604,0.9885,0.87767,0.94478,0.97941,0.99061,0.79098,0.49589,0.34065,0.21048,0.00262,0,0.0017261,0.0017261,0.0017261
85,1418.91,0.62765,0.54256,0.36999,0.00302,0.08527,0.97619,0.96645,0.99168,0.89458,0.97619,0.96645,0.99168,0.79227,0.46361,0.33858,0.18034,0.00242,0,0.0017228,0.0017228,0.0017228
86,1435.47,0.62455,0.55051,0.38167,0.00301,0.07783,0.96966,0.9686,0.99229,0.8779,0.96592,0.9697,0.99268,0.79079,0.50783,0.33599,0.19882,0.00262,0,0.0017195,0.0017195,0.0017195
87,1451.48,0.64645,0.54402,0.39971,0.00322,0.07826,0.95433,0.94276,0.98513,0.87562,0.9621,0.9697,0.99108,0.79136,0.51131,0.38045,0.25158,0.00269,0,0.0017162,0.0017162,0.0017162
88,1467.76,0.66304,0.59779,0.4255,0.00321,0.06983,0.96978,0.97254,0.99292,0.88002,0.96978,0.97254,0.99292,0.78487,0.51828,0.34961,0.20959,0.00282,0,0.0017129,0.0017129,0.0017129
89,1484.18,0.63728,0.59483,0.39284,0.00299,0.04363,0.96616,0.9596,0.99051,0.88449,0.96616,0.9596,0.99062,0.80526,0.49598,0.33472,0.21284,0.00266,0,0.0017096,0.0017096,0.0017096
90,1500.78,0.63186,0.54775,0.38347,0.00306,0.0676,0.9789,0.96633,0.99133,0.88605,0.98231,0.9697,0.99259,0.80782,0.4989,0.3312,0.20625,0.00262,0,0.0017063,0.0017063,0.0017063
91,1516.95,0.62686,0.53747,0.38313,0.00306,0.05194,0.97567,0.94501,0.98846,0.87787,0.97914,0.94824,0.9909,0.79964,0.49262,0.32865,0.22761,0.00264,0,0.001703,0.001703,0.001703
92,1533.36,0.60484,0.54716,0.36499,0.00292,0.05549,0.97517,0.92571,0.987,0.88824,0.98224,0.93121,0.99018,0.80023,0.46093,0.32929,0.23463,0.00248,0,0.0016997,0.0016997,0.0016997
93,1549.77,0.60613,0.53735,0.3751,0.00309,0.05484,0.97107,0.97306,0.99243,0.88829,0.97443,0.97643,0.99311,0.80932,0.47991,0.32801,0.18996,0.00255,0,0.0016964,0.0016964,0.0016964
94,1565.9,0.62412,0.55781,0.37955,0.00303,0.04124,0.96785,0.96633,0.99164,0.88502,0.96785,0.96633,0.99164,0.79966,0.50052,0.32761,0.20883,0.00272,0,0.0016931,0.0016931,0.0016931
95,1582.08,0.61121,0.54618,0.37994,0.00288,0.06807,0.97979,0.97643,0.99368,0.88928,0.9767,0.98798,0.99377,0.79484,0.48149,0.32588,0.18639,0.00265,0,0.0016898,0.0016898,0.0016898
96,1598.67,0.59804,0.52806,0.36164,0.0029,0.06747,0.98486,0.95623,0.99265,0.90412,0.98853,0.9596,0.99338,0.81103,0.45832,0.32659,0.17932,0.00242,0,0.0016865,0.0016865,0.0016865
97,1615.45,0.6126,0.53028,0.37198,0.00304,0.05405,0.96902,0.94785,0.98931,0.88243,0.97979,0.95286,0.99169,0.80419,0.4751,0.32977,0.21305,0.00247,0,0.0016832,0.0016832,0.0016832
98,1631.69,0.70544,0.56746,0.40894,0.00352,0.05575,0.96274,0.95694,0.98934,0.85919,0.9729,0.96705,0.99277,0.78947,0.56834,0.35411,0.24096,0.00324,0,0.0016799,0.0016799,0.0016799
99,1647.98,0.62366,0.54425,0.36537,0.00303,0.03774,0.97613,0.96387,0.99276,0.90457,0.97613,0.96387,0.99276,0.81469,0.4472,0.32812,0.17732,0.00235,0,0.0016766,0.0016766,0.0016766
100,1664.77,0.59184,0.50573,0.35103,0.00284,0.04798,0.97617,0.96558,0.99246,0.89576,0.97617,0.96558,0.99246,0.80473,0.46569,0.32505,0.18571,0.00253,0,0.0016733,0.0016733,0.0016733
101,1681,0.56506,0.50239,0.34162,0.00262,0.07646,0.97891,0.9596,0.9897,0.8856,0.97934,0.95743,0.99201,0.79687,0.46447,0.31908,0.21225,0.00248,0,0.00167,0.00167,0.00167
102,1697.18,0.57151,0.51102,0.35215,0.00282,0.06224,0.98083,0.94613,0.99122,0.89807,0.98083,0.94613,0.99122,0.80799,0.44088,0.3244,0.19347,0.00232,0,0.0016667,0.0016667,0.0016667
103,1713.62,0.58402,0.52561,0.37143,0.00281,0.08535,0.95715,0.94949,0.98945,0.90558,0.96203,0.95286,0.98968,0.80445,0.42588,0.33864,0.20236,0.00223,0,0.0016634,0.0016634,0.0016634
104,1729.91,0.58716,0.53886,0.36349,0.00284,0.04343,0.98442,0.93266,0.99012,0.89881,0.95304,0.95669,0.99015,0.79731,0.43238,0.3223,0.20612,0.00228,0,0.0016601,0.0016601,0.0016601
105,1746.15,0.58756,0.51437,0.35524,0.00287,0.07242,0.95768,0.9596,0.9891,0.89725,0.95768,0.9596,0.9891,0.79885,0.44363,0.32284,0.21444,0.00243,0,0.0016568,0.0016568,0.0016568
106,1762.44,0.56213,0.5202,0.34024,0.00259,0.0564,0.97315,0.9761,0.99312,0.90149,0.97315,0.9761,0.99312,0.81255,0.43743,0.33116,0.17467,0.00227,0,0.0016535,0.0016535,0.0016535
107,1778.75,0.58653,0.53706,0.35732,0.00275,0.07074,0.97591,0.9596,0.99149,0.8958,0.97591,0.9596,0.99129,0.81177,0.44755,0.3271,0.19694,0.00235,0,0.0016502,0.0016502,0.0016502
108,1795.02,0.59357,0.52909,0.35649,0.00281,0.04643,0.98267,0.95443,0.99141,0.89651,0.98267,0.95443,0.99141,0.80769,0.44492,0.32483,0.20187,0.00237,0,0.0016469,0.0016469,0.0016469
109,1811.24,0.57196,0.50746,0.36853,0.00283,0.09544,0.94628,0.9697,0.98964,0.8923,0.95373,0.9716,0.99116,0.79736,0.44329,0.33039,0.209,0.00235,0,0.0016436,0.0016436,0.0016436
110,1827.64,0.60141,0.52841,0.35838,0.00296,0.05521,0.98831,0.95286,0.99037,0.89327,0.98831,0.95286,0.99037,0.80663,0.47343,0.33228,0.19236,0.0024,0,0.0016403,0.0016403,0.0016403
111,1843.92,0.60474,0.53987,0.36515,0.00288,0.06218,0.96956,0.96527,0.99109,0.88962,0.96956,0.96527,0.99109,0.81045,0.45887,0.32536,0.20202,0.00248,0,0.001637,0.001637,0.001637
112,1860.27,0.60713,0.52054,0.35675,0.00302,0.05825,0.94791,0.98043,0.99154,0.89759,0.94466,0.97706,0.99117,0.81774,0.42778,0.32202,0.19535,0.00224,0,0.0016337,0.0016337,0.0016337
113,1876.66,0.5628,0.49495,0.3407,0.00265,0.06393,0.97325,0.9697,0.9911,0.89357,0.97325,0.9697,0.99111,0.81177,0.46106,0.31973,0.19598,0.00232,0,0.0016304,0.0016304,0.0016304
114,1893.05,0.55723,0.51251,0.34758,0.00253,0.0505,0.98215,0.97643,0.9931,0.90153,0.98215,0.97643,0.9931,0.81574,0.43661,0.31759,0.18467,0.00227,0,0.0016271,0.0016271,0.0016271
115,1909.45,0.5482,0.50683,0.33426,0.00259,0.04447,0.96326,0.94613,0.98997,0.906,0.9706,0.95286,0.99229,0.8164,0.4258,0.31034,0.19416,0.00221,0,0.0016238,0.0016238,0.0016238
116,1926.15,0.56767,0.49891,0.33799,0.00275,0.05758,0.93523,0.98653,0.99112,0.88766,0.93842,0.9899,0.99196,0.81109,0.49418,0.34181,0.20278,0.00248,0,0.0016205,0.0016205,0.0016205
117,1942.92,0.55988,0.50083,0.3392,0.00265,0.05337,0.97009,0.98287,0.9923,0.90554,0.96677,0.97951,0.9921,0.81074,0.44271,0.32095,0.18543,0.00226,0,0.0016172,0.0016172,0.0016172
118,1959.22,0.55242,0.49887,0.3359,0.00268,0.05785,0.95354,0.96755,0.99004,0.90841,0.95354,0.96755,0.99004,0.81512,0.41687,0.32272,0.191,0.00217,0,0.0016139,0.0016139,0.0016139
119,1975.83,0.55519,0.49852,0.34354,0.00268,0.05544,0.96422,0.96633,0.99132,0.89261,0.96422,0.96633,0.99132,0.81406,0.45446,0.3167,0.2028,0.00247,0,0.0016106,0.0016106,0.0016106
120,1992.11,0.57213,0.51852,0.34838,0.00263,0.05072,0.98859,0.94613,0.99168,0.89874,0.98859,0.94613,0.99171,0.81572,0.43927,0.3197,0.19083,0.00224,0,0.0016073,0.0016073,0.0016073
121,2008.43,0.55315,0.51351,0.32733,0.00248,0.05559,0.96673,0.97831,0.99035,0.9071,0.96673,0.97831,0.99035,0.81363,0.42314,0.31688,0.19056,0.0022,0,0.001604,0.001604,0.001604
122,2024.74,0.55781,0.50392,0.34084,0.0026,0.05614,0.94817,0.98543,0.99048,0.91035,0.94817,0.98543,0.99048,0.81627,0.40827,0.31258,0.1964,0.00211,0,0.0016007,0.0016007,0.0016007
123,2041.43,0.57263,0.48691,0.34106,0.00281,0.04129,0.98155,0.9596,0.99253,0.89793,0.98155,0.9596,0.99253,0.81979,0.44969,0.31611,0.20237,0.00237,0,0.0015974,0.0015974,0.0015974
124,2058.05,0.58176,0.50672,0.34669,0.00271,0.0538,0.95976,0.96374,0.99084,0.91065,0.95976,0.96374,0.99084,0.81856,0.40157,0.31059,0.20547,0.0021,0,0.0015941,0.0015941,0.0015941
125,2074.67,0.56011,0.5023,0.33002,0.00266,0.0471,0.9728,0.97306,0.99305,0.90262,0.9728,0.97306,0.99305,0.8338,0.43406,0.31281,0.18662,0.00243,0,0.0015908,0.0015908,0.0015908
126,2091.6,0.5403,0.48723,0.31998,0.00244,0.07473,0.96691,0.98373,0.9927,0.90888,0.96691,0.98373,0.9927,0.82079,0.42093,0.30918,0.17506,0.00216,0,0.0015875,0.0015875,0.0015875
127,2107.89,0.54652,0.49992,0.33059,0.00258,0.04858,0.96073,0.9798,0.99242,0.90659,0.96073,0.9798,0.99242,0.81296,0.43435,0.31498,0.18105,0.00238,0,0.0015842,0.0015842,0.0015842
128,2124.38,0.54288,0.49138,0.32501,0.00249,0.05194,0.95354,0.9675,0.99059,0.91265,0.95354,0.9675,0.99059,0.81946,0.40548,0.31091,0.18944,0.00208,0,0.0015809,0.0015809,0.0015809
129,2140.68,0.57398,0.49841,0.34569,0.00274,0.06473,0.96795,0.97306,0.9922,0.90902,0.96795,0.97306,0.9922,0.80427,0.42586,0.32375,0.1811,0.00235,0,0.0015776,0.0015776,0.0015776
130,2157.38,0.56009,0.50405,0.33392,0.00272,0.04617,0.97967,0.97372,0.99358,0.90419,0.97967,0.97372,0.99358,0.80525,0.4281,0.31673,0.16356,0.00221,0,0.0015743,0.0015743,0.0015743
131,2174.44,0.54951,0.50341,0.32264,0.00265,0.03696,0.9763,0.97112,0.99283,0.90143,0.9763,0.97112,0.99283,0.80941,0.46218,0.31827,0.18237,0.00246,0,0.001571,0.001571,0.001571
132,2191.23,0.54612,0.49952,0.32835,0.0026,0.06591,0.96639,0.96803,0.99251,0.90029,0.96639,0.96803,0.99251,0.8084,0.43974,0.30986,0.18517,0.00219,0,0.0015677,0.0015677,0.0015677
133,2208.33,0.5485,0.49096,0.32037,0.0026,0.05181,0.97783,0.97306,0.99269,0.91107,0.97575,0.9697,0.99184,0.81526,0.43351,0.32722,0.18019,0.00229,0,0.0015644,0.0015644,0.0015644
134,2225.06,0.57635,0.50557,0.35013,0.00276,0.06198,0.97641,0.97553,0.99361,0.91423,0.97641,0.97553,0.99361,0.81161,0.42141,0.3126,0.16739,0.00229,0,0.0015611,0.0015611,0.0015611
135,2241.68,0.54665,0.50261,0.33719,0.00255,0.05788,0.96977,0.97213,0.99275,0.90813,0.96977,0.97213,0.99275,0.82295,0.42539,0.30708,0.17659,0.00221,0,0.0015578,0.0015578,0.0015578
136,2258.16,0.5548,0.48537,0.3239,0.00265,0.04534,0.98287,0.97306,0.99305,0.89965,0.98287,0.97306,0.99305,0.82496,0.4357,0.30918,0.1681,0.0024,0,0.0015545,0.0015545,0.0015545
137,2274.89,0.53873,0.50172,0.32167,0.00245,0.07454,0.98626,0.9666,0.99335,0.91224,0.98626,0.9666,0.99335,0.82365,0.40242,0.30703,0.16753,0.00205,0,0.0015512,0.0015512,0.0015512
138,2291.28,0.55914,0.51894,0.33441,0.00256,0.0719,0.96661,0.97473,0.99289,0.9069,0.96995,0.9781,0.99299,0.81804,0.44346,0.31026,0.17567,0.00222,0,0.0015479,0.0015479,0.0015479
139,2307.88,0.5567,0.49689,0.33531,0.00264,0.08284,0.98858,0.9697,0.9934,0.90302,0.98858,0.9697,0.9934,0.80356,0.45821,0.3189,0.18212,0.00238,0,0.0015446,0.0015446,0.0015446
140,2324.05,0.57988,0.53466,0.34737,0.0028,0.05907,0.97319,0.97793,0.9923,0.90875,0.97319,0.97793,0.99305,0.81355,0.3988,0.30994,0.17749,0.00204,0,0.0015413,0.0015413,0.0015413
141,2340.42,0.561,0.5298,0.34127,0.00259,0.06511,0.97482,0.98653,0.99434,0.9071,0.97482,0.98653,0.99434,0.81857,0.42298,0.31116,0.15934,0.00215,0,0.001538,0.001538,0.001538
142,2356.63,0.55088,0.5079,0.32595,0.00253,0.05054,0.96242,0.98316,0.99284,0.9085,0.96242,0.98316,0.99284,0.8214,0.41168,0.31564,0.1653,0.00218,0,0.0015347,0.0015347,0.0015347
143,2373,0.53786,0.50915,0.32658,0.00241,0.06914,0.97172,0.98316,0.99387,0.91237,0.97172,0.98316,0.99387,0.82637,0.41745,0.30393,0.16591,0.00215,0,0.0015314,0.0015314,0.0015314
144,2389.73,0.55752,0.49913,0.3255,0.00264,0.05756,0.98401,0.94949,0.99215,0.9124,0.98401,0.94949,0.99215,0.82285,0.41812,0.30547,0.17984,0.00214,0,0.0015281,0.0015281,0.0015281
145,2406.02,0.5376,0.49894,0.32386,0.00246,0.07074,0.9763,0.97071,0.99269,0.90697,0.9763,0.97071,0.99269,0.82294,0.42128,0.31269,0.17738,0.00218,0,0.0015248,0.0015248,0.0015248
146,2422.36,0.54137,0.50064,0.31771,0.0025,0.07077,0.96144,0.97306,0.9919,0.89917,0.96144,0.97306,0.9919,0.79842,0.43533,0.31605,0.20457,0.00236,0,0.0015215,0.0015215,0.0015215
147,2438.79,0.56554,0.51914,0.32566,0.00255,0.07126,0.9751,0.9697,0.9923,0.91105,0.9751,0.9697,0.9923,0.81991,0.41564,0.31273,0.18005,0.00217,0,0.0015182,0.0015182,0.0015182
148,2455.22,0.53325,0.5086,0.31966,0.0024,0.04787,0.97236,0.94763,0.99167,0.91348,0.97236,0.94763,0.99164,0.82529,0.40595,0.30689,0.20949,0.00213,0,0.0015149,0.0015149,0.0015149
149,2471.79,0.52603,0.48208,0.30201,0.00247,0.0417,0.96997,0.97867,0.99288,0.91049,0.96997,0.97867,0.99288,0.81855,0.41498,0.30314,0.17366,0.00215,0,0.0015116,0.0015116,0.0015116
150,2488.67,0.54571,0.48654,0.30677,0.00255,0.07535,0.97087,0.96633,0.9915,0.91575,0.97087,0.96633,0.9915,0.82357,0.41176,0.30598,0.17719,0.00205,0,0.0015083,0.0015083,0.0015083
151,2505.28,0.53242,0.49033,0.31638,0.00247,0.05186,0.97012,0.98379,0.99361,0.91113,0.97012,0.98379,0.99361,0.82554,0.41315,0.30774,0.16346,0.0021,0,0.001505,0.001505,0.001505
152,2521.61,0.55014,0.48946,0.31927,0.00264,0.06532,0.9695,0.97306,0.99158,0.91144,0.9695,0.97306,0.99158,0.809,0.41214,0.30943,0.17358,0.00216,0,0.0015017,0.0015017,0.0015017
153,2538.24,0.54505,0.50571,0.32259,0.00254,0.06307,0.9687,0.9798,0.99309,0.90858,0.9687,0.9798,0.99309,0.8211,0.42896,0.30798,0.17907,0.00228,0,0.0014984,0.0014984,0.0014984
154,2554.7,0.54437,0.48144,0.30814,0.00264,0.07772,0.94454,0.97477,0.99107,0.91623,0.94454,0.97477,0.99107,0.81768,0.40921,0.30998,0.1816,0.00211,0,0.0014951,0.0014951,0.0014951
155,2571.41,0.52971,0.47556,0.31085,0.00247,0.06913,0.97959,0.96967,0.9923,0.90773,0.97959,0.96967,0.9923,0.81531,0.42558,0.30869,0.17667,0.00218,0,0.0014918,0.0014918,0.0014918
156,2587.68,0.52361,0.46653,0.30642,0.00256,0.05327,0.97051,0.95286,0.99045,0.9114,0.97394,0.95623,0.99217,0.81224,0.40321,0.30651,0.19207,0.0021,0,0.0014885,0.0014885,0.0014885
157,2604.01,0.52176,0.47024,0.30379,0.00246,0.07413,0.97324,0.97976,0.99314,0.90735,0.97324,0.97976,0.99314,0.81358,0.42952,0.3056,0.17758,0.00225,0,0.0014852,0.0014852,0.0014852
158,2620.77,0.53032,0.49398,0.31961,0.00244,0.06032,0.96666,0.97609,0.99236,0.91489,0.96999,0.97946,0.99285,0.81913,0.40344,0.31577,0.17488,0.00208,0,0.0014819,0.0014819,0.0014819
159,2637.2,0.52715,0.4755,0.30559,0.00246,0.04781,0.96324,0.97643,0.99249,0.91921,0.96324,0.97643,0.99249,0.82296,0.40503,0.30529,0.17885,0.00208,0,0.0014786,0.0014786,0.0014786
160,2653.93,0.51367,0.47425,0.30618,0.00237,0.04232,0.96293,0.96213,0.99114,0.91985,0.9663,0.9655,0.99209,0.82385,0.37977,0.30305,0.183,0.00202,0,0.0014753,0.0014753,0.0014753
161,2670.79,0.50954,0.46841,0.30388,0.00236,0.06661,0.97625,0.96901,0.99256,0.91695,0.97965,0.97238,0.99327,0.82322,0.39814,0.30954,0.17051,0.00206,0,0.001472,0.001472,0.001472
162,2687.01,0.50326,0.47004,0.29322,0.00232,0.04768,0.9797,0.97475,0.99361,0.92122,0.9797,0.97475,0.99361,0.81754,0.37387,0.30716,0.15851,0.0019,0,0.0014687,0.0014687,0.0014687
163,2703.29,0.50779,0.48331,0.30626,0.00229,0.05622,0.96218,0.98316,0.99353,0.92011,0.96218,0.98316,0.99353,0.82588,0.38693,0.30744,0.16457,0.00196,0,0.0014654,0.0014654,0.0014654
164,2720.14,0.52519,0.47952,0.3147,0.0025,0.05796,0.9393,0.98997,0.9915,0.91648,0.9393,0.98997,0.9915,0.82593,0.40756,0.30764,0.19109,0.00214,0,0.0014621,0.0014621,0.0014621
165,2736.51,0.53903,0.48037,0.31325,0.00252,0.0535,0.96949,0.96307,0.99088,0.91335,0.96949,0.96307,0.99088,0.81943,0.40029,0.31098,0.20185,0.00203,0,0.0014588,0.0014588,0.0014588
166,2752.92,0.52462,0.49477,0.30876,0.00243,0.04605,0.96926,0.95552,0.99167,0.91452,0.97906,0.94437,0.99158,0.81541,0.38911,0.30874,0.1754,0.00195,0,0.0014555,0.0014555,0.0014555
167,2769.2,0.52515,0.48233,0.32322,0.00246,0.07161,0.98084,0.96296,0.99329,0.91424,0.98084,0.96296,0.99329,0.82108,0.41633,0.30761,0.16926,0.00211,0,0.0014522,0.0014522,0.0014522
168,2785.47,0.52693,0.46789,0.3038,0.00245,0.05199,0.98987,0.9697,0.99417,0.92159,0.98987,0.9697,0.99417,0.821,0.40481,0.30727,0.15879,0.00209,0,0.0014489,0.0014489,0.0014489
169,2801.89,0.5272,0.50329,0.31157,0.00234,0.06646,0.96602,0.9697,0.99232,0.91642,0.96602,0.9697,0.9924,0.8199,0.39443,0.308,0.17411,0.00206,0,0.0014456,0.0014456,0.0014456
170,2818.69,0.52403,0.4934,0.31606,0.00242,0.07368,0.97319,0.97772,0.99293,0.91723,0.97319,0.97772,0.99293,0.81817,0.40411,0.31001,0.17461,0.00204,0,0.0014423,0.0014423,0.0014423
171,2835.23,0.54714,0.48594,0.30819,0.00259,0.04013,0.96994,0.97767,0.99248,0.9159,0.96994,0.97767,0.99248,0.82512,0.40775,0.31176,0.18401,0.00207,0,0.001439,0.001439,0.001439
172,2851.62,0.54548,0.49496,0.31751,0.00253,0.07849,0.96411,0.94949,0.99019,0.91192,0.96411,0.94949,0.99019,0.81946,0.40262,0.31093,0.18371,0.00205,0,0.0014357,0.0014357,0.0014357
173,2867.96,0.52893,0.47909,0.31057,0.0024,0.07478,0.98584,0.96296,0.99281,0.91153,0.98929,0.96633,0.99385,0.82279,0.42208,0.31498,0.1627,0.0021,0,0.0014324,0.0014324,0.0014324
174,2884.45,0.53319,0.47519,0.31041,0.0024,0.05267,0.97868,0.9596,0.99214,0.91647,0.97868,0.9596,0.99214,0.82872,0.39457,0.30836,0.17016,0.00201,0,0.0014291,0.0014291,0.0014291
175,2900.9,0.51901,0.4689,0.30401,0.00245,0.05941,0.99443,0.94613,0.99306,0.91854,0.99443,0.94613,0.99306,0.81265,0.40195,0.30559,0.15997,0.00202,0,0.0014258,0.0014258,0.0014258
176,2919.33,0.52016,0.46694,0.29387,0.00243,0.06265,0.96719,0.99265,0.99386,0.91835,0.96719,0.99265,0.99386,0.83119,0.39572,0.30184,0.15699,0.00198,0,0.0014225,0.0014225,0.0014225
177,2937.92,0.51369,0.47066,0.28991,0.00246,0.0458,0.97289,0.96659,0.99227,0.91892,0.97289,0.96659,0.99227,0.8256,0.38366,0.30351,0.16918,0.00191,0,0.0014192,0.0014192,0.0014192
178,2955.18,0.51169,0.45765,0.29287,0.00245,0.04155,0.96562,0.9798,0.99308,0.9122,0.96562,0.9798,0.99308,0.83433,0.40378,0.29891,0.1618,0.00203,0,0.0014159,0.0014159,0.0014159
179,2972.1,0.50105,0.46046,0.28957,0.00233,0.05524,0.99262,0.9697,0.99407,0.91755,0.99262,0.9697,0.99407,0.82515,0.40226,0.30142,0.14763,0.00209,0,0.0014126,0.0014126,0.0014126
180,2989.58,0.50517,0.4649,0.28806,0.00236,0.0564,0.96069,0.98749,0.99377,0.91709,0.96069,0.98749,0.99377,0.82373,0.40175,0.30627,0.15141,0.00198,0,0.0014093,0.0014093,0.0014093
181,3006.1,0.50441,0.47124,0.28258,0.0024,0.05276,0.97329,0.9815,0.99373,0.9172,0.97329,0.9815,0.99373,0.82208,0.40356,0.30823,0.15407,0.00202,0,0.001406,0.001406,0.001406
182,3023.47,0.50621,0.47777,0.29191,0.00229,0.04922,0.99166,0.9697,0.99382,0.91562,0.99166,0.9697,0.99382,0.82516,0.39016,0.30622,0.15606,0.00192,0,0.0014027,0.0014027,0.0014027
183,3040,0.50106,0.45429,0.28692,0.00231,0.05306,0.98301,0.97407,0.99407,0.92553,0.98301,0.97407,0.99407,0.82409,0.37284,0.29936,0.1509,0.00187,0,0.0013994,0.0013994,0.0013994
184,3057.63,0.50359,0.47203,0.28954,0.00229,0.04322,0.98634,0.9726,0.99298,0.91732,0.98634,0.9726,0.99307,0.82711,0.39038,0.30264,0.16347,0.00198,0,0.0013961,0.0013961,0.0013961
185,3074.08,0.5019,0.45851,0.2834,0.00231,0.06999,0.96689,0.98316,0.99339,0.92329,0.96689,0.98316,0.99339,0.82029,0.38076,0.30587,0.16751,0.0019,0,0.0013928,0.0013928,0.0013928
186,3091.01,0.49856,0.47751,0.28687,0.00225,0.04562,0.98775,0.96633,0.99388,0.91658,0.98775,0.96633,0.99388,0.82953,0.40258,0.30456,0.17547,0.00205,0,0.0013895,0.0013895,0.0013895
187,3107.57,0.4926,0.45194,0.2961,0.00238,0.06642,0.97984,0.98183,0.99402,0.92116,0.97984,0.98183,0.99402,0.82916,0.3912,0.30519,0.15764,0.00192,0,0.0013862,0.0013862,0.0013862
188,3125.42,0.50805,0.46308,0.30135,0.00229,0.0989,0.98331,0.99175,0.99442,0.91908,0.98331,0.99175,0.99442,0.82628,0.38026,0.30345,0.1506,0.00191,0,0.0013829,0.0013829,0.0013829
189,3142.92,0.50443,0.47113,0.29716,0.00228,0.0778,0.98213,0.9697,0.99326,0.92168,0.98213,0.9697,0.99326,0.8221,0.39175,0.30115,0.15452,0.00202,0,0.0013796,0.0013796,0.0013796
190,3160.47,0.50248,0.45802,0.28101,0.00225,0.0501,0.96357,0.97977,0.99301,0.9284,0.96357,0.97977,0.99301,0.82126,0.37354,0.29967,0.16456,0.00192,0,0.0013763,0.0013763,0.0013763
191,3177.33,0.48408,0.46018,0.27635,0.00226,0.06109,0.97907,0.9798,0.99335,0.9275,0.97907,0.9798,0.99335,0.82527,0.36899,0.30596,0.14539,0.0019,0,0.001373,0.001373,0.001373
192,3194.38,0.50474,0.46949,0.29826,0.00239,0.08492,0.97337,0.98463,0.99396,0.92384,0.97337,0.98463,0.99396,0.8197,0.39538,0.30831,0.15281,0.00198,0,0.0013697,0.0013697,0.0013697
193,3211.44,0.53244,0.47731,0.29991,0.00252,0.0581,0.98288,0.9668,0.99321,0.92448,0.98288,0.9668,0.99321,0.82779,0.38213,0.30418,0.16806,0.002,0,0.0013664,0.0013664,0.0013664
194,3228.67,0.50755,0.47546,0.2918,0.00233,0.05089,0.98357,0.98316,0.99426,0.92378,0.98357,0.98316,0.99426,0.82593,0.39089,0.3054,0.14854,0.00197,0,0.0013631,0.0013631,0.0013631
195,3246.43,0.49128,0.46775,0.28116,0.00219,0.06653,0.97335,0.98362,0.99358,0.92185,0.97335,0.98362,0.99358,0.81446,0.3807,0.3054,0.15161,0.00191,0,0.0013598,0.0013598,0.0013598
196,3263.49,0.48478,0.46486,0.27765,0.00224,0.06648,0.98623,0.96491,0.99353,0.92375,0.98623,0.96491,0.99353,0.8249,0.38213,0.30376,0.15622,0.00193,0,0.0013565,0.0013565,0.0013565
197,3280.1,0.48996,0.47077,0.29045,0.00221,0.0887,0.94245,0.98653,0.99159,0.92722,0.94245,0.98653,0.99159,0.82658,0.36588,0.30756,0.16631,0.00183,0,0.0013532,0.0013532,0.0013532
198,3297.49,0.49464,0.46605,0.28903,0.00227,0.04625,0.98941,0.96296,0.99348,0.92923,0.98941,0.96296,0.99348,0.822,0.37044,0.30476,0.15208,0.00185,0,0.0013499,0.0013499,0.0013499
199,3313.97,0.50283,0.46221,0.29738,0.00241,0.07225,0.97813,0.96296,0.99197,0.91017,0.97813,0.96296,0.99197,0.82169,0.40521,0.30379,0.17389,0.00203,0,0.0013466,0.0013466,0.0013466
200,3331.29,0.49471,0.45943,0.28644,0.00226,0.06255,0.98968,0.96841,0.99352,0.9266,0.98968,0.96841,0.99352,0.83152,0.36413,0.30199,0.14736,0.00183,0,0.0013433,0.0013433,0.0013433
201,3348.32,0.48778,0.43955,0.27561,0.00215,0.04429,0.9789,0.97306,0.99331,0.92178,0.9789,0.97306,0.99331,0.82286,0.37328,0.30308,0.15301,0.00189,0,0.00134,0.00134,0.00134
202,3366.46,0.48191,0.44512,0.27128,0.00222,0.03919,0.9606,0.98509,0.99339,0.92725,0.9606,0.98509,0.99339,0.83068,0.36178,0.30228,0.15347,0.0018,0,0.0013367,0.0013367,0.0013367
203,3385.25,0.49596,0.4766,0.28651,0.00228,0.04638,0.96656,0.97317,0.99314,0.92608,0.96656,0.97317,0.99314,0.82863,0.3736,0.30376,0.15274,0.00187,0,0.0013334,0.0013334,0.0013334
204,3402.85,0.48099,0.45751,0.27417,0.00221,0.04334,0.97901,0.97306,0.99321,0.92051,0.97901,0.97306,0.99321,0.83071,0.36876,0.30297,0.15514,0.00184,0,0.0013301,0.0013301,0.0013301
205,3420.18,0.47875,0.44808,0.27853,0.00224,0.05113,0.99301,0.95623,0.99328,0.91983,0.99301,0.95623,0.99328,0.8234,0.39578,0.30145,0.17438,0.00198,0,0.0013268,0.0013268,0.0013268
206,3437.51,0.49468,0.46773,0.28213,0.00223,0.04229,0.98639,0.97613,0.99356,0.92171,0.98639,0.97613,0.99356,0.82205,0.38699,0.30661,0.1661,0.00194,0,0.0013235,0.0013235,0.0013235
207,3454.53,0.48342,0.46485,0.28104,0.00223,0.05442,0.97206,0.9596,0.9911,0.92431,0.97206,0.9596,0.9911,0.81594,0.372,0.30597,0.16878,0.00188,0,0.0013202,0.0013202,0.0013202
208,3471.73,0.49108,0.46919,0.28538,0.00218,0.06738,0.97249,0.9798,0.99351,0.92291,0.97249,0.9798,0.99351,0.82451,0.37718,0.30012,0.1624,0.00188,0,0.0013169,0.0013169,0.0013169
209,3488.49,0.49916,0.45858,0.29067,0.00233,0.07277,0.99017,0.9697,0.99367,0.92494,0.99017,0.9697,0.99367,0.82597,0.38914,0.30359,0.15665,0.00196,0,0.0013136,0.0013136,0.0013136
210,3505.3,0.50049,0.46529,0.28707,0.00229,0.06132,0.99019,0.9697,0.99297,0.92655,0.99393,0.97306,0.99403,0.82151,0.39155,0.30986,0.15456,0.00196,0,0.0013103,0.0013103,0.0013103
211,3521.69,0.49374,0.44901,0.28399,0.00234,0.05674,0.97972,0.97586,0.99302,0.92314,0.97972,0.97586,0.99302,0.82708,0.37935,0.30041,0.1706,0.00192,0,0.001307,0.001307,0.001307
212,3538.86,0.47633,0.44741,0.27402,0.00219,0.03998,0.97544,0.97643,0.99349,0.93102,0.97544,0.97643,0.99349,0.82876,0.36119,0.30181,0.1485,0.00181,0,0.0013037,0.0013037,0.0013037
213,3556.06,0.47015,0.46105,0.28749,0.00216,0.05806,0.98657,0.96296,0.99349,0.92428,0.98657,0.96296,0.99349,0.82301,0.3746,0.30365,0.15373,0.00187,0,0.0013004,0.0013004,0.0013004
214,3572.89,0.47952,0.45565,0.27054,0.00217,0.04774,0.9801,0.97306,0.99342,0.92386,0.9801,0.97306,0.99342,0.83257,0.36443,0.30209,0.15179,0.0018,0,0.0012971,0.0012971,0.0012971
215,3589.95,0.48644,0.4586,0.28029,0.00221,0.07767,0.98293,0.96919,0.99317,0.92511,0.98293,0.96919,0.99317,0.83295,0.3792,0.30162,0.16302,0.00192,0,0.0012938,0.0012938,0.0012938
216,3607.04,0.49874,0.47607,0.28573,0.00218,0.06977,0.97333,0.98295,0.99321,0.91795,0.97333,0.98295,0.99321,0.82463,0.37561,0.30096,0.15111,0.00188,0,0.0012905,0.0012905,0.0012905
217,3623.7,0.49756,0.45545,0.27552,0.00235,0.04885,0.95442,0.98712,0.99248,0.92184,0.95442,0.98712,0.99248,0.8277,0.38585,0.30283,0.15494,0.00192,0,0.0012872,0.0012872,0.0012872
218,3640.45,0.47951,0.44082,0.27065,0.00226,0.05403,0.9765,0.97919,0.99257,0.92754,0.9765,0.97919,0.99257,0.81947,0.36654,0.30062,0.15245,0.00183,0,0.0012839,0.0012839,0.0012839
219,3657.12,0.47579,0.45934,0.27204,0.00218,0.04366,0.97676,0.9596,0.99165,0.92052,0.97676,0.9596,0.99165,0.81289,0.38995,0.30662,0.17397,0.00198,0,0.0012806,0.0012806,0.0012806
220,3674.2,0.486,0.46562,0.28569,0.00217,0.07931,0.98583,0.97643,0.99349,0.92651,0.98583,0.97643,0.99349,0.82483,0.38065,0.30417,0.16127,0.00189,0,0.0012773,0.0012773,0.0012773
221,3690.66,0.49452,0.46569,0.27934,0.00232,0.05127,0.97528,0.9697,0.99312,0.92324,0.97528,0.9697,0.99312,0.81726,0.37201,0.30439,0.15471,0.00189,0,0.001274,0.001274,0.001274
222,3707.36,0.52701,0.49111,0.3019,0.00256,0.06102,0.96376,0.98495,0.99333,0.9195,0.96376,0.98495,0.99333,0.82476,0.39419,0.30583,0.17237,0.00195,0,0.0012707,0.0012707,0.0012707
223,3724.9,0.50655,0.48528,0.29866,0.00232,0.05806,0.98118,0.97306,0.99331,0.92318,0.98118,0.97306,0.99331,0.82991,0.37553,0.30168,0.15577,0.00188,0,0.0012674,0.0012674,0.0012674
224,3742.31,0.50212,0.46785,0.28368,0.00232,0.03809,0.97315,0.97642,0.99284,0.92392,0.97315,0.97642,0.99284,0.81915,0.37951,0.30347,0.15766,0.00193,0,0.0012641,0.0012641,0.0012641
225,3759.63,0.50394,0.47778,0.29596,0.00227,0.05194,0.9842,0.96633,0.99311,0.92545,0.9842,0.96633,0.99311,0.82691,0.36823,0.3051,0.16115,0.00186,0,0.0012608,0.0012608,0.0012608
226,3777.26,0.48844,0.46616,0.27026,0.0022,0.06907,0.98635,0.97339,0.99362,0.93296,0.98635,0.97339,0.99362,0.83287,0.34208,0.29981,0.14489,0.00171,0,0.0012575,0.0012575,0.0012575
227,3794.56,0.48585,0.45955,0.26957,0.00213,0.04729,0.97326,0.97306,0.99318,0.92507,0.97326,0.97306,0.99318,0.83094,0.35769,0.30018,0.16273,0.00178,0,0.0012542,0.0012542,0.0012542
228,3811.17,0.46521,0.45347,0.2684,0.00212,0.0626,0.98601,0.96296,0.99185,0.9262,0.98945,0.96633,0.99256,0.83337,0.37361,0.30206,0.16301,0.00184,0,0.0012509,0.0012509,0.0012509
229,3828.03,0.47701,0.45728,0.28239,0.0022,0.05755,0.97633,0.97214,0.99298,0.93206,0.97633,0.97214,0.99298,0.82879,0.35233,0.29878,0.15485,0.00177,0,0.0012476,0.0012476,0.0012476
230,3845.36,0.48117,0.45767,0.27297,0.0022,0.05116,0.96345,0.97632,0.99208,0.92714,0.96345,0.97632,0.99208,0.8281,0.38047,0.30481,0.17576,0.00185,0,0.0012443,0.0012443,0.0012443
231,3862.32,0.47353,0.45722,0.27579,0.00214,0.05971,0.96406,0.99345,0.99379,0.92942,0.96406,0.99345,0.99379,0.82439,0.35178,0.30113,0.15497,0.00176,0,0.001241,0.001241,0.001241
232,3880.21,0.46601,0.46222,0.2768,0.00206,0.0678,0.96918,0.99327,0.99416,0.92339,0.96918,0.99327,0.99416,0.83082,0.35902,0.29914,0.13903,0.00177,0,0.0012377,0.0012377,0.0012377
233,3896.99,0.45779,0.43032,0.26107,0.00209,0.04576,0.9568,0.99327,0.99357,0.92237,0.9568,0.99327,0.99357,0.81927,0.3784,0.29856,0.15068,0.00189,0,0.0012344,0.0012344,0.0012344
234,3913.49,0.4553,0.43991,0.25812,0.00201,0.05089,0.97995,0.98746,0.99433,0.92956,0.97995,0.98746,0.99433,0.83002,0.35699,0.2972,0.13598,0.00174,0,0.0012311,0.0012311,0.0012311
235,3929.85,0.47676,0.45924,0.26763,0.00221,0.03623,0.97031,0.9903,0.99382,0.9294,0.97031,0.9903,0.99382,0.83025,0.357,0.29622,0.1382,0.00176,0,0.0012278,0.0012278,0.0012278
236,3946.08,0.46543,0.44037,0.26097,0.00214,0.04945,0.97662,0.98458,0.99402,0.92436,0.97662,0.98458,0.99402,0.825,0.3598,0.29945,0.13366,0.00181,0,0.0012245,0.0012245,0.0012245
237,3964.04,0.4824,0.433,0.26644,0.00219,0.04736,0.98639,0.97646,0.99388,0.93014,0.98639,0.97646,0.99388,0.83114,0.36913,0.30005,0.14849,0.00182,0,0.0012212,0.0012212,0.0012212
238,3983.62,0.46276,0.45285,0.27771,0.00208,0.05458,0.99027,0.9697,0.99379,0.92987,0.99027,0.9697,0.99379,0.82901,0.35232,0.29782,0.14355,0.0017,0,0.0012179,0.0012179,0.0012179
239,4001.72,0.46928,0.454,0.26972,0.00212,0.06711,0.99314,0.97548,0.99408,0.92599,0.99314,0.97548,0.99408,0.82878,0.37374,0.29957,0.14041,0.00179,0,0.0012146,0.0012146,0.0012146
240,4018.91,0.47077,0.45087,0.27608,0.00211,0.06972,0.99319,0.98281,0.99454,0.93056,0.99319,0.98281,0.99454,0.82997,0.35582,0.2979,0.13205,0.00172,0,0.0012113,0.0012113,0.0012113
241,4037.05,0.46474,0.46375,0.26083,0.002,0.05866,0.98154,0.9899,0.99376,0.92566,0.98154,0.9899,0.99376,0.82878,0.35778,0.29921,0.1399,0.00177,0,0.001208,0.001208,0.001208
242,4054.57,0.46659,0.45123,0.2625,0.00206,0.04988,0.9714,0.9798,0.99277,0.92591,0.9714,0.9798,0.99277,0.83058,0.36435,0.29901,0.15287,0.00178,0,0.0012047,0.0012047,0.0012047
243,4071.28,0.46332,0.43368,0.25516,0.00218,0.04267,0.97984,0.98653,0.99417,0.92412,0.97984,0.98653,0.99417,0.82563,0.37372,0.29721,0.14909,0.00184,0,0.0012014,0.0012014,0.0012014
244,4088.28,0.45621,0.43744,0.25423,0.00203,0.04881,0.9766,0.97643,0.99331,0.92847,0.9766,0.97643,0.99331,0.83093,0.36535,0.29673,0.14587,0.00178,0,0.0011981,0.0011981,0.0011981
245,4104.7,0.45833,0.4354,0.26164,0.00215,0.06223,0.97649,0.97892,0.99353,0.924,0.97649,0.97892,0.99353,0.82308,0.36948,0.30052,0.16562,0.00182,0,0.0011948,0.0011948,0.0011948
246,4121.72,0.45876,0.44071,0.2635,0.00206,0.06547,0.98286,0.9798,0.99402,0.92841,0.98286,0.9798,0.99402,0.83369,0.35548,0.2906,0.14856,0.00173,0,0.0011915,0.0011915,0.0011915
247,4138.76,0.47505,0.45621,0.26166,0.00212,0.07587,0.98652,0.98583,0.99433,0.92716,0.98652,0.98583,0.99433,0.83179,0.35898,0.29605,0.14944,0.00176,0,0.0011882,0.0011882,0.0011882
248,4155.88,0.47612,0.44057,0.26353,0.00224,0.06536,0.9965,0.95772,0.99325,0.93197,0.9965,0.95772,0.99325,0.82424,0.35958,0.29988,0.1644,0.00176,0,0.0011849,0.0011849,0.0011849
249,4172.98,0.46471,0.44984,0.25845,0.00209,0.05094,0.98968,0.96888,0.9941,0.93302,0.98968,0.96888,0.9941,0.83267,0.35432,0.29947,0.16247,0.0018,0,0.0011816,0.0011816,0.0011816
250,4190.52,0.45543,0.43623,0.26014,0.00204,0.04639,0.97025,0.9883,0.99403,0.93046,0.97025,0.9883,0.99403,0.8272,0.34243,0.2994,0.14406,0.0017,0,0.0011783,0.0011783,0.0011783
251,4207.14,0.46063,0.44018,0.25933,0.0021,0.04425,0.99661,0.99095,0.99497,0.9256,0.99661,0.99095,0.99497,0.82408,0.36316,0.30236,0.13153,0.00177,0,0.001175,0.001175,0.001175
252,4223.44,0.4387,0.42665,0.24933,0.00199,0.04394,0.9831,0.97954,0.99426,0.93228,0.9831,0.97954,0.99426,0.82571,0.35474,0.29562,0.13847,0.00176,0,0.0011717,0.0011717,0.0011717
253,4240.09,0.45621,0.43766,0.26521,0.00202,0.05351,0.98633,0.9715,0.99339,0.92728,0.98633,0.9715,0.99339,0.83167,0.36111,0.29537,0.16379,0.00177,0,0.0011684,0.0011684,0.0011684
254,4256.44,0.47218,0.45772,0.25848,0.00213,0.05674,0.98559,0.96633,0.99309,0.92772,0.98559,0.96633,0.99309,0.82938,0.37095,0.29736,0.17067,0.00184,0,0.0011651,0.0011651,0.0011651
255,4273.38,0.48648,0.46448,0.27355,0.0022,0.05588,0.99648,0.95392,0.99328,0.92423,0.99648,0.95392,0.99328,0.83164,0.36807,0.29889,0.15472,0.00182,0,0.0011618,0.0011618,0.0011618
256,4290.84,0.47512,0.45175,0.27553,0.00215,0.07789,0.98568,0.97643,0.99346,0.92266,0.98568,0.97643,0.99346,0.83036,0.36383,0.29937,0.1591,0.00181,0,0.0011585,0.0011585,0.0011585
257,4307.86,0.46953,0.46034,0.27995,0.00211,0.05826,0.97657,0.98235,0.99384,0.9252,0.97657,0.98235,0.99384,0.83468,0.37518,0.29533,0.14246,0.00186,0,0.0011552,0.0011552,0.0011552
258,4324.83,0.46721,0.45645,0.27099,0.00204,0.05964,0.99153,0.9798,0.9942,0.92497,0.99153,0.9798,0.9942,0.82875,0.3695,0.29424,0.1386,0.00182,0,0.0011519,0.0011519,0.0011519
259,4341.57,0.46052,0.45143,0.26019,0.00207,0.06066,0.97506,0.9899,0.99407,0.92853,0.97506,0.9899,0.99407,0.82889,0.36006,0.29696,0.14228,0.00177,0,0.0011486,0.0011486,0.0011486
260,4358.44,0.4587,0.44465,0.25912,0.00206,0.08674,0.98006,0.99285,0.99446,0.93448,0.98338,0.99622,0.99463,0.83561,0.35898,0.29576,0.13222,0.00179,0,0.0011453,0.0011453,0.0011453
261,4375.49,0.44832,0.4352,0.25098,0.002,0.06542,0.96602,0.98653,0.99297,0.93308,0.96798,0.9899,0.9934,0.84092,0.35074,0.29308,0.14667,0.00172,0,0.001142,0.001142,0.001142
262,4392.77,0.47982,0.45217,0.26602,0.00219,0.0549,0.97302,0.97159,0.99214,0.91978,0.9764,0.97495,0.9928,0.82584,0.39139,0.29718,0.16312,0.00192,0,0.0011387,0.0011387,0.0011387
263,4409.86,0.46235,0.43851,0.25858,0.00211,0.06466,0.9636,0.98037,0.99338,0.9208,0.96691,0.98374,0.99364,0.82199,0.38642,0.29897,0.1542,0.00188,0,0.0011354,0.0011354,0.0011354
264,4426.59,0.46463,0.44493,0.26146,0.00216,0.04571,0.9603,0.97726,0.99176,0.92567,0.9603,0.97726,0.99176,0.81905,0.35402,0.30112,0.16111,0.00173,0,0.0011321,0.0011321,0.0011321
265,4443.02,0.46432,0.44868,0.25834,0.00213,0.05515,0.98644,0.97963,0.99407,0.92393,0.98644,0.97963,0.99407,0.82966,0.38075,0.29794,0.14336,0.00187,0,0.0011288,0.0011288,0.0011288
266,4459.85,0.47698,0.47403,0.28296,0.00211,0.0421,0.99369,0.9697,0.9939,0.93383,0.99369,0.9697,0.9939,0.828,0.35086,0.29586,0.14157,0.00171,0,0.0011255,0.0011255,0.0011255
267,4476.39,0.45814,0.44417,0.26623,0.00207,0.06109,0.9898,0.9801,0.99418,0.93389,0.9898,0.9801,0.99418,0.82673,0.34499,0.29651,0.13821,0.00169,0,0.0011222,0.0011222,0.0011222
268,4493.58,0.44759,0.44112,0.27367,0.00202,0.08073,0.96377,0.98516,0.99329,0.9366,0.96377,0.98516,0.99329,0.82439,0.33853,0.29766,0.16457,0.00164,0,0.0011189,0.0011189,0.0011189
269,4510.75,0.44715,0.4293,0.26154,0.00198,0.05146,0.98686,0.97643,0.99413,0.93021,0.98686,0.97643,0.99413,0.82857,0.35774,0.29433,0.13305,0.00174,0,0.0011156,0.0011156,0.0011156
270,4527.56,0.45624,0.43571,0.26067,0.0021,0.05593,0.96674,0.97878,0.99299,0.9275,0.96674,0.97878,0.99299,0.83097,0.36675,0.29663,0.1482,0.00175,0,0.0011123,0.0011123,0.0011123
271,4544.76,0.45616,0.45184,0.25669,0.00202,0.04767,0.97835,0.98653,0.99333,0.92886,0.97835,0.98653,0.99333,0.83167,0.35475,0.29467,0.14253,0.00172,0,0.001109,0.001109,0.001109
272,4561.73,0.45155,0.43631,0.25292,0.002,0.04041,0.99506,0.9798,0.9945,0.92978,0.99506,0.9798,0.9945,0.83298,0.36369,0.29282,0.13945,0.00176,0,0.0011057,0.0011057,0.0011057
273,4578.37,0.4385,0.42039,0.24043,0.00198,0.05953,0.98852,0.9697,0.99403,0.93107,0.98852,0.9697,0.99403,0.83017,0.36537,0.29368,0.16918,0.00174,0,0.0011024,0.0011024,0.0011024
274,4594.88,0.44644,0.4261,0.24877,0.00197,0.06465,0.9817,0.99327,0.99422,0.9314,0.9817,0.99327,0.99422,0.83394,0.36884,0.29214,0.13872,0.00174,0,0.0010991,0.0010991,0.0010991
275,4611.75,0.4421,0.42612,0.2417,0.00192,0.05482,0.98632,0.97138,0.9942,0.93402,0.98632,0.97138,0.9942,0.83232,0.36281,0.29004,0.13471,0.00177,0,0.0010958,0.0010958,0.0010958
276,4628.21,0.44589,0.4385,0.24288,0.00196,0.04846,0.98094,0.98316,0.99436,0.93122,0.98094,0.98316,0.99436,0.83675,0.35082,0.29276,0.13549,0.00174,0,0.0010925,0.0010925,0.0010925
277,4644.76,0.44066,0.42294,0.25549,0.00203,0.05306,0.97783,0.98316,0.99375,0.93204,0.97325,0.99663,0.99378,0.83394,0.35157,0.29125,0.14291,0.00171,0,0.0010892,0.0010892,0.0010892
278,4661.52,0.44784,0.43887,0.25127,0.00187,0.06108,0.98983,0.98349,0.99437,0.92782,0.98983,0.98349,0.99437,0.82689,0.36072,0.29211,0.14824,0.00174,0,0.0010859,0.0010859,0.0010859
279,4678.14,0.45088,0.44741,0.26033,0.00194,0.05403,0.98546,0.9798,0.99355,0.93576,0.98546,0.9798,0.99355,0.83281,0.34231,0.29221,0.14002,0.00168,0,0.0010826,0.0010826,0.0010826
280,4694.99,0.44901,0.42955,0.24266,0.00199,0.03607,0.98657,0.98956,0.99463,0.93317,0.98657,0.98956,0.99463,0.83177,0.34733,0.2947,0.12542,0.00167,0,0.0010793,0.0010793,0.0010793
281,4711.62,0.44177,0.43387,0.24815,0.002,0.05687,0.99308,0.96571,0.99365,0.93712,0.99308,0.96571,0.99365,0.83592,0.3442,0.29099,0.13232,0.00167,0,0.001076,0.001076,0.001076
282,4728.53,0.43442,0.43058,0.24969,0.00187,0.04013,0.97353,0.99054,0.99403,0.93238,0.97353,0.99054,0.99403,0.8302,0.36494,0.29145,0.13652,0.00181,0,0.0010727,0.0010727,0.0010727
283,4745.22,0.44852,0.44223,0.24611,0.00202,0.03771,0.99321,0.98488,0.9946,0.92989,0.99321,0.98488,0.9946,0.82811,0.37001,0.29716,0.13565,0.00176,0,0.0010694,0.0010694,0.0010694
284,4762.64,0.44519,0.43028,0.25077,0.00194,0.03357,0.97927,0.9798,0.99396,0.93356,0.97927,0.9798,0.99396,0.83308,0.35228,0.29543,0.13549,0.00169,0,0.0010661,0.0010661,0.0010661
285,4780.53,0.44191,0.41438,0.23834,0.00201,0.05084,0.99652,0.96489,0.99393,0.93655,0.99652,0.96489,0.99393,0.83081,0.34449,0.29066,0.13702,0.00167,0,0.0010628,0.0010628,0.0010628
286,4798.25,0.44475,0.42559,0.25946,0.00202,0.05016,0.98004,0.99191,0.99411,0.93307,0.98004,0.99191,0.99411,0.83747,0.34535,0.29012,0.12641,0.00169,0,0.0010595,0.0010595,0.0010595
287,4815.93,0.47862,0.43524,0.2637,0.0022,0.03973,0.97195,0.98316,0.99385,0.94044,0.97195,0.98316,0.99385,0.8336,0.3318,0.29467,0.14114,0.00162,0,0.0010562,0.0010562,0.0010562
288,4834.06,0.43805,0.42098,0.24951,0.0019,0.05204,0.99656,0.97592,0.99457,0.92979,0.99656,0.97592,0.99457,0.83839,0.34065,0.28814,0.12722,0.00166,0,0.0010529,0.0010529,0.0010529
289,4851.64,0.42175,0.42013,0.23398,0.00186,0.04737,0.97327,0.98095,0.99383,0.9272,0.97327,0.98095,0.99383,0.83644,0.35542,0.28954,0.1428,0.00171,0,0.0010496,0.0010496,0.0010496
290,4869.35,0.42664,0.43222,0.24225,0.00186,0.06523,0.98034,0.98653,0.99367,0.92367,0.98368,0.9899,0.99433,0.83263,0.3629,0.29115,0.14163,0.00173,0,0.0010463,0.0010463,0.0010463
291,4887.17,0.42704,0.42031,0.23712,0.00187,0.04815,0.98697,0.9798,0.99411,0.92752,0.98697,0.9798,0.99411,0.83596,0.36192,0.2904,0.13621,0.0017,0,0.001043,0.001043,0.001043
292,4905.02,0.44368,0.43783,0.24887,0.00189,0.05945,0.98296,0.9798,0.9942,0.93149,0.98421,0.98316,0.9944,0.83697,0.34794,0.28743,0.12572,0.00165,0,0.0010397,0.0010397,0.0010397
293,4922.74,0.44811,0.43852,0.25138,0.00197,0.05322,0.98861,0.9899,0.9947,0.92626,0.98861,0.9899,0.9947,0.83424,0.36267,0.29548,0.12871,0.00174,0,0.0010364,0.0010364,0.0010364
294,4940.29,0.45641,0.43766,0.25576,0.00211,0.07761,0.98966,0.96669,0.99363,0.92863,0.98966,0.96669,0.99363,0.82803,0.35505,0.29468,0.14202,0.00174,0,0.0010331,0.0010331,0.0010331
295,4957.97,0.46197,0.44643,0.2599,0.00211,0.04566,0.99925,0.9697,0.99389,0.9291,0.99925,0.9697,0.99389,0.8334,0.3628,0.29583,0.13847,0.00176,0,0.0010298,0.0010298,0.0010298
296,4975.58,0.44568,0.42692,0.24689,0.00209,0.04174,0.96101,0.99588,0.99362,0.9281,0.96101,0.99588,0.99362,0.82998,0.36675,0.29547,0.14304,0.00177,0,0.0010265,0.0010265,0.0010265
297,4993.37,0.43735,0.43197,0.23936,0.00193,0.04997,0.97439,0.9798,0.99271,0.92896,0.97439,0.9798,0.99271,0.83461,0.35297,0.29285,0.14355,0.00172,0,0.0010232,0.0010232,0.0010232
298,5012.45,0.44764,0.45015,0.257,0.002,0.06061,0.95338,0.9899,0.99264,0.93208,0.95338,0.9899,0.99264,0.83028,0.35476,0.29173,0.14732,0.00171,0,0.0010199,0.0010199,0.0010199
299,5031.76,0.44497,0.43547,0.24885,0.00197,0.0533,0.97564,1,0.99426,0.92585,0.97564,1,0.99426,0.83186,0.35352,0.29012,0.12659,0.00171,0,0.0010166,0.0010166,0.0010166
300,5050.4,0.4436,0.43118,0.25143,0.00198,0.05876,0.98487,0.9798,0.99388,0.92933,0.98487,0.9798,0.99388,0.83753,0.35705,0.29406,0.14456,0.00171,0,0.0010133,0.0010133,0.0010133
301,5067.65,0.44071,0.43031,0.24356,0.00198,0.0419,0.98612,0.98653,0.99463,0.92838,0.98612,0.98653,0.99463,0.83215,0.34779,0.29256,0.12126,0.0017,0,0.00101,0.00101,0.00101
302,5085.05,0.42754,0.41641,0.23705,0.00194,0.05492,0.97025,0.98842,0.99393,0.93648,0.97025,0.98842,0.99393,0.83168,0.34785,0.2916,0.1441,0.00167,0,0.0010067,0.0010067,0.0010067
303,5102.47,0.43408,0.43345,0.23783,0.00184,0.04881,0.98258,0.9697,0.99373,0.93546,0.98258,0.9697,0.99373,0.83426,0.34504,0.29489,0.14837,0.00167,0,0.0010034,0.0010034,0.0010034
304,5119.66,0.42744,0.4373,0.2486,0.00186,0.04483,0.99318,0.98056,0.99429,0.92961,0.99318,0.98056,0.99429,0.83075,0.35105,0.29166,0.13513,0.00168,0,0.0010001,0.0010001,0.0010001
305,5136.91,0.42551,0.43837,0.24329,0.00183,0.03723,0.98836,0.98316,0.99446,0.93436,0.98836,0.98316,0.99446,0.83373,0.35178,0.29205,0.12341,0.00169,0,0.0009968,0.0009968,0.0009968
306,5155.01,0.43608,0.43841,0.23859,0.00194,0.06117,0.99662,0.99151,0.9948,0.93636,0.99662,0.99151,0.9948,0.83794,0.35507,0.29247,0.11868,0.00171,0,0.0009935,0.0009935,0.0009935
307,5172.88,0.44154,0.43217,0.24161,0.00196,0.04013,0.98981,0.98077,0.9946,0.93682,0.98981,0.98077,0.9946,0.83498,0.341,0.29191,0.12026,0.00167,0,0.0009902,0.0009902,0.0009902
308,5190.28,0.42697,0.40197,0.22971,0.00192,0.04341,0.99693,0.98653,0.9949,0.93615,0.99693,0.98653,0.9949,0.83431,0.34473,0.28976,0.12011,0.00168,0,0.0009869,0.0009869,0.0009869
309,5208.19,0.42546,0.42451,0.2354,0.00186,0.0472,0.99383,0.9798,0.9946,0.93042,0.99383,0.9798,0.9946,0.84051,0.34438,0.28996,0.12432,0.00167,0,0.0009836,0.0009836,0.0009836
310,5225.99,0.41752,0.41548,0.23219,0.00187,0.06475,0.99328,0.99555,0.99497,0.93094,0.99328,0.99555,0.99497,0.83819,0.35303,0.28751,0.1202,0.00168,0,0.0009803,0.0009803,0.0009803
311,5243.44,0.42356,0.41575,0.23468,0.00184,0.04276,0.9956,0.98653,0.9948,0.93154,0.9956,0.98653,0.9948,0.83353,0.34879,0.28975,0.12197,0.00164,0,0.000977,0.000977,0.000977
312,5260.98,0.42228,0.41335,0.23225,0.0019,0.045,0.98731,0.98316,0.99447,0.93443,0.98731,0.98316,0.99447,0.83297,0.35491,0.29421,0.12973,0.00171,0,0.0009737,0.0009737,0.0009737
313,5277.51,0.41949,0.41787,0.23395,0.00186,0.03638,0.98651,0.98461,0.99446,0.93662,0.98651,0.98461,0.99446,0.83111,0.34911,0.29101,0.12797,0.0017,0,0.0009704,0.0009704,0.0009704
314,5295.21,0.43148,0.42399,0.23501,0.0018,0.04742,0.98636,0.97377,0.99384,0.93599,0.98636,0.97377,0.99384,0.83577,0.34072,0.29073,0.14006,0.00166,0,0.0009671,0.0009671,0.0009671
315,5313.38,0.43147,0.43307,0.2446,0.00187,0.07259,0.9898,0.98022,0.99429,0.93262,0.9898,0.98022,0.99429,0.83398,0.34572,0.28813,0.1289,0.0017,0,0.0009638,0.0009638,0.0009638
316,5331.31,0.43123,0.41546,0.23555,0.00189,0.04652,0.98326,0.98888,0.99463,0.93391,0.98326,0.98888,0.99463,0.83101,0.34478,0.29098,0.12474,0.00164,0,0.0009605,0.0009605,0.0009605
317,5349.17,0.42389,0.42143,0.23877,0.00186,0.06584,0.97768,0.9798,0.99392,0.93436,0.97768,0.9798,0.99392,0.8395,0.35657,0.29307,0.13591,0.00168,0,0.0009572,0.0009572,0.0009572
318,5366.46,0.43285,0.42185,0.23675,0.0019,0.04425,0.98229,0.98316,0.99389,0.92813,0.98229,0.98316,0.99389,0.83643,0.35592,0.28652,0.13231,0.0017,0,0.0009539,0.0009539,0.0009539
319,5383.55,0.42375,0.42574,0.22891,0.00188,0.04657,0.97029,0.98953,0.9941,0.93532,0.97029,0.98953,0.9941,0.83789,0.34503,0.2889,0.13322,0.00165,0,0.0009506,0.0009506,0.0009506
320,5400.82,0.4293,0.4247,0.23958,0.00186,0.04525,0.99278,0.9899,0.9948,0.93483,0.99278,0.9899,0.9948,0.83437,0.35494,0.29142,0.12237,0.00164,0,0.0009473,0.0009473,0.0009473
321,5417.86,0.42792,0.41957,0.23499,0.0019,0.039,0.98006,0.99273,0.99442,0.93833,0.98006,0.99273,0.99442,0.83086,0.34035,0.28965,0.13282,0.00164,0,0.000944,0.000944,0.000944
322,5435.09,0.43786,0.43306,0.23938,0.00196,0.04782,0.98438,0.97643,0.99413,0.93907,0.98438,0.97643,0.99413,0.83759,0.33539,0.28763,0.14176,0.0016,0,0.0009407,0.0009407,0.0009407
323,5453.01,0.4343,0.41931,0.23913,0.00193,0.04979,0.98969,0.96997,0.99405,0.93479,0.98969,0.96997,0.99405,0.84006,0.35043,0.28712,0.13391,0.00166,0,0.0009374,0.0009374,0.0009374
324,5469.83,0.4304,0.42835,0.23577,0.00194,0.04378,0.9864,0.97701,0.99368,0.93641,0.9864,0.97701,0.99368,0.83547,0.34415,0.28822,0.13209,0.00165,0,0.0009341,0.0009341,0.0009341
325,5486.64,0.42618,0.42734,0.23208,0.00178,0.03512,0.99658,0.98121,0.99456,0.94312,0.99658,0.98121,0.99456,0.83481,0.34412,0.28826,0.12499,0.00163,0,0.0009308,0.0009308,0.0009308
326,5503.47,0.41187,0.41084,0.23433,0.00183,0.0525,0.98981,0.98138,0.99431,0.93778,0.98981,0.98138,0.99431,0.83562,0.33796,0.28568,0.12443,0.00161,0,0.0009275,0.0009275,0.0009275
327,5519.93,0.42385,0.42474,0.23021,0.00184,0.04463,0.98981,0.98653,0.9945,0.93771,0.98981,0.98653,0.9945,0.82819,0.34093,0.288,0.12578,0.00166,0,0.0009242,0.0009242,0.0009242
328,5536.16,0.42509,0.41158,0.24028,0.00195,0.07889,0.99495,0.9697,0.9943,0.93567,0.99495,0.9697,0.9943,0.83164,0.34792,0.2911,0.13237,0.00168,0,0.0009209,0.0009209,0.0009209
329,5553.04,0.41908,0.42839,0.24096,0.00185,0.04659,0.97934,0.99663,0.99467,0.93518,0.97934,0.99663,0.99467,0.82838,0.33734,0.29433,0.12243,0.00163,0,0.0009176,0.0009176,0.0009176
330,5569.56,0.41052,0.41377,0.24088,0.00182,0.05547,0.98651,0.9798,0.99391,0.93745,0.98651,0.9798,0.99391,0.83064,0.33965,0.29393,0.15246,0.00163,0,0.0009143,0.0009143,0.0009143
331,5585.86,0.41736,0.40887,0.23886,0.00186,0.04657,0.97999,0.98962,0.99436,0.93371,0.97999,0.98962,0.99436,0.83003,0.3376,0.28892,0.133,0.00162,0,0.000911,0.000911,0.000911
332,5602.17,0.41358,0.40468,0.23031,0.00186,0.06311,0.97396,0.97643,0.99267,0.92776,0.97396,0.97643,0.99267,0.82516,0.3567,0.2898,0.16135,0.0017,0,0.0009077,0.0009077,0.0009077
333,5618.9,0.40895,0.40272,0.22653,0.0018,0.04798,0.98293,0.96944,0.99391,0.93365,0.98293,0.96944,0.99391,0.83112,0.34725,0.28913,0.14731,0.00168,0,0.0009044,0.0009044,0.0009044
334,5635.34,0.41723,0.41022,0.23608,0.00184,0.06389,0.99011,0.9697,0.99395,0.93602,0.99011,0.9697,0.99395,0.83122,0.34327,0.28687,0.14325,0.00167,0,0.0009011,0.0009011,0.0009011
335,5651.72,0.41092,0.41042,0.23123,0.00187,0.0452,0.99658,0.98192,0.99473,0.93839,0.99658,0.98192,0.99473,0.83276,0.34699,0.28981,0.12885,0.00166,0,0.0008978,0.0008978,0.0008978
336,5668.33,0.42414,0.40366,0.2373,0.00193,0.05904,0.99039,0.97643,0.9946,0.93451,0.99039,0.97643,0.9946,0.83347,0.3508,0.29348,0.13491,0.00167,0,0.0008945,0.0008945,0.0008945
337,5684.79,0.41156,0.40843,0.22631,0.00188,0.05882,0.97999,0.98923,0.99436,0.93897,0.97999,0.98923,0.99436,0.83707,0.33502,0.28757,0.1272,0.0016,0,0.0008912,0.0008912,0.0008912
338,5701.14,0.4143,0.41675,0.22475,0.00186,0.04888,0.98576,0.9899,0.99436,0.93834,0.98576,0.9899,0.99436,0.83597,0.34667,0.28723,0.12536,0.00167,0,0.0008879,0.0008879,0.0008879
339,5717.76,0.40997,0.39811,0.22667,0.00182,0.04387,0.98923,0.98653,0.9947,0.93837,0.98923,0.98653,0.9947,0.83901,0.338,0.28809,0.11982,0.0016,0,0.0008846,0.0008846,0.0008846
340,5734.51,0.41324,0.42432,0.23364,0.00175,0.06839,0.98979,0.97951,0.9943,0.93829,0.98979,0.97951,0.9943,0.83565,0.33436,0.28903,0.13268,0.0016,0,0.0008813,0.0008813,0.0008813
341,5750.89,0.42438,0.4272,0.23897,0.00181,0.03941,0.98652,0.9858,0.99428,0.93868,0.98652,0.9858,0.99428,0.83219,0.34297,0.29254,0.12666,0.00162,0,0.000878,0.000878,0.000878
342,5767.32,0.40812,0.42088,0.22249,0.00178,0.04988,0.98934,0.97643,0.99404,0.93462,0.98934,0.97643,0.99404,0.83555,0.34277,0.2892,0.13278,0.00162,0,0.0008747,0.0008747,0.0008747
343,5783.76,0.41144,0.43397,0.23365,0.00175,0.05899,0.99635,0.99327,0.99497,0.93503,0.99635,0.99327,0.99497,0.83224,0.34799,0.29214,0.12678,0.00166,0,0.0008714,0.0008714,0.0008714
344,5800.24,0.40908,0.41664,0.22732,0.00179,0.04325,0.9911,0.98316,0.9948,0.93489,0.9911,0.98316,0.9948,0.83532,0.34281,0.29003,0.12056,0.00163,0,0.0008681,0.0008681,0.0008681
345,5816.67,0.41477,0.4049,0.2281,0.00182,0.05637,0.98726,0.99327,0.99466,0.93362,0.98726,0.99327,0.99466,0.8336,0.34347,0.29149,0.11844,0.00163,0,0.0008648,0.0008648,0.0008648
346,5833.67,0.41284,0.41133,0.23071,0.00179,0.06512,0.98763,0.9798,0.99436,0.93589,0.98763,0.9798,0.99436,0.83792,0.34242,0.28909,0.12275,0.00163,0,0.0008615,0.0008615,0.0008615
347,5850.17,0.41092,0.40898,0.22906,0.00183,0.04701,0.99658,0.98058,0.99464,0.93532,0.99658,0.98058,0.99464,0.8338,0.34366,0.28957,0.12206,0.00164,0,0.0008582,0.0008582,0.0008582
348,5866.94,0.41359,0.42686,0.21983,0.00178,0.04082,0.99236,0.9798,0.99436,0.93507,0.99236,0.9798,0.99436,0.83466,0.34252,0.29038,0.12512,0.00164,0,0.0008549,0.0008549,0.0008549
349,5883.66,0.40959,0.42192,0.22716,0.00178,0.05299,0.99322,0.9864,0.9946,0.93488,0.99322,0.9864,0.9946,0.83588,0.33672,0.28834,0.1252,0.00159,0,0.0008516,0.0008516,0.0008516
350,5900.3,0.41056,0.42159,0.25827,0.00171,0.06983,1,0.97789,0.9946,0.93439,1,0.97789,0.9946,0.83712,0.3342,0.28657,0.12948,0.00162,0,0.0008483,0.0008483,0.0008483
351,5916.45,0.40397,0.40671,0.22096,0.00178,0.05637,0.99472,0.98653,0.99474,0.93574,0.99472,0.98653,0.99474,0.83127,0.34127,0.28769,0.11618,0.00164,0,0.000845,0.000845,0.000845
352,5933,0.40992,0.41268,0.22525,0.00183,0.06363,0.99658,0.98245,0.99463,0.9374,0.99658,0.98245,0.99463,0.83284,0.34289,0.28773,0.12533,0.00163,0,0.0008417,0.0008417,0.0008417
353,5949.43,0.40565,0.40468,0.23016,0.00177,0.06157,0.99985,0.9899,0.9949,0.93503,0.99985,0.9899,0.9949,0.83433,0.33734,0.28852,0.11787,0.00159,0,0.0008384,0.0008384,0.0008384
354,5966.11,0.40374,0.41119,0.23867,0.00171,0.09263,1,0.97934,0.9947,0.93375,1,0.97934,0.9947,0.83704,0.33988,0.28981,0.12034,0.00161,0,0.0008351,0.0008351,0.0008351
355,5982.65,0.40617,0.41078,0.22306,0.00172,0.05268,0.98924,0.99663,0.99487,0.93986,0.98924,0.99663,0.99487,0.83282,0.32862,0.29062,0.11948,0.00155,0,0.0008318,0.0008318,0.0008318
356,5999.05,0.3938,0.40369,0.21271,0.00169,0.04314,0.99316,0.97835,0.99433,0.9388,0.99316,0.97835,0.99433,0.83285,0.33839,0.28763,0.12635,0.00159,0,0.0008285,0.0008285,0.0008285
357,6015.45,0.40885,0.41328,0.21415,0.00177,0.05357,0.99322,0.98316,0.9947,0.94027,0.99322,0.98316,0.9947,0.83885,0.33091,0.28639,0.12521,0.00157,0,0.0008252,0.0008252,0.0008252
358,6032.06,0.40961,0.41617,0.22377,0.00179,0.04226,0.99493,0.97306,0.99426,0.93539,0.99493,0.97306,0.99426,0.83793,0.33856,0.28603,0.14008,0.0016,0,0.0008219,0.0008219,0.0008219
359,6048.47,0.4079,0.40761,0.22124,0.00179,0.04138,0.98642,0.97843,0.9943,0.93237,0.98644,0.9794,0.99434,0.83946,0.34263,0.28726,0.14399,0.00163,0,0.0008186,0.0008186,0.0008186
360,6064.99,0.41284,0.41576,0.23169,0.00177,0.05811,0.97456,0.9899,0.99447,0.92896,0.97456,0.9899,0.99447,0.83486,0.35904,0.28822,0.14089,0.00172,0,0.0008153,0.0008153,0.0008153
361,6081.27,0.41124,0.41195,0.23149,0.00184,0.05527,0.99653,0.96567,0.99424,0.93348,0.99653,0.96567,0.99424,0.83004,0.34685,0.28892,0.14574,0.00165,0,0.000812,0.000812,0.000812
362,6098.36,0.41738,0.41242,0.21913,0.00189,0.04878,0.99318,0.98136,0.9945,0.92667,0.99318,0.98136,0.9945,0.83573,0.3558,0.2891,0.14314,0.00172,0,0.0008087,0.0008087,0.0008087
363,6114.97,0.42314,0.41125,0.23221,0.00192,0.05791,0.98981,0.98114,0.9945,0.93127,0.98981,0.98114,0.9945,0.8368,0.34788,0.28592,0.1344,0.00163,0,0.0008054,0.0008054,0.0008054
364,6131.89,0.40793,0.39828,0.22269,0.00187,0.04896,0.99324,0.98953,0.99467,0.9348,0.99324,0.98953,0.99467,0.83998,0.34946,0.28703,0.13224,0.00165,0,0.0008021,0.0008021,0.0008021
365,6148.88,0.39917,0.40676,0.21698,0.00175,0.0606,0.99662,0.99387,0.995,0.93419,0.99662,0.99387,0.995,0.83751,0.34194,0.28624,0.12817,0.0016,0,0.0007988,0.0007988,0.0007988
366,6165.93,0.4079,0.42543,0.2241,0.00177,0.04777,0.9937,0.9798,0.99467,0.9375,0.9937,0.9798,0.99467,0.83824,0.34001,0.28514,0.14078,0.00158,0,0.0007955,0.0007955,0.0007955
367,6182.87,0.40346,0.43136,0.2225,0.00169,0.04092,0.98319,0.98454,0.99426,0.93965,0.98319,0.98454,0.99426,0.83444,0.34424,0.28829,0.13686,0.00163,0,0.0007922,0.0007922,0.0007922
368,6199.51,0.39701,0.41001,0.21804,0.00171,0.05142,0.97714,0.9899,0.99423,0.93413,0.97714,0.9899,0.99423,0.83861,0.34761,0.28946,0.1347,0.00163,0,0.0007889,0.0007889,0.0007889
369,6216.69,0.39954,0.40771,0.21466,0.00172,0.06106,0.97863,0.98653,0.99433,0.93503,0.97863,0.98653,0.99433,0.83588,0.33754,0.28831,0.13804,0.0016,0,0.0007856,0.0007856,0.0007856
370,6233.46,0.3962,0.40448,0.21764,0.00174,0.03415,0.98327,0.98942,0.9946,0.93672,0.98327,0.98942,0.9946,0.83638,0.33458,0.28817,0.12967,0.00158,0,0.0007823,0.0007823,0.0007823
371,6250.93,0.39301,0.41455,0.22117,0.0017,0.04522,0.9882,0.98316,0.99453,0.94011,0.9882,0.98316,0.99453,0.83315,0.33631,0.29049,0.13161,0.00161,0,0.000779,0.000779,0.000779
372,6267.38,0.39106,0.41187,0.22866,0.00165,0.04992,0.98338,0.99619,0.9947,0.93601,0.98338,0.99619,0.9947,0.83518,0.34702,0.29174,0.1252,0.00165,0,0.0007757,0.0007757,0.0007757
373,6284.71,0.4041,0.40155,0.22215,0.00179,0.04588,0.97347,0.98834,0.99388,0.93472,0.97347,0.98834,0.99388,0.83128,0.34444,0.29201,0.13284,0.00163,0,0.0007724,0.0007724,0.0007724
374,6301.4,0.39939,0.41677,0.22025,0.00173,0.06472,0.98535,0.9798,0.9941,0.93428,0.98535,0.9798,0.9941,0.83168,0.33598,0.29176,0.14204,0.0016,0,0.0007691,0.0007691,0.0007691
375,6318.79,0.40091,0.41849,0.21973,0.00176,0.04467,0.97074,0.9899,0.99371,0.93387,0.97074,0.9899,0.99371,0.83384,0.33978,0.29052,0.15396,0.00162,0,0.0007658,0.0007658,0.0007658
376,6335.49,0.40252,0.41981,0.21901,0.00175,0.03501,0.99662,0.99261,0.99483,0.93491,0.99662,0.99261,0.99483,0.83975,0.34167,0.2873,0.13601,0.00162,0,0.0007625,0.0007625,0.0007625
377,6352.06,0.39456,0.40615,0.21787,0.00168,0.04836,0.9752,0.98653,0.99389,0.93417,0.9752,0.98653,0.99389,0.8361,0.34112,0.28736,0.15045,0.00161,0,0.0007592,0.0007592,0.0007592
378,6368.34,0.39249,0.39577,0.22509,0.00174,0.08013,0.97989,0.98453,0.99412,0.9403,0.97989,0.98453,0.99412,0.83565,0.33908,0.28692,0.13598,0.00163,0,0.0007559,0.0007559,0.0007559
379,6384.82,0.39407,0.40227,0.23302,0.00178,0.05556,0.98992,0.99211,0.99483,0.93413,0.98992,0.99211,0.99483,0.83666,0.34159,0.28697,0.12205,0.00162,0,0.0007526,0.0007526,0.0007526
380,6401.41,0.39353,0.40657,0.21961,0.00172,0.06338,0.98982,0.98182,0.9944,0.93199,0.98982,0.98182,0.9944,0.83949,0.33653,0.28384,0.13024,0.00159,0,0.0007493,0.0007493,0.0007493
381,6417.85,0.38955,0.39442,0.21362,0.00168,0.04553,0.99221,0.9899,0.99459,0.93413,0.99221,0.9899,0.99459,0.84147,0.33992,0.28427,0.12899,0.00163,0,0.000746,0.000746,0.000746
382,6434.32,0.39562,0.39679,0.21751,0.00171,0.06202,0.9832,0.98553,0.99416,0.93373,0.9832,0.98553,0.99416,0.84035,0.34358,0.28723,0.15046,0.00162,0,0.0007427,0.0007427,0.0007427
383,6450.76,0.38812,0.40026,0.20963,0.00168,0.03796,0.99324,0.98992,0.9949,0.9346,0.99324,0.98992,0.9949,0.83743,0.33859,0.28633,0.12981,0.00162,0,0.0007394,0.0007394,0.0007394
384,6467.35,0.39295,0.41099,0.21432,0.00168,0.04188,0.99087,0.98653,0.99473,0.93822,0.99087,0.98653,0.99473,0.83999,0.34046,0.28806,0.13817,0.00162,0,0.0007361,0.0007361,0.0007361
385,6484.56,0.38795,0.39099,0.21031,0.00165,0.04751,0.98005,0.99263,0.9945,0.94044,0.98005,0.99263,0.9945,0.83271,0.33786,0.2887,0.12745,0.00161,0,0.0007328,0.0007328,0.0007328
386,6501.06,0.3949,0.39826,0.22086,0.00172,0.054,0.97666,0.98611,0.99388,0.93675,0.97666,0.98611,0.99388,0.83851,0.33449,0.28836,0.1449,0.0016,0,0.0007295,0.0007295,0.0007295
387,6517.26,0.39304,0.40268,0.21805,0.00173,0.05808,0.98383,0.9798,0.99402,0.93363,0.98383,0.9798,0.99402,0.8372,0.33986,0.28542,0.14708,0.00162,0,0.0007262,0.0007262,0.0007262
388,6533.62,0.39206,0.4072,0.22084,0.00173,0.04047,0.98996,0.99553,0.99463,0.93551,0.98996,0.99553,0.99463,0.83723,0.34688,0.28618,0.13767,0.00163,0,0.0007229,0.0007229,0.0007229
389,6549.95,0.40491,0.41011,0.21538,0.00179,0.04749,0.98967,0.96796,0.99404,0.93232,0.98967,0.96796,0.99404,0.834,0.35201,0.28539,0.14682,0.00164,0,0.0007196,0.0007196,0.0007196
390,6566.3,0.39779,0.41269,0.22101,0.00171,0.05405,0.98394,0.98316,0.99446,0.93457,0.98394,0.98316,0.99446,0.83656,0.34227,0.28641,0.12853,0.00164,0,0.0007163,0.0007163,0.0007163
391,6582.76,0.39688,0.42005,0.21103,0.00169,0.03414,0.99319,0.98196,0.99476,0.93816,0.99319,0.98196,0.99476,0.83391,0.33914,0.28772,0.13128,0.00163,0,0.000713,0.000713,0.000713
392,6599.31,0.39805,0.40903,0.20751,0.00173,0.03815,0.98336,0.99507,0.99463,0.93287,0.98336,0.99507,0.99463,0.83437,0.34445,0.28759,0.12453,0.00162,0,0.0007097,0.0007097,0.0007097
393,6615.6,0.38493,0.40966,0.21289,0.00169,0.05013,0.99327,0.9798,0.99457,0.936,0.99327,0.9798,0.99457,0.83593,0.33629,0.2881,0.12124,0.00159,0,0.0007064,0.0007064,0.0007064
394,6631.98,0.38427,0.39615,0.20457,0.00162,0.04413,0.9932,0.98291,0.99416,0.93483,0.9932,0.98291,0.99416,0.83787,0.3327,0.28454,0.12918,0.00159,0,0.0007031,0.0007031,0.0007031
395,6648.42,0.39168,0.41362,0.2187,0.00172,0.03963,0.96942,0.99663,0.9944,0.93916,0.96942,0.99663,0.9944,0.84138,0.33229,0.28591,0.12651,0.00155,0,0.0006998,0.0006998,0.0006998
396,6665.24,0.39331,0.41501,0.22221,0.00167,0.04226,0.98823,0.9798,0.99446,0.93969,0.98823,0.9798,0.99446,0.83663,0.33688,0.28909,0.12956,0.00158,0,0.0006965,0.0006965,0.0006965
397,6681.67,0.39564,0.42296,0.21966,0.00166,0.04172,0.99932,0.98316,0.9949,0.94441,0.99932,0.98316,0.9949,0.84081,0.33031,0.28539,0.11523,0.00155,0,0.0006932,0.0006932,0.0006932
398,6698.4,0.38855,0.39675,0.20739,0.0017,0.04695,0.98984,0.98398,0.9945,0.94394,0.98984,0.98398,0.9945,0.83862,0.32905,0.28387,0.12389,0.00156,0,0.0006899,0.0006899,0.0006899
399,6714.92,0.38834,0.40673,0.20951,0.00162,0.04729,0.97999,0.98959,0.9944,0.93932,0.97999,0.98959,0.9944,0.83881,0.33197,0.28586,0.12926,0.00157,0,0.0006866,0.0006866,0.0006866
400,6731.29,0.38982,0.40164,0.21822,0.00177,0.0546,0.99099,0.96633,0.99407,0.93704,0.99099,0.96633,0.99407,0.83324,0.3457,0.2882,0.14833,0.00165,0,0.0006833,0.0006833,0.0006833
401,6747.84,0.40075,0.41,0.22092,0.00172,0.04953,0.98968,0.98653,0.99428,0.93489,0.98968,0.98653,0.99428,0.83397,0.34867,0.28922,0.14128,0.00168,0,0.00068,0.00068,0.00068
402,6764.86,0.38929,0.41111,0.209,0.00166,0.04603,0.99318,0.9811,0.9946,0.93697,0.99318,0.9811,0.9946,0.83491,0.34279,0.28936,0.13412,0.00163,0,0.0006767,0.0006767,0.0006767
403,6781.28,0.39476,0.42235,0.22252,0.0017,0.06193,0.98623,0.9899,0.99463,0.93795,0.98623,0.9899,0.99463,0.83905,0.33649,0.28864,0.13601,0.0016,0,0.0006734,0.0006734,0.0006734
404,6798.17,0.39683,0.4074,0.22443,0.00172,0.06408,0.99659,0.98495,0.99457,0.93685,0.99659,0.98495,0.99457,0.83854,0.34296,0.29223,0.13697,0.00163,0,0.0006701,0.0006701,0.0006701
405,6814.44,0.38833,0.40695,0.21126,0.00167,0.04347,0.99659,0.98291,0.99467,0.93663,0.99659,0.98291,0.99467,0.83632,0.33577,0.28799,0.12355,0.00158,0,0.0006668,0.0006668,0.0006668
406,6831.22,0.38964,0.40513,0.20384,0.00165,0.03896,0.9899,0.98978,0.99483,0.93483,0.9899,0.98978,0.99483,0.83286,0.33227,0.28673,0.11921,0.00158,0,0.0006635,0.0006635,0.0006635
407,6847.97,0.39639,0.41508,0.21817,0.00166,0.03628,0.98643,0.97904,0.99411,0.93484,0.98643,0.97904,0.99411,0.83459,0.33587,0.28705,0.13209,0.00159,0,0.0006602,0.0006602,0.0006602
408,6864.46,0.38383,0.39877,0.21525,0.00168,0.05842,0.98373,0.98316,0.99432,0.94265,0.98373,0.98316,0.99432,0.83904,0.3239,0.28322,0.12204,0.00155,0,0.0006569,0.0006569,0.0006569
409,6880.88,0.38932,0.41755,0.21751,0.00168,0.03948,0.99656,0.97472,0.9946,0.94012,0.99656,0.97472,0.9946,0.84302,0.322,0.28312,0.11625,0.00154,0,0.0006536,0.0006536,0.0006536
410,6897.53,0.38862,0.40025,0.22439,0.00168,0.08672,0.99334,0.98653,0.9948,0.94066,0.99334,0.98653,0.9948,0.84292,0.32751,0.28545,0.11755,0.00157,0,0.0006503,0.0006503,0.0006503
411,6913.94,0.39055,0.41097,0.21972,0.00169,0.04964,0.98321,0.98581,0.99453,0.93968,0.98321,0.98581,0.99453,0.83285,0.32347,0.28686,0.11777,0.00157,0,0.000647,0.000647,0.000647
412,6930.37,0.38953,0.40967,0.21116,0.00166,0.04142,0.97688,0.99581,0.99466,0.94006,0.97688,0.99581,0.99466,0.83812,0.33373,0.28637,0.11756,0.00159,0,0.0006437,0.0006437,0.0006437
413,6946.83,0.38642,0.40011,0.21782,0.00167,0.05215,0.99776,0.97306,0.99464,0.94023,0.99776,0.97306,0.99464,0.8343,0.32674,0.28559,0.12906,0.00156,0,0.0006404,0.0006404,0.0006404
414,6963.07,0.38067,0.39843,0.21728,0.00171,0.06778,0.99865,0.98316,0.99483,0.9402,0.99865,0.98316,0.99483,0.83425,0.33672,0.28586,0.12725,0.00162,0,0.0006371,0.0006371,0.0006371
415,6979.64,0.37658,0.39201,0.20969,0.00173,0.04405,0.99974,0.9899,0.99493,0.9389,0.99974,0.9899,0.99493,0.83734,0.33734,0.28633,0.12375,0.0016,0,0.0006338,0.0006338,0.0006338
416,6996.33,0.38671,0.39475,0.2111,0.00169,0.06116,0.99618,0.9899,0.99487,0.94149,0.99618,0.9899,0.99487,0.83496,0.33709,0.28539,0.13222,0.00161,0,0.0006305,0.0006305,0.0006305
417,7012.64,0.38119,0.39794,0.21547,0.00165,0.05141,0.99604,0.9798,0.99434,0.94142,0.99604,0.9798,0.99434,0.83435,0.33516,0.28525,0.14589,0.00158,0,0.0006272,0.0006272,0.0006272
418,7029.17,0.3821,0.40639,0.20914,0.00162,0.0457,1,0.97885,0.9947,0.94286,1,0.97885,0.9947,0.83488,0.32983,0.28422,0.12241,0.00156,0,0.0006239,0.0006239,0.0006239
419,7046.06,0.38331,0.39759,0.20527,0.00165,0.0424,0.99874,0.99663,0.995,0.94277,0.99874,0.99663,0.995,0.83673,0.3238,0.28525,0.1108,0.00155,0,0.0006206,0.0006206,0.0006206
420,7063.11,0.37528,0.39508,0.20478,0.00161,0.06114,0.99166,0.99327,0.99493,0.94413,0.99166,0.99327,0.99493,0.83482,0.32331,0.28628,0.11268,0.00156,0,0.0006173,0.0006173,0.0006173
421,7080.25,0.37806,0.38939,0.20493,0.00161,0.04245,0.98993,0.99285,0.99463,0.94309,0.98993,0.99285,0.99463,0.83489,0.32835,0.28608,0.12204,0.00154,0,0.000614,0.000614,0.000614
422,7097,0.37675,0.40453,0.2142,0.00156,0.06593,0.99105,0.9899,0.99477,0.94162,0.99105,0.9899,0.99477,0.83448,0.32614,0.28615,0.11486,0.00153,0,0.0006107,0.0006107,0.0006107
423,7113.49,0.38709,0.41371,0.21474,0.00164,0.07646,0.99656,0.97463,0.99453,0.93937,0.99656,0.97463,0.99453,0.83315,0.33008,0.28457,0.12185,0.00157,0,0.0006074,0.0006074,0.0006074
424,7130.61,0.38092,0.39791,0.20168,0.00167,0.0409,0.99859,0.9899,0.9949,0.94271,0.99859,0.9899,0.9949,0.834,0.32903,0.28437,0.11257,0.00158,0,0.0006041,0.0006041,0.0006041
425,7147.51,0.38007,0.40312,0.20769,0.00161,0.05063,0.98625,0.99327,0.99466,0.94479,0.98625,0.99327,0.99466,0.83313,0.32543,0.2843,0.11575,0.00155,0,0.0006008,0.0006008,0.0006008
426,7164.5,0.3826,0.40496,0.21346,0.00162,0.04411,0.9828,1,0.99487,0.94438,0.9828,1,0.99487,0.8391,0.32293,0.28581,0.10903,0.00154,0,0.0005975,0.0005975,0.0005975
427,7181.41,0.37506,0.40444,0.20651,0.00166,0.0434,0.98665,0.99547,0.9947,0.94301,0.98665,0.99547,0.9947,0.8329,0.32139,0.28549,0.11246,0.00154,0,0.0005942,0.0005942,0.0005942
428,7198.66,0.38111,0.40007,0.20902,0.00159,0.05609,0.99905,0.9798,0.99473,0.942,0.99905,0.9798,0.99473,0.83648,0.32267,0.28366,0.11117,0.00155,0,0.0005909,0.0005909,0.0005909
429,7215.38,0.3813,0.40621,0.20783,0.00162,0.0446,0.99624,0.99327,0.995,0.94362,0.99624,0.99327,0.995,0.83871,0.31984,0.28208,0.10505,0.00152,0,0.0005876,0.0005876,0.0005876
430,7232.89,0.37301,0.39426,0.20536,0.00158,0.04421,1,0.98586,0.99487,0.94245,1,0.98586,0.99487,0.83804,0.32362,0.28434,0.1116,0.00154,0,0.0005843,0.0005843,0.0005843
431,7249.38,0.37553,0.398,0.20443,0.0016,0.04129,0.99659,0.98523,0.99477,0.94109,0.99659,0.98523,0.99477,0.83481,0.32285,0.28304,0.11637,0.00154,0,0.000581,0.000581,0.000581
432,7265.9,0.37957,0.4032,0.21386,0.00165,0.04465,0.99325,0.99026,0.9948,0.94102,0.99325,0.99026,0.9948,0.83514,0.32216,0.28278,0.11431,0.00154,0,0.0005777,0.0005777,0.0005777
433,7282.31,0.38513,0.41112,0.2118,0.00163,0.04867,0.99663,0.99543,0.99497,0.93945,0.99663,0.99543,0.99497,0.83821,0.32517,0.28556,0.11024,0.00154,0,0.0005744,0.0005744,0.0005744
434,7299.11,0.38868,0.40555,0.21599,0.00166,0.05061,0.99213,0.98316,0.9947,0.94217,0.99213,0.98316,0.9947,0.83771,0.31638,0.28422,0.11905,0.0015,0,0.0005711,0.0005711,0.0005711
435,7315.64,0.36922,0.38718,0.20215,0.00156,0.04677,0.9966,0.98647,0.99487,0.94039,0.9966,0.98647,0.99487,0.84212,0.31617,0.28334,0.11121,0.0015,0,0.0005678,0.0005678,0.0005678
436,7332.44,0.3798,0.40309,0.21103,0.00157,0.0394,0.98665,0.99553,0.99483,0.94244,0.98665,0.99553,0.99483,0.84089,0.31453,0.28298,0.11474,0.00149,0,0.0005645,0.0005645,0.0005645
437,7348.79,0.37749,0.39236,0.2035,0.00162,0.05027,0.98001,0.99028,0.99463,0.94197,0.98001,0.99028,0.99463,0.84052,0.31968,0.28446,0.11772,0.00152,0,0.0005612,0.0005612,0.0005612
438,7365.18,0.37612,0.40396,0.2145,0.00162,0.06595,0.99156,0.98316,0.99463,0.94145,0.99156,0.98316,0.99463,0.83995,0.32001,0.28493,0.117,0.00152,0,0.0005579,0.0005579,0.0005579
439,7382.13,0.37433,0.40219,0.20294,0.00155,0.04639,0.99324,0.98981,0.99487,0.942,0.99324,0.98981,0.99487,0.83479,0.32153,0.28465,0.1099,0.00152,0,0.0005546,0.0005546,0.0005546
440,7398.53,0.37529,0.40148,0.20353,0.0016,0.03908,0.99321,0.98487,0.9947,0.94009,0.99321,0.98487,0.9947,0.83608,0.32018,0.28632,0.1131,0.00153,0,0.0005513,0.0005513,0.0005513
441,7415.26,0.36628,0.39372,0.1982,0.00155,0.03887,0.99316,0.97751,0.9946,0.94163,0.99316,0.97751,0.9946,0.83834,0.32667,0.28547,0.11532,0.00154,0,0.000548,0.000548,0.000548
442,7431.85,0.36838,0.39002,0.2062,0.0016,0.04127,0.99019,0.98653,0.9948,0.93966,0.99019,0.98653,0.9948,0.84132,0.32883,0.28781,0.11079,0.00155,0,0.0005447,0.0005447,0.0005447
443,7448.02,0.3814,0.4126,0.21125,0.00164,0.05894,1,0.98971,0.99493,0.94002,1,0.98971,0.99493,0.84145,0.3264,0.28703,0.10662,0.00153,0,0.0005414,0.0005414,0.0005414
444,7464.79,0.37368,0.41197,0.21343,0.00159,0.03846,0.99797,0.98653,0.99493,0.93715,0.99797,0.98653,0.99493,0.8386,0.32192,0.28573,0.10971,0.00152,0,0.0005381,0.0005381,0.0005381
445,7481.36,0.36882,0.39524,0.20131,0.00158,0.05714,0.99648,0.98316,0.99477,0.93966,0.99648,0.98316,0.99477,0.83969,0.32569,0.28439,0.11798,0.00154,0,0.0005348,0.0005348,0.0005348
446,7497.73,0.37082,0.39493,0.20559,0.00161,0.03643,0.9803,0.99663,0.99476,0.9401,0.9803,0.99663,0.99476,0.84175,0.32471,0.28452,0.11257,0.00152,0,0.0005315,0.0005315,0.0005315
447,7514.13,0.37333,0.40261,0.20458,0.00156,0.05459,0.98991,0.99112,0.9949,0.93944,0.98991,0.99112,0.9949,0.84273,0.32404,0.28273,0.11412,0.00153,0,0.0005282,0.0005282,0.0005282
448,7530.72,0.36821,0.39413,0.19977,0.00159,0.05087,1,0.98553,0.99493,0.94374,1,0.98553,0.99493,0.84008,0.32591,0.28379,0.11153,0.00154,0,0.0005249,0.0005249,0.0005249
449,7547.27,0.37402,0.40823,0.20179,0.00157,0.03218,0.9966,0.98613,0.99477,0.94228,0.9966,0.98613,0.99477,0.83793,0.3221,0.28344,0.1171,0.00153,0,0.0005216,0.0005216,0.0005216
450,7563.63,0.38028,0.40611,0.21229,0.0016,0.04963,0.98493,0.98316,0.99447,0.94347,0.98493,0.98316,0.99447,0.84413,0.32131,0.28455,0.12828,0.00152,0,0.0005183,0.0005183,0.0005183
451,7580.27,0.37361,0.39434,0.1999,0.00157,0.03974,0.99657,0.98316,0.99457,0.94056,0.99657,0.98316,0.99457,0.84048,0.32177,0.28432,0.13015,0.00152,0,0.000515,0.000515,0.000515
452,7596.89,0.36978,0.39087,0.19687,0.00157,0.03999,0.99508,0.98653,0.9948,0.94288,0.99508,0.98653,0.9948,0.83627,0.31612,0.28433,0.11802,0.00149,0,0.0005117,0.0005117,0.0005117
453,7613.46,0.36703,0.39432,0.19802,0.0015,0.04789,0.99514,0.9899,0.99464,0.94112,0.99514,0.9899,0.99464,0.83645,0.3202,0.28524,0.11855,0.00153,0,0.0005084,0.0005084,0.0005084
454,7629.64,0.36636,0.4033,0.20897,0.00157,0.05523,1,0.98945,0.99467,0.94191,1,0.98945,0.99467,0.83769,0.32137,0.286,0.12186,0.00153,0,0.0005051,0.0005051,0.0005051
455,7646.24,0.36729,0.38846,0.20857,0.00151,0.07465,0.98892,0.98653,0.99473,0.94258,0.98892,0.98653,0.99473,0.84058,0.31993,0.28578,0.12279,0.00151,0,0.0005018,0.0005018,0.0005018
456,7663.05,0.36861,0.39292,0.2042,0.00156,0.05904,0.99141,0.98316,0.99463,0.93979,0.99141,0.98316,0.99463,0.84015,0.32085,0.28402,0.12721,0.00151,0,0.0004985,0.0004985,0.0004985
457,7679.7,0.37293,0.3951,0.20368,0.00159,0.04349,0.98665,0.99544,0.99487,0.94301,0.98665,0.99544,0.99487,0.8404,0.31927,0.28462,0.11631,0.00153,0,0.0004952,0.0004952,0.0004952
458,7696.34,0.37195,0.40018,0.19609,0.00155,0.03642,0.99468,0.99327,0.99497,0.94032,0.99468,0.99327,0.99497,0.83978,0.32864,0.28356,0.11947,0.00155,0,0.0004919,0.0004919,0.0004919
459,7713,0.36272,0.39305,0.19392,0.00157,0.04096,0.99872,0.9798,0.99464,0.9409,0.99872,0.9798,0.99464,0.83987,0.33057,0.28355,0.12886,0.00156,0,0.0004886,0.0004886,0.0004886
460,7729.46,0.37629,0.39488,0.20253,0.00162,0.03951,0.99386,0.9899,0.99493,0.94162,0.99386,0.9899,0.99493,0.8397,0.3228,0.28383,0.12138,0.00152,0,0.0004853,0.0004853,0.0004853
461,7745.93,0.36523,0.39602,0.20199,0.00155,0.05839,0.9866,0.99165,0.99476,0.94295,0.9866,0.99165,0.99476,0.83403,0.32205,0.2839,0.12511,0.00152,0,0.000482,0.000482,0.000482
462,7762.29,0.36466,0.39888,0.2084,0.00153,0.05465,0.99317,0.97943,0.9946,0.94551,0.99317,0.97943,0.9946,0.84178,0.31333,0.28162,0.13198,0.00149,0,0.0004787,0.0004787,0.0004787
463,7778.7,0.36307,0.38546,0.20217,0.00152,0.04162,0.98545,0.99327,0.99466,0.94267,0.98545,0.99327,0.99466,0.83693,0.3166,0.28114,0.12702,0.0015,0,0.0004754,0.0004754,0.0004754
464,7795.37,0.37418,0.40117,0.20075,0.00159,0.03715,0.97995,0.98746,0.99436,0.94007,0.97995,0.98746,0.99436,0.84032,0.32122,0.28354,0.12865,0.00151,0,0.0004721,0.0004721,0.0004721
465,7811.66,0.36538,0.39316,0.21192,0.00165,0.07175,0.98916,0.98316,0.99453,0.94077,0.98916,0.98316,0.99453,0.8406,0.32463,0.28498,0.13662,0.00153,0,0.0004688,0.0004688,0.0004688
466,7828.35,0.36491,0.38695,0.19668,0.00154,0.03692,0.99655,0.97146,0.99433,0.93851,0.99655,0.97146,0.99433,0.83839,0.31984,0.28394,0.14045,0.00151,0,0.0004655,0.0004655,0.0004655
467,7845.11,0.37532,0.40052,0.20577,0.0016,0.04602,0.99619,0.98316,0.9947,0.94061,0.99619,0.98316,0.9947,0.83923,0.32062,0.28468,0.11679,0.00153,0,0.0004622,0.0004622,0.0004622
468,7862.03,0.37116,0.39553,0.19826,0.00154,0.04393,0.98991,0.99135,0.99483,0.9425,0.98991,0.99135,0.99483,0.84087,0.32313,0.28394,0.11279,0.00153,0,0.0004589,0.0004589,0.0004589
469,7878.67,0.37645,0.40627,0.20089,0.00157,0.03538,0.99662,0.99185,0.99493,0.94161,0.99662,0.99185,0.99493,0.84173,0.32729,0.28254,0.11526,0.00154,0,0.0004556,0.0004556,0.0004556
470,7895.29,0.37021,0.39996,0.19688,0.00155,0.05361,0.99559,0.98653,0.99344,0.94136,0.99559,0.98653,0.99344,0.83694,0.32671,0.2846,0.11834,0.00153,0,0.0004523,0.0004523,0.0004523
471,7911.89,0.36737,0.39298,0.20212,0.00153,0.04258,0.98877,0.99663,0.9949,0.94307,0.98877,0.99663,0.9949,0.84186,0.32618,0.28271,0.10831,0.00153,0,0.000449,0.000449,0.000449
472,7928.21,0.37402,0.39505,0.21055,0.00158,0.05277,0.99837,0.9899,0.99497,0.9411,0.99837,0.9899,0.99497,0.84125,0.32704,0.28295,0.11128,0.00154,0,0.0004457,0.0004457,0.0004457
473,7944.54,0.36992,0.39882,0.20572,0.00159,0.05037,0.99285,1,0.99483,0.94071,0.99285,1,0.99483,0.83797,0.32243,0.28575,0.11506,0.00152,0,0.0004424,0.0004424,0.0004424
474,7960.93,0.35767,0.39175,0.19385,0.00152,0.04691,0.9888,1,0.9948,0.94212,0.9888,1,0.9948,0.84005,0.3244,0.28553,0.11704,0.00154,0,0.0004391,0.0004391,0.0004391
475,7977.14,0.35827,0.38704,0.18877,0.00155,0.04487,0.98597,0.99663,0.99483,0.94184,0.98597,0.99663,0.99483,0.84422,0.3246,0.28468,0.11272,0.00154,0,0.0004358,0.0004358,0.0004358
476,7993.58,0.36938,0.40032,0.19421,0.00155,0.0353,0.99658,0.98207,0.99473,0.94146,0.99658,0.98207,0.99473,0.84107,0.32659,0.28366,0.12322,0.00154,0,0.0004325,0.0004325,0.0004325
477,8009.96,0.36928,0.3898,0.20842,0.00159,0.06071,0.99135,0.9899,0.99483,0.94435,0.99135,0.9899,0.99483,0.84077,0.32689,0.28397,0.11546,0.00155,0,0.0004292,0.0004292,0.0004292
478,8026.5,0.36788,0.39883,0.19762,0.00154,0.03829,0.99518,0.99327,0.99497,0.94379,0.99518,0.99327,0.99497,0.8437,0.32222,0.28346,0.11303,0.00152,0,0.0004259,0.0004259,0.0004259
479,8043.65,0.35812,0.38853,0.19542,0.00149,0.04255,0.99324,0.9899,0.99487,0.94285,0.99324,0.9899,0.99487,0.84093,0.32112,0.28284,0.11634,0.00152,0,0.0004226,0.0004226,0.0004226
480,8059.91,0.37105,0.39746,0.20024,0.00162,0.06393,0.98925,0.9899,0.99473,0.94355,0.98925,0.9899,0.99473,0.84198,0.32115,0.28282,0.11985,0.00152,0,0.0004193,0.0004193,0.0004193
481,8076.63,0.36357,0.40057,0.19969,0.00153,0.05097,0.99662,0.99382,0.99497,0.94517,0.99662,0.99382,0.99497,0.84501,0.31811,0.28331,0.11224,0.0015,0,0.000416,0.000416,0.000416
482,8093.32,0.3634,0.3946,0.20109,0.00154,0.04599,0.99662,0.99317,0.99497,0.94643,0.99662,0.99317,0.99497,0.84363,0.3193,0.28297,0.10978,0.00149,0,0.0004127,0.0004127,0.0004127
483,8109.75,0.36188,0.3933,0.19752,0.0015,0.05167,0.98872,1,0.9949,0.94381,0.98872,1,0.9949,0.84414,0.31835,0.283,0.1073,0.0015,0,0.0004094,0.0004094,0.0004094
484,8126.2,0.35687,0.39202,0.19125,0.00154,0.03915,0.99851,0.9899,0.99497,0.94612,0.99851,0.9899,0.99497,0.84169,0.31617,0.28248,0.10742,0.00151,0,0.0004061,0.0004061,0.0004061
485,8142.69,0.36313,0.39492,0.20513,0.0015,0.04399,0.99799,0.9798,0.99477,0.94433,0.99799,0.9798,0.99477,0.84066,0.31552,0.2825,0.11481,0.0015,0,0.0004028,0.0004028,0.0004028
486,8159.61,0.3587,0.38832,0.19497,0.00155,0.04155,0.98665,0.99546,0.99466,0.94801,0.98665,0.99546,0.99466,0.84226,0.31535,0.28181,0.11269,0.00149,0,0.0003995,0.0003995,0.0003995
487,8176.66,0.3609,0.39546,0.20548,0.00154,0.05521,0.98003,0.99148,0.99446,0.94656,0.98003,0.99148,0.99446,0.84001,0.31461,0.28267,0.11976,0.00148,0,0.0003962,0.0003962,0.0003962
488,8193.36,0.3646,0.39115,0.19247,0.00153,0.04673,0.98342,0.99878,0.99436,0.94316,0.98342,0.99878,0.99436,0.84241,0.31471,0.28345,0.11343,0.00148,0,0.0003929,0.0003929,0.0003929
489,8209.69,0.36149,0.38914,0.20307,0.00158,0.0547,0.98804,0.99663,0.9947,0.9452,0.98804,0.99663,0.9947,0.83887,0.31798,0.28194,0.11566,0.00151,0,0.0003896,0.0003896,0.0003896
490,8226.23,0.36382,0.39482,0.20665,0.00157,0.05305,0.99327,0.99406,0.99483,0.94032,0.99327,0.99406,0.99483,0.83482,0.32116,0.28367,0.10726,0.00152,0,0.0003863,0.0003863,0.0003863
491,8242.55,0.36307,0.39457,0.19974,0.00151,0.04691,0.98653,0.98641,0.99456,0.94278,0.98653,0.98641,0.99456,0.83227,0.32138,0.28496,0.119,0.00152,0,0.000383,0.000383,0.000383
492,8259.32,0.36198,0.39319,0.19598,0.00147,0.04743,0.98779,0.9899,0.99444,0.94267,0.98779,0.9899,0.99444,0.83651,0.31892,0.28519,0.11567,0.00151,0,0.0003797,0.0003797,0.0003797
493,8275.64,0.36384,0.40446,0.19619,0.00152,0.03818,0.9797,1,0.99473,0.94191,0.9797,1,0.99473,0.83566,0.31629,0.28526,0.10932,0.0015,0,0.0003764,0.0003764,0.0003764
494,8291.99,0.3587,0.39248,0.19638,0.00153,0.03812,0.98563,0.99327,0.99473,0.94242,0.98563,0.99327,0.99473,0.83632,0.31717,0.28489,0.11192,0.0015,0,0.0003731,0.0003731,0.0003731
495,8308.4,0.35804,0.38115,0.1884,0.0015,0.03974,0.99663,0.99466,0.99487,0.94071,0.99663,0.99466,0.99487,0.83966,0.32112,0.2841,0.11092,0.00152,0,0.0003698,0.0003698,0.0003698
496,8325.16,0.35249,0.37695,0.19227,0.00149,0.04686,0.98481,0.99663,0.9948,0.93989,0.98481,0.99663,0.9948,0.83555,0.32182,0.28402,0.11367,0.00153,0,0.0003665,0.0003665,0.0003665
497,8341.7,0.37081,0.40046,0.20283,0.00154,0.04349,0.99147,0.98316,0.99467,0.94108,0.99147,0.98316,0.99467,0.83871,0.31873,0.28467,0.11797,0.00152,0,0.0003632,0.0003632,0.0003632
498,8358.15,0.35995,0.38841,0.20136,0.00149,0.05376,0.99326,0.99663,0.9949,0.94292,0.99326,0.99663,0.9949,0.84007,0.31769,0.28392,0.1066,0.00151,0,0.0003599,0.0003599,0.0003599
499,8374.69,0.36723,0.39732,0.19851,0.00152,0.04836,0.9934,0.99327,0.995,0.93953,0.9934,0.99327,0.995,0.83777,0.31598,0.28495,0.11909,0.00151,0,0.0003566,0.0003566,0.0003566
500,8391.1,0.35202,0.3875,0.19464,0.00151,0.04672,0.98989,0.98858,0.9946,0.94399,0.98989,0.98858,0.9946,0.8389,0.31655,0.2847,0.12036,0.0015,0,0.0003533,0.0003533,0.0003533
501,8407.78,0.35678,0.39032,0.18696,0.0015,0.03474,0.99322,0.98627,0.99477,0.94539,0.99322,0.98627,0.99477,0.84063,0.31996,0.28291,0.1219,0.00151,0,0.00035,0.00035,0.00035
502,8424.64,0.3542,0.38983,0.1925,0.0015,0.04524,0.98982,0.98239,0.99466,0.94429,0.98982,0.98239,0.99466,0.84119,0.31779,0.28045,0.12916,0.0015,0,0.0003467,0.0003467,0.0003467
503,8441.13,0.3584,0.39774,0.19443,0.00148,0.05995,0.98656,0.98856,0.99443,0.94664,0.98656,0.98856,0.99443,0.8427,0.31565,0.28138,0.13068,0.00148,0,0.0003434,0.0003434,0.0003434
504,8457.36,0.3555,0.3992,0.19534,0.00146,0.05206,0.9966,0.98588,0.99483,0.94398,0.9966,0.98588,0.99483,0.84359,0.32069,0.28126,0.10937,0.00151,0,0.0003401,0.0003401,0.0003401
505,8473.82,0.35455,0.38472,0.19293,0.00152,0.03412,0.9966,0.98577,0.99483,0.94468,0.9966,0.98577,0.99483,0.83901,0.32111,0.28064,0.1074,0.0015,0,0.0003368,0.0003368,0.0003368
506,8490.27,0.35567,0.38535,0.19223,0.00148,0.04407,0.9937,0.9899,0.9949,0.94603,0.9937,0.9899,0.9949,0.84048,0.31471,0.27958,0.10433,0.00148,0,0.0003335,0.0003335,0.0003335
507,8506.68,0.34739,0.37661,0.19253,0.00151,0.05314,0.99323,1,0.99497,0.94441,0.99323,1,0.99497,0.84333,0.31436,0.27982,0.10285,0.00149,0,0.0003302,0.0003302,0.0003302
508,8523.06,0.35854,0.39575,0.19313,0.00151,0.03767,0.99401,0.98653,0.99487,0.94174,0.99401,0.98653,0.99487,0.84426,0.31416,0.27979,0.11075,0.00149,0,0.0003269,0.0003269,0.0003269
509,8539.45,0.35539,0.39175,0.18847,0.00145,0.04443,0.99324,0.98883,0.9948,0.94175,0.99324,0.98883,0.9948,0.84738,0.3113,0.28045,0.11828,0.00148,0,0.0003236,0.0003236,0.0003236
510,8556.46,0.34815,0.38142,0.18869,0.00147,0.04246,0.99494,0.99327,0.9949,0.94436,0.99494,0.99327,0.9949,0.84438,0.30877,0.28146,0.10871,0.00146,0,0.0003203,0.0003203,0.0003203
511,8572.74,0.35431,0.37793,0.19,0.00153,0.03961,0.99326,0.99243,0.99483,0.9434,0.99326,0.99243,0.99483,0.84342,0.31417,0.28136,0.116,0.00148,0,0.000317,0.000317,0.000317
512,8589.4,0.34897,0.38246,0.18986,0.00146,0.03819,0.98659,0.99079,0.99463,0.94515,0.98659,0.99079,0.99463,0.84091,0.31867,0.28119,0.12104,0.0015,0,0.0003137,0.0003137,0.0003137
513,8606.09,0.36107,0.3929,0.20084,0.00146,0.05385,0.98999,0.99873,0.9948,0.94202,0.98999,0.99873,0.9948,0.84228,0.32062,0.28003,0.11522,0.0015,0,0.0003104,0.0003104,0.0003104
514,8622.62,0.34272,0.39053,0.18854,0.00143,0.05924,0.98989,0.98931,0.99473,0.94124,0.98989,0.98931,0.99473,0.84354,0.31939,0.28062,0.1187,0.0015,0,0.0003071,0.0003071,0.0003071
515,8638.99,0.35045,0.38109,0.19084,0.00145,0.06461,0.99249,0.9899,0.99483,0.94422,0.99249,0.9899,0.99483,0.83898,0.31488,0.28017,0.10955,0.00149,0,0.0003038,0.0003038,0.0003038
516,8655.59,0.35431,0.38825,0.18691,0.00145,0.04078,0.99553,0.99327,0.99497,0.94417,0.99553,0.99327,0.99497,0.8374,0.31767,0.28034,0.10659,0.00152,0,0.0003005,0.0003005,0.0003005
517,8672.04,0.34925,0.39014,0.18921,0.00148,0.04791,0.99856,0.99327,0.995,0.94372,0.99856,0.99327,0.995,0.84019,0.31704,0.28087,0.10754,0.00151,0,0.0002972,0.0002972,0.0002972
518,8688.35,0.34967,0.38717,0.19503,0.00148,0.04535,0.99591,0.9899,0.99483,0.94198,0.99591,0.9899,0.99483,0.83805,0.31812,0.2816,0.10833,0.00151,0,0.0002939,0.0002939,0.0002939
519,8704.79,0.3652,0.40432,0.20217,0.00151,0.03877,0.99821,0.98316,0.99477,0.94248,0.99821,0.98316,0.99477,0.83456,0.32035,0.2802,0.11202,0.00152,0,0.0002906,0.0002906,0.0002906
520,8721.4,0.35379,0.39009,0.19675,0.00147,0.04966,0.9966,0.98548,0.99477,0.94363,0.9966,0.98548,0.99477,0.83706,0.31703,0.28066,0.11134,0.00149,0,0.0002873,0.0002873,0.0002873
521,8737.79,0.34768,0.3861,0.18956,0.00145,0.0616,0.98659,0.99112,0.99466,0.94191,0.98659,0.99112,0.99466,0.83933,0.31712,0.28113,0.11724,0.0015,0,0.000284,0.000284,0.000284
522,8754.17,0.35081,0.37924,0.19152,0.00149,0.04106,0.99766,0.9798,0.99477,0.94337,0.99766,0.9798,0.99477,0.8366,0.31761,0.28223,0.11012,0.0015,0,0.0002807,0.0002807,0.0002807
523,8771.05,0.35133,0.38664,0.1922,0.00145,0.05005,0.99658,0.98242,0.99477,0.94463,0.99658,0.98242,0.99477,0.83915,0.32058,0.28366,0.11315,0.00151,0,0.0002774,0.0002774,0.0002774
524,8787.53,0.35537,0.38568,0.19345,0.00149,0.0382,0.99662,0.99252,0.9949,0.94559,0.99662,0.99252,0.9949,0.84029,0.32003,0.28436,0.10508,0.00152,0,0.0002741,0.0002741,0.0002741
525,8803.94,0.34466,0.36811,0.18456,0.00149,0.04774,0.99457,0.99327,0.99493,0.94352,0.99457,0.99327,0.99493,0.83897,0.31952,0.28375,0.10648,0.00151,0,0.0002708,0.0002708,0.0002708
526,8820.51,0.35351,0.38309,0.19051,0.00143,0.04201,0.993,0.99663,0.9949,0.94101,0.993,0.99663,0.9949,0.83847,0.31985,0.28252,0.10718,0.00151,0,0.0002675,0.0002675,0.0002675
527,8836.93,0.3427,0.38234,0.18126,0.00143,0.04414,0.99663,0.99587,0.99497,0.94385,0.99663,0.99587,0.99497,0.83858,0.31922,0.28235,0.10194,0.00151,0,0.0002642,0.0002642,0.0002642
528,8853.34,0.34253,0.38226,0.1941,0.00145,0.0513,0.99912,0.9899,0.99487,0.94476,0.99912,0.9899,0.99487,0.83802,0.31624,0.2819,0.11009,0.0015,0,0.0002609,0.0002609,0.0002609
529,8870.12,0.33796,0.38532,0.18734,0.00144,0.04119,0.98999,0.99884,0.99493,0.94418,0.98999,0.99884,0.99493,0.83611,0.31646,0.2808,0.1035,0.0015,0,0.0002576,0.0002576,0.0002576
530,8886.55,0.34684,0.38718,0.19236,0.00146,0.0508,1,0.98902,0.99487,0.94345,1,0.98902,0.99487,0.83906,0.31616,0.28103,0.10745,0.00149,0,0.0002543,0.0002543,0.0002543
531,8903.39,0.3454,0.38506,0.18319,0.00144,0.03946,0.99612,0.99327,0.99493,0.94608,0.99612,0.99327,0.99493,0.83934,0.31287,0.28141,0.10384,0.00147,0,0.000251,0.000251,0.000251
532,8919.84,0.34252,0.38307,0.19266,0.00143,0.05749,0.99662,0.99215,0.99497,0.9436,0.99662,0.99215,0.99497,0.84004,0.31278,0.28208,0.10338,0.00148,0,0.0002477,0.0002477,0.0002477
533,8936.28,0.34708,0.38703,0.19641,0.00146,0.05045,0.99577,0.99327,0.99497,0.94132,0.99577,0.99327,0.99497,0.84056,0.31237,0.28088,0.10598,0.00147,0,0.0002444,0.0002444,0.0002444
534,8952.66,0.34533,0.37684,0.18098,0.00145,0.0413,0.98998,0.99834,0.99473,0.94451,0.98998,0.99834,0.99473,0.83972,0.31459,0.28051,0.11629,0.00149,0,0.0002411,0.0002411,0.0002411
535,8968.86,0.35077,0.38478,0.18474,0.00148,0.04118,0.98999,0.99918,0.99476,0.94203,0.98999,0.99918,0.99476,0.84032,0.31498,0.27981,0.1144,0.00149,0,0.0002378,0.0002378,0.0002378
536,8985.34,0.35332,0.39079,0.19236,0.00145,0.04161,0.99242,1,0.9949,0.94472,0.99242,1,0.9949,0.84045,0.31383,0.28058,0.10711,0.00148,0,0.0002345,0.0002345,0.0002345
537,9001.62,0.3411,0.38337,0.1853,0.00146,0.03978,0.99559,0.99663,0.99493,0.94407,0.99559,0.99663,0.99493,0.84312,0.31318,0.28066,0.10751,0.00148,0,0.0002312,0.0002312,0.0002312
538,9018.51,0.34274,0.38512,0.19304,0.00141,0.05455,0.99209,0.99663,0.9949,0.94065,0.99209,0.99663,0.9949,0.84204,0.31444,0.28105,0.10747,0.00149,0,0.0002279,0.0002279,0.0002279
539,9035.25,0.343,0.38307,0.18003,0.00145,0.03542,0.99326,0.99296,0.99493,0.94246,0.99326,0.99296,0.99493,0.84045,0.31902,0.28146,0.10957,0.00149,0,0.0002246,0.0002246,0.0002246
540,9051.92,0.34147,0.37983,0.18427,0.00144,0.04302,0.99327,0.99314,0.99483,0.94251,0.99327,0.99314,0.99483,0.84122,0.31736,0.28255,0.1134,0.00149,0,0.0002213,0.0002213,0.0002213
541,9068.52,0.3507,0.38756,0.192,0.00147,0.07361,0.99945,0.99327,0.995,0.94327,0.99945,0.99327,0.995,0.83955,0.31907,0.28163,0.10489,0.00149,0,0.000218,0.000218,0.000218
542,9084.8,0.34022,0.37783,0.18382,0.00141,0.04946,0.99585,0.99327,0.99493,0.94189,0.99585,0.99327,0.99493,0.84115,0.31811,0.28163,0.10628,0.0015,0,0.0002147,0.0002147,0.0002147
543,9101.25,0.34176,0.38157,0.19438,0.00143,0.05455,0.99327,0.99424,0.9949,0.94195,0.99327,0.99424,0.9949,0.83943,0.31772,0.28159,0.10683,0.0015,0,0.0002114,0.0002114,0.0002114
544,9118,0.34955,0.39733,0.19124,0.00142,0.05101,0.99279,0.9899,0.99483,0.94277,0.99279,0.9899,0.99483,0.83836,0.31789,0.28229,0.10803,0.00149,0,0.0002081,0.0002081,0.0002081
545,9134.76,0.34541,0.37859,0.19374,0.0014,0.04679,0.9919,0.99663,0.9948,0.94587,0.9919,0.99663,0.9948,0.83945,0.31804,0.28253,0.11049,0.0015,0,0.0002048,0.0002048,0.0002048
546,9151.25,0.34591,0.37905,0.19459,0.00147,0.059,1,0.9919,0.995,0.94614,1,0.9919,0.995,0.83769,0.31751,0.28209,0.1068,0.00149,0,0.0002015,0.0002015,0.0002015
547,9167.66,0.34887,0.38589,0.18896,0.00145,0.0482,0.99376,0.99663,0.99497,0.94555,0.99376,0.99663,0.99497,0.83765,0.31646,0.28148,0.1068,0.00149,0,0.0001982,0.0001982,0.0001982
548,9184.12,0.34708,0.38197,0.18768,0.00141,0.05001,1,0.99311,0.995,0.94377,1,0.99311,0.995,0.84264,0.31478,0.28178,0.1045,0.00149,0,0.0001949,0.0001949,0.0001949
549,9200.62,0.34317,0.38938,0.19799,0.0014,0.04925,0.99453,0.9899,0.9949,0.94812,0.99453,0.9899,0.9949,0.84069,0.31404,0.28097,0.10992,0.00148,0,0.0001916,0.0001916,0.0001916
550,9217.16,0.34227,0.37908,0.18416,0.00143,0.04282,0.99329,0.99623,0.99493,0.94506,0.99329,0.99623,0.99493,0.84108,0.31407,0.28055,0.10733,0.00148,0,0.0001883,0.0001883,0.0001883
551,9233.97,0.34518,0.38132,0.19051,0.00142,0.05224,0.99329,0.99627,0.99486,0.94513,0.99329,0.99627,0.99486,0.84335,0.31503,0.28075,0.11417,0.00149,0,0.000185,0.000185,0.000185
552,9250.75,0.34428,0.3891,0.18016,0.00143,0.03967,0.99204,0.98653,0.9948,0.94581,0.99204,0.98653,0.9948,0.84082,0.3178,0.28097,0.11522,0.0015,0,0.0001817,0.0001817,0.0001817
553,9267.39,0.34052,0.38823,0.18104,0.0014,0.037,0.98669,0.9987,0.99473,0.94372,0.98669,0.9987,0.99473,0.84054,0.31854,0.28131,0.11686,0.0015,0,0.0001784,0.0001784,0.0001784
554,9283.97,0.34399,0.38715,0.17629,0.00139,0.05678,0.99331,0.99955,0.99487,0.9462,0.99331,0.99955,0.99487,0.84275,0.31788,0.28109,0.10893,0.0015,0,0.0001751,0.0001751,0.0001751
555,9300.62,0.34288,0.38692,0.19144,0.00138,0.04969,0.98342,0.99833,0.9948,0.94663,0.98342,0.99833,0.9948,0.84196,0.31792,0.28115,0.11342,0.0015,0,0.0001718,0.0001718,0.0001718
556,9316.79,0.33712,0.36448,0.18416,0.00145,0.03403,0.99662,0.99361,0.99497,0.94637,0.99662,0.99361,0.99497,0.84184,0.31487,0.28135,0.10494,0.00149,0,0.0001685,0.0001685,0.0001685
557,9333.26,0.34047,0.39064,0.18527,0.0014,0.044,0.98984,0.99327,0.99483,0.94562,0.98984,0.99327,0.99483,0.83742,0.31672,0.28144,0.1113,0.00149,0,0.0001652,0.0001652,0.0001652
558,9349.59,0.33636,0.37931,0.18144,0.00141,0.03628,0.99292,0.99663,0.9949,0.94662,0.99292,0.99663,0.9949,0.84021,0.31535,0.28102,0.10844,0.0015,0,0.0001619,0.0001619,0.0001619
559,9365.89,0.34159,0.37552,0.18756,0.00145,0.04082,0.99327,0.99434,0.99493,0.94572,0.99327,0.99434,0.99493,0.84064,0.31374,0.28112,0.1047,0.00149,0,0.0001586,0.0001586,0.0001586
560,9382.19,0.34075,0.38269,0.18237,0.00142,0.04717,0.99571,0.99663,0.99497,0.94438,0.99571,0.99663,0.99497,0.83728,0.31305,0.28138,0.10196,0.00148,0,0.0001553,0.0001553,0.0001553
561,9398.57,0.3457,0.386,0.1876,0.00142,0.03642,0.99662,0.99278,0.99493,0.94551,0.99662,0.99278,0.99493,0.83641,0.31427,0.28226,0.10421,0.00148,0,0.000152,0.000152,0.000152
562,9415.27,0.33213,0.37371,0.18494,0.00142,0.05042,0.99637,0.99327,0.99497,0.94649,0.99637,0.99327,0.99497,0.8418,0.31348,0.28283,0.10163,0.00149,0,0.0001487,0.0001487,0.0001487
563,9431.72,0.3363,0.38203,0.186,0.00139,0.03305,0.98998,0.99819,0.99493,0.94528,0.98998,0.99819,0.99493,0.84027,0.314,0.28234,0.10278,0.00148,0,0.0001454,0.0001454,0.0001454
564,9448.28,0.33423,0.37598,0.17343,0.00138,0.04504,0.98995,0.99531,0.99493,0.94624,0.98995,0.99531,0.99493,0.8412,0.31602,0.28173,0.10689,0.0015,0,0.0001421,0.0001421,0.0001421
565,9465.01,0.33459,0.3766,0.18004,0.00137,0.05967,0.99331,0.99999,0.9949,0.94465,0.99331,0.99999,0.9949,0.84183,0.31461,0.28169,0.1088,0.00148,0,0.0001388,0.0001388,0.0001388
566,9481.55,0.34507,0.39549,0.18839,0.00141,0.0495,0.98991,0.99073,0.9949,0.94359,0.98991,0.99073,0.9949,0.8381,0.31395,0.28141,0.11107,0.00148,0,0.0001355,0.0001355,0.0001355
567,9497.82,0.337,0.38183,0.18508,0.00141,0.05935,0.98999,0.99911,0.99493,0.94611,0.98999,0.99911,0.99493,0.83839,0.31648,0.28179,0.10673,0.0015,0,0.0001322,0.0001322,0.0001322
568,9514.21,0.34264,0.38726,0.18615,0.0014,0.03817,0.99663,0.99626,0.99497,0.94478,0.99663,0.99626,0.99497,0.83947,0.31451,0.2819,0.10625,0.00149,0,0.0001289,0.0001289,0.0001289
569,9530.52,0.33498,0.3761,0.18102,0.00143,0.03886,0.98989,0.98905,0.9948,0.94374,0.98989,0.98905,0.9948,0.83976,0.31289,0.28133,0.11041,0.00148,0,0.0001256,0.0001256,0.0001256
570,9546.94,0.33624,0.38113,0.18319,0.00139,0.05186,0.99553,0.99327,0.99497,0.9455,0.99553,0.99327,0.99497,0.8409,0.31415,0.28129,0.1061,0.00148,0,0.0001223,0.0001223,0.0001223
571,9563.35,0.34087,0.38447,0.18465,0.00143,0.05125,0.99475,0.99327,0.99497,0.94476,0.99475,0.99327,0.99497,0.84271,0.31467,0.28107,0.10675,0.00148,0,0.000119,0.000119,0.000119
572,9579.77,0.33699,0.3697,0.18465,0.00143,0.05531,0.98928,0.99663,0.99487,0.94318,0.98928,0.99663,0.99487,0.84318,0.31447,0.28127,0.10892,0.00149,0,0.0001157,0.0001157,0.0001157
573,9596.09,0.33315,0.37972,0.18098,0.00138,0.05567,1,0.98275,0.9949,0.9422,1,0.98275,0.9949,0.84209,0.31266,0.28016,0.10814,0.00147,0,0.0001124,0.0001124,0.0001124
574,9612.65,0.33841,0.3742,0.18569,0.00142,0.03962,1,0.98504,0.99483,0.9439,1,0.98504,0.99483,0.84148,0.31227,0.27993,0.10831,0.00148,0,0.0001091,0.0001091,0.0001091
575,9629.03,0.33227,0.37685,0.18141,0.00137,0.03917,0.99322,0.98695,0.99483,0.94341,0.99322,0.98695,0.99483,0.84014,0.31219,0.28035,0.10776,0.00148,0,0.0001058,0.0001058,0.0001058
576,9645.45,0.33344,0.37272,0.18949,0.00142,0.04842,0.99398,0.9899,0.99493,0.94516,0.99398,0.9899,0.99493,0.83806,0.31521,0.28074,0.10579,0.00149,0,0.0001025,0.0001025,0.0001025
577,9661.92,0.34305,0.38685,0.19071,0.00137,0.07517,0.98999,0.99907,0.9949,0.94682,0.98999,0.99907,0.9949,0.83912,0.31532,0.28051,0.10645,0.00149,0,9.92e-05,9.92e-05,9.92e-05
578,9678.32,0.34431,0.38822,0.19026,0.00143,0.05067,0.99216,0.9899,0.9948,0.94693,0.99216,0.9899,0.9948,0.83875,0.31485,0.2807,0.10927,0.00149,0,9.59e-05,9.59e-05,9.59e-05
579,9694.83,0.33279,0.37973,0.17671,0.0014,0.04299,0.99323,0.98844,0.9947,0.94925,0.99323,0.98844,0.9947,0.83764,0.31608,0.28104,0.11024,0.00149,0,9.26e-05,9.26e-05,9.26e-05
580,9711.83,0.33966,0.39069,0.18459,0.00137,0.03773,0.99838,0.98653,0.9949,0.94794,0.99838,0.98653,0.9949,0.841,0.3156,0.28086,0.10593,0.00149,0,8.93e-05,8.93e-05,8.93e-05
581,9728.19,0.33592,0.37615,0.18347,0.00143,0.05474,0.9933,0.99816,0.99497,0.94797,0.9933,0.99816,0.99497,0.84026,0.31457,0.28096,0.10275,0.00149,0,8.6e-05,8.6e-05,8.6e-05
582,9744.54,0.33755,0.3847,0.18387,0.00136,0.04377,1,0.98418,0.99487,0.94754,1,0.98418,0.99487,0.83979,0.31448,0.2806,0.10746,0.00148,0,8.27e-05,8.27e-05,8.27e-05
583,9761.37,0.3351,0.39339,0.17735,0.00134,0.04419,0.99323,0.98838,0.99487,0.9444,0.99323,0.98838,0.99487,0.84144,0.31604,0.28032,0.10922,0.00149,0,7.94e-05,7.94e-05,7.94e-05
584,9778.01,0.33309,0.37446,0.18132,0.00137,0.06195,1,0.98927,0.99493,0.94654,1,0.98927,0.99493,0.83854,0.31811,0.28052,0.10437,0.00149,0,7.61e-05,7.61e-05,7.61e-05
585,9794.69,0.34049,0.38229,0.1851,0.00141,0.04257,1,0.97918,0.9948,0.94553,1,0.97918,0.9948,0.8405,0.31614,0.2808,0.10951,0.00149,0,7.28e-05,7.28e-05,7.28e-05
586,9811.13,0.33106,0.37123,0.17994,0.00138,0.05014,0.99327,0.99459,0.9949,0.94549,0.99327,0.99459,0.9949,0.84074,0.31535,0.28126,0.10927,0.00148,0,6.95e-05,6.95e-05,6.95e-05
587,9827.68,0.33292,0.37546,0.17282,0.00138,0.03221,0.99519,0.9899,0.99487,0.94441,0.99519,0.9899,0.99487,0.84165,0.31464,0.28126,0.10886,0.00148,0,6.62e-05,6.62e-05,6.62e-05
588,9844.28,0.33975,0.38089,0.18581,0.00134,0.04704,0.99525,0.99327,0.99497,0.94453,0.99525,0.99327,0.99497,0.84139,0.3143,0.28115,0.10745,0.00148,0,6.29e-05,6.29e-05,6.29e-05
589,9860.93,0.33237,0.37655,0.17494,0.00134,0.0456,0.99632,0.98653,0.99483,0.94225,0.99632,0.98653,0.99483,0.84046,0.3156,0.28136,0.11291,0.00148,0,5.96e-05,5.96e-05,5.96e-05
590,9877.38,0.33583,0.37866,0.18174,0.00139,0.04554,0.99592,0.9899,0.99483,0.94427,0.99592,0.9899,0.99483,0.8408,0.31449,0.28123,0.10909,0.00148,0,5.63e-05,5.63e-05,5.63e-05
591,9893.6,0.28371,0.2932,0.1335,0.0015,0.04323,0.99815,0.9798,0.99473,0.9416,0.99815,0.9798,0.99473,0.84164,0.31628,0.2811,0.11427,0.00149,0,5.3e-05,5.3e-05,5.3e-05
592,9908.41,0.2802,0.29144,0.12839,0.0015,0.04098,0.99613,0.98653,0.99483,0.94301,0.99613,0.98653,0.99483,0.84169,0.31667,0.28071,0.10876,0.0015,0,4.97e-05,4.97e-05,4.97e-05
593,9923.3,0.28101,0.29204,0.12963,0.00146,0.04097,0.98955,0.99663,0.9949,0.94345,0.98955,0.99663,0.9949,0.84096,0.31702,0.28046,0.10962,0.0015,0,4.64e-05,4.64e-05,4.64e-05
594,9938.15,0.28281,0.29364,0.13985,0.00144,0.04217,0.98992,0.99231,0.99483,0.94447,0.98992,0.99231,0.99483,0.83848,0.31681,0.28037,0.11376,0.0015,0,4.31e-05,4.31e-05,4.31e-05
595,9953.06,0.27831,0.28907,0.13554,0.0015,0.04236,0.99326,0.99217,0.9948,0.94358,0.99326,0.99217,0.9948,0.83629,0.31933,0.28026,0.1182,0.0015,0,3.98e-05,3.98e-05,3.98e-05
596,9968,0.28011,0.29084,0.13086,0.0015,0.0436,0.99279,0.98653,0.99476,0.94305,0.99279,0.98653,0.99476,0.83411,0.31806,0.28021,0.11473,0.0015,0,3.65e-05,3.65e-05,3.65e-05
597,9982.97,0.28015,0.29095,0.12936,0.00145,0.04081,0.98252,1,0.99483,0.9449,0.98252,1,0.99483,0.83705,0.32043,0.28012,0.11463,0.0015,0,3.32e-05,3.32e-05,3.32e-05
598,9997.97,0.27769,0.28849,0.13296,0.00145,0.04336,0.98671,0.99956,0.99476,0.94514,0.98671,0.99956,0.99476,0.83755,0.3194,0.27997,0.11519,0.00151,0,2.99e-05,2.99e-05,2.99e-05
599,10013,0.27593,0.29147,0.12869,0.00148,0.04233,0.99328,0.99518,0.99483,0.94331,0.99328,0.99518,0.99483,0.83943,0.3198,0.28013,0.11363,0.00151,0,2.66e-05,2.66e-05,2.66e-05
600,10028,0.27502,0.28935,0.13106,0.00146,0.04242,0.98983,0.99663,0.9948,0.94506,0.98983,0.99663,0.9948,0.83911,0.31798,0.28025,0.11404,0.0015,0,2.33e-05,2.33e-05,2.33e-05
