epoch,time,train/box_loss,train/seg_loss,train/cls_loss,train/l1_loss,train/sem_loss,metrics/precision(B),metrics/recall(B),metrics/mAP50(B),metrics/mAP50-95(B),metrics/precision(M),metrics/recall(M),metrics/mAP50(M),metrics/mAP50-95(M),val/box_loss,val/seg_loss,val/cls_loss,val/l1_loss,val/sem_loss,lr/pg0,lr/pg1,lr/pg2,lr/pg3,lr/pg4,lr/pg5,lr/pg6,lr/pg7
1,23.6137,2.06045,4.54134,3.70049,0.01305,3.9853,0.0075,0.21212,0.04472,0.01083,0.00488,0.13805,0.03374,0.01801,1.18017,3.35492,3.68041,0.00693,0,0.0095,0.00316667,0.0095,0.00316667,0.0095,0.00316667,0.0095,0.00316667
2,30.3504,1.28207,3.19934,2.58859,0.00663,0.24403,0.01321,0.37374,0.20545,0.12459,0.00452,0.12795,0.10293,0.07115,1.2496,2.4277,3.47448,0.00757,0,0.0194839,0.00649464,0.0194839,0.00649464,0.0194839,0.00649464,0.0194839,0.00649464
3,36.5001,1.29202,2.93287,1.91569,0.00691,0.1946,0.03,0.84848,0.57383,0.35025,0.00821,0.23232,0.08278,0.05345,1.26541,2.64947,2.8347,0.00807,0,0.0294513,0.00981711,0.0294513,0.00981711,0.0294513,0.00981711,0.0294513,0.00981711
4,42.756,1.29652,2.79341,1.55375,0.00658,0.19832,0.67817,0.65993,0.72284,0.43266,0.09472,0.15825,0.03067,0.01054,1.25145,2.46098,2.04052,0.00772,0,0.0299258,0.00997525,0.0299258,0.00997525,0.0299258,0.00997525,0.0299258,0.00997525
5,48.7232,1.25982,2.73719,1.39724,0.00624,0.1548,0.66076,0.64983,0.70875,0.43881,0.22892,0.38047,0.135,0.03567,1.25085,2.5958,1.91479,0.00775,0,0.029901,0.009967,0.029901,0.009967,0.029901,0.009967,0.029901,0.009967
6,54.6335,1.21593,2.56692,1.27133,0.00582,0.13945,0.66315,0.72727,0.74444,0.4747,0.25532,0.3569,0.13417,0.03501,1.18394,2.11921,1.87342,0.00711,0,0.0298763,0.00995875,0.0298763,0.00995875,0.0298763,0.00995875,0.0298763,0.00995875
7,61.0026,1.18087,2.42658,1.182,0.00607,0.09737,0.68867,0.73737,0.75849,0.49856,0.28043,0.36027,0.14109,0.05176,1.14398,2.17836,1.76056,0.00676,0,0.0298515,0.0099505,0.0298515,0.0099505,0.0298515,0.0099505,0.0298515,0.0099505
8,67.2026,1.16784,2.33105,1.12547,0.00575,0.09185,0.64739,0.65657,0.69521,0.44841,0.35995,0.45444,0.2389,0.08189,1.26247,2.15594,1.64652,0.00764,0,0.0298267,0.00994225,0.0298267,0.00994225,0.0298267,0.00994225,0.0298267,0.00994225
9,73.3241,1.16263,2.22321,1.06242,0.00566,0.14157,0.75942,0.65993,0.75721,0.53036,0.33061,0.44068,0.24024,0.08736,1.14322,1.89353,1.20974,0.00652,0,0.029802,0.009934,0.029802,0.009934,0.029802,0.009934,0.029802,0.009934
10,79.4043,1.14602,2.18371,1.10041,0.00572,0.11384,0.67671,0.80135,0.78489,0.55608,0.30693,0.43098,0.21579,0.09755,1.09569,2.34887,1.00429,0.00621,0,0.0297773,0.00992575,0.0297773,0.00992575,0.0297773,0.00992575,0.0297773,0.00992575
11,85.6764,1.09966,2.19382,1.00667,0.00535,0.07879,0.82825,0.74747,0.83636,0.55299,0.44531,0.56902,0.38629,0.15638,1.20628,1.76862,1.00189,0.0082,0,0.0297525,0.0099175,0.0297525,0.0099175,0.0297525,0.0099175,0.0297525,0.0099175
12,91.7792,1.12242,2.1473,0.97991,0.00564,0.1012,0.77951,0.70231,0.82458,0.5927,0.45018,0.57239,0.37716,0.14837,1.00822,1.65504,1.06577,0.00577,0,0.0297278,0.00990925,0.0297278,0.00990925,0.0297278,0.00990925,0.0297278,0.00990925
13,97.9327,1.10265,2.04541,0.97756,0.00527,0.07107,0.79006,0.73064,0.81935,0.59853,0.3965,0.46128,0.33896,0.15751,1.00198,1.70005,0.99327,0.0059,0,0.029703,0.009901,0.029703,0.009901,0.029703,0.009901,0.029703,0.009901
14,103.983,1.06805,2.04018,0.94512,0.005,0.08692,0.78315,0.75421,0.84049,0.6075,0.5863,0.65657,0.57479,0.24701,1.07644,1.58871,0.89803,0.00644,0,0.0296782,0.00989275,0.0296782,0.00989275,0.0296782,0.00989275,0.0296782,0.00989275
15,109.777,1.09636,1.97027,0.94262,0.00552,0.06718,0.72624,0.76094,0.8255,0.59604,0.49818,0.605,0.50882,0.23063,1.05022,1.60883,0.92177,0.00563,0,0.0296535,0.0098845,0.0296535,0.0098845,0.0296535,0.0098845,0.0296535,0.0098845
16,115.731,1.05966,1.94284,0.90194,0.00495,0.05648,0.7391,0.74747,0.81059,0.59526,0.4691,0.64983,0.48285,0.20423,1.03002,1.63788,0.88455,0.00609,0,0.0296288,0.00987625,0.0296288,0.00987625,0.0296288,0.00987625,0.0296288,0.00987625
17,121.68,1.06929,1.90804,0.91598,0.00528,0.09709,0.79176,0.80808,0.8777,0.64196,0.50726,0.60311,0.50138,0.21998,1.0322,1.53022,0.81458,0.0061,0,0.029604,0.009868,0.029604,0.009868,0.029604,0.009868,0.029604,0.009868
18,128.079,1.03826,1.8573,0.88722,0.00491,0.07585,0.82552,0.75084,0.82676,0.60611,0.54346,0.66933,0.53358,0.23189,1.00342,1.54991,0.86088,0.00551,0,0.0295793,0.00985975,0.0295793,0.00985975,0.0295793,0.00985975,0.0295793,0.00985975
19,134.173,1.05093,1.82061,0.89117,0.00516,0.06873,0.76731,0.81053,0.85097,0.65326,0.57245,0.6936,0.58293,0.26526,0.88427,1.33487,0.82149,0.00481,0,0.0295545,0.0098515,0.0295545,0.0098515,0.0295545,0.0098515,0.0295545,0.0098515
20,140.319,1.03495,1.79919,0.88903,0.00482,0.08203,0.73007,0.81145,0.83864,0.63544,0.55279,0.60269,0.54242,0.25638,0.95406,1.42704,0.82213,0.00537,0,0.0295298,0.00984325,0.0295298,0.00984325,0.0295298,0.00984325,0.0295298,0.00984325
21,146.498,1.03743,1.78115,0.85886,0.00503,0.06527,0.77431,0.75758,0.82079,0.59816,0.55233,0.6835,0.58303,0.26736,1.03647,1.43316,0.91919,0.00588,0,0.029505,0.009835,0.029505,0.009835,0.029505,0.009835,0.029505,0.009835
22,152.615,1.01904,1.75665,0.85164,0.00485,0.07295,0.78017,0.78788,0.858,0.62881,0.60772,0.72391,0.67297,0.30683,1.00123,1.37042,0.83105,0.00582,0,0.0294802,0.00982675,0.0294802,0.00982675,0.0294802,0.00982675,0.0294802,0.00982675
23,158.778,1.04008,1.78725,0.84865,0.00495,0.06795,0.81397,0.82828,0.89294,0.66095,0.59192,0.74074,0.64265,0.30065,0.97836,1.39068,0.77353,0.00573,0,0.0294555,0.0098185,0.0294555,0.0098185,0.0294555,0.0098185,0.0294555,0.0098185
24,164.928,1.0213,1.71811,0.83522,0.00488,0.07124,0.79713,0.80705,0.87413,0.64506,0.64184,0.58923,0.62056,0.29428,0.96948,1.45895,0.84058,0.0055,0,0.0294307,0.00981025,0.0294307,0.00981025,0.0294307,0.00981025,0.0294307,0.00981025
25,171.021,1.02268,1.6978,0.82391,0.00469,0.05995,0.78462,0.82181,0.86234,0.66495,0.64127,0.68687,0.62863,0.29711,0.92296,1.32762,0.73964,0.00516,0,0.029406,0.009802,0.029406,0.009802,0.029406,0.009802,0.029406,0.009802
26,177.217,0.98779,1.66701,0.83463,0.00461,0.07944,0.76258,0.81481,0.87402,0.66099,0.68353,0.71268,0.73277,0.35431,0.94679,1.2677,0.75145,0.0053,0,0.0293812,0.00979375,0.0293812,0.00979375,0.0293812,0.00979375,0.0293812,0.00979375
27,183.271,1.02102,1.63332,0.82312,0.00491,0.05193,0.78564,0.76431,0.85446,0.65079,0.64328,0.78788,0.72668,0.35593,0.93952,1.2367,0.78116,0.00523,0,0.0293565,0.0097855,0.0293565,0.0097855,0.0293565,0.0097855,0.0293565,0.0097855
28,189.216,0.99733,1.62946,0.81412,0.00476,0.07214,0.79801,0.74747,0.85588,0.65174,0.59004,0.74145,0.67159,0.34563,0.92862,1.21659,0.78394,0.00509,0,0.0293318,0.00977725,0.0293318,0.00977725,0.0293318,0.00977725,0.0293318,0.00977725
29,195.28,0.99446,1.59631,0.8156,0.00471,0.04669,0.81188,0.79798,0.86421,0.68107,0.6377,0.72391,0.66074,0.33636,0.84055,1.19402,0.73978,0.00456,0,0.029307,0.009769,0.029307,0.009769,0.029307,0.009769,0.029307,0.009769
30,201.423,0.99962,1.59585,0.80148,0.00487,0.04901,0.801,0.82492,0.87616,0.67564,0.59097,0.74431,0.69128,0.35032,0.88851,1.25693,0.71856,0.00473,0,0.0292822,0.00976075,0.0292822,0.00976075,0.0292822,0.00976075,0.0292822,0.00976075
31,207.715,0.98235,1.61943,0.80209,0.00448,0.07,0.82762,0.82445,0.89433,0.69113,0.64244,0.77104,0.71457,0.36128,0.90682,1.14614,0.6854,0.00516,0,0.0292575,0.0097525,0.0292575,0.0097525,0.0292575,0.0097525,0.0292575,0.0097525
32,213.916,1.00184,1.6095,0.78143,0.00455,0.06417,0.82709,0.81145,0.87242,0.67914,0.69438,0.74206,0.74774,0.35302,0.87204,1.16736,0.71249,0.00475,0,0.0292327,0.00974425,0.0292327,0.00974425,0.0292327,0.00974425,0.0292327,0.00974425
33,219.923,0.97266,1.60311,0.79783,0.00449,0.06799,0.82438,0.80609,0.8977,0.71111,0.72412,0.69697,0.73482,0.36354,0.79289,1.14739,0.6784,0.00422,0,0.029208,0.009736,0.029208,0.009736,0.029208,0.009736,0.029208,0.009736
34,226.135,0.97247,1.58657,0.7808,0.00439,0.06722,0.81909,0.81818,0.90607,0.69956,0.64469,0.76768,0.71252,0.35341,0.86827,1.21979,0.72889,0.00498,0,0.0291833,0.00972775,0.0291833,0.00972775,0.0291833,0.00972775,0.0291833,0.00972775
35,232,0.95156,1.57717,0.79616,0.0045,0.05792,0.79009,0.89562,0.89299,0.67809,0.695,0.79026,0.77122,0.39157,0.94736,1.13437,0.68325,0.00523,0,0.0291585,0.0097195,0.0291585,0.0097195,0.0291585,0.0097195,0.0291585,0.0097195
36,238.014,0.96352,1.49458,0.77905,0.00465,0.06101,0.7909,0.86532,0.87809,0.69145,0.67886,0.81851,0.76974,0.40199,0.85061,1.10027,0.64724,0.00442,0,0.0291337,0.00971125,0.0291337,0.00971125,0.0291337,0.00971125,0.0291337,0.00971125
37,244.173,0.96349,1.48282,0.77233,0.00463,0.07134,0.76005,0.86869,0.87479,0.68584,0.64261,0.74747,0.7084,0.36237,0.85693,1.15914,0.73039,0.00494,0,0.029109,0.009703,0.029109,0.009703,0.029109,0.009703,0.029109,0.009703
38,250.275,0.9491,1.50906,0.77315,0.00438,0.07681,0.81684,0.81818,0.88011,0.68993,0.72804,0.81123,0.80838,0.40417,0.84089,1.11222,0.71384,0.0046,0,0.0290842,0.00969475,0.0290842,0.00969475,0.0290842,0.00969475,0.0290842,0.00969475
39,256.517,0.95791,1.46665,0.76043,0.00445,0.06086,0.81519,0.83168,0.89587,0.70728,0.70781,0.78114,0.7822,0.41355,0.84586,1.08684,0.64797,0.00471,0,0.0290595,0.0096865,0.0290595,0.0096865,0.0290595,0.0096865,0.0290595,0.0096865
40,262.612,0.94656,1.46802,0.75283,0.00445,0.06132,0.82837,0.79631,0.89297,0.70591,0.66889,0.7958,0.79122,0.41961,0.82584,1.06053,0.66516,0.00447,0,0.0290348,0.00967825,0.0290348,0.00967825,0.0290348,0.00967825,0.0290348,0.00967825
41,268.815,0.94398,1.47069,0.76731,0.00446,0.05246,0.80739,0.81481,0.89029,0.69309,0.72286,0.81674,0.80929,0.40137,0.87149,1.12927,0.65362,0.00504,0,0.02901,0.00967,0.02901,0.00967,0.02901,0.00967,0.02901,0.00967
42,274.774,0.95361,1.52501,0.76574,0.00446,0.08015,0.76121,0.85859,0.88816,0.7102,0.68939,0.75084,0.75325,0.4077,0.78405,1.05711,0.6407,0.00409,0,0.0289853,0.00966175,0.0289853,0.00966175,0.0289853,0.00966175,0.0289853,0.00966175
43,280.817,0.93576,1.46689,0.75892,0.00429,0.06741,0.77731,0.86195,0.88728,0.70923,0.70055,0.81132,0.79144,0.41406,0.78191,1.03351,0.63691,0.00414,0,0.0289605,0.0096535,0.0289605,0.0096535,0.0289605,0.0096535,0.0289605,0.0096535
44,286.816,0.94361,1.46985,0.76357,0.00435,0.09202,0.81074,0.82213,0.89225,0.70199,0.74059,0.76431,0.79481,0.42696,0.85402,1.09886,0.64208,0.00478,0,0.0289357,0.00964525,0.0289357,0.00964525,0.0289357,0.00964525,0.0289357,0.00964525
45,293.279,0.94741,1.49636,0.77464,0.00424,0.06049,0.78731,0.82261,0.87428,0.68044,0.69036,0.75421,0.77078,0.38414,0.90583,1.08936,0.65624,0.00527,0,0.028911,0.009637,0.028911,0.009637,0.028911,0.009637,0.028911,0.009637
46,299.174,0.93977,1.46646,0.75745,0.00432,0.08522,0.8007,0.87879,0.89464,0.71196,0.72581,0.82492,0.81177,0.43512,0.81204,1.07881,0.62872,0.00439,0,0.0288862,0.00962875,0.0288862,0.00962875,0.0288862,0.00962875,0.0288862,0.00962875
47,305.173,0.934,1.43312,0.73595,0.00449,0.04491,0.78465,0.84175,0.89827,0.72531,0.74367,0.79798,0.83495,0.45122,0.77851,0.95818,0.61222,0.00415,0,0.0288615,0.0096205,0.0288615,0.0096205,0.0288615,0.0096205,0.0288615,0.0096205
48,311.92,0.93372,1.4283,0.75362,0.00428,0.04972,0.77021,0.89154,0.9051,0.72364,0.70538,0.85522,0.83365,0.45675,0.79723,0.98008,0.60319,0.0042,0,0.0288367,0.00961225,0.0288367,0.00961225,0.0288367,0.00961225,0.0288367,0.00961225
49,317.986,0.93112,1.4221,0.73377,0.00433,0.0671,0.79442,0.86532,0.8948,0.70801,0.74612,0.83502,0.83419,0.43544,0.8501,0.99325,0.61114,0.00469,0,0.028812,0.009604,0.028812,0.009604,0.028812,0.009604,0.028812,0.009604
50,324.016,0.90972,1.39125,0.73176,0.0042,0.07407,0.80498,0.88946,0.90919,0.73747,0.75305,0.84512,0.84191,0.45877,0.77576,0.93597,0.61283,0.00409,0,0.0287873,0.00959575,0.0287873,0.00959575,0.0287873,0.00959575,0.0287873,0.00959575
51,330.317,0.91475,1.40067,0.72365,0.00428,0.0704,0.80844,0.86532,0.89505,0.72947,0.74228,0.82429,0.83412,0.45255,0.74469,0.95742,0.61497,0.00395,0,0.0287625,0.0095875,0.0287625,0.0095875,0.0287625,0.0095875,0.0287625,0.0095875
52,336.572,0.92509,1.39552,0.72477,0.00415,0.05805,0.79485,0.86102,0.89088,0.69467,0.73156,0.84175,0.81452,0.45521,0.83349,1.01409,0.63639,0.00477,0,0.0287377,0.00957925,0.0287377,0.00957925,0.0287377,0.00957925,0.0287377,0.00957925
53,342.517,0.922,1.36326,0.7375,0.00436,0.05529,0.78653,0.85522,0.90029,0.70779,0.72463,0.83288,0.84289,0.46557,0.80369,0.96086,0.6439,0.00447,0,0.028713,0.009571,0.028713,0.009571,0.028713,0.009571,0.028713,0.009571
54,348.616,0.93656,1.38425,0.73384,0.00416,0.06416,0.82324,0.87814,0.92827,0.72763,0.74286,0.86532,0.85976,0.46835,0.78947,0.94556,0.61443,0.00442,0,0.0286882,0.00956275,0.0286882,0.00956275,0.0286882,0.00956275,0.0286882,0.00956275
55,354.727,0.91105,1.36436,0.71801,0.00416,0.0515,0.83185,0.84512,0.91461,0.73645,0.79225,0.81481,0.88284,0.49291,0.75745,0.89624,0.59092,0.00392,0,0.0286635,0.0095545,0.0286635,0.0095545,0.0286635,0.0095545,0.0286635,0.0095545
56,360.779,0.91273,1.3596,0.70729,0.00411,0.04527,0.86244,0.81818,0.91245,0.74915,0.78125,0.78451,0.84638,0.47576,0.72926,0.87833,0.57091,0.00383,0,0.0286388,0.00954625,0.0286388,0.00954625,0.0286388,0.00954625,0.0286388,0.00954625
57,366.774,0.89356,1.31118,0.70737,0.0041,0.07866,0.82616,0.86869,0.91477,0.72661,0.72565,0.81481,0.80726,0.44088,0.83765,0.94756,0.5563,0.00448,0,0.028614,0.009538,0.028614,0.009538,0.028614,0.009538,0.028614,0.009538
58,372.934,0.90362,1.34701,0.70114,0.00411,0.04659,0.799,0.84322,0.89966,0.7162,0.7618,0.82828,0.83573,0.45518,0.82975,1.13078,0.60632,0.0044,0,0.0285893,0.00952975,0.0285893,0.00952975,0.0285893,0.00952975,0.0285893,0.00952975
59,379.172,0.89697,1.30648,0.70217,0.0041,0.04775,0.84832,0.86625,0.92707,0.75055,0.80172,0.82492,0.88629,0.51363,0.78002,0.8982,0.5691,0.00423,0,0.0285645,0.0095215,0.0285645,0.0095215,0.0285645,0.0095215,0.0285645,0.0095215
60,385.318,0.89445,1.31022,0.70017,0.00411,0.04867,0.83722,0.84853,0.9198,0.748,0.79526,0.82492,0.88481,0.48519,0.77558,0.95784,0.57268,0.00415,0,0.0285397,0.00951325,0.0285397,0.00951325,0.0285397,0.00951325,0.0285397,0.00951325
61,391.311,0.88154,1.34013,0.69144,0.00397,0.05526,0.79806,0.86195,0.91907,0.75623,0.72388,0.85623,0.87136,0.49173,0.71768,0.85408,0.58061,0.00375,0,0.028515,0.009505,0.028515,0.009505,0.028515,0.009505,0.028515,0.009505
62,397.344,0.88438,1.30143,0.70104,0.00408,0.05632,0.77054,0.85859,0.89957,0.73504,0.75425,0.84175,0.86661,0.50143,0.69916,0.83816,0.6395,0.00381,0,0.0284903,0.00949675,0.0284903,0.00949675,0.0284903,0.00949675,0.0284903,0.00949675
63,403.338,0.87813,1.31643,0.69446,0.00394,0.05616,0.84221,0.85522,0.91588,0.74373,0.79938,0.81837,0.87338,0.50211,0.76555,0.91916,0.57936,0.00422,0,0.0284655,0.0094885,0.0284655,0.0094885,0.0284655,0.0094885,0.0284655,0.0094885
64,409.389,0.89114,1.34052,0.70119,0.00408,0.0632,0.81301,0.85522,0.90629,0.74253,0.78611,0.86195,0.87901,0.49292,0.73891,0.86461,0.57536,0.00382,0,0.0284408,0.00948025,0.0284408,0.00948025,0.0284408,0.00948025,0.0284408,0.00948025
65,415.546,0.88718,1.30444,0.68674,0.00404,0.04862,0.84431,0.81818,0.91762,0.74155,0.75074,0.87542,0.8802,0.50542,0.76272,0.92048,0.61209,0.0041,0,0.028416,0.009472,0.028416,0.009472,0.028416,0.009472,0.028416,0.009472
66,421.53,0.89533,1.31756,0.69435,0.00408,0.04106,0.8078,0.87738,0.92236,0.74058,0.79459,0.88215,0.90845,0.52062,0.75161,0.85928,0.58021,0.00418,0,0.0283912,0.00946375,0.0283912,0.00946375,0.0283912,0.00946375,0.0283912,0.00946375
67,427.682,0.89741,1.31187,0.70734,0.00402,0.04494,0.80483,0.86084,0.91135,0.74452,0.75013,0.84175,0.85004,0.48509,0.74756,0.84033,0.5914,0.00403,0,0.0283665,0.0094555,0.0283665,0.0094555,0.0283665,0.0094555,0.0283665,0.0094555
68,433.642,0.88529,1.27417,0.69965,0.00404,0.04274,0.80339,0.85304,0.9045,0.72208,0.78666,0.85664,0.88135,0.50226,0.77385,0.86655,0.60361,0.00427,0,0.0283417,0.00944725,0.0283417,0.00944725,0.0283417,0.00944725,0.0283417,0.00944725
69,439.587,0.8636,1.30397,0.70675,0.004,0.04787,0.86586,0.84848,0.91644,0.73766,0.82119,0.80471,0.86036,0.50256,0.79077,0.87322,0.56043,0.00441,0,0.028317,0.009439,0.028317,0.009439,0.028317,0.009439,0.028317,0.009439
70,445.634,0.88104,1.30431,0.68573,0.00404,0.04634,0.85153,0.85522,0.92615,0.75035,0.7961,0.83165,0.88636,0.50684,0.76298,0.99642,0.54385,0.004,0,0.0282922,0.00943075,0.0282922,0.00943075,0.0282922,0.00943075,0.0282922,0.00943075
71,451.877,0.88219,1.26332,0.69543,0.0039,0.06395,0.8314,0.81818,0.90387,0.74148,0.77142,0.78404,0.86362,0.48476,0.73398,0.89669,0.63365,0.00376,0,0.0282675,0.0094225,0.0282675,0.0094225,0.0282675,0.0094225,0.0282675,0.0094225
72,457.84,0.87592,1.2443,0.68409,0.00391,0.05807,0.85912,0.82134,0.91359,0.73971,0.80434,0.85818,0.89336,0.50169,0.75037,0.92979,0.58686,0.00392,0,0.0282427,0.00941425,0.0282427,0.00941425,0.0282427,0.00941425,0.0282427,0.00941425
73,463.939,0.87194,1.26961,0.69397,0.004,0.07162,0.76856,0.86869,0.89036,0.73941,0.78511,0.81481,0.86474,0.51992,0.70774,0.8758,0.61416,0.00371,0,0.028218,0.009406,0.028218,0.009406,0.028218,0.009406,0.028218,0.009406
74,469.938,0.88067,1.29489,0.68377,0.00385,0.0588,0.80886,0.86532,0.91378,0.74459,0.77378,0.82922,0.87153,0.51262,0.76434,0.83225,0.55418,0.00403,0,0.0281932,0.00939775,0.0281932,0.00939775,0.0281932,0.00939775,0.0281932,0.00939775
75,476.137,0.8543,1.26827,0.68562,0.00384,0.05508,0.84802,0.83838,0.91874,0.75311,0.76604,0.83165,0.86174,0.51739,0.73987,0.86784,0.55168,0.00386,0,0.0281685,0.0093895,0.0281685,0.0093895,0.0281685,0.0093895,0.0281685,0.0093895
76,482.234,0.86333,1.2607,0.68278,0.00381,0.05118,0.85452,0.85859,0.92981,0.76426,0.81543,0.81818,0.88216,0.5248,0.71327,0.8045,0.53624,0.00381,0,0.0281437,0.00938125,0.0281437,0.00938125,0.0281437,0.00938125,0.0281437,0.00938125
77,488.337,0.86038,1.25791,0.6743,0.004,0.06816,0.83073,0.87577,0.92091,0.7526,0.80284,0.86195,0.88303,0.53107,0.74757,0.83799,0.55963,0.00407,0,0.028119,0.009373,0.028119,0.009373,0.028119,0.009373,0.028119,0.009373
78,494.577,0.87262,1.30402,0.6835,0.00384,0.05176,0.8216,0.86532,0.9303,0.77511,0.82043,0.84608,0.90824,0.53485,0.72025,0.82969,0.56429,0.00375,0,0.0280942,0.00936475,0.0280942,0.00936475,0.0280942,0.00936475,0.0280942,0.00936475
79,500.544,0.86414,1.25566,0.68283,0.00403,0.06983,0.84399,0.84512,0.91514,0.76701,0.79455,0.90572,0.90795,0.54737,0.72476,0.82894,0.53991,0.00378,0,0.0280695,0.0093565,0.0280695,0.0093565,0.0280695,0.0093565,0.0280695,0.0093565
80,506.538,0.86317,1.21033,0.67302,0.00392,0.07441,0.84502,0.83502,0.92712,0.76474,0.77772,0.86001,0.89088,0.52955,0.71942,0.80703,0.535,0.00369,0,0.0280448,0.00934825,0.0280448,0.00934825,0.0280448,0.00934825,0.0280448,0.00934825
81,512.661,0.864,1.24232,0.65826,0.0038,0.06112,0.8387,0.84848,0.93003,0.75708,0.75117,0.92497,0.9035,0.54025,0.72526,0.81961,0.53932,0.00386,0,0.02802,0.00934,0.02802,0.00934,0.02802,0.00934,0.02802,0.00934
82,518.881,0.85782,1.21031,0.66173,0.00394,0.05695,0.87398,0.88734,0.93261,0.77711,0.81461,0.82155,0.89317,0.5528,0.70157,0.84583,0.54671,0.0037,0,0.0279952,0.00933175,0.0279952,0.00933175,0.0279952,0.00933175,0.0279952,0.00933175
83,525.226,0.85355,1.20654,0.65922,0.00395,0.07,0.84738,0.86869,0.93511,0.77581,0.76936,0.86485,0.88718,0.52062,0.72046,0.81405,0.51121,0.00387,0,0.0279705,0.0093235,0.0279705,0.0093235,0.0279705,0.0093235,0.0279705,0.0093235
84,531.223,0.86589,1.2725,0.66392,0.00374,0.06838,0.86364,0.83166,0.92743,0.76486,0.73694,0.88666,0.8841,0.53398,0.70979,0.76668,0.5478,0.00394,0,0.0279457,0.00931525,0.0279457,0.00931525,0.0279457,0.00931525,0.0279457,0.00931525
85,537.184,0.83162,1.25718,0.68259,0.00369,0.0767,0.82175,0.88215,0.92847,0.77588,0.78808,0.86396,0.90252,0.55348,0.70749,0.83251,0.54406,0.00377,0,0.027921,0.009307,0.027921,0.009307,0.027921,0.009307,0.027921,0.009307
86,543.319,0.83733,1.18522,0.6604,0.00375,0.05802,0.84562,0.82991,0.92924,0.76943,0.77966,0.84848,0.88717,0.54774,0.72408,0.84817,0.55258,0.00378,0,0.0278963,0.00929875,0.0278963,0.00929875,0.0278963,0.00929875,0.0278963,0.00929875
87,549.27,0.85337,1.19907,0.67298,0.00393,0.05544,0.81969,0.84512,0.92057,0.76668,0.76533,0.89226,0.90253,0.55967,0.70145,0.79675,0.55662,0.0038,0,0.0278715,0.0092905,0.0278715,0.0092905,0.0278715,0.0092905,0.0278715,0.0092905
88,555.17,0.85508,1.21511,0.67042,0.00384,0.04394,0.82457,0.91919,0.94145,0.78472,0.84286,0.86869,0.9352,0.56888,0.70013,0.72662,0.51955,0.00378,0,0.0278467,0.00928225,0.0278467,0.00928225,0.0278467,0.00928225,0.0278467,0.00928225
89,561.319,0.86767,1.23402,0.68142,0.0038,0.05584,0.82111,0.89899,0.92506,0.76106,0.80376,0.85185,0.90983,0.55222,0.6977,0.80953,0.54707,0.00362,0,0.027822,0.009274,0.027822,0.009274,0.027822,0.009274,0.027822,0.009274
90,567.511,0.84279,1.19015,0.66998,0.0038,0.05935,0.80625,0.88271,0.93348,0.76733,0.79328,0.87859,0.91218,0.55812,0.73979,0.8077,0.52649,0.00375,0,0.0277972,0.00926575,0.0277972,0.00926575,0.0277972,0.00926575,0.0277972,0.00926575
91,573.475,0.84789,1.1953,0.66699,0.00373,0.07985,0.82024,0.8757,0.92833,0.76706,0.79815,0.86537,0.9062,0.54595,0.72472,0.80584,0.51641,0.00379,0,0.0277725,0.0092575,0.0277725,0.0092575,0.0277725,0.0092575,0.0277725,0.0092575
92,579.415,0.84695,1.18216,0.67237,0.00371,0.0818,0.83559,0.85185,0.91919,0.76401,0.81639,0.85522,0.91685,0.55171,0.71736,0.78892,0.57037,0.00378,0,0.0277477,0.00924925,0.0277477,0.00924925,0.0277477,0.00924925,0.0277477,0.00924925
93,585.429,0.84837,1.17649,0.66226,0.00382,0.04437,0.83584,0.84175,0.92998,0.78266,0.80707,0.83099,0.89814,0.54283,0.67771,0.7799,0.53029,0.00353,0,0.027723,0.009241,0.027723,0.009241,0.027723,0.009241,0.027723,0.009241
94,591.613,0.83129,1.16489,0.65589,0.00368,0.05102,0.83071,0.86869,0.93009,0.78526,0.76449,0.87542,0.90204,0.53776,0.695,0.75176,0.5069,0.00353,0,0.0276982,0.00923275,0.0276982,0.00923275,0.0276982,0.00923275,0.0276982,0.00923275
95,597.467,0.83467,1.12685,0.66517,0.00388,0.04203,0.84311,0.85045,0.92218,0.76716,0.81628,0.82278,0.9107,0.56396,0.71564,0.73644,0.50799,0.00363,0,0.0276735,0.0092245,0.0276735,0.0092245,0.0276735,0.0092245,0.0276735,0.0092245
96,603.418,0.8232,1.17915,0.66566,0.00372,0.07896,0.84223,0.84477,0.9265,0.77681,0.80028,0.86348,0.91696,0.56863,0.6804,0.76055,0.55009,0.00358,0,0.0276487,0.00921625,0.0276487,0.00921625,0.0276487,0.00921625,0.0276487,0.00921625
97,609.337,0.85348,1.20319,0.66745,0.00378,0.05166,0.81062,0.86195,0.91845,0.76504,0.78226,0.84175,0.88887,0.54651,0.70112,0.73867,0.58217,0.00372,0,0.027624,0.009208,0.027624,0.009208,0.027624,0.009208,0.027624,0.009208
98,615.468,0.84393,1.17844,0.66629,0.00377,0.06772,0.85843,0.85185,0.93221,0.7874,0.82151,0.90236,0.93448,0.58216,0.6702,0.70723,0.54621,0.00357,0,0.0275992,0.00919975,0.0275992,0.00919975,0.0275992,0.00919975,0.0275992,0.00919975
99,621.415,0.83779,1.17723,0.64822,0.00379,0.06289,0.84822,0.86555,0.9352,0.76868,0.83177,0.84175,0.92003,0.56388,0.70203,0.73793,0.52872,0.00367,0,0.0275745,0.0091915,0.0275745,0.0091915,0.0275745,0.0091915,0.0275745,0.0091915
100,627.471,0.83376,1.18119,0.64046,0.00371,0.05054,0.8619,0.86154,0.93908,0.77695,0.82462,0.85185,0.90919,0.5361,0.69413,0.74872,0.51027,0.00363,0,0.0275497,0.00918325,0.0275497,0.00918325,0.0275497,0.00918325,0.0275497,0.00918325
101,633.681,0.82355,1.1396,0.63251,0.00366,0.05536,0.84642,0.89899,0.94605,0.78478,0.79023,0.88552,0.91113,0.55661,0.71588,0.75165,0.50648,0.0037,0,0.027525,0.009175,0.027525,0.009175,0.027525,0.009175,0.027525,0.009175
102,639.54,0.83738,1.13278,0.65812,0.00377,0.05485,0.87274,0.87746,0.94447,0.79799,0.80566,0.88552,0.92117,0.56639,0.67806,0.71366,0.51651,0.00352,0,0.0275002,0.00916675,0.0275002,0.00916675,0.0275002,0.00916675,0.0275002,0.00916675
103,645.434,0.82004,1.12164,0.64829,0.00379,0.04101,0.81886,0.88284,0.92905,0.78436,0.82996,0.85185,0.91208,0.55079,0.66008,0.71006,0.512,0.00341,0,0.0274755,0.0091585,0.0274755,0.0091585,0.0274755,0.0091585,0.0274755,0.0091585
104,651.241,0.81445,1.14144,0.64167,0.00365,0.06738,0.87786,0.86532,0.93433,0.77503,0.82603,0.85859,0.92792,0.57667,0.70114,0.72552,0.55687,0.00407,0,0.0274507,0.00915025,0.0274507,0.00915025,0.0274507,0.00915025,0.0274507,0.00915025
105,657.143,0.81369,1.15983,0.64857,0.00359,0.05494,0.86059,0.83838,0.94184,0.78463,0.81885,0.85522,0.92227,0.56835,0.71793,0.71908,0.50757,0.00383,0,0.027426,0.009142,0.027426,0.009142,0.027426,0.009142,0.027426,0.009142
106,663.036,0.81508,1.14435,0.65277,0.00365,0.05855,0.83872,0.89562,0.9466,0.79004,0.79543,0.89562,0.92319,0.56151,0.7058,0.71837,0.48071,0.00378,0,0.0274012,0.00913375,0.0274012,0.00913375,0.0274012,0.00913375,0.0274012,0.00913375
107,668.981,0.834,1.15635,0.6464,0.00366,0.04845,0.87547,0.85213,0.93968,0.7885,0.78186,0.89306,0.91195,0.57024,0.69039,0.73686,0.49147,0.0037,0,0.0273765,0.0091255,0.0273765,0.0091255,0.0273765,0.0091255,0.0273765,0.0091255
108,674.887,0.82811,1.13635,0.63586,0.00369,0.04751,0.81142,0.88552,0.90989,0.75014,0.81572,0.87205,0.90851,0.54745,0.73449,0.73447,0.53677,0.00383,0,0.0273517,0.00911725,0.0273517,0.00911725,0.0273517,0.00911725,0.0273517,0.00911725
109,680.934,0.82048,1.09355,0.64201,0.00367,0.0705,0.85002,0.83966,0.93132,0.77265,0.82555,0.82858,0.90824,0.54008,0.68699,0.74612,0.55086,0.0037,0,0.027327,0.009109,0.027327,0.009109,0.027327,0.009109,0.027327,0.009109
110,686.834,0.80328,1.10339,0.63227,0.00363,0.0654,0.86686,0.85495,0.93014,0.78303,0.8267,0.85125,0.91801,0.56491,0.67831,0.70486,0.51158,0.00356,0,0.0273022,0.00910075,0.0273022,0.00910075,0.0273022,0.00910075,0.0273022,0.00910075
111,692.634,0.81768,1.13965,0.64387,0.00368,0.03671,0.78592,0.91469,0.93076,0.7813,0.79043,0.88892,0.9126,0.565,0.6826,0.74315,0.52596,0.00352,0,0.0272775,0.0090925,0.0272775,0.0090925,0.0272775,0.0090925,0.0272775,0.0090925
112,698.569,0.82115,1.09154,0.6377,0.00374,0.06937,0.85641,0.80471,0.92502,0.78473,0.77217,0.86869,0.89565,0.57126,0.66664,0.73547,0.52611,0.00342,0,0.0272527,0.00908425,0.0272527,0.00908425,0.0272527,0.00908425,0.0272527,0.00908425
113,704.639,0.79125,1.14086,0.64843,0.00346,0.07192,0.87349,0.85185,0.94721,0.79214,0.8414,0.83952,0.92833,0.5566,0.67133,0.72048,0.47474,0.0034,0,0.027228,0.009076,0.027228,0.009076,0.027228,0.009076,0.027228,0.009076
114,710.529,0.81637,1.15767,0.64093,0.00357,0.05422,0.79447,0.91107,0.92807,0.78871,0.74327,0.92256,0.90593,0.56691,0.65618,0.68329,0.50312,0.00351,0,0.0272032,0.00906775,0.0272032,0.00906775,0.0272032,0.00906775,0.0272032,0.00906775
115,716.383,0.80762,1.11196,0.63299,0.00361,0.08317,0.80148,0.86999,0.91879,0.76155,0.81233,0.87205,0.92435,0.57485,0.73794,0.68478,0.51052,0.00425,0,0.0271785,0.0090595,0.0271785,0.0090595,0.0271785,0.0090595,0.0271785,0.0090595
116,722.64,0.81619,1.14303,0.6356,0.00357,0.05019,0.8342,0.87542,0.92071,0.75294,0.81735,0.85882,0.90509,0.56977,0.77281,0.77115,0.55669,0.0042,0,0.0271537,0.00905125,0.0271537,0.00905125,0.0271537,0.00905125,0.0271537,0.00905125
117,728.692,0.81075,1.11723,0.62933,0.00362,0.04577,0.82338,0.89899,0.92502,0.77393,0.79018,0.86195,0.90049,0.57628,0.7148,0.75072,0.51731,0.00402,0,0.027129,0.009043,0.027129,0.009043,0.027129,0.009043,0.027129,0.009043
118,734.698,0.82314,1.13636,0.64149,0.00367,0.06807,0.85193,0.85859,0.93886,0.79077,0.82115,0.83475,0.91982,0.57049,0.658,0.74553,0.52031,0.00345,0,0.0271042,0.00903475,0.0271042,0.00903475,0.0271042,0.00903475,0.0271042,0.00903475
119,740.789,0.81512,1.13441,0.63941,0.00363,0.05503,0.81686,0.85859,0.92159,0.77798,0.78585,0.87205,0.91106,0.5673,0.66806,0.73264,0.52685,0.00351,0,0.0270795,0.0090265,0.0270795,0.0090265,0.0270795,0.0090265,0.0270795,0.0090265
120,747.145,0.81295,1.12724,0.6325,0.00355,0.04691,0.85065,0.83502,0.9234,0.78055,0.80302,0.86473,0.9154,0.55577,0.64539,0.72191,0.56453,0.00343,0,0.0270547,0.00901825,0.0270547,0.00901825,0.0270547,0.00901825,0.0270547,0.00901825
121,753.138,0.80349,1.09036,0.62923,0.00355,0.06743,0.84673,0.82828,0.92438,0.76008,0.81267,0.81481,0.90237,0.5736,0.71631,0.68668,0.56455,0.00413,0,0.02703,0.00901,0.02703,0.00901,0.02703,0.00901,0.02703,0.00901
122,759.385,0.81406,1.12847,0.63647,0.0036,0.05713,0.85149,0.85522,0.9357,0.79648,0.81831,0.85522,0.92341,0.57482,0.6531,0.66183,0.50893,0.00337,0,0.0270053,0.00900175,0.0270053,0.00900175,0.0270053,0.00900175,0.0270053,0.00900175
123,765.635,0.797,1.12852,0.62615,0.00346,0.07565,0.81039,0.86341,0.93036,0.7863,0.77021,0.90909,0.91845,0.58282,0.6582,0.67236,0.52127,0.00354,0,0.0269805,0.0089935,0.0269805,0.0089935,0.0269805,0.0089935,0.0269805,0.0089935
124,771.688,0.79894,1.08951,0.63308,0.00354,0.05227,0.88314,0.82155,0.93331,0.78573,0.83293,0.82253,0.91444,0.56755,0.65518,0.67738,0.53132,0.00364,0,0.0269558,0.00898525,0.0269558,0.00898525,0.0269558,0.00898525,0.0269558,0.00898525
125,777.786,0.80597,1.11395,0.62953,0.00356,0.04822,0.87287,0.83165,0.9388,0.78587,0.78233,0.86869,0.92416,0.58283,0.65782,0.64213,0.514,0.00341,0,0.026931,0.008977,0.026931,0.008977,0.026931,0.008977,0.026931,0.008977
126,783.79,0.79792,1.07733,0.61807,0.00362,0.06658,0.85419,0.84816,0.94419,0.80023,0.85243,0.85185,0.93816,0.58429,0.67145,0.70614,0.48648,0.00353,0,0.0269063,0.00896875,0.0269063,0.00896875,0.0269063,0.00896875,0.0269063,0.00896875
127,789.985,0.80716,1.12884,0.62308,0.00358,0.06727,0.84044,0.92224,0.95394,0.79747,0.82439,0.89899,0.93114,0.57163,0.70779,0.71086,0.46908,0.00363,0,0.0268815,0.0089605,0.0268815,0.0089605,0.0268815,0.0089605,0.0268815,0.0089605
128,796.169,0.79407,1.09931,0.62832,0.00355,0.04864,0.82742,0.92017,0.93727,0.79297,0.82114,0.89899,0.92699,0.58221,0.66212,0.65266,0.49106,0.0036,0,0.0268568,0.00895225,0.0268568,0.00895225,0.0268568,0.00895225,0.0268568,0.00895225
129,802.214,0.79263,1.10673,0.61934,0.00355,0.0735,0.83009,0.88829,0.93651,0.78233,0.81539,0.84512,0.91149,0.58851,0.68265,0.74543,0.50689,0.00378,0,0.026832,0.008944,0.026832,0.008944,0.026832,0.008944,0.026832,0.008944
130,808.222,0.79795,1.09119,0.62013,0.00354,0.05063,0.8367,0.91433,0.93522,0.77752,0.81965,0.90286,0.92585,0.59114,0.66893,0.65654,0.51936,0.0036,0,0.0268072,0.00893575,0.0268072,0.00893575,0.0268072,0.00893575,0.0268072,0.00893575
131,813.969,0.78933,1.07442,0.61594,0.00347,0.05239,0.81777,0.90909,0.93077,0.79384,0.82203,0.91758,0.93247,0.59741,0.63629,0.6404,0.49288,0.00337,0,0.0267825,0.0089275,0.0267825,0.0089275,0.0267825,0.0089275,0.0267825,0.0089275
132,820.216,0.78402,1.09488,0.63178,0.00339,0.04445,0.81436,0.88624,0.933,0.80581,0.81408,0.89935,0.93436,0.60699,0.62531,0.61856,0.50553,0.00324,0,0.0267578,0.00891925,0.0267578,0.00891925,0.0267578,0.00891925,0.0267578,0.00891925
133,826.429,0.80407,1.10729,0.6245,0.00346,0.05878,0.8445,0.89602,0.94318,0.80024,0.85521,0.87503,0.93634,0.6062,0.63254,0.67864,0.47499,0.00339,0,0.026733,0.008911,0.026733,0.008911,0.026733,0.008911,0.026733,0.008911
134,832.28,0.77345,1.03662,0.60531,0.00346,0.05461,0.85061,0.8627,0.93452,0.79272,0.85559,0.86532,0.93344,0.59432,0.66288,0.70204,0.48357,0.0036,0,0.0267082,0.00890275,0.0267082,0.00890275,0.0267082,0.00890275,0.0267082,0.00890275
135,838.281,0.78145,1.04215,0.60356,0.00348,0.04035,0.87365,0.88473,0.9465,0.81163,0.86613,0.86869,0.94044,0.60883,0.63091,0.66997,0.45561,0.00329,0,0.0266835,0.0088945,0.0266835,0.0088945,0.0266835,0.0088945,0.0266835,0.0088945
136,844.388,0.7805,1.04754,0.61011,0.0035,0.03854,0.85249,0.87564,0.94496,0.81251,0.8361,0.85881,0.93565,0.59475,0.60468,0.60413,0.5114,0.00319,0,0.0266587,0.00888625,0.0266587,0.00888625,0.0266587,0.00888625,0.0266587,0.00888625
137,850.292,0.78762,1.08247,0.62974,0.00348,0.06984,0.84567,0.88215,0.93931,0.79676,0.81331,0.8801,0.92855,0.58714,0.63599,0.65752,0.49849,0.00332,0,0.026634,0.008878,0.026634,0.008878,0.026634,0.008878,0.026634,0.008878
138,856.283,0.78327,1.0617,0.60144,0.0035,0.0462,0.87582,0.88552,0.94812,0.79642,0.85785,0.87376,0.93911,0.58843,0.65395,0.66243,0.48652,0.00371,0,0.0266093,0.00886975,0.0266093,0.00886975,0.0266093,0.00886975,0.0266093,0.00886975
139,862.479,0.78398,1.04817,0.61291,0.00353,0.0503,0.85033,0.91919,0.95917,0.82598,0.84527,0.90236,0.94235,0.61722,0.61412,0.61459,0.44082,0.00328,0,0.0265845,0.0088615,0.0265845,0.0088615,0.0265845,0.0088615,0.0265845,0.0088615
140,868.687,0.77903,1.04991,0.61329,0.00342,0.05719,0.88043,0.86772,0.94061,0.80415,0.87341,0.85954,0.93125,0.61403,0.63719,0.63797,0.49184,0.00356,0,0.0265598,0.00885325,0.0265598,0.00885325,0.0265598,0.00885325,0.0265598,0.00885325
141,874.66,0.77792,1.03336,0.61393,0.00349,0.06931,0.81572,0.93893,0.95105,0.81805,0.87419,0.85522,0.93756,0.6113,0.60613,0.62101,0.44783,0.00321,0,0.026535,0.008845,0.026535,0.008845,0.026535,0.008845,0.026535,0.008845
142,880.632,0.77173,1.04416,0.60643,0.00341,0.05007,0.82628,0.83279,0.92344,0.76603,0.82022,0.82953,0.91827,0.56644,0.68046,0.66692,0.5347,0.00394,0,0.0265103,0.00883675,0.0265103,0.00883675,0.0265103,0.00883675,0.0265103,0.00883675
143,886.738,0.791,1.09569,0.61143,0.00346,0.06273,0.83051,0.85185,0.91465,0.75756,0.8299,0.85424,0.91612,0.58268,0.69246,0.62699,0.56221,0.00419,0,0.0264855,0.0088285,0.0264855,0.0088285,0.0264855,0.0088285,0.0264855,0.0088285
144,892.831,0.77164,1.06245,0.61769,0.00342,0.04984,0.8775,0.84848,0.93715,0.80062,0.89044,0.84828,0.94728,0.62608,0.63141,0.61425,0.50134,0.00356,0,0.0264608,0.00882025,0.0264608,0.00882025,0.0264608,0.00882025,0.0264608,0.00882025
145,898.731,0.76949,1.06355,0.60543,0.00331,0.04359,0.82841,0.89406,0.94096,0.81173,0.82501,0.88896,0.93634,0.60749,0.61454,0.60191,0.47658,0.00328,0,0.026436,0.008812,0.026436,0.008812,0.026436,0.008812,0.026436,0.008812
146,904.838,0.76492,1.02198,0.61187,0.00343,0.06303,0.87341,0.85522,0.9453,0.80228,0.8705,0.86195,0.94541,0.60198,0.64707,0.62019,0.47712,0.00353,0,0.0264113,0.00880375,0.0264113,0.00880375,0.0264113,0.00880375,0.0264113,0.00880375
147,910.772,0.75969,1.0113,0.601,0.00343,0.05541,0.86645,0.87377,0.94246,0.82561,0.84832,0.87879,0.93833,0.61856,0.56548,0.60681,0.47037,0.00307,0,0.0263865,0.0087955,0.0263865,0.0087955,0.0263865,0.0087955,0.0263865,0.0087955
148,916.891,0.77822,1.05465,0.60034,0.00344,0.05623,0.85718,0.86895,0.94448,0.80889,0.85823,0.87542,0.94202,0.59904,0.60045,0.65413,0.47185,0.00327,0,0.0263617,0.00878725,0.0263617,0.00878725,0.0263617,0.00878725,0.0263617,0.00878725
149,922.681,0.76191,0.98991,0.58806,0.0034,0.04372,0.87956,0.88518,0.95143,0.82974,0.85306,0.88215,0.9356,0.62061,0.58501,0.6218,0.42745,0.00307,0,0.026337,0.008779,0.026337,0.008779,0.026337,0.008779,0.026337,0.008779
150,928.696,0.78059,1.02753,0.58506,0.00337,0.03799,0.84628,0.90828,0.94276,0.80521,0.86768,0.87542,0.94571,0.60712,0.63357,0.62564,0.45561,0.00337,0,0.0263122,0.00877075,0.0263122,0.00877075,0.0263122,0.00877075,0.0263122,0.00877075
151,934.677,0.75476,1.01138,0.58402,0.00337,0.05215,0.91288,0.85185,0.94525,0.80937,0.90927,0.84848,0.95204,0.61967,0.60172,0.56397,0.46085,0.00332,0,0.0262875,0.0087625,0.0262875,0.0087625,0.0262875,0.0087625,0.0262875,0.0087625
152,940.518,0.75983,1.00151,0.57494,0.00341,0.05178,0.87191,0.89384,0.94929,0.81786,0.87191,0.89384,0.94704,0.61702,0.60284,0.59193,0.46626,0.0034,0,0.0262627,0.00875425,0.0262627,0.00875425,0.0262627,0.00875425,0.0262627,0.00875425
153,946.477,0.74765,0.96835,0.55744,0.00341,0.06031,0.87322,0.88124,0.95439,0.81993,0.91024,0.85185,0.95387,0.62365,0.5981,0.57164,0.43496,0.0032,0,0.026238,0.008746,0.026238,0.008746,0.026238,0.008746,0.026238,0.008746
154,952.34,0.78212,1.04416,0.57122,0.00351,0.04792,0.79469,0.91246,0.93867,0.81519,0.82336,0.87891,0.9362,0.61368,0.58592,0.61289,0.48367,0.00313,0,0.0262133,0.00873775,0.0262133,0.00873775,0.0262133,0.00873775,0.0262133,0.00873775
155,958.619,0.7709,0.97841,0.56943,0.00358,0.05317,0.92606,0.81818,0.94611,0.8036,0.91839,0.83359,0.94803,0.63247,0.65571,0.5985,0.46922,0.00369,0,0.0261885,0.0087295,0.0261885,0.0087295,0.0261885,0.0087295,0.0261885,0.0087295
156,964.69,0.77356,0.97815,0.55228,0.00345,0.04064,0.88933,0.85859,0.95761,0.82741,0.8838,0.85185,0.94381,0.63068,0.59318,0.61111,0.42864,0.00318,0,0.0261637,0.00872125,0.0261637,0.00872125,0.0261637,0.00872125,0.0261637,0.00872125
157,970.939,0.7555,0.96949,0.54603,0.00335,0.04882,0.90138,0.92593,0.96944,0.82333,0.9126,0.91919,0.96346,0.63594,0.62999,0.56093,0.40581,0.00347,0,0.026139,0.008713,0.026139,0.008713,0.026139,0.008713,0.026139,0.008713
158,976.837,0.76351,0.97226,0.54245,0.00345,0.03858,0.90886,0.90657,0.96687,0.84337,0.90895,0.90759,0.96678,0.64177,0.5825,0.55523,0.39774,0.00301,0,0.0261142,0.00870475,0.0261142,0.00870475,0.0261142,0.00870475,0.0261142,0.00870475
159,983.388,0.77993,0.98163,0.53911,0.0035,0.04282,0.91973,0.92256,0.97307,0.85183,0.92308,0.92593,0.9758,0.65069,0.57512,0.55093,0.35131,0.00303,0,0.0260895,0.0086965,0.0260895,0.0086965,0.0260895,0.0086965,0.0260895,0.0086965
160,989.628,0.76258,0.97921,0.54864,0.00337,0.04573,0.92722,0.92593,0.97359,0.84851,0.92281,0.92256,0.97051,0.65286,0.58658,0.58103,0.3536,0.00307,0,0.0260647,0.00868825,0.0260647,0.00868825,0.0260647,0.00868825,0.0260647,0.00868825
161,995.737,0.76545,0.94671,0.53795,0.00358,0.05142,0.93234,0.91582,0.97339,0.85028,0.92818,0.91582,0.9737,0.64817,0.58103,0.5373,0.33258,0.00315,0,0.02604,0.00868,0.02604,0.00868,0.02604,0.00868,0.02604,0.00868
162,1001.88,0.75617,0.95051,0.52909,0.00339,0.04027,0.90714,0.92096,0.96653,0.83606,0.90872,0.92256,0.96595,0.64178,0.61536,0.54315,0.3702,0.0032,0,0.0260153,0.00867175,0.0260153,0.00867175,0.0260153,0.00867175,0.0260153,0.00867175
163,1008.04,0.75618,0.95068,0.53326,0.00351,0.04942,0.89554,0.89482,0.96087,0.83028,0.89554,0.89482,0.95898,0.63315,0.61454,0.55035,0.37281,0.00323,0,0.0259905,0.0086635,0.0259905,0.0086635,0.0259905,0.0086635,0.0259905,0.0086635
164,1014,0.74471,0.92805,0.52468,0.00339,0.04845,0.9236,0.88889,0.96391,0.83269,0.94129,0.87542,0.96725,0.65436,0.63321,0.55559,0.3963,0.00379,0,0.0259657,0.00865525,0.0259657,0.00865525,0.0259657,0.00865525,0.0259657,0.00865525
165,1019.93,0.74907,0.97707,0.53225,0.00326,0.0593,0.92673,0.89562,0.97183,0.84443,0.88681,0.92329,0.96648,0.63707,0.59072,0.55411,0.36624,0.00342,0,0.025941,0.008647,0.025941,0.008647,0.025941,0.008647,0.025941,0.008647
166,1025.96,0.74006,0.91364,0.51021,0.00343,0.04561,0.92315,0.91919,0.97392,0.84501,0.95369,0.89226,0.97711,0.65275,0.59415,0.57829,0.3371,0.00332,0,0.0259163,0.00863875,0.0259163,0.00863875,0.0259163,0.00863875,0.0259163,0.00863875
167,1031.84,0.74231,0.95243,0.5241,0.00328,0.04914,0.91097,0.93939,0.97528,0.84637,0.91236,0.9464,0.97638,0.65239,0.57445,0.54398,0.36207,0.00329,0,0.0258915,0.0086305,0.0258915,0.0086305,0.0258915,0.0086305,0.0258915,0.0086305
168,1037.89,0.75466,0.93467,0.52701,0.00339,0.04923,0.90593,0.91582,0.96792,0.831,0.89378,0.93939,0.96989,0.66065,0.62584,0.54426,0.42894,0.00359,0,0.0258668,0.00862225,0.0258668,0.00862225,0.0258668,0.00862225,0.0258668,0.00862225
169,1043.68,0.74131,0.95615,0.51563,0.00328,0.04996,0.94241,0.87205,0.97015,0.8464,0.94209,0.87636,0.97009,0.65287,0.55818,0.53089,0.40511,0.00291,0,0.025842,0.008614,0.025842,0.008614,0.025842,0.008614,0.025842,0.008614
170,1049.74,0.73431,0.97409,0.50127,0.00327,0.04991,0.93794,0.88889,0.97053,0.85492,0.93794,0.88889,0.96885,0.65713,0.55342,0.53395,0.35774,0.00296,0,0.0258172,0.00860575,0.0258172,0.00860575,0.0258172,0.00860575,0.0258172,0.00860575
171,1056.03,0.74115,0.96412,0.51729,0.00325,0.05406,0.88226,0.93347,0.96529,0.81796,0.88509,0.93939,0.9651,0.66691,0.68242,0.57233,0.40571,0.00437,0,0.0257925,0.0085975,0.0257925,0.0085975,0.0257925,0.0085975,0.0257925,0.0085975
172,1061.89,0.74807,0.97308,0.51616,0.00329,0.05314,0.91475,0.90324,0.97286,0.8611,0.91849,0.91055,0.97364,0.66152,0.55253,0.5383,0.36429,0.00294,0,0.0257677,0.00858925,0.0257677,0.00858925,0.0257677,0.00858925,0.0257677,0.00858925
173,1068.09,0.73356,0.95994,0.50361,0.00332,0.0517,0.91554,0.9489,0.97848,0.86021,0.91537,0.94693,0.98036,0.66075,0.55253,0.53489,0.35223,0.00298,0,0.025743,0.008581,0.025743,0.008581,0.025743,0.008581,0.025743,0.008581
174,1074.16,0.74669,0.95577,0.49969,0.00333,0.04897,0.93517,0.92277,0.97339,0.83935,0.94882,0.93624,0.97887,0.65568,0.62008,0.55835,0.36551,0.00337,0,0.0257182,0.00857275,0.0257182,0.00857275,0.0257182,0.00857275,0.0257182,0.00857275
175,1079.98,0.76157,0.95098,0.51763,0.00342,0.04558,0.92924,0.92593,0.9741,0.8598,0.9292,0.92798,0.9771,0.66346,0.56217,0.5856,0.34958,0.0029,0,0.0256935,0.0085645,0.0256935,0.0085645,0.0256935,0.0085645,0.0256935,0.0085645
176,1085.94,0.73872,0.9498,0.50095,0.00325,0.03838,0.94708,0.90392,0.97451,0.86329,0.94156,0.92256,0.97587,0.67088,0.54442,0.54696,0.33364,0.00289,0,0.0256687,0.00855625,0.0256687,0.00855625,0.0256687,0.00855625,0.0256687,0.00855625
177,1092.26,0.73134,0.92811,0.4899,0.00338,0.04452,0.90296,0.93603,0.97608,0.85807,0.90755,0.92551,0.97567,0.67101,0.56852,0.57284,0.34216,0.00305,0,0.025644,0.008548,0.025644,0.008548,0.025644,0.008548,0.025644,0.008548
178,1098.48,0.7387,0.92164,0.49116,0.00331,0.04422,0.92095,0.92929,0.97843,0.86612,0.92095,0.92929,0.9787,0.6686,0.5584,0.5204,0.33913,0.00285,0,0.0256192,0.00853975,0.0256192,0.00853975,0.0256192,0.00853975,0.0256192,0.00853975
179,1104.79,0.7375,0.92486,0.49494,0.00338,0.03659,0.9091,0.92593,0.97739,0.87071,0.91902,0.93603,0.98006,0.67594,0.55417,0.52597,0.33953,0.0028,0,0.0255945,0.0085315,0.0255945,0.0085315,0.0255945,0.0085315,0.0255945,0.0085315
180,1110.97,0.74986,0.94012,0.49394,0.00338,0.04526,0.90856,0.91582,0.97524,0.86537,0.91034,0.91919,0.97583,0.67199,0.53952,0.51353,0.33586,0.00279,0,0.0255697,0.00852325,0.0255697,0.00852325,0.0255697,0.00852325,0.0255697,0.00852325
181,1116.97,0.73162,0.90211,0.48197,0.00339,0.04837,0.91721,0.90236,0.96979,0.84831,0.93432,0.91919,0.97808,0.64777,0.58491,0.55471,0.34826,0.00301,0,0.025545,0.008515,0.025545,0.008515,0.025545,0.008515,0.025545,0.008515
182,1123.17,0.73144,0.94597,0.49036,0.00327,0.053,0.89529,0.91582,0.97411,0.84619,0.91142,0.92593,0.97673,0.64938,0.59627,0.55803,0.34803,0.00313,0,0.0255202,0.00850675,0.0255202,0.00850675,0.0255202,0.00850675,0.0255202,0.00850675
183,1129.27,0.73868,0.94807,0.49286,0.00324,0.04671,0.91276,0.92929,0.97464,0.86386,0.91961,0.93603,0.97942,0.66318,0.52936,0.51686,0.33259,0.00276,0,0.0254955,0.0084985,0.0254955,0.0084985,0.0254955,0.0084985,0.0254955,0.0084985
184,1135.18,0.71698,0.88845,0.47264,0.00333,0.05846,0.90102,0.93603,0.97479,0.85667,0.91201,0.94229,0.98102,0.67125,0.55338,0.5213,0.33934,0.00298,0,0.0254708,0.00849025,0.0254708,0.00849025,0.0254708,0.00849025,0.0254708,0.00849025
185,1141.18,0.72914,0.91326,0.48214,0.00323,0.04296,0.90374,0.95623,0.98001,0.8509,0.89935,0.96278,0.98119,0.66606,0.58384,0.52957,0.33034,0.00316,0,0.025446,0.008482,0.025446,0.008482,0.025446,0.008482,0.025446,0.008482
186,1147.38,0.74216,0.9116,0.47965,0.00344,0.04553,0.92372,0.93773,0.97656,0.86081,0.91949,0.94613,0.97944,0.65722,0.58348,0.52794,0.33056,0.00323,0,0.0254212,0.00847375,0.0254212,0.00847375,0.0254212,0.00847375,0.0254212,0.00847375
187,1153.43,0.73645,0.89362,0.48404,0.00331,0.05201,0.92212,0.94949,0.97661,0.86373,0.92539,0.95286,0.97831,0.67284,0.55959,0.52196,0.32479,0.00285,0,0.0253965,0.0084655,0.0253965,0.0084655,0.0253965,0.0084655,0.0253965,0.0084655
188,1159.43,0.72626,0.94906,0.48721,0.00308,0.03706,0.93962,0.92929,0.97648,0.85213,0.94983,0.93939,0.98329,0.68411,0.60522,0.526,0.32185,0.00334,0,0.0253718,0.00845725,0.0253718,0.00845725,0.0253718,0.00845725,0.0253718,0.00845725
189,1165.38,0.72512,0.91731,0.49895,0.00329,0.0558,0.94325,0.91582,0.97649,0.87405,0.93571,0.91582,0.97533,0.67376,0.52541,0.55109,0.32406,0.00269,0,0.025347,0.008449,0.025347,0.008449,0.025347,0.008449,0.025347,0.008449
190,1171.27,0.71249,0.93522,0.47841,0.0032,0.04975,0.92389,0.94003,0.97863,0.86189,0.91783,0.94613,0.97836,0.64829,0.54655,0.54747,0.31269,0.00286,0,0.0253223,0.00844075,0.0253223,0.00844075,0.0253223,0.00844075,0.0253223,0.00844075
191,1177.19,0.71851,0.93136,0.47458,0.00318,0.04249,0.92347,0.93446,0.9764,0.84247,0.92995,0.93874,0.98202,0.6659,0.62009,0.51331,0.3394,0.00349,0,0.0252975,0.0084325,0.0252975,0.0084325,0.0252975,0.0084325,0.0252975,0.0084325
192,1183.24,0.72143,0.92285,0.48088,0.00319,0.07594,0.9418,0.92929,0.97867,0.84048,0.95221,0.93918,0.9862,0.66824,0.62372,0.56108,0.33188,0.00347,0,0.0252728,0.00842425,0.0252728,0.00842425,0.0252728,0.00842425,0.0252728,0.00842425
193,1189.38,0.7178,0.88904,0.4616,0.00323,0.05237,0.942,0.93603,0.98307,0.86628,0.93523,0.92929,0.98008,0.68233,0.54008,0.50908,0.30759,0.00278,0,0.025248,0.008416,0.025248,0.008416,0.025248,0.008416,0.025248,0.008416
194,1195.43,0.72615,0.91356,0.47858,0.00325,0.04982,0.9431,0.93266,0.98432,0.87151,0.94991,0.93939,0.98448,0.68229,0.54374,0.50504,0.29084,0.00287,0,0.0252232,0.00840775,0.0252232,0.00840775,0.0252232,0.00840775,0.0252232,0.00840775
195,1201.63,0.73973,0.9304,0.47523,0.0032,0.05749,0.96257,0.92256,0.98303,0.85899,0.95744,0.92593,0.98289,0.66846,0.57338,0.51896,0.30707,0.00308,0,0.0251985,0.0083995,0.0251985,0.0083995,0.0251985,0.0083995,0.0251985,0.0083995
196,1207.53,0.72752,0.90774,0.46632,0.00325,0.0468,0.93647,0.94295,0.98157,0.85842,0.93312,0.93959,0.98035,0.67126,0.56053,0.52491,0.34139,0.00296,0,0.0251737,0.00839125,0.0251737,0.00839125,0.0251737,0.00839125,0.0251737,0.00839125
197,1213.73,0.72591,0.89079,0.47107,0.00324,0.04814,0.93843,0.92381,0.97734,0.86795,0.94013,0.91919,0.97701,0.67161,0.54582,0.52273,0.3232,0.00278,0,0.025149,0.008383,0.025149,0.008383,0.025149,0.008383,0.025149,0.008383
198,1219.96,0.72261,0.91459,0.47247,0.00319,0.04373,0.93771,0.90236,0.97549,0.8704,0.92815,0.91332,0.97419,0.6723,0.54463,0.53287,0.32344,0.00285,0,0.0251242,0.00837475,0.0251242,0.00837475,0.0251242,0.00837475,0.0251242,0.00837475
199,1225.88,0.71316,0.90765,0.46946,0.0032,0.05703,0.94522,0.92953,0.98356,0.86908,0.94255,0.92593,0.98233,0.66908,0.55661,0.51582,0.28635,0.00284,0,0.0250995,0.0083665,0.0250995,0.0083665,0.0250995,0.0083665,0.0250995,0.0083665
200,1231.78,0.71943,0.9259,0.47195,0.00315,0.05002,0.90481,0.94949,0.97579,0.85958,0.90802,0.95286,0.98029,0.6614,0.56288,0.51721,0.31716,0.00283,0,0.0250747,0.00835825,0.0250747,0.00835825,0.0250747,0.00835825,0.0250747,0.00835825
201,1238.08,0.73392,0.93818,0.47997,0.00327,0.05084,0.95132,0.92256,0.97901,0.84702,0.95225,0.92593,0.98274,0.66255,0.60572,0.50281,0.30983,0.00328,0,0.02505,0.00835,0.02505,0.00835,0.02505,0.00835,0.02505,0.00835
202,1243.94,0.70234,0.92391,0.46441,0.00307,0.05023,0.90856,0.93678,0.97624,0.85949,0.90856,0.93678,0.97685,0.66117,0.57378,0.51051,0.31094,0.0031,0,0.0250252,0.00834175,0.0250252,0.00834175,0.0250252,0.00834175,0.0250252,0.00834175
203,1249.97,0.70427,0.86209,0.4502,0.00322,0.05646,0.90464,0.94949,0.98036,0.86003,0.90464,0.94949,0.98036,0.65931,0.58201,0.51448,0.30531,0.00318,0,0.0250005,0.0083335,0.0250005,0.0083335,0.0250005,0.0083335,0.0250005,0.0083335
204,1256.06,0.72542,0.92892,0.47877,0.00316,0.08225,0.96344,0.91582,0.98058,0.87223,0.96739,0.91919,0.98194,0.68001,0.54769,0.53919,0.30129,0.00284,0,0.0249757,0.00832525,0.0249757,0.00832525,0.0249757,0.00832525,0.0249757,0.00832525
205,1261.98,0.70127,0.88451,0.45776,0.00321,0.05004,0.954,0.90773,0.98039,0.86506,0.95454,0.91905,0.98087,0.6663,0.55954,0.55759,0.3242,0.00291,0,0.024951,0.008317,0.024951,0.008317,0.024951,0.008317,0.024951,0.008317
206,1267.88,0.73382,0.91328,0.46952,0.00325,0.03443,0.92795,0.94613,0.9828,0.87066,0.92465,0.94276,0.98085,0.67047,0.53983,0.53088,0.28278,0.00275,0,0.0249262,0.00830875,0.0249262,0.00830875,0.0249262,0.00830875,0.0249262,0.00830875
207,1273.94,0.71204,0.87135,0.46148,0.00315,0.06316,0.95352,0.91246,0.97832,0.8661,0.95704,0.91582,0.9828,0.6732,0.5519,0.54236,0.32145,0.00284,0,0.0249015,0.0083005,0.0249015,0.0083005,0.0249015,0.0083005,0.0249015,0.0083005
208,1280.09,0.71169,0.90876,0.45273,0.00307,0.03479,0.93949,0.94091,0.9821,0.86114,0.91293,0.9596,0.98147,0.66306,0.57124,0.51185,0.30372,0.00302,0,0.0248767,0.00829225,0.0248767,0.00829225,0.0248767,0.00829225,0.0248767,0.00829225
209,1286.03,0.71114,0.90481,0.46551,0.00306,0.0489,0.93304,0.93834,0.98268,0.87143,0.93304,0.93834,0.98067,0.67402,0.54186,0.52562,0.30602,0.00292,0,0.024852,0.008284,0.024852,0.008284,0.024852,0.008284,0.024852,0.008284
210,1292.08,0.70558,0.90163,0.45321,0.0032,0.04658,0.92286,0.93939,0.97923,0.86489,0.92108,0.93603,0.97899,0.67884,0.55315,0.51477,0.32455,0.00306,0,0.0248272,0.00827575,0.0248272,0.00827575,0.0248272,0.00827575,0.0248272,0.00827575
211,1298.14,0.70106,0.89191,0.45356,0.00301,0.05012,0.96021,0.89383,0.97618,0.84407,0.96745,0.90057,0.97967,0.67972,0.61272,0.52847,0.3347,0.00345,0,0.0248025,0.0082675,0.0248025,0.0082675,0.0248025,0.0082675,0.0248025,0.0082675
212,1304.27,0.71155,0.88972,0.45235,0.00316,0.05556,0.90413,0.93939,0.98016,0.87019,0.90057,0.94542,0.98102,0.67312,0.53153,0.50763,0.29617,0.00277,0,0.0247778,0.00825925,0.0247778,0.00825925,0.0247778,0.00825925,0.0247778,0.00825925
213,1310.38,0.69969,0.87508,0.43758,0.00308,0.05236,0.88785,0.95956,0.97343,0.86285,0.89347,0.96011,0.97841,0.67521,0.5254,0.51047,0.33577,0.00276,0,0.024753,0.008251,0.024753,0.008251,0.024753,0.008251,0.024753,0.008251
214,1316.27,0.70916,0.88728,0.4535,0.00309,0.0589,0.88532,0.96296,0.97548,0.87229,0.88823,0.9596,0.97752,0.65267,0.51174,0.52025,0.32645,0.00264,0,0.0247282,0.00824275,0.0247282,0.00824275,0.0247282,0.00824275,0.0247282,0.00824275
215,1322.02,0.70945,0.87534,0.44878,0.00313,0.05648,0.90771,0.96037,0.98027,0.87786,0.91089,0.96374,0.979,0.66437,0.51669,0.51512,0.29874,0.00266,0,0.0247035,0.0082345,0.0247035,0.0082345,0.0247035,0.0082345,0.0247035,0.0082345
216,1328.27,0.7013,0.85451,0.43897,0.00312,0.0346,0.95032,0.93939,0.98108,0.88212,0.95032,0.93939,0.98096,0.67995,0.51648,0.49986,0.30961,0.00268,0,0.0246787,0.00822625,0.0246787,0.00822625,0.0246787,0.00822625,0.0246787,0.00822625
217,1334.53,0.70395,0.86293,0.44973,0.00315,0.04477,0.93319,0.94063,0.98435,0.87315,0.93214,0.93939,0.98427,0.69497,0.552,0.49519,0.28425,0.00294,0,0.024654,0.008218,0.024654,0.008218,0.024654,0.008218,0.024654,0.008218
218,1340.49,0.69855,0.88662,0.44739,0.00298,0.04952,0.92743,0.93603,0.98301,0.87206,0.92409,0.93266,0.98195,0.67068,0.53192,0.50165,0.28626,0.00276,0,0.0246292,0.00820975,0.0246292,0.00820975,0.0246292,0.00820975,0.0246292,0.00820975
219,1346.39,0.69315,0.86308,0.44624,0.00316,0.05722,0.92876,0.92181,0.98028,0.87531,0.92876,0.92181,0.97984,0.67079,0.51769,0.52115,0.2911,0.00268,0,0.0246045,0.0082015,0.0246045,0.0082015,0.0246045,0.0082015,0.0246045,0.0082015
220,1352.39,0.69116,0.86916,0.44353,0.00311,0.0541,0.92564,0.9596,0.98538,0.87932,0.92644,0.94613,0.98176,0.67682,0.50169,0.50624,0.27679,0.00253,0,0.0245797,0.00819325,0.0245797,0.00819325,0.0245797,0.00819325,0.0245797,0.00819325
221,1358.53,0.71269,0.91155,0.45682,0.00311,0.04771,0.95098,0.91442,0.98127,0.8729,0.95453,0.91891,0.98055,0.67549,0.54557,0.50543,0.31046,0.00287,0,0.024555,0.008185,0.024555,0.008185,0.024555,0.008185,0.024555,0.008185
222,1364.44,0.70159,0.89882,0.45238,0.00318,0.047,0.94375,0.93603,0.98378,0.88001,0.94036,0.93266,0.98346,0.67509,0.52563,0.51698,0.29866,0.00272,0,0.0245302,0.00817675,0.0245302,0.00817675,0.0245302,0.00817675,0.0245302,0.00817675
223,1370.33,0.68704,0.86925,0.44678,0.00302,0.0453,0.9452,0.93603,0.98502,0.8761,0.9424,0.93653,0.98483,0.66607,0.54178,0.49846,0.26467,0.00288,0,0.0245055,0.0081685,0.0245055,0.0081685,0.0245055,0.0081685,0.0245055,0.0081685
224,1376.48,0.69564,0.86663,0.44033,0.00304,0.05353,0.98897,0.90566,0.98216,0.88051,0.98897,0.90566,0.98135,0.68071,0.51495,0.50809,0.28629,0.00271,0,0.0244807,0.00816025,0.0244807,0.00816025,0.0244807,0.00816025,0.0244807,0.00816025
225,1382.43,0.68958,0.85605,0.4277,0.00307,0.04756,0.92928,0.92908,0.97853,0.86638,0.93069,0.92929,0.97953,0.67772,0.53885,0.50425,0.31408,0.00291,0,0.024456,0.008152,0.024456,0.008152,0.024456,0.008152,0.024456,0.008152
226,1388.34,0.69866,0.86089,0.42993,0.0031,0.04095,0.93843,0.92378,0.98174,0.88132,0.93843,0.92378,0.981,0.68411,0.50545,0.53211,0.2963,0.00262,0,0.0244312,0.00814375,0.0244312,0.00814375,0.0244312,0.00814375,0.0244312,0.00814375
227,1394.37,0.6903,0.87229,0.43996,0.00305,0.0488,0.92096,0.93939,0.98014,0.86613,0.90854,0.93655,0.97505,0.67695,0.54486,0.5034,0.30617,0.00297,0,0.0244065,0.0081355,0.0244065,0.0081355,0.0244065,0.0081355,0.0244065,0.0081355
228,1400.54,0.69633,0.9012,0.45081,0.00304,0.04627,0.93892,0.92593,0.97904,0.87909,0.93912,0.92593,0.97156,0.67135,0.51747,0.51585,0.29873,0.0027,0,0.0243817,0.00812725,0.0243817,0.00812725,0.0243817,0.00812725,0.0243817,0.00812725
229,1406.38,0.69927,0.85678,0.44364,0.00309,0.04685,0.95092,0.93266,0.98243,0.87658,0.93883,0.93603,0.97962,0.67265,0.54109,0.52409,0.29137,0.00285,0,0.024357,0.008119,0.024357,0.008119,0.024357,0.008119,0.024357,0.008119
230,1412.28,0.67638,0.82393,0.42384,0.00308,0.05975,0.93066,0.92256,0.97735,0.87657,0.92726,0.91919,0.97651,0.67321,0.50618,0.49709,0.32508,0.0027,0,0.0243322,0.00811075,0.0243322,0.00811075,0.0243322,0.00811075,0.0243322,0.00811075
231,1418.54,0.69452,0.86521,0.4325,0.00305,0.04883,0.90699,0.93266,0.97757,0.86624,0.90699,0.93266,0.97726,0.6707,0.54778,0.49996,0.33037,0.00301,0,0.0243075,0.0081025,0.0243075,0.0081025,0.0243075,0.0081025,0.0243075,0.0081025
232,1424.58,0.6948,0.84072,0.44186,0.00307,0.03917,0.92932,0.9297,0.9789,0.85554,0.92926,0.92888,0.97754,0.67552,0.56272,0.51862,0.31069,0.00303,0,0.0242827,0.00809425,0.0242827,0.00809425,0.0242827,0.00809425,0.0242827,0.00809425
233,1430.69,0.69136,0.85452,0.43107,0.00309,0.05299,0.92672,0.93673,0.97966,0.87029,0.92339,0.93337,0.97717,0.68899,0.5345,0.49455,0.29545,0.00281,0,0.024258,0.008086,0.024258,0.008086,0.024258,0.008086,0.024258,0.008086
234,1436.89,0.70088,0.89213,0.43682,0.00312,0.04205,0.91578,0.92929,0.97897,0.87422,0.9114,0.93521,0.97747,0.67763,0.51899,0.50068,0.29838,0.00279,0,0.0242333,0.00807775,0.0242333,0.00807775,0.0242333,0.00807775,0.0242333,0.00807775
235,1442.85,0.69054,0.86967,0.43962,0.003,0.05512,0.92782,0.93603,0.97611,0.87714,0.92944,0.93138,0.97301,0.6661,0.50489,0.51913,0.29809,0.00259,0,0.0242085,0.0080695,0.0242085,0.0080695,0.0242085,0.0080695,0.0242085,0.0080695
236,1448.78,0.70035,0.87004,0.44266,0.0031,0.05973,0.93085,0.93603,0.97858,0.8735,0.9342,0.93939,0.97852,0.68403,0.50765,0.49469,0.30208,0.00265,0,0.0241837,0.00806125,0.0241837,0.00806125,0.0241837,0.00806125,0.0241837,0.00806125
237,1454.72,0.68942,0.88258,0.43781,0.00295,0.07775,0.9458,0.94276,0.98138,0.88254,0.9493,0.94613,0.98056,0.69409,0.5129,0.4982,0.28301,0.00273,0,0.024159,0.008053,0.024159,0.008053,0.024159,0.008053,0.024159,0.008053
238,1461.04,0.67664,0.8435,0.43315,0.00304,0.06778,0.94797,0.92022,0.98289,0.88314,0.92723,0.94949,0.98264,0.67413,0.49656,0.52144,0.26459,0.00261,0,0.0241342,0.00804475,0.0241342,0.00804475,0.0241342,0.00804475,0.0241342,0.00804475
239,1467.08,0.66433,0.84913,0.42325,0.00294,0.0423,0.92399,0.9596,0.98273,0.87935,0.9206,0.95623,0.97883,0.67755,0.50256,0.50914,0.284,0.00258,0,0.0241095,0.0080365,0.0241095,0.0080365,0.0241095,0.0080365,0.0241095,0.0080365
240,1473.14,0.67781,0.85293,0.42931,0.00296,0.04724,0.94439,0.95286,0.98374,0.88103,0.93707,0.94613,0.98234,0.6845,0.50697,0.49802,0.26954,0.00262,0,0.0240847,0.00802825,0.0240847,0.00802825,0.0240847,0.00802825,0.0240847,0.00802825
241,1479.1,0.69433,0.84748,0.43979,0.00307,0.08092,0.94918,0.94338,0.98278,0.87376,0.94918,0.94338,0.98141,0.68102,0.52533,0.51353,0.27323,0.00266,0,0.02406,0.00802,0.02406,0.00802,0.02406,0.00802,0.02406,0.00802
242,1485.07,0.68656,0.81808,0.41574,0.00309,0.0467,0.93583,0.9596,0.98537,0.88551,0.93255,0.95623,0.98055,0.67416,0.49732,0.51297,0.25537,0.00253,0,0.0240353,0.00801175,0.0240353,0.00801175,0.0240353,0.00801175,0.0240353,0.00801175
243,1491.28,0.67044,0.81372,0.41262,0.00305,0.04187,0.93019,0.95623,0.98289,0.87471,0.92364,0.94949,0.97967,0.66893,0.52799,0.49955,0.27469,0.00277,0,0.0240105,0.0080035,0.0240105,0.0080035,0.0240105,0.0080035,0.0240105,0.0080035
244,1497.18,0.67092,0.81024,0.41828,0.00298,0.05377,0.96737,0.93266,0.98819,0.88135,0.9682,0.92267,0.98447,0.67151,0.52595,0.52335,0.24703,0.00274,0,0.0239858,0.00799525,0.0239858,0.00799525,0.0239858,0.00799525,0.0239858,0.00799525
245,1503.3,0.68312,0.84158,0.4198,0.00306,0.04398,0.96093,0.92256,0.9843,0.87664,0.96093,0.92256,0.98289,0.67033,0.51829,0.52331,0.27655,0.00274,0,0.023961,0.007987,0.023961,0.007987,0.023961,0.007987,0.023961,0.007987
246,1509.27,0.69871,0.86579,0.43994,0.00311,0.05407,0.96245,0.92929,0.98381,0.87905,0.96245,0.92929,0.98401,0.6869,0.53088,0.52831,0.27141,0.00282,0,0.0239363,0.00797875,0.0239363,0.00797875,0.0239363,0.00797875,0.0239363,0.00797875
247,1515.29,0.67885,0.82448,0.41817,0.0031,0.05322,0.93923,0.95286,0.98323,0.87353,0.93677,0.94782,0.98257,0.6773,0.5191,0.49777,0.28032,0.00283,0,0.0239115,0.0079705,0.0239115,0.0079705,0.0239115,0.0079705,0.0239115,0.0079705
248,1521.2,0.68459,0.82226,0.42828,0.00313,0.05115,0.94278,0.94309,0.98528,0.87272,0.94563,0.93691,0.98231,0.6807,0.52635,0.50353,0.27365,0.00279,0,0.0238868,0.00796225,0.0238868,0.00796225,0.0238868,0.00796225,0.0238868,0.00796225
249,1527.48,0.67349,0.81851,0.40963,0.00306,0.04743,0.9529,0.9537,0.98719,0.88726,0.95274,0.95023,0.98685,0.67427,0.49418,0.49108,0.23613,0.00253,0,0.023862,0.007954,0.023862,0.007954,0.023862,0.007954,0.023862,0.007954
250,1533.58,0.67856,0.88283,0.43109,0.00289,0.05726,0.94664,0.95577,0.98594,0.86591,0.94651,0.95323,0.98755,0.68091,0.56669,0.47691,0.25681,0.00301,0,0.0238373,0.00794575,0.0238373,0.00794575,0.0238373,0.00794575,0.0238373,0.00794575
251,1539.49,0.6774,0.8509,0.42431,0.00306,0.06084,0.95905,0.94632,0.98811,0.86885,0.95905,0.94632,0.98805,0.68655,0.56214,0.48083,0.27106,0.00315,0,0.0238125,0.0079375,0.0238125,0.0079375,0.0238125,0.0079375,0.0238125,0.0079375
252,1545.58,0.69397,0.81606,0.4219,0.00315,0.04355,0.94675,0.94949,0.98579,0.87664,0.94675,0.94949,0.98579,0.67513,0.51879,0.49367,0.27192,0.00268,0,0.0237877,0.00792925,0.0237877,0.00792925,0.0237877,0.00792925,0.0237877,0.00792925
253,1551.78,0.6773,0.85485,0.42196,0.00297,0.04155,0.94356,0.95687,0.98646,0.87953,0.94024,0.95351,0.98349,0.68335,0.52018,0.49681,0.25741,0.00275,0,0.023763,0.007921,0.023763,0.007921,0.023763,0.007921,0.023763,0.007921
254,1557.7,0.67351,0.77948,0.41071,0.00317,0.05726,0.95869,0.92929,0.98497,0.88243,0.96256,0.93266,0.98608,0.69146,0.50277,0.4919,0.25439,0.00262,0,0.0237383,0.00791275,0.0237383,0.00791275,0.0237383,0.00791275,0.0237383,0.00791275
255,1563.67,0.68657,0.84362,0.4201,0.00302,0.07008,0.96226,0.94421,0.98723,0.88752,0.96233,0.94606,0.98666,0.70578,0.50573,0.48537,0.24928,0.00273,0,0.0237135,0.0079045,0.0237135,0.0079045,0.0237135,0.0079045,0.0237135,0.0079045
256,1569.84,0.67906,0.82224,0.42186,0.00307,0.04619,0.94015,0.96296,0.98792,0.88664,0.94344,0.96633,0.98923,0.69663,0.51062,0.47294,0.24728,0.00261,0,0.0236888,0.00789625,0.0236888,0.00789625,0.0236888,0.00789625,0.0236888,0.00789625
257,1575.83,0.67105,0.80368,0.41774,0.00303,0.04807,0.90168,0.95623,0.98327,0.88025,0.90168,0.95623,0.98311,0.68003,0.5142,0.47652,0.26391,0.00265,0,0.023664,0.007888,0.023664,0.007888,0.023664,0.007888,0.023664,0.007888
258,1581.74,0.68364,0.84535,0.42452,0.00301,0.06448,0.9475,0.9596,0.98732,0.87602,0.95082,0.96296,0.98891,0.67849,0.5357,0.50138,0.26884,0.00293,0,0.0236393,0.00787975,0.0236393,0.00787975,0.0236393,0.00787975,0.0236393,0.00787975
259,1587.88,0.68765,0.86987,0.42349,0.00299,0.06319,0.95259,0.94613,0.98837,0.88207,0.95598,0.94949,0.9896,0.68012,0.52948,0.49788,0.24561,0.00285,0,0.0236145,0.0078715,0.0236145,0.0078715,0.0236145,0.0078715,0.0236145,0.0078715
260,1593.96,0.68066,0.82212,0.4205,0.00303,0.04091,0.95709,0.93603,0.98714,0.87966,0.95709,0.93603,0.98682,0.67254,0.53417,0.48886,0.25241,0.0029,0,0.0235897,0.00786325,0.0235897,0.00786325,0.0235897,0.00786325,0.0235897,0.00786325
261,1599.98,0.66373,0.80114,0.41323,0.00305,0.05512,0.95201,0.94276,0.98598,0.88089,0.95201,0.94276,0.98544,0.69427,0.52745,0.49321,0.26157,0.00296,0,0.023565,0.007855,0.023565,0.007855,0.023565,0.007855,0.023565,0.007855
262,1606.04,0.67624,0.84546,0.42321,0.00298,0.05812,0.94607,0.96296,0.98626,0.8847,0.94525,0.9596,0.98582,0.67826,0.51146,0.48206,0.25482,0.0028,0,0.0235402,0.00784675,0.0235402,0.00784675,0.0235402,0.00784675,0.0235402,0.00784675
263,1611.97,0.6723,0.81603,0.41632,0.00304,0.04566,0.90772,0.96051,0.98495,0.88121,0.93869,0.92786,0.98295,0.6894,0.51283,0.48565,0.27984,0.00268,0,0.0235155,0.0078385,0.0235155,0.0078385,0.0235155,0.0078385,0.0235155,0.0078385
264,1617.92,0.67162,0.81748,0.42437,0.00302,0.05266,0.93205,0.96988,0.98779,0.88457,0.9256,0.9635,0.98607,0.6919,0.4981,0.50397,0.26045,0.00259,0,0.0234907,0.00783025,0.0234907,0.00783025,0.0234907,0.00783025,0.0234907,0.00783025
265,1623.94,0.67386,0.85406,0.42552,0.00298,0.05712,0.92828,0.95879,0.98438,0.87701,0.93952,0.94147,0.98284,0.70087,0.5167,0.48805,0.27799,0.00274,0,0.023466,0.007822,0.023466,0.007822,0.023466,0.007822,0.023466,0.007822
266,1629.93,0.65806,0.81452,0.41227,0.00293,0.0421,0.95465,0.91582,0.98425,0.87955,0.95465,0.91582,0.98364,0.68915,0.51673,0.4912,0.26641,0.00278,0,0.0234413,0.00781375,0.0234413,0.00781375,0.0234413,0.00781375,0.0234413,0.00781375
267,1636.09,0.67362,0.81607,0.41195,0.00302,0.05676,0.95581,0.94667,0.98564,0.87681,0.95241,0.9433,0.9837,0.68266,0.51893,0.4924,0.24915,0.00276,0,0.0234165,0.0078055,0.0234165,0.0078055,0.0234165,0.0078055,0.0234165,0.0078055
268,1642.13,0.67056,0.7949,0.39992,0.00303,0.04322,0.93789,0.96633,0.98776,0.88201,0.9347,0.95623,0.98427,0.68954,0.52405,0.48412,0.26112,0.00277,0,0.0233917,0.00779725,0.0233917,0.00779725,0.0233917,0.00779725,0.0233917,0.00779725
269,1648.03,0.64589,0.81297,0.40284,0.00289,0.04479,0.9539,0.94613,0.98797,0.87185,0.95729,0.94949,0.9876,0.68726,0.56736,0.48218,0.256,0.0033,0,0.023367,0.007789,0.023367,0.007789,0.023367,0.007789,0.023367,0.007789
270,1653.98,0.66224,0.82552,0.40814,0.00297,0.05184,0.96947,0.93939,0.98917,0.88711,0.966,0.93603,0.98731,0.68875,0.51383,0.483,0.23354,0.0028,0,0.0233423,0.00778075,0.0233423,0.00778075,0.0233423,0.00778075,0.0233423,0.00778075
271,1659.99,0.67095,0.82903,0.41812,0.00289,0.04349,0.94746,0.97151,0.98877,0.89428,0.94622,0.9697,0.98868,0.68391,0.48964,0.50279,0.24379,0.00257,0,0.0233175,0.0077725,0.0233175,0.0077725,0.0233175,0.0077725,0.0233175,0.0077725
272,1666.16,0.67375,0.84896,0.4073,0.00292,0.04031,0.92055,0.97643,0.98573,0.88031,0.95841,0.93109,0.98718,0.68355,0.50917,0.50325,0.26521,0.00264,0,0.0232928,0.00776425,0.0232928,0.00776425,0.0232928,0.00776425,0.0232928,0.00776425
273,1672.13,0.65523,0.82363,0.39893,0.00288,0.03562,0.95263,0.94805,0.98738,0.87778,0.9309,0.95286,0.98587,0.67262,0.54434,0.50113,0.27254,0.0028,0,0.023268,0.007756,0.023268,0.007756,0.023268,0.007756,0.023268,0.007756
274,1678.18,0.66454,0.83445,0.41059,0.00291,0.07184,0.94918,0.94333,0.98584,0.8738,0.929,0.96927,0.986,0.6664,0.54328,0.48955,0.26622,0.00281,0,0.0232433,0.00774775,0.0232433,0.00774775,0.0232433,0.00774775,0.0232433,0.00774775
275,1684.37,0.66019,0.80444,0.40234,0.00297,0.04252,0.96152,0.9255,0.98585,0.87873,0.95802,0.92213,0.98361,0.69069,0.51438,0.47582,0.25589,0.00267,0,0.0232185,0.0077395,0.0232185,0.0077395,0.0232185,0.0077395,0.0232185,0.0077395
276,1690.58,0.66242,0.79849,0.39741,0.003,0.04026,0.95936,0.94276,0.98729,0.86932,0.95936,0.94276,0.98729,0.689,0.54921,0.48889,0.25379,0.00283,0,0.0231938,0.00773125,0.0231938,0.00773125,0.0231938,0.00773125,0.0231938,0.00773125
277,1696.45,0.66327,0.80735,0.40092,0.00292,0.04017,0.9534,0.96446,0.98847,0.88805,0.9534,0.96446,0.98847,0.6935,0.50917,0.48098,0.23519,0.00268,0,0.023169,0.007723,0.023169,0.007723,0.023169,0.007723,0.023169,0.007723
278,1702.53,0.66582,0.82959,0.40947,0.00293,0.0478,0.94261,0.94006,0.98502,0.8865,0.94158,0.92929,0.9834,0.69423,0.51081,0.48945,0.26621,0.0026,0,0.0231442,0.00771475,0.0231442,0.00771475,0.0231442,0.00771475,0.0231442,0.00771475
279,1708.43,0.63447,0.7848,0.40047,0.00293,0.04298,0.93041,0.93939,0.98503,0.88536,0.92708,0.93603,0.98311,0.68488,0.5268,0.4766,0.2555,0.00286,0,0.0231195,0.0077065,0.0231195,0.0077065,0.0231195,0.0077065,0.0231195,0.0077065
280,1714.66,0.65342,0.8173,0.40103,0.0028,0.0563,0.96733,0.92929,0.98625,0.88342,0.96382,0.92593,0.98424,0.68817,0.48838,0.48178,0.25281,0.00253,0,0.0230947,0.00769825,0.0230947,0.00769825,0.0230947,0.00769825,0.0230947,0.00769825
281,1720.67,0.64453,0.80057,0.40605,0.00275,0.06888,0.9431,0.94864,0.98569,0.88859,0.93993,0.9483,0.98246,0.68166,0.48615,0.47601,0.24577,0.00244,0,0.02307,0.00769,0.02307,0.00769,0.02307,0.00769,0.02307,0.00769
282,1726.69,0.65352,0.81065,0.39936,0.00299,0.04481,0.94656,0.95426,0.98794,0.88654,0.95255,0.94613,0.98734,0.68202,0.51228,0.47278,0.24997,0.00256,0,0.0230452,0.00768175,0.0230452,0.00768175,0.0230452,0.00768175,0.0230452,0.00768175
283,1732.74,0.65928,0.81837,0.4081,0.00292,0.09247,0.94347,0.95527,0.98557,0.88214,0.94679,0.95864,0.98629,0.7039,0.5158,0.46481,0.25004,0.00264,0,0.0230205,0.0076735,0.0230205,0.0076735,0.0230205,0.0076735,0.0230205,0.0076735
284,1738.78,0.66055,0.82118,0.40889,0.00288,0.05533,0.96849,0.9314,0.98746,0.88566,0.97199,0.93476,0.98684,0.69518,0.51167,0.47613,0.24372,0.00267,0,0.0229957,0.00766525,0.0229957,0.00766525,0.0229957,0.00766525,0.0229957,0.00766525
285,1744.73,0.64411,0.79286,0.4009,0.00292,0.04611,0.96011,0.94276,0.98852,0.89287,0.96354,0.94613,0.98881,0.68189,0.47986,0.48548,0.22706,0.00246,0,0.022971,0.007657,0.022971,0.007657,0.022971,0.007657,0.022971,0.007657
286,1750.73,0.6644,0.84342,0.39378,0.00286,0.04266,0.96172,0.93042,0.9858,0.88116,0.96868,0.93716,0.98797,0.66846,0.5092,0.47126,0.24114,0.00275,0,0.0229462,0.00764875,0.0229462,0.00764875,0.0229462,0.00764875,0.0229462,0.00764875
287,1756.83,0.66295,0.80263,0.39914,0.00296,0.03902,0.95943,0.95546,0.98901,0.8877,0.96281,0.95883,0.98988,0.67734,0.49788,0.47646,0.2355,0.00266,0,0.0229215,0.0076405,0.0229215,0.0076405,0.0229215,0.0076405,0.0229215,0.0076405
288,1763.03,0.65129,0.79578,0.39012,0.00291,0.03738,0.95323,0.9608,0.98927,0.88967,0.95323,0.9608,0.98949,0.6896,0.49141,0.46466,0.23529,0.0026,0,0.0228968,0.00763225,0.0228968,0.00763225,0.0228968,0.00763225,0.0228968,0.00763225
289,1769.08,0.65823,0.82647,0.40331,0.00296,0.04746,0.93803,0.96836,0.98821,0.88423,0.93803,0.96836,0.98844,0.68696,0.50594,0.46221,0.23546,0.0028,0,0.022872,0.007624,0.022872,0.007624,0.022872,0.007624,0.022872,0.007624
290,1775.04,0.66372,0.82224,0.40038,0.00294,0.04337,0.95825,0.92734,0.98525,0.87889,0.95825,0.92734,0.98525,0.69245,0.53339,0.46663,0.27427,0.00291,0,0.0228472,0.00761575,0.0228472,0.00761575,0.0228472,0.00761575,0.0228472,0.00761575
291,1781.04,0.66915,0.79712,0.40503,0.0031,0.06655,0.93111,0.9596,0.98657,0.86994,0.93438,0.96296,0.98697,0.6839,0.56136,0.47572,0.27557,0.00316,0,0.0228225,0.0076075,0.0228225,0.0076075,0.0228225,0.0076075,0.0228225,0.0076075
292,1787.36,0.65848,0.80321,0.40512,0.00292,0.05056,0.93355,0.94276,0.98507,0.88437,0.93355,0.94276,0.98449,0.68917,0.51697,0.47521,0.26523,0.0026,0,0.0227978,0.00759925,0.0227978,0.00759925,0.0227978,0.00759925,0.0227978,0.00759925
293,1793.48,0.65595,0.79408,0.39138,0.00289,0.05845,0.94696,0.96173,0.98802,0.896,0.94696,0.96173,0.98799,0.69084,0.48067,0.48299,0.2392,0.00248,0,0.022773,0.007591,0.022773,0.007591,0.022773,0.007591,0.022773,0.007591
294,1799.48,0.65787,0.78569,0.38638,0.00298,0.04725,0.94865,0.9596,0.98902,0.88922,0.95198,0.96296,0.99015,0.68254,0.49955,0.47195,0.22652,0.00254,0,0.0227483,0.00758275,0.0227483,0.00758275,0.0227483,0.00758275,0.0227483,0.00758275
295,1805.33,0.65688,0.78987,0.39832,0.00292,0.0433,0.97075,0.92593,0.9876,0.89495,0.97075,0.92593,0.98748,0.68831,0.47643,0.47143,0.23195,0.00247,0,0.0227235,0.0075745,0.0227235,0.0075745,0.0227235,0.0075745,0.0227235,0.0075745
296,1811.39,0.64434,0.79498,0.38759,0.00288,0.04768,0.9211,0.94613,0.98294,0.88915,0.9211,0.94613,0.98398,0.69168,0.48981,0.47141,0.27781,0.00256,0,0.0226988,0.00756625,0.0226988,0.00756625,0.0226988,0.00756625,0.0226988,0.00756625
297,1817.49,0.64105,0.78974,0.3904,0.00283,0.04547,0.96105,0.91384,0.98441,0.88937,0.96105,0.91384,0.98449,0.69732,0.49209,0.49159,0.26,0.00251,0,0.022674,0.007558,0.022674,0.007558,0.022674,0.007558,0.022674,0.007558
298,1823.43,0.64441,0.79996,0.39529,0.00292,0.04048,0.95812,0.92432,0.98332,0.89226,0.96161,0.92769,0.98598,0.69405,0.47604,0.46573,0.26026,0.00242,0,0.0226492,0.00754975,0.0226492,0.00754975,0.0226492,0.00754975,0.0226492,0.00754975
299,1829.4,0.63931,0.8095,0.40101,0.00287,0.06622,0.93035,0.9596,0.98351,0.88601,0.93361,0.96296,0.98452,0.69739,0.50036,0.48944,0.26824,0.00262,0,0.0226245,0.0075415,0.0226245,0.0075415,0.0226245,0.0075415,0.0226245,0.0075415
300,1835.43,0.63679,0.81519,0.40361,0.00285,0.05883,0.97351,0.91582,0.98257,0.88459,0.97351,0.91582,0.98326,0.69022,0.49087,0.49484,0.26386,0.00257,0,0.0225997,0.00753325,0.0225997,0.00753325,0.0225997,0.00753325,0.0225997,0.00753325
301,1841.37,0.6423,0.79393,0.40069,0.00286,0.08643,0.9465,0.95286,0.98387,0.88695,0.94468,0.95286,0.98633,0.68607,0.48965,0.48896,0.25883,0.00252,0,0.022575,0.007525,0.022575,0.007525,0.022575,0.007525,0.022575,0.007525
302,1847.27,0.66138,0.81226,0.40823,0.00294,0.05578,0.93757,0.9608,0.98253,0.8845,0.93757,0.9608,0.98479,0.69188,0.49598,0.48165,0.26384,0.00259,0,0.0225502,0.00751675,0.0225502,0.00751675,0.0225502,0.00751675,0.0225502,0.00751675
303,1853.29,0.6454,0.82324,0.40369,0.00277,0.05932,0.92308,0.95623,0.98121,0.88947,0.92958,0.96296,0.98242,0.6763,0.47837,0.48,0.27665,0.00248,0,0.0225255,0.0075085,0.0225255,0.0075085,0.0225255,0.0075085,0.0225255,0.0075085
304,1859.49,0.63895,0.79604,0.39469,0.00284,0.05623,0.93666,0.9697,0.98785,0.88221,0.94549,0.95623,0.98642,0.6702,0.51237,0.48675,0.24247,0.00274,0,0.0225007,0.00750025,0.0225007,0.00750025,0.0225007,0.00750025,0.0225007,0.00750025
305,1865.44,0.63902,0.78488,0.39538,0.00279,0.05263,0.91062,0.9697,0.98369,0.87943,0.92325,0.97201,0.98562,0.67235,0.50807,0.48545,0.26998,0.00258,0,0.022476,0.007492,0.022476,0.007492,0.022476,0.007492,0.022476,0.007492
306,1871.54,0.65587,0.80961,0.39859,0.0029,0.04016,0.9657,0.94802,0.98506,0.88729,0.96913,0.95139,0.98721,0.67169,0.47933,0.47656,0.24661,0.0025,0,0.0224512,0.00748375,0.0224512,0.00748375,0.0224512,0.00748375,0.0224512,0.00748375
307,1877.36,0.64387,0.77201,0.39368,0.00293,0.04716,0.98231,0.92593,0.98673,0.88746,0.98231,0.92593,0.98552,0.68029,0.50382,0.46545,0.24969,0.00282,0,0.0224265,0.0074755,0.0224265,0.0074755,0.0224265,0.0074755,0.0224265,0.0074755
308,1883.34,0.64055,0.76888,0.37907,0.00287,0.05004,0.98016,0.90909,0.98687,0.89057,0.98016,0.90909,0.98677,0.69402,0.49385,0.45064,0.24795,0.00247,0,0.0224017,0.00746725,0.0224017,0.00746725,0.0224017,0.00746725,0.0224017,0.00746725
309,1889.34,0.65424,0.8281,0.39505,0.00285,0.06226,0.94664,0.95581,0.98913,0.88017,0.94331,0.95245,0.9862,0.68758,0.52433,0.46422,0.23792,0.00276,0,0.022377,0.007459,0.022377,0.007459,0.022377,0.007459,0.022377,0.007459
310,1895.24,0.63476,0.74924,0.38814,0.00291,0.05848,0.95126,0.97306,0.98932,0.89519,0.95354,0.96735,0.9886,0.68618,0.46975,0.45548,0.22575,0.00245,0,0.0223522,0.00745075,0.0223522,0.00745075,0.0223522,0.00745075,0.0223522,0.00745075
311,1901.35,0.65522,0.80988,0.40228,0.00283,0.04656,0.93558,0.96296,0.98761,0.89343,0.9287,0.96487,0.98475,0.69448,0.49922,0.46622,0.243,0.00258,0,0.0223275,0.0074425,0.0223275,0.0074425,0.0223275,0.0074425,0.0223275,0.0074425
312,1907.57,0.65101,0.79301,0.37996,0.00292,0.03619,0.9315,0.96158,0.9866,0.89731,0.92824,0.95821,0.98329,0.69841,0.47823,0.45887,0.25727,0.00244,0,0.0223027,0.00743425,0.0223027,0.00743425,0.0223027,0.00743425,0.0223027,0.00743425
313,1913.54,0.63562,0.80956,0.38307,0.00281,0.08676,0.94718,0.9661,0.98803,0.88629,0.94388,0.96274,0.98565,0.69084,0.50512,0.47561,0.24603,0.00261,0,0.022278,0.007426,0.022278,0.007426,0.022278,0.007426,0.022278,0.007426
314,1919.6,0.65717,0.81678,0.39894,0.00283,0.06349,0.94283,0.94389,0.98649,0.89105,0.94619,0.94726,0.98712,0.68802,0.48066,0.46442,0.25768,0.00246,0,0.0222533,0.00741775,0.0222533,0.00741775,0.0222533,0.00741775,0.0222533,0.00741775
315,1925.69,0.64724,0.80359,0.38506,0.00282,0.06461,0.94927,0.93266,0.98358,0.89481,0.94927,0.93266,0.98487,0.68575,0.44801,0.46916,0.25476,0.0023,0,0.0222285,0.0074095,0.0222285,0.0074095,0.0222285,0.0074095,0.0222285,0.0074095
316,1931.69,0.6388,0.78226,0.39337,0.00278,0.04575,0.97154,0.91949,0.98473,0.89301,0.96798,0.91621,0.98249,0.68126,0.47346,0.4744,0.25766,0.00255,0,0.0222038,0.00740125,0.0222038,0.00740125,0.0222038,0.00740125,0.0222038,0.00740125
317,1937.74,0.64163,0.80932,0.38874,0.00286,0.04159,0.93747,0.95911,0.98577,0.89106,0.93747,0.95911,0.98346,0.6803,0.49067,0.48138,0.25827,0.0026,0,0.022179,0.007393,0.022179,0.007393,0.022179,0.007393,0.022179,0.007393
318,1943.86,0.64568,0.81341,0.39547,0.00289,0.05938,0.95171,0.92896,0.98446,0.89409,0.95171,0.92896,0.98362,0.68131,0.48278,0.4708,0.27395,0.00249,0,0.0221543,0.00738475,0.0221543,0.00738475,0.0221543,0.00738475,0.0221543,0.00738475
319,1949.98,0.62882,0.79632,0.3869,0.00277,0.04534,0.95205,0.93593,0.98271,0.88457,0.94863,0.93256,0.98065,0.68253,0.50008,0.46713,0.27413,0.00257,0,0.0221295,0.0073765,0.0221295,0.0073765,0.0221295,0.0073765,0.0221295,0.0073765
320,1955.89,0.64205,0.80907,0.38961,0.0028,0.05602,0.93304,0.93939,0.98406,0.88822,0.94563,0.93939,0.98389,0.69236,0.48969,0.46045,0.26502,0.00252,0,0.0221047,0.00736825,0.0221047,0.00736825,0.0221047,0.00736825,0.0221047,0.00736825
321,1961.67,0.64843,0.79429,0.38708,0.00285,0.05883,0.96187,0.93426,0.98589,0.88923,0.96532,0.93725,0.98563,0.69159,0.49908,0.46226,0.26382,0.00261,0,0.02208,0.00736,0.02208,0.00736,0.02208,0.00736,0.02208,0.00736
322,1967.79,0.6303,0.78169,0.389,0.00278,0.04889,0.94783,0.92593,0.9848,0.89368,0.95128,0.92929,0.98544,0.68837,0.46644,0.45852,0.25978,0.0024,0,0.0220552,0.00735175,0.0220552,0.00735175,0.0220552,0.00735175,0.0220552,0.00735175
323,1973.76,0.63588,0.79818,0.38832,0.00269,0.08144,0.94786,0.9596,0.98692,0.89011,0.95052,0.96296,0.98831,0.68708,0.48382,0.46339,0.24988,0.00253,0,0.0220305,0.0073435,0.0220305,0.0073435,0.0220305,0.0073435,0.0220305,0.0073435
324,1979.69,0.63748,0.77109,0.37785,0.00282,0.03769,0.95972,0.93603,0.98581,0.89831,0.94192,0.95286,0.98672,0.68825,0.45957,0.46463,0.24172,0.00235,0,0.0220057,0.00733525,0.0220057,0.00733525,0.0220057,0.00733525,0.0220057,0.00733525
325,1985.64,0.63127,0.78385,0.37735,0.00282,0.06246,0.92512,0.96633,0.98668,0.89118,0.92512,0.96633,0.98613,0.68061,0.48327,0.47754,0.24031,0.00246,0,0.021981,0.007327,0.021981,0.007327,0.021981,0.007327,0.021981,0.007327
326,1991.73,0.62936,0.79176,0.38613,0.00278,0.05797,0.98224,0.93108,0.98878,0.88619,0.98224,0.93108,0.98769,0.68761,0.49956,0.46842,0.23682,0.00256,0,0.0219563,0.00731875,0.0219563,0.00731875,0.0219563,0.00731875,0.0219563,0.00731875
327,1997.69,0.64103,0.79642,0.38432,0.00283,0.04513,0.95457,0.94613,0.98754,0.8889,0.96775,0.93266,0.98558,0.69776,0.49731,0.46326,0.24049,0.00261,0,0.0219315,0.0073105,0.0219315,0.0073105,0.0219315,0.0073105,0.0219315,0.0073105
328,2003.76,0.64337,0.79059,0.38923,0.00284,0.06492,0.95228,0.93603,0.9879,0.90341,0.95228,0.93603,0.9879,0.69276,0.47361,0.44743,0.23512,0.0025,0,0.0219067,0.00730225,0.0219067,0.00730225,0.0219067,0.00730225,0.0219067,0.00730225
329,2010.19,0.64146,0.78216,0.37924,0.00281,0.04518,0.9729,0.93266,0.98667,0.89454,0.94326,0.9596,0.98761,0.7064,0.481,0.4494,0.24299,0.00252,0,0.021882,0.007294,0.021882,0.007294,0.021882,0.007294,0.021882,0.007294
330,2016.44,0.63118,0.76656,0.37167,0.00281,0.04844,0.96206,0.93917,0.98564,0.89419,0.96551,0.94253,0.98624,0.68989,0.48946,0.4565,0.25257,0.00253,0,0.0218572,0.00728575,0.0218572,0.00728575,0.0218572,0.00728575,0.0218572,0.00728575
331,2022.56,0.64406,0.79968,0.40258,0.00283,0.05784,0.94596,0.94293,0.98429,0.88791,0.94596,0.94293,0.98314,0.69252,0.5027,0.45989,0.25918,0.0026,0,0.0218325,0.0072775,0.0218325,0.0072775,0.0218325,0.0072775,0.0218325,0.0072775
332,2028.43,0.6364,0.77283,0.36891,0.00287,0.05195,0.92819,0.95742,0.9858,0.88352,0.93145,0.96078,0.98751,0.69676,0.49744,0.45024,0.24079,0.00272,0,0.0218077,0.00726925,0.0218077,0.00726925,0.0218077,0.00726925,0.0218077,0.00726925
333,2034.4,0.62803,0.77569,0.37247,0.00282,0.05182,0.98576,0.9322,0.98875,0.88965,0.98576,0.9322,0.98875,0.69631,0.50955,0.46377,0.23186,0.00271,0,0.021783,0.007261,0.021783,0.007261,0.021783,0.007261,0.021783,0.007261
334,2040.58,0.63597,0.80078,0.38645,0.00271,0.04837,0.96892,0.94464,0.9887,0.89587,0.96892,0.94464,0.98805,0.6966,0.48322,0.46557,0.23317,0.00249,0,0.0217582,0.00725275,0.0217582,0.00725275,0.0217582,0.00725275,0.0217582,0.00725275
335,2046.7,0.63809,0.76711,0.37067,0.00278,0.0428,0.97603,0.94613,0.98904,0.89672,0.97762,0.94613,0.98827,0.6998,0.47951,0.44117,0.22412,0.00244,0,0.0217335,0.0072445,0.0217335,0.0072445,0.0217335,0.0072445,0.0217335,0.0072445
336,2052.84,0.63056,0.78565,0.37611,0.00273,0.03988,0.99552,0.91919,0.98787,0.8909,0.99917,0.92256,0.98874,0.70472,0.47826,0.4445,0.24354,0.00244,0,0.0217087,0.00723625,0.0217087,0.00723625,0.0217087,0.00723625,0.0217087,0.00723625
337,2058.73,0.62147,0.77229,0.38171,0.0027,0.04211,0.97389,0.93266,0.98642,0.8991,0.97389,0.93266,0.98712,0.69203,0.45085,0.45051,0.23515,0.00224,0,0.021684,0.007228,0.021684,0.007228,0.021684,0.007228,0.021684,0.007228
338,2064.9,0.6353,0.76147,0.37503,0.00283,0.05192,0.96438,0.95286,0.98761,0.90065,0.96641,0.95623,0.98908,0.69469,0.46678,0.4635,0.24312,0.0024,0,0.0216593,0.00721975,0.0216593,0.00721975,0.0216593,0.00721975,0.0216593,0.00721975
339,2070.94,0.63906,0.77775,0.38178,0.00282,0.05115,0.95639,0.95286,0.98799,0.90113,0.95639,0.95286,0.98828,0.69687,0.46146,0.45968,0.22906,0.0024,0,0.0216345,0.0072115,0.0216345,0.0072115,0.0216345,0.0072115,0.0216345,0.0072115
340,2077.09,0.62488,0.76192,0.37099,0.00272,0.0426,0.95228,0.94276,0.9864,0.89633,0.95228,0.94276,0.9864,0.70288,0.47489,0.4612,0.23793,0.00244,0,0.0216098,0.00720325,0.0216098,0.00720325,0.0216098,0.00720325,0.0216098,0.00720325
341,2083.03,0.63036,0.7638,0.3794,0.00277,0.05503,0.93558,0.94949,0.98413,0.89285,0.93558,0.94949,0.98413,0.7024,0.46827,0.45616,0.25593,0.00242,0,0.021585,0.007195,0.021585,0.007195,0.021585,0.007195,0.021585,0.007195
342,2089.1,0.61932,0.73621,0.37153,0.00276,0.04672,0.96865,0.93615,0.98804,0.89507,0.96865,0.93615,0.98764,0.70783,0.48237,0.44583,0.23088,0.00257,0,0.0215602,0.00718675,0.0215602,0.00718675,0.0215602,0.00718675,0.0215602,0.00718675
343,2095.29,0.61583,0.75793,0.36708,0.00273,0.0469,0.9566,0.9596,0.98964,0.89563,0.9566,0.9596,0.98964,0.69943,0.4815,0.44835,0.21737,0.00252,0,0.0215355,0.0071785,0.0215355,0.0071785,0.0215355,0.0071785,0.0215355,0.0071785
344,2101.26,0.61961,0.77132,0.3644,0.00274,0.04689,0.97577,0.94927,0.9895,0.89409,0.97577,0.94927,0.98901,0.69922,0.49321,0.443,0.21797,0.00256,0,0.0215107,0.00717025,0.0215107,0.00717025,0.0215107,0.00717025,0.0215107,0.00717025
345,2107.37,0.63471,0.79634,0.37419,0.00282,0.03772,0.98586,0.93934,0.98988,0.89183,0.98586,0.93934,0.98907,0.69675,0.50585,0.44744,0.2235,0.00265,0,0.021486,0.007162,0.021486,0.007162,0.021486,0.007162,0.021486,0.007162
346,2113.33,0.6305,0.78523,0.36863,0.00271,0.06363,0.97575,0.94833,0.99068,0.90331,0.97575,0.94833,0.99054,0.70561,0.4727,0.45299,0.20959,0.00244,0,0.0214612,0.00715375,0.0214612,0.00715375,0.0214612,0.00715375,0.0214612,0.00715375
347,2119.34,0.64693,0.79359,0.38434,0.00282,0.04817,0.939,0.96633,0.98671,0.88064,0.94228,0.9697,0.98764,0.69717,0.51434,0.4582,0.24982,0.00252,0,0.0214365,0.0071455,0.0214365,0.0071455,0.0214365,0.0071455,0.0214365,0.0071455
348,2125.34,0.62469,0.74693,0.36021,0.00292,0.05024,0.9716,0.95286,0.98962,0.88547,0.97503,0.95623,0.99053,0.69846,0.50359,0.4635,0.21531,0.00257,0,0.0214117,0.00713725,0.0214117,0.00713725,0.0214117,0.00713725,0.0214117,0.00713725
349,2131.4,0.64859,0.80113,0.38054,0.00278,0.04042,0.97576,0.95623,0.99031,0.89325,0.9792,0.9596,0.99109,0.70994,0.50537,0.46066,0.21838,0.0026,0,0.021387,0.007129,0.021387,0.007129,0.021387,0.007129,0.021387,0.007129
350,2137.23,0.62848,0.76609,0.3715,0.00282,0.08118,0.95982,0.96516,0.99071,0.89461,0.95982,0.96516,0.99071,0.71132,0.50085,0.44522,0.21849,0.00259,0,0.0213622,0.00712075,0.0213622,0.00712075,0.0213622,0.00712075,0.0213622,0.00712075
351,2143.02,0.62557,0.76646,0.36299,0.0028,0.04088,0.97511,0.95623,0.99017,0.89097,0.97511,0.95623,0.99017,0.70243,0.52171,0.44057,0.23842,0.00277,0,0.0213375,0.0071125,0.0213375,0.0071125,0.0213375,0.0071125,0.0213375,0.0071125
352,2149.02,0.62624,0.77837,0.36793,0.00274,0.04174,0.9586,0.94949,0.98874,0.90564,0.9586,0.94949,0.98938,0.69753,0.45706,0.44742,0.22358,0.00234,0,0.0213127,0.00710425,0.0213127,0.00710425,0.0213127,0.00710425,0.0213127,0.00710425
353,2155.13,0.63306,0.77909,0.37053,0.00283,0.05808,0.94378,0.96098,0.98794,0.89646,0.94709,0.96435,0.9883,0.69172,0.48382,0.45339,0.23414,0.0026,0,0.021288,0.007096,0.021288,0.007096,0.021288,0.007096,0.021288,0.007096
354,2161.24,0.64471,0.78864,0.37576,0.00281,0.03999,0.95303,0.94613,0.98707,0.89636,0.95642,0.94949,0.98756,0.69909,0.45916,0.45218,0.24503,0.00241,0,0.0212632,0.00708775,0.0212632,0.00708775,0.0212632,0.00708775,0.0212632,0.00708775
355,2167.24,0.63477,0.78251,0.37255,0.00268,0.04539,0.952,0.95623,0.98743,0.89701,0.95535,0.9596,0.98837,0.68968,0.457,0.45762,0.23948,0.00236,0,0.0212385,0.0070795,0.0212385,0.0070795,0.0212385,0.0070795,0.0212385,0.0070795
356,2174.94,0.62472,0.75578,0.36745,0.00277,0.05897,0.95403,0.9783,0.99095,0.90967,0.9507,0.97403,0.99026,0.69199,0.45407,0.45417,0.20797,0.00234,0,0.0212137,0.00707125,0.0212137,0.00707125,0.0212137,0.00707125,0.0212137,0.00707125
357,2180.93,0.62894,0.77044,0.38005,0.00273,0.07032,0.96601,0.95693,0.98984,0.8982,0.96941,0.9603,0.99048,0.69541,0.48595,0.46483,0.21864,0.00259,0,0.021189,0.007063,0.021189,0.007063,0.021189,0.007063,0.021189,0.007063
358,2187.07,0.61014,0.76051,0.36288,0.00265,0.05878,0.96319,0.96913,0.99105,0.90738,0.96654,0.9725,0.99193,0.69983,0.45402,0.45634,0.20449,0.00235,0,0.0211642,0.00705475,0.0211642,0.00705475,0.0211642,0.00705475,0.0211642,0.00705475
359,2193.09,0.62541,0.78046,0.36833,0.0027,0.05674,0.96562,0.9697,0.99118,0.90869,0.96897,0.97306,0.99241,0.70194,0.45766,0.45389,0.20359,0.0024,0,0.0211395,0.0070465,0.0211395,0.0070465,0.0211395,0.0070465,0.0211395,0.0070465
360,2199.37,0.61685,0.7882,0.37047,0.00267,0.05432,0.96942,0.9608,0.99199,0.90011,0.96942,0.9608,0.99174,0.70245,0.46556,0.45178,0.20831,0.00248,0,0.0211147,0.00703825,0.0211147,0.00703825,0.0211147,0.00703825,0.0211147,0.00703825
361,2205.47,0.62854,0.77685,0.3691,0.00278,0.04872,0.96668,0.9697,0.99162,0.90587,0.96668,0.9697,0.99162,0.71325,0.46303,0.43953,0.20618,0.0024,0,0.02109,0.00703,0.02109,0.00703,0.02109,0.00703,0.02109,0.00703
362,2212.07,0.61335,0.72431,0.35376,0.00287,0.06109,0.96946,0.96185,0.99122,0.904,0.97285,0.96522,0.99192,0.713,0.45502,0.4396,0.20207,0.00236,0,0.0210653,0.00702175,0.0210653,0.00702175,0.0210653,0.00702175,0.0210653,0.00702175
363,2217.97,0.61422,0.73769,0.35657,0.00277,0.04597,0.9678,0.9596,0.99051,0.90557,0.9678,0.9596,0.99052,0.70298,0.45238,0.44863,0.21506,0.00234,0,0.0210405,0.0070135,0.0210405,0.0070135,0.0210405,0.0070135,0.0210405,0.0070135
364,2223.91,0.62875,0.75935,0.35731,0.00274,0.03547,0.94746,0.97152,0.99158,0.89568,0.9824,0.93979,0.99069,0.70684,0.49113,0.44719,0.21229,0.00253,0,0.0210157,0.00700525,0.0210157,0.00700525,0.0210157,0.00700525,0.0210157,0.00700525
365,2230.03,0.6114,0.74242,0.34468,0.00269,0.04047,0.9752,0.95286,0.9916,0.89248,0.97906,0.94451,0.99102,0.70725,0.48971,0.44651,0.21032,0.0025,0,0.020991,0.006997,0.020991,0.006997,0.020991,0.006997,0.020991,0.006997
366,2236.03,0.62478,0.7796,0.36384,0.00275,0.04049,0.95529,0.9596,0.98954,0.89231,0.95529,0.9596,0.98954,0.69071,0.48474,0.45358,0.22245,0.00245,0,0.0209662,0.00698875,0.0209662,0.00698875,0.0209662,0.00698875,0.0209662,0.00698875
367,2242.05,0.62528,0.74416,0.3648,0.00279,0.04353,0.9601,0.97221,0.991,0.9075,0.95762,0.9697,0.99107,0.68809,0.4527,0.45603,0.20954,0.00231,0,0.0209415,0.0069805,0.0209415,0.0069805,0.0209415,0.0069805,0.0209415,0.0069805
368,2247.96,0.62814,0.74531,0.36357,0.0028,0.05064,0.98366,0.95286,0.99217,0.90142,0.98366,0.95286,0.99216,0.69143,0.47301,0.44455,0.20514,0.00249,0,0.0209167,0.00697225,0.0209167,0.00697225,0.0209167,0.00697225,0.0209167,0.00697225
369,2254.07,0.61966,0.74071,0.35259,0.00285,0.04732,0.97898,0.9411,0.99091,0.89295,0.96948,0.96251,0.99141,0.71556,0.49902,0.44483,0.21198,0.0027,0,0.020892,0.006964,0.020892,0.006964,0.020892,0.006964,0.020892,0.006964
370,2260.19,0.63027,0.75286,0.36678,0.0029,0.04077,0.97597,0.97643,0.9933,0.89911,0.97172,0.98316,0.99352,0.71869,0.47274,0.43398,0.19313,0.00258,0,0.0208673,0.00695575,0.0208673,0.00695575,0.0208673,0.00695575,0.0208673,0.00695575
371,2266.29,0.62467,0.77615,0.36032,0.00275,0.04442,0.98612,0.96633,0.99218,0.90314,0.98612,0.96633,0.99259,0.71036,0.45844,0.44006,0.20601,0.00246,0,0.0208425,0.0069475,0.0208425,0.0069475,0.0208425,0.0069475,0.0208425,0.0069475
372,2272.39,0.61923,0.78051,0.36079,0.00273,0.04445,0.97708,0.95286,0.99005,0.89737,0.97708,0.95286,0.99018,0.70349,0.46998,0.44117,0.22226,0.00258,0,0.0208178,0.00693925,0.0208178,0.00693925,0.0208178,0.00693925,0.0208178,0.00693925
373,2278.45,0.61467,0.7675,0.34849,0.00263,0.04252,0.95627,0.95717,0.99002,0.90437,0.95627,0.95717,0.99002,0.71323,0.45417,0.44179,0.21478,0.00236,0,0.020793,0.006931,0.020793,0.006931,0.020793,0.006931,0.020793,0.006931
374,2284.58,0.63157,0.76201,0.35807,0.00277,0.04633,0.96688,0.9697,0.99256,0.90418,0.96688,0.9697,0.99245,0.71248,0.46639,0.44548,0.1961,0.00244,0,0.0207683,0.00692275,0.0207683,0.00692275,0.0207683,0.00692275,0.0207683,0.00692275
375,2290.56,0.61437,0.74752,0.35225,0.0028,0.0526,0.94004,0.97306,0.99001,0.89984,0.94695,0.96165,0.98968,0.71082,0.48112,0.44379,0.22228,0.00252,0,0.0207435,0.0069145,0.0207435,0.0069145,0.0207435,0.0069145,0.0207435,0.0069145
376,2296.5,0.62416,0.78946,0.36871,0.00271,0.03866,0.94825,0.93939,0.98795,0.89208,0.94825,0.93939,0.98795,0.70156,0.49555,0.44327,0.24335,0.00255,0,0.0207188,0.00690625,0.0207188,0.00690625,0.0207188,0.00690625,0.0207188,0.00690625
377,2302.63,0.6051,0.74475,0.34947,0.00264,0.0377,0.97528,0.93603,0.98937,0.89747,0.97528,0.93603,0.98937,0.69641,0.47033,0.46017,0.23001,0.00244,0,0.020694,0.006898,0.020694,0.006898,0.020694,0.006898,0.020694,0.006898
378,2308.69,0.59431,0.73843,0.37358,0.00273,0.04587,0.96614,0.96086,0.99028,0.89946,0.96614,0.96086,0.99028,0.71116,0.47223,0.45157,0.22777,0.00256,0,0.0206693,0.00688975,0.0206693,0.00688975,0.0206693,0.00688975,0.0206693,0.00688975
379,2314.66,0.62345,0.78827,0.36133,0.00261,0.03432,0.97886,0.93525,0.98956,0.9036,0.95324,0.96105,0.98985,0.6937,0.46818,0.47099,0.22016,0.00236,0,0.0206445,0.0068815,0.0206445,0.0068815,0.0206445,0.0068815,0.0206445,0.0068815
380,2320.99,0.60118,0.74884,0.35193,0.00259,0.03714,0.97916,0.94905,0.99062,0.90368,0.97916,0.94905,0.99062,0.7079,0.47184,0.45186,0.20788,0.00237,0,0.0206197,0.00687325,0.0206197,0.00687325,0.0206197,0.00687325,0.0206197,0.00687325
381,2327.14,0.61328,0.77018,0.35816,0.00266,0.03944,0.97165,0.93603,0.98891,0.90097,0.976,0.93603,0.98894,0.70333,0.46763,0.44613,0.22384,0.00242,0,0.020595,0.006865,0.020595,0.006865,0.020595,0.006865,0.020595,0.006865
382,2333.2,0.61395,0.78764,0.36659,0.00267,0.05086,0.9708,0.95623,0.99166,0.89635,0.97423,0.95623,0.99173,0.69499,0.48823,0.47473,0.21207,0.00247,0,0.0205703,0.00685675,0.0205703,0.00685675,0.0205703,0.00685675,0.0205703,0.00685675
383,2339.17,0.61805,0.77408,0.36246,0.00272,0.03933,0.96205,0.97306,0.99129,0.90572,0.96157,0.97306,0.99164,0.70018,0.45347,0.44663,0.20762,0.00232,0,0.0205455,0.0068485,0.0205455,0.0068485,0.0205455,0.0068485,0.0205455,0.0068485
384,2345.34,0.60835,0.74752,0.35118,0.00267,0.0408,0.98606,0.95297,0.99055,0.90043,0.98606,0.95297,0.99055,0.70117,0.47874,0.44595,0.21077,0.00259,0,0.0205208,0.00684025,0.0205208,0.00684025,0.0205208,0.00684025,0.0205208,0.00684025
385,2351.53,0.60643,0.74972,0.35962,0.00263,0.05142,0.97586,0.95262,0.99017,0.89605,0.97586,0.95262,0.9899,0.69763,0.48973,0.44211,0.22136,0.00263,0,0.020496,0.006832,0.020496,0.006832,0.020496,0.006832,0.020496,0.006832
386,2357.64,0.60923,0.76047,0.35709,0.00263,0.0399,0.96598,0.95623,0.98945,0.90684,0.96938,0.9596,0.98999,0.70361,0.45037,0.44725,0.22216,0.00228,0,0.0204712,0.00682375,0.0204712,0.00682375,0.0204712,0.00682375,0.0204712,0.00682375
387,2363.7,0.60974,0.73369,0.35411,0.00277,0.04311,0.93657,0.9697,0.99,0.91179,0.93657,0.9697,0.9905,0.70064,0.44829,0.45399,0.21103,0.00226,0,0.0204465,0.0068155,0.0204465,0.0068155,0.0204465,0.0068155,0.0204465,0.0068155
388,2369.76,0.60532,0.78422,0.35323,0.00256,0.06339,0.9476,0.97417,0.99028,0.90618,0.9476,0.97417,0.9904,0.69686,0.46047,0.45516,0.21301,0.00233,0,0.0204217,0.00680725,0.0204217,0.00680725,0.0204217,0.00680725,0.0204217,0.00680725
389,2375.79,0.603,0.73292,0.34981,0.00265,0.05741,0.97134,0.96296,0.99212,0.90834,0.96951,0.96342,0.99264,0.70329,0.46736,0.44307,0.20028,0.00239,0,0.020397,0.006799,0.020397,0.006799,0.020397,0.006799,0.020397,0.006799
390,2381.96,0.61269,0.77285,0.36039,0.00266,0.05657,0.97922,0.96296,0.99184,0.90373,0.97922,0.96296,0.99248,0.71031,0.46251,0.46552,0.20864,0.00241,0,0.0203722,0.00679075,0.0203722,0.00679075,0.0203722,0.00679075,0.0203722,0.00679075
391,2387.84,0.60782,0.75509,0.35491,0.00268,0.05501,0.97851,0.96296,0.99254,0.89719,0.97285,0.96506,0.99237,0.70822,0.47892,0.44292,0.20535,0.00248,0,0.0203475,0.0067825,0.0203475,0.0067825,0.0203475,0.0067825,0.0203475,0.0067825
392,2393.78,0.61055,0.73821,0.34965,0.00271,0.03518,0.94764,0.9751,0.99037,0.90236,0.94764,0.9751,0.99037,0.70811,0.45803,0.44823,0.21889,0.0024,0,0.0203228,0.00677425,0.0203228,0.00677425,0.0203228,0.00677425,0.0203228,0.00677425
393,2399.89,0.61736,0.78708,0.36441,0.00266,0.0464,0.94177,0.98022,0.98983,0.88777,0.94177,0.98022,0.98983,0.69779,0.5022,0.43876,0.22226,0.00268,0,0.020298,0.006766,0.020298,0.006766,0.020298,0.006766,0.020298,0.006766
394,2405.98,0.61588,0.74189,0.36468,0.0027,0.05459,0.96778,0.96296,0.99021,0.89187,0.96778,0.96296,0.99021,0.70204,0.49366,0.47376,0.22062,0.00245,0,0.0202732,0.00675775,0.0202732,0.00675775,0.0202732,0.00675775,0.0202732,0.00675775
395,2412.17,0.60958,0.74659,0.35592,0.00274,0.04555,0.98737,0.96296,0.9931,0.89824,0.97689,0.97643,0.99353,0.70484,0.46802,0.44655,0.18912,0.0023,0,0.0202485,0.0067495,0.0202485,0.0067495,0.0202485,0.0067495,0.0202485,0.0067495
396,2418.08,0.62661,0.80845,0.37393,0.00262,0.04077,0.97964,0.9721,0.99328,0.90667,0.97959,0.96969,0.99271,0.70027,0.45776,0.44821,0.19958,0.00228,0,0.0202238,0.00674125,0.0202238,0.00674125,0.0202238,0.00674125,0.0202238,0.00674125
397,2424.19,0.61259,0.74866,0.35796,0.0027,0.06382,0.96892,0.9697,0.99254,0.90244,0.97228,0.97306,0.99299,0.69701,0.46394,0.45587,0.19744,0.00236,0,0.020199,0.006733,0.020199,0.006733,0.020199,0.006733,0.020199,0.006733
398,2430.33,0.59966,0.74357,0.35795,0.00256,0.05226,0.96994,0.97764,0.99353,0.9125,0.96994,0.97764,0.99353,0.70258,0.45437,0.44801,0.18823,0.00229,0,0.0201743,0.00672475,0.0201743,0.00672475,0.0201743,0.00672475,0.0201743,0.00672475
399,2436.33,0.60571,0.72746,0.34278,0.00266,0.04306,0.97773,0.98653,0.99306,0.91005,0.97773,0.98653,0.99306,0.70637,0.46003,0.44032,0.18917,0.00238,0,0.0201495,0.0067165,0.0201495,0.0067165,0.0201495,0.0067165,0.0201495,0.0067165
400,2442.4,0.60818,0.75239,0.35621,0.00263,0.04414,0.98106,0.97306,0.99287,0.90819,0.98106,0.97306,0.99284,0.70256,0.46772,0.45287,0.18488,0.00242,0,0.0201248,0.00670825,0.0201248,0.00670825,0.0201248,0.00670825,0.0201248,0.00670825
401,2448.64,0.61727,0.77155,0.35954,0.00268,0.03734,0.97941,0.96112,0.99292,0.9016,0.97941,0.96112,0.99292,0.69463,0.48031,0.4522,0.19569,0.00247,0,0.0201,0.0067,0.0201,0.0067,0.0201,0.0067,0.0201,0.0067
402,2454.58,0.62123,0.77938,0.36338,0.00265,0.05689,0.95164,0.9798,0.99136,0.90233,0.95164,0.9798,0.99149,0.69778,0.47556,0.44537,0.20539,0.00243,0,0.0200752,0.00669175,0.0200752,0.00669175,0.0200752,0.00669175,0.0200752,0.00669175
403,2460.56,0.60454,0.75244,0.34933,0.00261,0.05099,0.95077,0.9596,0.98961,0.8991,0.95982,0.96514,0.99071,0.7029,0.47478,0.44319,0.22823,0.00253,0,0.0200505,0.0066835,0.0200505,0.0066835,0.0200505,0.0066835,0.0200505,0.0066835
404,2466.44,0.58939,0.71998,0.34092,0.00262,0.04318,0.96607,0.96296,0.99111,0.9094,0.96956,0.96633,0.9917,0.7026,0.44351,0.43786,0.19456,0.00226,0,0.0200258,0.00667525,0.0200258,0.00667525,0.0200258,0.00667525,0.0200258,0.00667525
405,2472.64,0.59991,0.72834,0.34379,0.00267,0.05955,0.96294,0.98316,0.99213,0.90699,0.96294,0.98316,0.99213,0.70643,0.4515,0.44142,0.19932,0.00228,0,0.020001,0.006667,0.020001,0.006667,0.020001,0.006667,0.020001,0.006667
406,2478.43,0.61468,0.78693,0.36366,0.00262,0.05965,0.97259,0.95566,0.99105,0.90187,0.97259,0.95566,0.99105,0.69281,0.4627,0.44347,0.21822,0.0024,0,0.0199762,0.00665875,0.0199762,0.00665875,0.0199762,0.00665875,0.0199762,0.00665875
407,2484.49,0.60551,0.73458,0.3505,0.00277,0.04741,0.97585,0.95223,0.99137,0.8997,0.97585,0.95223,0.99099,0.6996,0.47235,0.43646,0.20365,0.00241,0,0.0199515,0.0066505,0.0199515,0.0066505,0.0199515,0.0066505,0.0199515,0.0066505
408,2490.54,0.6007,0.74136,0.34991,0.00257,0.03715,0.95943,0.96633,0.99082,0.90596,0.95943,0.96633,0.99082,0.70081,0.46144,0.44439,0.20916,0.00231,0,0.0199268,0.00664225,0.0199268,0.00664225,0.0199268,0.00664225,0.0199268,0.00664225
409,2496.78,0.59069,0.71518,0.34413,0.00268,0.03866,0.96541,0.95286,0.99138,0.90663,0.96541,0.95286,0.99113,0.70595,0.44682,0.43586,0.21031,0.00228,0,0.019902,0.006634,0.019902,0.006634,0.019902,0.006634,0.019902,0.006634
410,2502.73,0.60664,0.72814,0.35439,0.00272,0.04816,0.98153,0.94613,0.99143,0.90652,0.98153,0.94613,0.99149,0.69972,0.45593,0.43733,0.2092,0.00232,0,0.0198772,0.00662575,0.0198772,0.00662575,0.0198772,0.00662575,0.0198772,0.00662575
411,2508.68,0.60517,0.76869,0.3548,0.00262,0.04006,0.95396,0.96633,0.99066,0.90689,0.95396,0.96633,0.99075,0.70199,0.45443,0.4453,0.21046,0.0023,0,0.0198525,0.0066175,0.0198525,0.0066175,0.0198525,0.0066175,0.0198525,0.0066175
412,2514.68,0.58726,0.71302,0.34233,0.00261,0.03795,0.95385,0.97438,0.99096,0.90113,0.95677,0.96884,0.9907,0.70855,0.46454,0.44108,0.20793,0.00236,0,0.0198277,0.00660925,0.0198277,0.00660925,0.0198277,0.00660925,0.0198277,0.00660925
413,2520.73,0.5998,0.76935,0.35799,0.00255,0.03306,0.97934,0.95779,0.9915,0.90492,0.97934,0.95779,0.99168,0.71517,0.46877,0.44466,0.20173,0.00233,0,0.019803,0.006601,0.019803,0.006601,0.019803,0.006601,0.019803,0.006601
414,2526.84,0.61238,0.74085,0.34931,0.00271,0.04299,0.96882,0.95623,0.99068,0.8994,0.97227,0.9596,0.99126,0.71319,0.486,0.44238,0.21161,0.00244,0,0.0197782,0.00659275,0.0197782,0.00659275,0.0197782,0.00659275,0.0197782,0.00659275
415,2532.74,0.59819,0.72977,0.34231,0.00268,0.05313,0.97137,0.9596,0.99058,0.90115,0.97496,0.96296,0.99132,0.70169,0.47437,0.4517,0.20913,0.00239,0,0.0197535,0.0065845,0.0197535,0.0065845,0.0197535,0.0065845,0.0197535,0.0065845
416,2538.83,0.59292,0.71863,0.34301,0.00271,0.04402,0.97292,0.9679,0.9918,0.89796,0.97631,0.97127,0.99244,0.70613,0.46989,0.45189,0.20519,0.00245,0,0.0197287,0.00657625,0.0197287,0.00657625,0.0197287,0.00657625,0.0197287,0.00657625
417,2544.84,0.61796,0.7582,0.35216,0.00268,0.0411,0.96979,0.97263,0.99118,0.90473,0.96913,0.97306,0.99108,0.71005,0.44923,0.44818,0.20707,0.00233,0,0.019704,0.006568,0.019704,0.006568,0.019704,0.006568,0.019704,0.006568
418,2550.68,0.61398,0.76083,0.35449,0.00263,0.06195,0.96888,0.97643,0.99267,0.90982,0.96888,0.97643,0.99267,0.7017,0.44933,0.44952,0.18737,0.00232,0,0.0196793,0.00655975,0.0196793,0.00655975,0.0196793,0.00655975,0.0196793,0.00655975
419,2556.69,0.58872,0.72132,0.33863,0.00255,0.0434,0.9724,0.94889,0.99115,0.9064,0.9724,0.94889,0.99115,0.702,0.45104,0.46399,0.20634,0.0023,0,0.0196545,0.0065515,0.0196545,0.0065515,0.0196545,0.0065515,0.0196545,0.0065515
420,2562.88,0.59481,0.72842,0.34565,0.00261,0.05993,0.96976,0.97184,0.99165,0.90976,0.96976,0.97184,0.99151,0.70508,0.44691,0.44727,0.19145,0.00223,0,0.0196298,0.00654325,0.0196298,0.00654325,0.0196298,0.00654325,0.0196298,0.00654325
421,2569.11,0.60821,0.75301,0.35084,0.00262,0.03692,0.9615,0.9697,0.99019,0.908,0.96484,0.97306,0.99078,0.71044,0.45439,0.4394,0.20161,0.00226,0,0.019605,0.006535,0.019605,0.006535,0.019605,0.006535,0.019605,0.006535
422,2575.23,0.6059,0.74789,0.34593,0.00263,0.0475,0.93886,0.98241,0.99027,0.91172,0.95855,0.96633,0.99109,0.70424,0.44599,0.44341,0.19482,0.00222,0,0.0195803,0.00652675,0.0195803,0.00652675,0.0195803,0.00652675,0.0195803,0.00652675
423,2581.23,0.60679,0.7615,0.35216,0.00258,0.06911,0.96116,0.96633,0.99087,0.89885,0.96794,0.97306,0.99193,0.70458,0.46053,0.43888,0.20121,0.00231,0,0.0195555,0.0065185,0.0195555,0.0065185,0.0195555,0.0065185,0.0195555,0.0065185
424,2587.48,0.59493,0.7423,0.35028,0.0026,0.0782,0.96592,0.95427,0.99024,0.90209,0.97273,0.96094,0.99186,0.70381,0.46754,0.4369,0.20974,0.00237,0,0.0195307,0.00651025,0.0195307,0.00651025,0.0195307,0.00651025,0.0195307,0.00651025
425,2593.48,0.58708,0.73286,0.33827,0.00252,0.04246,0.96873,0.9697,0.99131,0.90355,0.97209,0.97306,0.99175,0.70887,0.47285,0.4365,0.2047,0.00246,0,0.019506,0.006502,0.019506,0.006502,0.019506,0.006502,0.019506,0.006502
426,2599.46,0.60853,0.76581,0.35968,0.00265,0.04258,0.98246,0.96296,0.99235,0.90494,0.9859,0.96633,0.99288,0.70997,0.46809,0.43587,0.1953,0.00239,0,0.0194812,0.00649375,0.0194812,0.00649375,0.0194812,0.00649375,0.0194812,0.00649375
427,2605.48,0.60138,0.74965,0.33447,0.0026,0.03621,0.98976,0.97601,0.9937,0.91141,0.98973,0.97329,0.99394,0.7111,0.45733,0.43532,0.17959,0.00234,0,0.0194565,0.0064855,0.0194565,0.0064855,0.0194565,0.0064855,0.0194565,0.0064855
428,2611.83,0.61241,0.75697,0.35099,0.00262,0.04655,0.97944,0.96254,0.99281,0.91212,0.97944,0.96254,0.99285,0.71896,0.45808,0.43066,0.18677,0.00232,0,0.0194317,0.00647725,0.0194317,0.00647725,0.0194317,0.00647725,0.0194317,0.00647725
429,2617.84,0.59812,0.73241,0.34596,0.00269,0.03122,0.97293,0.9697,0.9922,0.91107,0.97631,0.97306,0.99271,0.72457,0.45421,0.43367,0.19591,0.00231,0,0.019407,0.006469,0.019407,0.006469,0.019407,0.006469,0.019407,0.006469
430,2623.89,0.58378,0.73635,0.34097,0.00254,0.03956,0.96308,0.96616,0.99132,0.89782,0.96644,0.96953,0.99174,0.71721,0.48168,0.42993,0.21031,0.00232,0,0.0193823,0.00646075,0.0193823,0.00646075,0.0193823,0.00646075,0.0193823,0.00646075
431,2629.93,0.60939,0.73398,0.34651,0.00264,0.05135,0.97385,0.95623,0.99159,0.90581,0.97728,0.9596,0.99198,0.72749,0.46815,0.42774,0.20268,0.00228,0,0.0193575,0.0064525,0.0193575,0.0064525,0.0193575,0.0064525,0.0193575,0.0064525
432,2636.14,0.59964,0.72944,0.33654,0.00262,0.04307,0.95701,0.97643,0.99112,0.91261,0.96047,0.98168,0.99261,0.71841,0.44414,0.43235,0.20504,0.00219,0,0.0193327,0.00644425,0.0193327,0.00644425,0.0193327,0.00644425,0.0193327,0.00644425
433,2642.19,0.59779,0.73109,0.34158,0.00267,0.03695,0.94788,0.97969,0.99119,0.9155,0.95113,0.98306,0.9919,0.71726,0.43862,0.4514,0.20564,0.0022,0,0.019308,0.006436,0.019308,0.006436,0.019308,0.006436,0.019308,0.006436
434,2648.2,0.60192,0.74545,0.33839,0.00256,0.06533,0.94162,0.97751,0.99108,0.91663,0.94811,0.98424,0.99155,0.71716,0.43383,0.43765,0.208,0.00223,0,0.0192832,0.00642775,0.0192832,0.00642775,0.0192832,0.00642775,0.0192832,0.00642775
435,2654.34,0.59914,0.7186,0.33815,0.00263,0.04272,0.96282,0.95912,0.99001,0.90772,0.96958,0.96585,0.99164,0.70767,0.4546,0.43797,0.21143,0.00237,0,0.0192585,0.0064195,0.0192585,0.0064195,0.0192585,0.0064195,0.0192585,0.0064195
436,2660.6,0.59927,0.75727,0.34326,0.00258,0.04495,0.97238,0.94844,0.99051,0.91233,0.94774,0.97699,0.99148,0.71059,0.42839,0.43245,0.20919,0.0022,0,0.0192337,0.00641125,0.0192337,0.00641125,0.0192337,0.00641125,0.0192337,0.00641125
437,2666.53,0.59252,0.72568,0.34066,0.00259,0.07102,0.94804,0.95623,0.98887,0.90325,0.95242,0.94351,0.98765,0.70929,0.45646,0.43619,0.2234,0.00246,0,0.019209,0.006403,0.019209,0.006403,0.019209,0.006403,0.019209,0.006403
438,2672.54,0.59979,0.74618,0.33064,0.00262,0.04504,0.95356,0.96784,0.99018,0.89398,0.95356,0.96784,0.99002,0.70913,0.49347,0.43182,0.21745,0.00279,0,0.0191842,0.00639475,0.0191842,0.00639475,0.0191842,0.00639475,0.0191842,0.00639475
439,2678.74,0.58165,0.7195,0.33895,0.00259,0.04049,0.96983,0.97412,0.99224,0.89765,0.96983,0.97412,0.99224,0.71318,0.47785,0.4346,0.21972,0.0027,0,0.0191595,0.0063865,0.0191595,0.0063865,0.0191595,0.0063865,0.0191595,0.0063865
440,2684.94,0.58179,0.71375,0.32384,0.00262,0.04358,0.96966,0.95286,0.99094,0.90493,0.97309,0.95623,0.99127,0.72244,0.45923,0.43167,0.21084,0.00243,0,0.0191347,0.00637825,0.0191347,0.00637825,0.0191347,0.00637825,0.0191347,0.00637825
441,2691.08,0.59594,0.73464,0.33887,0.00263,0.05043,0.95675,0.96824,0.99078,0.89971,0.96008,0.97161,0.99108,0.72329,0.47847,0.43104,0.21376,0.00252,0,0.01911,0.00637,0.01911,0.00637,0.01911,0.00637,0.01911,0.00637
442,2697.19,0.60001,0.75765,0.33956,0.00258,0.04176,0.97298,0.9699,0.9921,0.91109,0.97636,0.97326,0.99247,0.72784,0.45587,0.4281,0.19709,0.00233,0,0.0190853,0.00636175,0.0190853,0.00636175,0.0190853,0.00636175,0.0190853,0.00636175
443,2703.27,0.58494,0.73995,0.33365,0.00255,0.03662,0.93842,0.9798,0.98968,0.91074,0.94165,0.98316,0.9905,0.71149,0.44974,0.42693,0.21373,0.00225,0,0.0190605,0.0063535,0.0190605,0.0063535,0.0190605,0.0063535,0.0190605,0.0063535
444,2709.48,0.5796,0.70076,0.3302,0.0026,0.0427,0.94853,0.9798,0.99054,0.91359,0.95421,0.98316,0.99095,0.72087,0.44727,0.42569,0.21616,0.00225,0,0.0190358,0.00634525,0.0190358,0.00634525,0.0190358,0.00634525,0.0190358,0.00634525
445,2715.48,0.59882,0.73452,0.34767,0.00256,0.04387,0.94477,0.97913,0.99129,0.91761,0.95694,0.97274,0.99146,0.72273,0.43895,0.4263,0.20266,0.00226,0,0.019011,0.006337,0.019011,0.006337,0.019011,0.006337,0.019011,0.006337
446,2721.74,0.58278,0.70903,0.33553,0.00261,0.05234,0.9792,0.95108,0.99144,0.909,0.98597,0.95623,0.99214,0.72504,0.45264,0.42692,0.20792,0.00241,0,0.0189862,0.00632875,0.0189862,0.00632875,0.0189862,0.00632875,0.0189862,0.00632875
447,2727.7,0.59172,0.72066,0.34789,0.00263,0.04426,0.98595,0.94538,0.99084,0.89976,0.98947,0.94875,0.99195,0.72132,0.47202,0.42953,0.21094,0.00261,0,0.0189615,0.0063205,0.0189615,0.0063205,0.0189615,0.0063205,0.0189615,0.0063205
448,2733.94,0.57809,0.71006,0.32698,0.00258,0.03853,0.95664,0.96579,0.99136,0.90324,0.96331,0.97252,0.99238,0.71204,0.45666,0.43174,0.21557,0.00229,0,0.0189367,0.00631225,0.0189367,0.00631225,0.0189367,0.00631225,0.0189367,0.00631225
449,2739.94,0.59244,0.73065,0.32979,0.00257,0.0455,0.94154,0.97614,0.9907,0.90121,0.94467,0.97731,0.99147,0.70912,0.4593,0.43034,0.21276,0.00227,0,0.018912,0.006304,0.018912,0.006304,0.018912,0.006304,0.018912,0.006304
450,2745.95,0.5969,0.74888,0.34388,0.00259,0.03836,0.97581,0.95074,0.99242,0.90749,0.97927,0.95443,0.99278,0.70824,0.44482,0.43119,0.19298,0.0022,0,0.0188872,0.00629575,0.0188872,0.00629575,0.0188872,0.00629575,0.0188872,0.00629575
451,2751.98,0.6051,0.70891,0.33616,0.00262,0.03616,0.96312,0.96718,0.99211,0.90618,0.98269,0.95553,0.99205,0.71339,0.45273,0.42555,0.19739,0.00228,0,0.0188625,0.0062875,0.0188625,0.0062875,0.0188625,0.0062875,0.0188625,0.0062875
452,2758.17,0.57848,0.71425,0.33145,0.00258,0.04262,0.97368,0.96633,0.99219,0.90683,0.97926,0.97643,0.99335,0.71194,0.45415,0.42158,0.18377,0.00231,0,0.0188377,0.00627925,0.0188377,0.00627925,0.0188377,0.00627925,0.0188377,0.00627925
453,2764.03,0.59369,0.7154,0.33655,0.00262,0.04039,0.97708,0.95623,0.99268,0.91247,0.95155,0.99198,0.99293,0.72083,0.44131,0.42561,0.18924,0.00222,0,0.018813,0.006271,0.018813,0.006271,0.018813,0.006271,0.018813,0.006271
454,2769.96,0.59042,0.73914,0.33153,0.0026,0.03896,0.96263,0.96296,0.99035,0.90566,0.96936,0.9697,0.9916,0.71511,0.43846,0.42382,0.21169,0.00221,0,0.0187882,0.00626275,0.0187882,0.00626275,0.0187882,0.00626275,0.0187882,0.00626275
455,2776.14,0.58188,0.69904,0.32905,0.00257,0.03227,0.97286,0.96569,0.99225,0.91432,0.97626,0.96906,0.99248,0.72138,0.43651,0.4258,0.19665,0.00221,0,0.0187635,0.0062545,0.0187635,0.0062545,0.0187635,0.0062545,0.0187635,0.0062545
456,2781.97,0.5963,0.75915,0.35257,0.00256,0.04724,0.96956,0.96633,0.99235,0.91247,0.9709,0.9697,0.99251,0.71157,0.43139,0.42621,0.18874,0.00214,0,0.0187387,0.00624625,0.0187387,0.00624625,0.0187387,0.00624625,0.0187387,0.00624625
457,2787.83,0.57555,0.7152,0.33648,0.00247,0.05569,0.97632,0.9718,0.99308,0.91368,0.98477,0.97306,0.99359,0.70618,0.4427,0.42547,0.17929,0.00225,0,0.018714,0.006238,0.018714,0.006238,0.018714,0.006238,0.018714,0.006238
458,2793.58,0.59143,0.74229,0.34191,0.00251,0.04363,0.97803,0.9596,0.99287,0.91118,0.97933,0.96633,0.99327,0.70552,0.45176,0.42536,0.19247,0.00226,0,0.0186892,0.00622975,0.0186892,0.00622975,0.0186892,0.00622975,0.0186892,0.00622975
459,2799.89,0.59851,0.75553,0.35725,0.00253,0.03905,0.98639,0.97598,0.99423,0.91297,0.9766,0.98377,0.9944,0.722,0.44265,0.42806,0.17706,0.00221,0,0.0186645,0.0062215,0.0186645,0.0062215,0.0186645,0.0062215,0.0186645,0.0062215
460,2806.07,0.58655,0.74527,0.3421,0.00252,0.08269,0.97281,0.9639,0.99241,0.91823,0.97286,0.96543,0.99259,0.72129,0.43048,0.4299,0.19346,0.00216,0,0.0186397,0.00621325,0.0186397,0.00621325,0.0186397,0.00621325,0.0186397,0.00621325
461,2812.16,0.58776,0.71907,0.33328,0.00252,0.04231,0.97648,0.9596,0.99226,0.91411,0.97991,0.96296,0.99249,0.71253,0.43545,0.43238,0.18866,0.00219,0,0.018615,0.006205,0.018615,0.006205,0.018615,0.006205,0.018615,0.006205
462,2818.16,0.58919,0.74481,0.33666,0.00247,0.04237,0.97311,0.97483,0.99293,0.91719,0.98969,0.96927,0.99307,0.71195,0.43594,0.43388,0.17894,0.00224,0,0.0185902,0.00619675,0.0185902,0.00619675,0.0185902,0.00619675,0.0185902,0.00619675
463,2824.5,0.58003,0.71001,0.33403,0.00251,0.03585,0.99212,0.96633,0.99335,0.91524,0.99212,0.96633,0.99345,0.71513,0.43406,0.43363,0.18988,0.00221,0,0.0185655,0.0061885,0.0185655,0.0061885,0.0185655,0.0061885,0.0185655,0.0061885
464,2830.68,0.5879,0.7283,0.33292,0.00257,0.0468,0.98289,0.96712,0.99268,0.90976,0.98289,0.96712,0.99275,0.71255,0.45129,0.42985,0.19102,0.00228,0,0.0185408,0.00618025,0.0185408,0.00618025,0.0185408,0.00618025,0.0185408,0.00618025
465,2836.79,0.58799,0.73356,0.33638,0.00253,0.0559,0.98833,0.94276,0.9912,0.91001,0.98468,0.93939,0.99079,0.71576,0.44767,0.44406,0.20328,0.00222,0,0.018516,0.006172,0.018516,0.006172,0.018516,0.006172,0.018516,0.006172
466,2842.79,0.58201,0.71824,0.33712,0.00253,0.04496,0.95066,0.9732,0.99134,0.90493,0.93946,0.97643,0.99099,0.71683,0.47869,0.43837,0.20385,0.00233,0,0.0184913,0.00616375,0.0184913,0.00616375,0.0184913,0.00616375,0.0184913,0.00616375
467,2848.84,0.57006,0.69615,0.33845,0.00254,0.03614,0.97812,0.9596,0.99257,0.90064,0.97812,0.9596,0.99257,0.70909,0.48614,0.4404,0.19771,0.00237,0,0.0184665,0.0061555,0.0184665,0.0061555,0.0184665,0.0061555,0.0184665,0.0061555
468,2854.87,0.5808,0.73757,0.34559,0.00249,0.04534,0.96746,0.96633,0.99094,0.90802,0.96895,0.96633,0.99154,0.70458,0.45977,0.43753,0.20686,0.00232,0,0.0184417,0.00614725,0.0184417,0.00614725,0.0184417,0.00614725,0.0184417,0.00614725
469,2860.97,0.58719,0.72382,0.33417,0.0025,0.05063,0.96017,0.97396,0.99132,0.91607,0.96017,0.97396,0.99146,0.71128,0.44841,0.43219,0.20477,0.00231,0,0.018417,0.006139,0.018417,0.006139,0.018417,0.006139,0.018417,0.006139
470,2867.29,0.59229,0.76375,0.34357,0.00251,0.04254,0.96283,0.95934,0.99139,0.91386,0.96283,0.95934,0.99206,0.71943,0.44131,0.42569,0.19854,0.00229,0,0.0183922,0.00613075,0.0183922,0.00613075,0.0183922,0.00613075,0.0183922,0.00613075
471,2873.28,0.57536,0.70905,0.33302,0.00256,0.0355,0.96417,0.9798,0.99267,0.91589,0.98614,0.95802,0.99336,0.7165,0.44162,0.42775,0.17853,0.00226,0,0.0183675,0.0061225,0.0183675,0.0061225,0.0183675,0.0061225,0.0183675,0.0061225
472,2879.34,0.58011,0.70814,0.32467,0.00255,0.04425,0.96669,0.97728,0.99255,0.92062,0.97112,0.9798,0.99335,0.71589,0.43584,0.42911,0.17542,0.0022,0,0.0183427,0.00611425,0.0183427,0.00611425,0.0183427,0.00611425,0.0183427,0.00611425
473,2885.59,0.58961,0.73936,0.33522,0.00252,0.04469,0.96834,0.97306,0.99253,0.9196,0.96834,0.97306,0.99253,0.72498,0.43311,0.4264,0.19186,0.00222,0,0.018318,0.006106,0.018318,0.006106,0.018318,0.006106,0.018318,0.006106
474,2892.03,0.58661,0.74271,0.34522,0.00253,0.05359,0.97503,0.96296,0.99118,0.91173,0.9786,0.96633,0.99263,0.72464,0.45343,0.42439,0.19253,0.00236,0,0.0182932,0.00609775,0.0182932,0.00609775,0.0182932,0.00609775,0.0182932,0.00609775
475,2898.01,0.58222,0.72293,0.32358,0.00254,0.03521,0.97932,0.9697,0.99147,0.90973,0.98273,0.97306,0.99355,0.72801,0.45399,0.42286,0.19387,0.00234,0,0.0182685,0.0060895,0.0182685,0.0060895,0.0182685,0.0060895,0.0182685,0.0060895
476,2904,0.5765,0.71818,0.32887,0.00253,0.03965,0.98039,0.9697,0.99195,0.91107,0.9838,0.97306,0.99349,0.7247,0.42957,0.42376,0.19361,0.00216,0,0.0182437,0.00608125,0.0182437,0.00608125,0.0182437,0.00608125,0.0182437,0.00608125
477,2910.28,0.58519,0.73255,0.34274,0.00253,0.03762,0.96346,0.97667,0.99157,0.91341,0.96885,0.9798,0.99299,0.71721,0.42961,0.42703,0.18981,0.0022,0,0.018219,0.006073,0.018219,0.006073,0.018219,0.006073,0.018219,0.006073
478,2916.51,0.57422,0.70683,0.32628,0.00258,0.03261,0.97302,0.94613,0.99074,0.9145,0.97656,0.94949,0.99157,0.70455,0.43755,0.45156,0.21084,0.00224,0,0.0181942,0.00606475,0.0181942,0.00606475,0.0181942,0.00606475,0.0181942,0.00606475
479,2922.6,0.58829,0.7499,0.34253,0.0025,0.055,0.96771,0.96296,0.99166,0.91445,0.96771,0.96296,0.9918,0.71402,0.44101,0.45017,0.19733,0.00223,0,0.0181695,0.0060565,0.0181695,0.0060565,0.0181695,0.0060565,0.0181695,0.0060565
480,2929.1,0.57915,0.71549,0.32991,0.00259,0.0469,0.98969,0.9696,0.99226,0.91328,0.98969,0.9696,0.99209,0.71496,0.44618,0.45093,0.19029,0.00223,0,0.0181447,0.00604825,0.0181447,0.00604825,0.0181447,0.00604825,0.0181447,0.00604825
481,2935.48,0.56835,0.70343,0.33084,0.0026,0.05997,0.97594,0.95586,0.98985,0.90933,0.97594,0.95586,0.98985,0.72055,0.43721,0.42913,0.19948,0.0022,0,0.01812,0.00604,0.01812,0.00604,0.01812,0.00604,0.01812,0.00604
482,2941.9,0.57627,0.71103,0.33637,0.0025,0.03516,0.95578,0.9798,0.9911,0.90882,0.95578,0.9798,0.99171,0.72674,0.45899,0.42448,0.20377,0.0024,0,0.0180953,0.00603175,0.0180953,0.00603175,0.0180953,0.00603175,0.0180953,0.00603175
483,2948.19,0.5765,0.71585,0.33329,0.00254,0.04257,0.96058,0.98316,0.9924,0.91302,0.96058,0.98316,0.9924,0.7151,0.45955,0.42348,0.20012,0.00237,0,0.0180705,0.0060235,0.0180705,0.0060235,0.0180705,0.0060235,0.0180705,0.0060235
484,2954.5,0.57021,0.69483,0.32329,0.00261,0.03516,0.95725,0.98316,0.99215,0.90452,0.95725,0.98316,0.99215,0.72049,0.46895,0.42584,0.20193,0.00251,0,0.0180457,0.00601525,0.0180457,0.00601525,0.0180457,0.00601525,0.0180457,0.00601525
485,2960.64,0.57026,0.69737,0.33698,0.0024,0.04886,0.98727,0.96296,0.99297,0.91103,0.98727,0.96296,0.99275,0.7208,0.44696,0.42354,0.19101,0.00229,0,0.018021,0.006007,0.018021,0.006007,0.018021,0.006007,0.018021,0.006007
486,2966.88,0.57374,0.69222,0.33328,0.00254,0.03818,0.98096,0.96296,0.99186,0.90974,0.98096,0.96296,0.99186,0.71205,0.44883,0.44757,0.21295,0.00222,0,0.0179963,0.00599875,0.0179963,0.00599875,0.0179963,0.00599875,0.0179963,0.00599875
487,2973.11,0.57992,0.72892,0.33641,0.00248,0.04801,0.96931,0.95702,0.99103,0.90814,0.97272,0.96039,0.99159,0.71687,0.45843,0.42065,0.21847,0.00233,0,0.0179715,0.0059905,0.0179715,0.0059905,0.0179715,0.0059905,0.0179715,0.0059905
488,2979.28,0.58194,0.73699,0.34821,0.00253,0.06832,0.96623,0.96328,0.99176,0.90328,0.96623,0.96328,0.99176,0.71415,0.47122,0.44778,0.21481,0.00242,0,0.0179468,0.00598225,0.0179468,0.00598225,0.0179468,0.00598225,0.0179468,0.00598225
489,2985.4,0.58202,0.71201,0.32449,0.0026,0.03767,0.97999,0.97306,0.99288,0.90708,0.97999,0.97306,0.99288,0.72012,0.46081,0.4217,0.18998,0.00231,0,0.017922,0.005974,0.017922,0.005974,0.017922,0.005974,0.017922,0.005974
490,2991.98,0.57633,0.71714,0.32543,0.00254,0.04236,0.9837,0.97306,0.99327,0.89874,0.9837,0.97306,0.99327,0.71577,0.48065,0.42556,0.19754,0.00238,0,0.0178972,0.00596575,0.0178972,0.00596575,0.0178972,0.00596575,0.0178972,0.00596575
491,2998.09,0.57795,0.72026,0.34104,0.00251,0.06327,0.98565,0.9697,0.99307,0.90837,0.98565,0.9697,0.99307,0.71756,0.45569,0.42716,0.18751,0.0023,0,0.0178725,0.0059575,0.0178725,0.0059575,0.0178725,0.0059575,0.0178725,0.0059575
492,3004.29,0.5807,0.72524,0.33145,0.00253,0.04062,0.98611,0.95606,0.99262,0.91322,0.98611,0.95606,0.99262,0.71797,0.43735,0.43128,0.19204,0.0023,0,0.0178477,0.00594925,0.0178477,0.00594925,0.0178477,0.00594925,0.0178477,0.00594925
493,3010.26,0.57639,0.72212,0.33139,0.00239,0.04794,0.97788,0.95623,0.99195,0.91033,0.98097,0.96296,0.99227,0.72035,0.44026,0.4229,0.20113,0.00227,0,0.017823,0.005941,0.017823,0.005941,0.017823,0.005941,0.017823,0.005941
494,3016.26,0.57077,0.68748,0.32544,0.00259,0.046,0.97709,0.95286,0.99096,0.90878,0.98011,0.95623,0.99115,0.71835,0.43782,0.42193,0.20602,0.00219,0,0.0177982,0.00593275,0.0177982,0.00593275,0.0177982,0.00593275,0.0177982,0.00593275
495,3022.24,0.58724,0.73302,0.33037,0.00255,0.04732,0.97749,0.96296,0.99207,0.91011,0.9809,0.96633,0.99221,0.71542,0.45022,0.42336,0.19353,0.00226,0,0.0177735,0.0059245,0.0177735,0.0059245,0.0177735,0.0059245,0.0177735,0.0059245
496,3028.13,0.55551,0.68594,0.31938,0.00246,0.03942,0.95424,0.98294,0.99285,0.91314,0.95653,0.98316,0.99298,0.7151,0.44207,0.4236,0.18167,0.00222,0,0.0177488,0.00591625,0.0177488,0.00591625,0.0177488,0.00591625,0.0177488,0.00591625
497,3034.23,0.58103,0.71356,0.33259,0.00252,0.03929,0.96505,0.9697,0.99109,0.90922,0.9684,0.97306,0.99153,0.71532,0.44146,0.43025,0.20077,0.00223,0,0.017724,0.005908,0.017724,0.005908,0.017724,0.005908,0.017724,0.005908
498,3040.14,0.57997,0.71149,0.33625,0.00249,0.05128,0.98317,0.94949,0.9918,0.90737,0.98957,0.9579,0.99237,0.70779,0.44379,0.42748,0.20968,0.00225,0,0.0176992,0.00589975,0.0176992,0.00589975,0.0176992,0.00589975,0.0176992,0.00589975
499,3046.04,0.56244,0.70693,0.33173,0.0025,0.0467,0.98841,0.94949,0.9922,0.91308,0.98953,0.95475,0.99291,0.70119,0.44244,0.42306,0.1929,0.00221,0,0.0176745,0.0058915,0.0176745,0.0058915,0.0176745,0.0058915,0.0176745,0.0058915
500,3051.97,0.58716,0.75544,0.33382,0.00249,0.05407,0.97238,0.9596,0.99188,0.91149,0.97579,0.96296,0.99252,0.71351,0.445,0.42569,0.199,0.00225,0,0.0176498,0.00588325,0.0176498,0.00588325,0.0176498,0.00588325,0.0176498,0.00588325
501,3058.14,0.5794,0.72665,0.3263,0.00242,0.04271,0.98287,0.96623,0.99277,0.90807,0.98287,0.96623,0.99286,0.71781,0.4535,0.42754,0.19014,0.00243,0,0.017625,0.005875,0.017625,0.005875,0.017625,0.005875,0.017625,0.005875
502,3064.24,0.5742,0.71201,0.3324,0.00249,0.04576,0.96391,0.96633,0.99089,0.90501,0.96391,0.96633,0.99174,0.70796,0.45174,0.43143,0.20347,0.00234,0,0.0176003,0.00586675,0.0176003,0.00586675,0.0176003,0.00586675,0.0176003,0.00586675
503,3070.36,0.57618,0.69766,0.32695,0.00256,0.04066,0.97581,0.95089,0.99094,0.90696,0.97937,0.95916,0.99176,0.71281,0.44273,0.43526,0.21164,0.0022,0,0.0175755,0.0058585,0.0175755,0.0058585,0.0175755,0.0058585,0.0175755,0.0058585
504,3076.33,0.58717,0.71955,0.34028,0.00256,0.05397,0.96972,0.97032,0.99084,0.90669,0.97315,0.97613,0.99173,0.70703,0.44987,0.42994,0.20797,0.00222,0,0.0175508,0.00585025,0.0175508,0.00585025,0.0175508,0.00585025,0.0175508,0.00585025
505,3082.53,0.5786,0.72933,0.33107,0.00248,0.03861,0.97265,0.9579,0.98935,0.90873,0.97606,0.96105,0.99129,0.70172,0.44341,0.42992,0.20387,0.0022,0,0.017526,0.005842,0.017526,0.005842,0.017526,0.005842,0.017526,0.005842
506,3088.49,0.5837,0.72943,0.33737,0.00251,0.05708,0.95383,0.97379,0.99158,0.91194,0.95711,0.97681,0.99235,0.70586,0.4373,0.42989,0.19507,0.00219,0,0.0175012,0.00583375,0.0175012,0.00583375,0.0175012,0.00583375,0.0175012,0.00583375
507,3094.54,0.57232,0.71653,0.33363,0.00246,0.0424,0.97106,0.9697,0.99276,0.90995,0.97443,0.97306,0.99349,0.7156,0.45021,0.43316,0.18514,0.00231,0,0.0174765,0.0058255,0.0174765,0.0058255,0.0174765,0.0058255,0.0174765,0.0058255
508,3100.44,0.5699,0.71778,0.32096,0.00246,0.03204,0.97945,0.963,0.99296,0.91595,0.97945,0.963,0.99296,0.72187,0.44748,0.43561,0.18432,0.00233,0,0.0174518,0.00581725,0.0174518,0.00581725,0.0174518,0.00581725,0.0174518,0.00581725
509,3106.48,0.56384,0.69185,0.32581,0.00249,0.04912,0.97316,0.97679,0.99319,0.91654,0.97316,0.97679,0.99319,0.71698,0.4322,0.44129,0.17741,0.00225,0,0.017427,0.005809,0.017427,0.005809,0.017427,0.005809,0.017427,0.005809
510,3112.37,0.57147,0.69984,0.32617,0.0025,0.04892,0.99645,0.9442,0.99214,0.92251,0.99645,0.9442,0.99214,0.71541,0.42852,0.43649,0.18331,0.00223,0,0.0174023,0.00580075,0.0174023,0.00580075,0.0174023,0.00580075,0.0174023,0.00580075
511,3118.48,0.56573,0.70984,0.32203,0.00243,0.04241,0.96101,0.98316,0.99315,0.9227,0.96101,0.98316,0.99315,0.71462,0.42471,0.43224,0.181,0.00219,0,0.0173775,0.0057925,0.0173775,0.0057925,0.0173775,0.0057925,0.0173775,0.0057925
512,3124.39,0.56966,0.71073,0.3224,0.00251,0.03368,0.97075,0.96296,0.99155,0.91174,0.97415,0.96633,0.99297,0.71061,0.43661,0.42692,0.18813,0.00222,0,0.0173528,0.00578425,0.0173528,0.00578425,0.0173528,0.00578425,0.0173528,0.00578425
513,3130.44,0.57123,0.70512,0.31788,0.00247,0.03856,0.98944,0.96296,0.99327,0.91562,0.98944,0.96296,0.99327,0.7072,0.44311,0.42909,0.17758,0.00221,0,0.017328,0.005776,0.017328,0.005776,0.017328,0.005776,0.017328,0.005776
514,3136.67,0.56955,0.71593,0.3229,0.00246,0.04964,0.97279,0.96288,0.99213,0.91354,0.97279,0.96288,0.99213,0.70373,0.44053,0.43373,0.19125,0.00222,0,0.0173032,0.00576775,0.0173032,0.00576775,0.0173032,0.00576775,0.0173032,0.00576775
515,3142.78,0.56204,0.69582,0.31373,0.00247,0.05383,0.98651,0.98472,0.99436,0.92164,0.98651,0.98472,0.99436,0.70637,0.43367,0.42712,0.16253,0.00217,0,0.0172785,0.0057595,0.0172785,0.0057595,0.0172785,0.0057595,0.0172785,0.0057595
516,3148.89,0.57206,0.73361,0.32531,0.00242,0.04221,0.97319,0.97764,0.99323,0.91603,0.97319,0.97764,0.99323,0.70753,0.43722,0.42262,0.17293,0.00221,0,0.0172537,0.00575125,0.0172537,0.00575125,0.0172537,0.00575125,0.0172537,0.00575125
517,3154.89,0.57462,0.72806,0.33425,0.00245,0.04781,0.98646,0.98107,0.99393,0.91148,0.98646,0.98107,0.99393,0.70312,0.44097,0.42106,0.16779,0.00221,0,0.017229,0.005743,0.017229,0.005743,0.017229,0.005743,0.017229,0.005743
518,3160.78,0.56314,0.70631,0.31885,0.00248,0.036,0.98949,0.98316,0.9941,0.91663,0.98949,0.98316,0.9941,0.71152,0.42961,0.42337,0.17043,0.00215,0,0.0172042,0.00573475,0.0172042,0.00573475,0.0172042,0.00573475,0.0172042,0.00573475
519,3166.89,0.57435,0.72092,0.31809,0.00242,0.03837,0.9792,0.9798,0.99352,0.91635,0.9792,0.9798,0.99352,0.71844,0.43483,0.42179,0.17561,0.00219,0,0.0171795,0.0057265,0.0171795,0.0057265,0.0171795,0.0057265,0.0171795,0.0057265
520,3172.99,0.56397,0.69438,0.32303,0.00254,0.04004,0.97621,0.96727,0.99324,0.91681,0.98209,0.96633,0.99331,0.71789,0.43245,0.42409,0.17888,0.00221,0,0.0171547,0.00571825,0.0171547,0.00571825,0.0171547,0.00571825,0.0171547,0.00571825
521,3179.18,0.57863,0.70677,0.32815,0.00246,0.04643,0.97244,0.9798,0.99344,0.91404,0.97323,0.97919,0.99375,0.71837,0.43653,0.42517,0.18251,0.00224,0,0.01713,0.00571,0.01713,0.00571,0.01713,0.00571,0.01713,0.00571
522,3185.18,0.56763,0.71098,0.32601,0.00245,0.03584,0.98038,0.97643,0.99371,0.9084,0.98038,0.97643,0.99371,0.71839,0.4477,0.43452,0.17875,0.00228,0,0.0171053,0.00570175,0.0171053,0.00570175,0.0171053,0.00570175,0.0171053,0.00570175
523,3191.16,0.56276,0.71836,0.32592,0.00238,0.03925,0.98287,0.96596,0.99266,0.91362,0.98629,0.96884,0.99334,0.71967,0.44166,0.43614,0.18656,0.00227,0,0.0170805,0.0056935,0.0170805,0.0056935,0.0170805,0.0056935,0.0170805,0.0056935
524,3197.48,0.56013,0.7132,0.32442,0.00236,0.03875,0.96685,0.98215,0.99291,0.91244,0.97017,0.98552,0.99374,0.71465,0.43724,0.43261,0.19188,0.00225,0,0.0170558,0.00568525,0.0170558,0.00568525,0.0170558,0.00568525,0.0170558,0.00568525
525,3203.54,0.57224,0.75854,0.32448,0.0023,0.0355,0.97937,0.95892,0.99172,0.91607,0.9828,0.96211,0.99245,0.71839,0.42955,0.42452,0.19411,0.00215,0,0.017031,0.005677,0.017031,0.005677,0.017031,0.005677,0.017031,0.005677
526,3209.39,0.54767,0.70011,0.30946,0.00237,0.04085,0.98972,0.97273,0.99396,0.91447,0.98972,0.97273,0.99396,0.71783,0.44029,0.42336,0.17715,0.00217,0,0.0170063,0.00566875,0.0170063,0.00566875,0.0170063,0.00566875,0.0170063,0.00566875
527,3215.28,0.56818,0.70916,0.31763,0.0025,0.04172,0.98316,0.98291,0.99384,0.91266,0.98316,0.98291,0.99384,0.71017,0.44521,0.42861,0.18314,0.00221,0,0.0169815,0.0056605,0.0169815,0.0056605,0.0169815,0.0056605,0.0169815,0.0056605
528,3221.28,0.55514,0.68198,0.32108,0.00251,0.05628,0.97992,0.98571,0.99382,0.91641,0.97992,0.98571,0.99382,0.70617,0.43763,0.43117,0.17751,0.0022,0,0.0169567,0.00565225,0.0169567,0.00565225,0.0169567,0.00565225,0.0169567,0.00565225
529,3227.34,0.55954,0.69376,0.31904,0.00246,0.03685,0.98622,0.9798,0.99397,0.91387,0.98622,0.9798,0.99397,0.71736,0.43395,0.43279,0.17138,0.00214,0,0.016932,0.005644,0.016932,0.005644,0.016932,0.005644,0.016932,0.005644
530,3233.58,0.56387,0.71931,0.32283,0.00236,0.0494,0.98281,0.96228,0.99344,0.91148,0.98281,0.96228,0.99344,0.71857,0.43341,0.42548,0.17799,0.00218,0,0.0169072,0.00563575,0.0169072,0.00563575,0.0169072,0.00563575,0.0169072,0.00563575
531,3239.74,0.56002,0.69619,0.32428,0.00246,0.03647,0.97488,0.96633,0.99283,0.91015,0.97488,0.96633,0.99283,0.72102,0.43495,0.4205,0.1819,0.00216,0,0.0168825,0.0056275,0.0168825,0.0056275,0.0168825,0.0056275,0.0168825,0.0056275
532,3246.09,0.5622,0.69674,0.3225,0.00241,0.03243,0.96585,0.96633,0.99219,0.91153,0.96585,0.96633,0.99219,0.71974,0.43802,0.42004,0.18914,0.00218,0,0.0168578,0.00561925,0.0168578,0.00561925,0.0168578,0.00561925,0.0168578,0.00561925
533,3252.04,0.55722,0.68412,0.31954,0.00243,0.03615,0.97836,0.95286,0.99242,0.90897,0.97836,0.95286,0.99242,0.71565,0.44286,0.41828,0.19098,0.00219,0,0.016833,0.005611,0.016833,0.005611,0.016833,0.005611,0.016833,0.005611
534,3258.11,0.5616,0.69589,0.31427,0.00233,0.0569,0.96958,0.9658,0.99257,0.90968,0.96958,0.9658,0.99257,0.72424,0.44352,0.41861,0.18938,0.00218,0,0.0168083,0.00560275,0.0168083,0.00560275,0.0168083,0.00560275,0.0168083,0.00560275
535,3264.27,0.57302,0.73625,0.3285,0.00237,0.03359,0.97345,0.98759,0.99379,0.90714,0.97345,0.98759,0.9939,0.71575,0.46329,0.42443,0.17977,0.0023,0,0.0167835,0.0055945,0.0167835,0.0055945,0.0167835,0.0055945,0.0167835,0.0055945
536,3270.2,0.54604,0.68307,0.30608,0.00245,0.04243,0.97302,0.97158,0.99286,0.90123,0.97975,0.97745,0.99337,0.71019,0.47452,0.43317,0.18772,0.00228,0,0.0167587,0.00558625,0.0167587,0.00558625,0.0167587,0.00558625,0.0167587,0.00558625
537,3276.39,0.56137,0.70149,0.32036,0.00247,0.05684,0.97308,0.97351,0.99344,0.9145,0.97308,0.97351,0.99344,0.70989,0.45737,0.42155,0.17984,0.00224,0,0.016734,0.005578,0.016734,0.005578,0.016734,0.005578,0.016734,0.005578
538,3282.39,0.55478,0.67835,0.31403,0.00246,0.03436,0.97968,0.97405,0.99295,0.9124,0.98307,0.97741,0.99373,0.71647,0.44691,0.42205,0.17985,0.00225,0,0.0167092,0.00556975,0.0167092,0.00556975,0.0167092,0.00556975,0.0167092,0.00556975
539,3288.5,0.55835,0.72902,0.32473,0.00241,0.05277,0.98502,0.98316,0.99383,0.91249,0.98502,0.98316,0.99383,0.72148,0.43542,0.41984,0.16898,0.00221,0,0.0166845,0.0055615,0.0166845,0.0055615,0.0166845,0.0055615,0.0166845,0.0055615
540,3294.68,0.55512,0.69637,0.32573,0.00242,0.04251,0.98547,0.98316,0.99395,0.9132,0.98547,0.98316,0.99395,0.71412,0.44701,0.42382,0.16617,0.00229,0,0.0166597,0.00555325,0.0166597,0.00555325,0.0166597,0.00555325,0.0166597,0.00555325
541,3300.63,0.55558,0.68241,0.31197,0.00235,0.03064,0.98163,0.9798,0.99406,0.90996,0.98163,0.9798,0.99406,0.71225,0.45721,0.4261,0.1759,0.00237,0,0.016635,0.005545,0.016635,0.005545,0.016635,0.005545,0.016635,0.005545
542,3306.67,0.57162,0.6842,0.32014,0.00258,0.04483,0.99364,0.9697,0.99377,0.91032,0.99364,0.9697,0.99377,0.71888,0.45352,0.42929,0.18354,0.00234,0,0.0166103,0.00553675,0.0166103,0.00553675,0.0166103,0.00553675,0.0166103,0.00553675
543,3312.66,0.56668,0.71705,0.31502,0.00237,0.03562,0.99316,0.97764,0.99393,0.91888,0.99316,0.97764,0.99393,0.71598,0.43298,0.43043,0.17203,0.00219,0,0.0165855,0.0055285,0.0165855,0.0055285,0.0165855,0.0055285,0.0165855,0.0055285
544,3318.54,0.56084,0.72112,0.31741,0.00238,0.04218,0.99316,0.97786,0.99406,0.91821,0.99316,0.97786,0.99406,0.71395,0.42953,0.42862,0.17391,0.00215,0,0.0165607,0.00552025,0.0165607,0.00552025,0.0165607,0.00552025,0.0165607,0.00552025
545,3324.37,0.5551,0.70171,0.31988,0.00238,0.04095,0.99312,0.9714,0.99384,0.91775,0.99312,0.9714,0.99384,0.71519,0.42854,0.42941,0.17492,0.00215,0,0.016536,0.005512,0.016536,0.005512,0.016536,0.005512,0.016536,0.005512
546,3330.18,0.56023,0.71649,0.3292,0.00237,0.07193,0.99346,0.96296,0.99344,0.92112,0.99346,0.96296,0.99344,0.71586,0.42555,0.43198,0.17888,0.00218,0,0.0165113,0.00550375,0.0165113,0.00550375,0.0165113,0.00550375,0.0165113,0.00550375
547,3336.24,0.54407,0.6911,0.31115,0.00236,0.05503,0.97962,0.97104,0.9929,0.9142,0.97962,0.97104,0.99294,0.71461,0.43515,0.43355,0.19206,0.00219,0,0.0164865,0.0054955,0.0164865,0.0054955,0.0164865,0.0054955,0.0164865,0.0054955
548,3342.19,0.55717,0.71632,0.32388,0.00236,0.03995,0.979,0.96296,0.992,0.91098,0.98243,0.96633,0.99309,0.72519,0.44517,0.4323,0.20237,0.00226,0,0.0164618,0.00548725,0.0164618,0.00548725,0.0164618,0.00548725,0.0164618,0.00548725
549,3348.16,0.564,0.71791,0.31952,0.00239,0.04378,0.98338,0.95286,0.99205,0.91027,0.98685,0.95623,0.99287,0.71382,0.44646,0.43445,0.19505,0.00221,0,0.016437,0.005479,0.016437,0.005479,0.016437,0.005479,0.016437,0.005479
550,3354.23,0.54867,0.69827,0.31541,0.00236,0.03901,0.98976,0.97593,0.99411,0.9158,0.98979,0.97946,0.99427,0.71789,0.45246,0.43604,0.17159,0.0022,0,0.0164122,0.00547075,0.0164122,0.00547075,0.0164122,0.00547075,0.0164122,0.00547075
551,3360.28,0.5632,0.70962,0.31977,0.00246,0.05096,0.98207,0.97306,0.9929,0.91535,0.98207,0.97306,0.9929,0.70319,0.44226,0.43351,0.18923,0.00219,0,0.0163875,0.0054625,0.0163875,0.0054625,0.0163875,0.0054625,0.0163875,0.0054625
552,3366.24,0.54853,0.68942,0.31301,0.00238,0.05572,0.97626,0.96915,0.99147,0.91394,0.97965,0.97245,0.99201,0.70858,0.43972,0.42623,0.1991,0.00226,0,0.0163627,0.00545425,0.0163627,0.00545425,0.0163627,0.00545425,0.0163627,0.00545425
553,3372.19,0.56677,0.71513,0.32247,0.0024,0.04349,0.98134,0.96633,0.99226,0.91825,0.98134,0.96633,0.99226,0.71897,0.43384,0.42795,0.19363,0.00218,0,0.016338,0.005446,0.016338,0.005446,0.016338,0.005446,0.016338,0.005446
554,3378.19,0.56401,0.69864,0.3291,0.0024,0.05706,0.97631,0.97119,0.993,0.91385,0.97631,0.97119,0.993,0.71786,0.43745,0.42592,0.18977,0.0022,0,0.0163133,0.00543775,0.0163133,0.00543775,0.0163133,0.00543775,0.0163133,0.00543775
555,3384.3,0.53659,0.67832,0.3026,0.00237,0.05528,0.98489,0.9596,0.99189,0.9115,0.98489,0.9596,0.99204,0.717,0.43705,0.42395,0.19135,0.00216,0,0.0162885,0.0054295,0.0162885,0.0054295,0.0162885,0.0054295,0.0162885,0.0054295
556,3390.23,0.5624,0.70942,0.31643,0.00241,0.04709,0.98339,0.9697,0.99308,0.91233,0.98339,0.9697,0.99308,0.71864,0.44605,0.42014,0.18234,0.00222,0,0.0162637,0.00542125,0.0162637,0.00542125,0.0162637,0.00542125,0.0162637,0.00542125
557,3396.27,0.54796,0.70072,0.31022,0.00232,0.04859,0.97986,0.98304,0.99373,0.91778,0.97986,0.98304,0.99373,0.71954,0.44601,0.4196,0.17754,0.00223,0,0.016239,0.005413,0.016239,0.005413,0.016239,0.005413,0.016239,0.005413
558,3402.34,0.55347,0.69266,0.31441,0.0024,0.03954,0.98983,0.98354,0.99406,0.91923,0.98983,0.98354,0.99406,0.7233,0.43662,0.41902,0.1666,0.00218,0,0.0162142,0.00540475,0.0162142,0.00540475,0.0162142,0.00540475,0.0162142,0.00540475
559,3408.44,0.55128,0.68762,0.31379,0.00237,0.05431,0.99023,0.97643,0.99366,0.91699,0.99023,0.97643,0.99366,0.72251,0.43249,0.41701,0.17461,0.00214,0,0.0161895,0.0053965,0.0161895,0.0053965,0.0161895,0.0053965,0.0161895,0.0053965
560,3414.44,0.54595,0.71433,0.31668,0.00231,0.03951,0.98282,0.96335,0.99157,0.91724,0.98282,0.96335,0.99254,0.72086,0.43218,0.41873,0.19156,0.00214,0,0.0161647,0.00538825,0.0161647,0.00538825,0.0161647,0.00538825,0.0161647,0.00538825
561,3420.56,0.55314,0.7075,0.30759,0.00228,0.03909,0.98395,0.9596,0.99201,0.91554,0.9877,0.96296,0.99324,0.71964,0.43258,0.428,0.19408,0.00214,0,0.01614,0.00538,0.01614,0.00538,0.01614,0.00538,0.01614,0.00538
562,3426.42,0.54573,0.69102,0.3061,0.00237,0.04005,0.98233,0.96633,0.99246,0.91104,0.98575,0.9697,0.99298,0.72201,0.44634,0.41698,0.18751,0.00225,0,0.0161152,0.00537175,0.0161152,0.00537175,0.0161152,0.00537175,0.0161152,0.00537175
563,3432.46,0.54643,0.69903,0.30799,0.00237,0.03227,0.97639,0.97483,0.9933,0.90999,0.98348,0.9596,0.99309,0.72086,0.44211,0.41712,0.1852,0.00226,0,0.0160905,0.0053635,0.0160905,0.0053635,0.0160905,0.0053635,0.0160905,0.0053635
564,3438.48,0.56753,0.73173,0.32637,0.00236,0.0364,0.95757,0.9878,0.99321,0.90962,0.95432,0.98472,0.99244,0.71722,0.44376,0.44454,0.18335,0.00224,0,0.0160657,0.00535525,0.0160657,0.00535525,0.0160657,0.00535525,0.0160657,0.00535525
565,3444.44,0.55851,0.70158,0.32162,0.0024,0.04591,0.9694,0.95994,0.99227,0.91124,0.9694,0.95994,0.99227,0.71716,0.4403,0.43909,0.1969,0.00218,0,0.016041,0.005347,0.016041,0.005347,0.016041,0.005347,0.016041,0.005347
566,3450.49,0.5556,0.69497,0.31963,0.00241,0.05069,0.958,0.98316,0.99299,0.91112,0.958,0.98316,0.99299,0.72531,0.43842,0.43581,0.19216,0.0022,0,0.0160162,0.00533875,0.0160162,0.00533875,0.0160162,0.00533875,0.0160162,0.00533875
567,3456.53,0.54131,0.68723,0.3021,0.00234,0.04007,0.97166,0.98316,0.99306,0.91466,0.97166,0.98316,0.99333,0.73462,0.43951,0.41059,0.18231,0.00223,0,0.0159915,0.0053305,0.0159915,0.0053305,0.0159915,0.0053305,0.0159915,0.0053305
568,3462.68,0.54253,0.6909,0.31292,0.00238,0.05126,0.97319,0.97771,0.99331,0.91289,0.97319,0.97771,0.99331,0.73201,0.44924,0.41017,0.17085,0.0023,0,0.0159668,0.00532225,0.0159668,0.00532225,0.0159668,0.00532225,0.0159668,0.00532225
569,3468.74,0.54812,0.67507,0.30912,0.00234,0.03344,0.97007,0.98226,0.99335,0.91202,0.97007,0.98226,0.99335,0.7208,0.44679,0.41579,0.1724,0.00227,0,0.015942,0.005314,0.015942,0.005314,0.015942,0.005314,0.015942,0.005314
570,3474.63,0.5459,0.67362,0.31712,0.00237,0.04486,0.98019,0.97306,0.99344,0.91458,0.98019,0.97306,0.99344,0.71677,0.43979,0.41822,0.17013,0.0022,0,0.0159173,0.00530575,0.0159173,0.00530575,0.0159173,0.00530575,0.0159173,0.00530575
571,3480.78,0.56101,0.73331,0.33104,0.00242,0.05735,0.97546,0.9697,0.99322,0.91468,0.97546,0.9697,0.99322,0.71978,0.43407,0.4206,0.18497,0.00212,0,0.0158925,0.0052975,0.0158925,0.0052975,0.0158925,0.0052975,0.0158925,0.0052975
572,3486.76,0.53708,0.66863,0.31974,0.00236,0.05636,0.97082,0.9596,0.99109,0.91349,0.9829,0.96774,0.99272,0.71583,0.42881,0.42115,0.19106,0.0021,0,0.0158677,0.00528925,0.0158677,0.00528925,0.0158677,0.00528925,0.0158677,0.00528925
573,3492.72,0.55231,0.69647,0.31659,0.00236,0.03503,0.96649,0.98653,0.99356,0.91747,0.98957,0.9697,0.99411,0.72163,0.41926,0.42113,0.1656,0.00211,0,0.015843,0.005281,0.015843,0.005281,0.015843,0.005281,0.015843,0.005281
574,3498.67,0.56108,0.72772,0.33007,0.00233,0.0321,0.97043,0.97643,0.99257,0.91584,0.98206,0.9697,0.99303,0.72057,0.41722,0.41737,0.18435,0.0021,0,0.0158182,0.00527275,0.0158182,0.00527275,0.0158182,0.00527275,0.0158182,0.00527275
575,3504.53,0.56051,0.71511,0.32247,0.00237,0.03817,0.96661,0.97471,0.99162,0.91513,0.98284,0.96412,0.9926,0.71561,0.42224,0.41356,0.18451,0.00209,0,0.0157935,0.0052645,0.0157935,0.0052645,0.0157935,0.0052645,0.0157935,0.0052645
576,3510.74,0.54836,0.69794,0.3159,0.00238,0.03002,0.9732,0.97828,0.99226,0.91733,0.9732,0.97828,0.99229,0.72942,0.42262,0.41149,0.18566,0.00211,0,0.0157687,0.00525625,0.0157687,0.00525625,0.0157687,0.00525625,0.0157687,0.00525625
577,3516.73,0.55058,0.68935,0.31609,0.00241,0.04835,0.97963,0.97179,0.99356,0.91732,0.97963,0.97179,0.99356,0.73009,0.42319,0.4141,0.17149,0.00212,0,0.015744,0.005248,0.015744,0.005248,0.015744,0.005248,0.015744,0.005248
578,3522.97,0.54392,0.67925,0.31188,0.00233,0.04107,0.99261,0.96633,0.9933,0.91763,0.99261,0.96633,0.99343,0.72763,0.42087,0.41352,0.16763,0.00213,0,0.0157192,0.00523975,0.0157192,0.00523975,0.0157192,0.00523975,0.0157192,0.00523975
579,3529.03,0.5459,0.69765,0.325,0.00236,0.05817,0.97938,0.97643,0.99269,0.91958,0.98309,0.97891,0.99307,0.72492,0.42101,0.41421,0.17952,0.00213,0,0.0156945,0.0052315,0.0156945,0.0052315,0.0156945,0.0052315,0.0156945,0.0052315
580,3534.9,0.54422,0.68088,0.32074,0.00238,0.03639,0.97963,0.97306,0.99224,0.91424,0.98302,0.97643,0.99264,0.72465,0.43476,0.41369,0.18448,0.00216,0,0.0156697,0.00522325,0.0156697,0.00522325,0.0156697,0.00522325,0.0156697,0.00522325
581,3540.98,0.55114,0.70675,0.32368,0.00233,0.04838,0.97279,0.9697,0.99284,0.91405,0.97708,0.9697,0.99337,0.72323,0.44495,0.4126,0.18893,0.00221,0,0.015645,0.005215,0.015645,0.005215,0.015645,0.005215,0.015645,0.005215
582,3547.13,0.54227,0.67119,0.30802,0.0023,0.04242,0.97635,0.97306,0.993,0.91186,0.97973,0.97642,0.99371,0.71709,0.44652,0.41056,0.18463,0.00222,0,0.0156202,0.00520675,0.0156202,0.00520675,0.0156202,0.00520675,0.0156202,0.00520675
583,3553.19,0.55477,0.69402,0.31062,0.00236,0.03134,0.98271,0.95711,0.99208,0.91043,0.98617,0.96048,0.99309,0.72443,0.45176,0.41113,0.18604,0.0022,0,0.0155955,0.0051985,0.0155955,0.0051985,0.0155955,0.0051985,0.0155955,0.0051985
584,3559.28,0.55152,0.69497,0.31392,0.00234,0.05221,0.97935,0.95817,0.99236,0.91096,0.98279,0.96153,0.99332,0.71767,0.4496,0.41711,0.19019,0.00222,0,0.0155707,0.00519025,0.0155707,0.00519025,0.0155707,0.00519025,0.0155707,0.00519025
585,3565.37,0.54603,0.6974,0.31861,0.00229,0.03072,0.97897,0.9697,0.99302,0.91821,0.97897,0.9697,0.99349,0.71861,0.43521,0.41421,0.18495,0.00218,0,0.015546,0.005182,0.015546,0.005182,0.015546,0.005182,0.015546,0.005182
586,3571.49,0.54495,0.69764,0.31459,0.0023,0.03649,0.97771,0.97306,0.9934,0.91915,0.97771,0.97306,0.9934,0.72096,0.42844,0.41448,0.17326,0.00216,0,0.0155212,0.00517375,0.0155212,0.00517375,0.0155212,0.00517375,0.0155212,0.00517375
587,3577.59,0.55054,0.68686,0.31973,0.00242,0.04013,0.97763,0.97306,0.99365,0.92005,0.97763,0.97306,0.99365,0.72353,0.42331,0.41525,0.17407,0.00212,0,0.0154965,0.0051655,0.0154965,0.0051655,0.0154965,0.0051655,0.0154965,0.0051655
588,3583.6,0.55802,0.69562,0.31679,0.00238,0.03645,0.9772,0.9798,0.99334,0.91908,0.9772,0.9798,0.99334,0.72632,0.42654,0.41635,0.17638,0.00214,0,0.0154717,0.00515725,0.0154717,0.00515725,0.0154717,0.00515725,0.0154717,0.00515725
589,3589.69,0.55349,0.70758,0.31983,0.00241,0.04292,0.98968,0.96883,0.99346,0.90902,0.98968,0.96883,0.99346,0.71884,0.45499,0.41647,0.17836,0.00224,0,0.015447,0.005149,0.015447,0.005149,0.015447,0.005149,0.015447,0.005149
590,3595.65,0.54782,0.67655,0.31353,0.00239,0.04728,0.98548,0.9798,0.99373,0.90985,0.98548,0.9798,0.99374,0.71885,0.44919,0.41767,0.17171,0.00217,0,0.0154222,0.00514075,0.0154222,0.00514075,0.0154222,0.00514075,0.0154222,0.00514075
591,3601.57,0.54301,0.68204,0.31404,0.00227,0.03721,0.99303,0.95931,0.99338,0.91891,0.99303,0.95931,0.99338,0.71582,0.43316,0.41773,0.17008,0.00213,0,0.0153975,0.0051325,0.0153975,0.0051325,0.0153975,0.0051325,0.0153975,0.0051325
592,3607.41,0.54165,0.68694,0.30879,0.00235,0.03517,0.97551,0.97643,0.99297,0.91924,0.97551,0.97643,0.99297,0.71273,0.42575,0.41715,0.16984,0.00211,0,0.0153727,0.00512425,0.0153727,0.00512425,0.0153727,0.00512425,0.0153727,0.00512425
593,3613.51,0.53995,0.69655,0.30972,0.00232,0.04138,0.96896,0.98316,0.99359,0.92005,0.96896,0.98316,0.99359,0.71586,0.42486,0.4115,0.1728,0.00212,0,0.015348,0.005116,0.015348,0.005116,0.015348,0.005116,0.015348,0.005116
594,3619.48,0.55505,0.72869,0.32241,0.00232,0.06073,0.99591,0.96296,0.99389,0.91715,0.99591,0.96296,0.99389,0.72535,0.42724,0.4116,0.16818,0.00217,0,0.0153232,0.00510775,0.0153232,0.00510775,0.0153232,0.00510775,0.0153232,0.00510775
595,3625.48,0.55438,0.71487,0.3266,0.00235,0.04996,0.9896,0.96159,0.99314,0.91797,0.9896,0.96159,0.99314,0.727,0.43611,0.41496,0.17999,0.00222,0,0.0152985,0.0050995,0.0152985,0.0050995,0.0152985,0.0050995,0.0152985,0.0050995
596,3631.47,0.54552,0.70242,0.31203,0.0023,0.04469,0.99649,0.95545,0.99314,0.91885,0.99649,0.95545,0.99314,0.72408,0.42555,0.41263,0.17838,0.00214,0,0.0152737,0.00509125,0.0152737,0.00509125,0.0152737,0.00509125,0.0152737,0.00509125
597,3637.74,0.55232,0.7084,0.31657,0.00233,0.05364,0.99574,0.94613,0.993,0.918,0.99574,0.94613,0.993,0.72198,0.42162,0.41388,0.18016,0.00211,0,0.015249,0.005083,0.015249,0.005083,0.015249,0.005083,0.015249,0.005083
598,3643.7,0.5495,0.70093,0.31357,0.00235,0.04641,0.96943,0.97306,0.99304,0.91738,0.96943,0.97306,0.99304,0.71688,0.41713,0.41526,0.17975,0.00212,0,0.0152242,0.00507475,0.0152242,0.00507475,0.0152242,0.00507475,0.0152242,0.00507475
599,3649.89,0.54193,0.68074,0.30844,0.00231,0.03836,0.98302,0.97438,0.99359,0.91794,0.98302,0.97438,0.99359,0.71699,0.42142,0.41513,0.1783,0.00216,0,0.0151995,0.0050665,0.0151995,0.0050665,0.0151995,0.0050665,0.0151995,0.0050665
600,3656.14,0.54843,0.71675,0.31874,0.00236,0.05752,0.99131,0.95286,0.9931,0.91659,0.99131,0.95286,0.9931,0.71192,0.42833,0.41651,0.17949,0.00218,0,0.0151747,0.00505825,0.0151747,0.00505825,0.0151747,0.00505825,0.0151747,0.00505825
601,3661.94,0.54245,0.68956,0.3182,0.00231,0.04167,0.98369,0.96633,0.99304,0.9168,0.98369,0.96633,0.99304,0.71269,0.43558,0.41449,0.17765,0.00224,0,0.01515,0.00505,0.01515,0.00505,0.01515,0.00505,0.01515,0.00505
602,3668.04,0.53614,0.67679,0.30687,0.00233,0.05707,0.99534,0.94613,0.99247,0.91618,0.97634,0.96633,0.99275,0.71126,0.44431,0.41485,0.18,0.00229,0,0.0151252,0.00504175,0.0151252,0.00504175,0.0151252,0.00504175,0.0151252,0.00504175
603,3673.99,0.53596,0.69196,0.3115,0.00228,0.04048,0.98877,0.95286,0.99234,0.91039,0.98281,0.96242,0.99277,0.71497,0.44796,0.41468,0.18281,0.00229,0,0.0151005,0.0050335,0.0151005,0.0050335,0.0151005,0.0050335,0.0151005,0.0050335
604,3680.08,0.55059,0.70115,0.31538,0.00233,0.04205,0.9609,0.9697,0.99196,0.90946,0.96424,0.97306,0.99239,0.71695,0.43905,0.41247,0.18797,0.00216,0,0.0150757,0.00502525,0.0150757,0.00502525,0.0150757,0.00502525,0.0150757,0.00502525
605,3686.29,0.54054,0.69711,0.30649,0.00227,0.04844,0.99643,0.93923,0.9925,0.91304,0.96965,0.96814,0.99278,0.71797,0.42898,0.41224,0.18266,0.00212,0,0.015051,0.005017,0.015051,0.005017,0.015051,0.005017,0.015051,0.005017
606,3692.34,0.54234,0.689,0.3182,0.00235,0.04868,0.9834,0.94949,0.99189,0.91722,0.96023,0.97543,0.99191,0.7208,0.41743,0.41871,0.1893,0.00204,0,0.0150262,0.00500875,0.0150262,0.00500875,0.0150262,0.00500875,0.0150262,0.00500875
607,3698.23,0.54402,0.70443,0.31705,0.00234,0.04146,0.97916,0.94938,0.99177,0.91624,0.97916,0.94938,0.99144,0.71715,0.42177,0.42238,0.18964,0.00209,0,0.0150015,0.0050005,0.0150015,0.0050005,0.0150015,0.0050005,0.0150015,0.0050005
608,3704.34,0.52971,0.68072,0.30563,0.00226,0.03522,0.98712,0.94613,0.99178,0.91474,0.98515,0.95286,0.99145,0.71265,0.43073,0.42747,0.18612,0.00215,0,0.0149767,0.00499225,0.0149767,0.00499225,0.0149767,0.00499225,0.0149767,0.00499225
609,3710.38,0.53628,0.65481,0.30656,0.00233,0.03554,0.98274,0.95869,0.99284,0.91668,0.98274,0.95869,0.99255,0.71225,0.42981,0.42566,0.18144,0.00212,0,0.014952,0.004984,0.014952,0.004984,0.014952,0.004984,0.014952,0.004984
610,3716.38,0.54075,0.71904,0.31806,0.00223,0.04974,0.96193,0.9697,0.99198,0.91727,0.96193,0.9697,0.99173,0.719,0.4333,0.42281,0.1807,0.00212,0,0.0149273,0.00497575,0.0149273,0.00497575,0.0149273,0.00497575,0.0149273,0.00497575
611,3722.37,0.53938,0.68522,0.30088,0.00232,0.03686,0.97787,0.96296,0.99191,0.91766,0.97787,0.96296,0.99176,0.71457,0.43246,0.41895,0.18417,0.00211,0,0.0149025,0.0049675,0.0149025,0.0049675,0.0149025,0.0049675,0.0149025,0.0049675
612,3728.59,0.5352,0.68623,0.30776,0.00231,0.06936,0.98272,0.95754,0.992,0.91852,0.98618,0.96091,0.99283,0.71041,0.42759,0.41108,0.18419,0.00209,0,0.0148778,0.00495925,0.0148778,0.00495925,0.0148778,0.00495925,0.0148778,0.00495925
613,3734.73,0.54927,0.72415,0.30815,0.00224,0.04568,0.96833,0.9697,0.99222,0.91745,0.97169,0.97306,0.99269,0.70659,0.43208,0.41399,0.18135,0.00213,0,0.014853,0.004951,0.014853,0.004951,0.014853,0.004951,0.014853,0.004951
614,3740.69,0.5457,0.69874,0.30589,0.00227,0.03946,0.95988,0.9666,0.99217,0.91768,0.96322,0.96996,0.99256,0.70914,0.431,0.41731,0.18293,0.00214,0,0.0148282,0.00494275,0.0148282,0.00494275,0.0148282,0.00494275,0.0148282,0.00494275
615,3746.94,0.53385,0.68202,0.30103,0.00228,0.0439,0.97927,0.95431,0.99212,0.91482,0.98272,0.95768,0.99261,0.71765,0.43315,0.42013,0.18716,0.00212,0,0.0148035,0.0049345,0.0148035,0.0049345,0.0148035,0.0049345,0.0148035,0.0049345
616,3752.99,0.53747,0.68392,0.31023,0.00228,0.03931,0.97942,0.96134,0.99239,0.91577,0.98285,0.96471,0.99301,0.71955,0.43486,0.41928,0.18312,0.00213,0,0.0147788,0.00492625,0.0147788,0.00492625,0.0147788,0.00492625,0.0147788,0.00492625
617,3758.94,0.55176,0.70394,0.32402,0.00231,0.04049,0.97256,0.97643,0.99195,0.91348,0.97591,0.9798,0.99255,0.71078,0.43456,0.42762,0.18943,0.00211,0,0.014754,0.004918,0.014754,0.004918,0.014754,0.004918,0.014754,0.004918
618,3765.12,0.53988,0.67319,0.31211,0.00233,0.04888,0.98874,0.96633,0.99323,0.91153,0.97643,0.97643,0.99345,0.72486,0.43825,0.4211,0.18389,0.00213,0,0.0147292,0.00490975,0.0147292,0.00490975,0.0147292,0.00490975,0.0147292,0.00490975
619,3771.24,0.52926,0.67814,0.3059,0.00229,0.04125,0.98724,0.95286,0.99213,0.91471,0.99073,0.95623,0.99334,0.72989,0.44155,0.41982,0.18484,0.00213,0,0.0147045,0.0049015,0.0147045,0.0049015,0.0147045,0.0049015,0.0147045,0.0049015
620,3777.19,0.53381,0.67788,0.31056,0.00233,0.04228,0.96028,0.97684,0.99264,0.91413,0.96663,0.97536,0.99317,0.72315,0.43723,0.42149,0.1779,0.00211,0,0.0146797,0.00489325,0.0146797,0.00489325,0.0146797,0.00489325,0.0146797,0.00489325
621,3783.29,0.55053,0.70489,0.3189,0.0023,0.05181,0.98089,0.95623,0.99215,0.91388,0.98434,0.9596,0.99268,0.72509,0.42956,0.41303,0.18294,0.00209,0,0.014655,0.004885,0.014655,0.004885,0.014655,0.004885,0.014655,0.004885
622,3789.58,0.55128,0.70348,0.31779,0.00236,0.05486,0.97554,0.96633,0.99204,0.9151,0.98033,0.9697,0.9929,0.72967,0.42877,0.41141,0.19343,0.0021,0,0.0146303,0.00487675,0.0146303,0.00487675,0.0146303,0.00487675,0.0146303,0.00487675
623,3795.63,0.54241,0.69856,0.3068,0.00222,0.04238,0.96361,0.98073,0.99292,0.916,0.97966,0.97309,0.99383,0.72726,0.42197,0.40726,0.17681,0.00205,0,0.0146055,0.0048685,0.0146055,0.0048685,0.0146055,0.0048685,0.0146055,0.0048685
624,3801.69,0.5454,0.71725,0.31985,0.00228,0.03328,0.98295,0.97056,0.99387,0.9189,0.98636,0.97393,0.99414,0.7327,0.4294,0.40775,0.16939,0.0021,0,0.0145807,0.00486025,0.0145807,0.00486025,0.0145807,0.00486025,0.0145807,0.00486025
625,3807.9,0.54456,0.71383,0.30991,0.00232,0.03594,0.99013,0.93939,0.99232,0.9176,0.95742,0.9843,0.99334,0.73327,0.42236,0.41179,0.19086,0.00207,0,0.014556,0.004852,0.014556,0.004852,0.014556,0.004852,0.014556,0.004852
626,3813.94,0.52736,0.67965,0.31049,0.00224,0.03726,0.95727,0.98316,0.99295,0.91655,0.96382,0.9899,0.9938,0.72544,0.43146,0.41257,0.18768,0.00215,0,0.0145312,0.00484375,0.0145312,0.00484375,0.0145312,0.00484375,0.0145312,0.00484375
627,3819.84,0.54664,0.70168,0.30899,0.00231,0.04056,0.99649,0.95455,0.99327,0.91888,0.98159,0.98316,0.99417,0.727,0.42732,0.41428,0.16368,0.00212,0,0.0145065,0.0048355,0.0145065,0.0048355,0.0145065,0.0048355,0.0145065,0.0048355
628,3825.79,0.52809,0.65428,0.30147,0.00231,0.04724,0.98624,0.96534,0.9936,0.92095,0.97976,0.97817,0.99389,0.72618,0.42586,0.4141,0.18101,0.00213,0,0.0144817,0.00482725,0.0144817,0.00482725,0.0144817,0.00482725,0.0144817,0.00482725
629,3831.78,0.52727,0.68462,0.29813,0.00224,0.0346,0.97465,0.9798,0.99356,0.92198,0.97665,0.98593,0.9936,0.71801,0.42332,0.41457,0.16836,0.00207,0,0.014457,0.004819,0.014457,0.004819,0.014457,0.004819,0.014457,0.004819
630,3837.94,0.53323,0.70176,0.30363,0.00228,0.0369,1,0.95828,0.99291,0.92464,1,0.95828,0.99291,0.72371,0.41935,0.4156,0.17223,0.00206,0,0.0144322,0.00481075,0.0144322,0.00481075,0.0144322,0.00481075,0.0144322,0.00481075
631,3844.04,0.53346,0.68532,0.30216,0.00227,0.03579,0.98758,0.96633,0.99315,0.9243,0.98758,0.96633,0.99315,0.72412,0.41443,0.41451,0.17227,0.00206,0,0.0144075,0.0048025,0.0144075,0.0048025,0.0144075,0.0048025,0.0144075,0.0048025
632,3850.07,0.52896,0.65024,0.30041,0.00236,0.03963,0.99217,0.9697,0.99319,0.92349,0.99217,0.9697,0.99319,0.71621,0.41477,0.41892,0.17323,0.00206,0,0.0143827,0.00479425,0.0143827,0.00479425,0.0143827,0.00479425,0.0143827,0.00479425
633,3856.03,0.53295,0.67919,0.30284,0.00224,0.03206,0.96345,0.97619,0.99288,0.91964,0.98277,0.96043,0.99301,0.71763,0.41916,0.41841,0.18109,0.00206,0,0.014358,0.004786,0.014358,0.004786,0.014358,0.004786,0.014358,0.004786
634,3862.36,0.53819,0.68462,0.30281,0.00229,0.03728,0.96681,0.9809,0.99331,0.92516,0.98299,0.97271,0.99362,0.71725,0.41608,0.41338,0.17415,0.00207,0,0.0143333,0.00477775,0.0143333,0.00477775,0.0143333,0.00477775,0.0143333,0.00477775
635,3868.46,0.52454,0.66263,0.28823,0.00226,0.04282,0.9667,0.97756,0.99325,0.92128,0.98632,0.97077,0.99391,0.71995,0.42581,0.41078,0.17738,0.00208,0,0.0143085,0.0047695,0.0143085,0.0047695,0.0143085,0.0047695,0.0143085,0.0047695
636,3874.43,0.53268,0.66427,0.29759,0.0022,0.03207,0.96668,0.97693,0.99309,0.92427,0.97001,0.98029,0.99367,0.72202,0.41887,0.41158,0.17646,0.00205,0,0.0142837,0.00476125,0.0142837,0.00476125,0.0142837,0.00476125,0.0142837,0.00476125
637,3880.4,0.54014,0.70665,0.30075,0.0023,0.04888,0.96681,0.98092,0.99303,0.92167,0.97013,0.98429,0.99372,0.7254,0.41804,0.40947,0.17669,0.00207,0,0.014259,0.004753,0.014259,0.004753,0.014259,0.004753,0.014259,0.004753
638,3886.56,0.53395,0.66568,0.30161,0.0023,0.03984,0.99194,0.9596,0.99291,0.92075,0.98712,0.96296,0.99332,0.7281,0.43006,0.41213,0.1765,0.00216,0,0.0142342,0.00474475,0.0142342,0.00474475,0.0142342,0.00474475,0.0142342,0.00474475
639,3892.58,0.54081,0.68631,0.30245,0.00231,0.05303,0.96667,0.97648,0.99311,0.91937,0.97,0.97985,0.99365,0.73116,0.43499,0.4142,0.18117,0.00215,0,0.0142095,0.0047365,0.0142095,0.0047365,0.0142095,0.0047365,0.0142095,0.0047365
640,3898.64,0.53778,0.7082,0.30609,0.00225,0.04577,0.99242,0.97306,0.99437,0.91862,0.99586,0.97643,0.99464,0.73871,0.43454,0.40702,0.1622,0.00217,0,0.0141848,0.00472825,0.0141848,0.00472825,0.0141848,0.00472825,0.0141848,0.00472825
641,3904.68,0.55287,0.72703,0.31091,0.00226,0.06408,0.99305,0.96159,0.99362,0.91795,0.98244,0.97643,0.99398,0.73989,0.44046,0.40896,0.17083,0.0022,0,0.01416,0.00472,0.01416,0.00472,0.01416,0.00472,0.01416,0.00472
642,3911.13,0.52779,0.67282,0.30395,0.00225,0.0572,0.99028,0.9596,0.99314,0.91919,0.98965,0.96625,0.99366,0.73679,0.43289,0.40432,0.17796,0.00217,0,0.0141353,0.00471175,0.0141353,0.00471175,0.0141353,0.00471175,0.0141353,0.00471175
643,3917.16,0.5377,0.67927,0.30454,0.00226,0.03412,0.97946,0.9798,0.99382,0.91976,0.97994,0.98691,0.9942,0.73334,0.43662,0.41172,0.16988,0.00215,0,0.0141105,0.0047035,0.0141105,0.0047035,0.0141105,0.0047035,0.0141105,0.0047035
644,3923.04,0.53963,0.69224,0.3081,0.00227,0.03398,0.97341,0.98603,0.99399,0.91876,0.97673,0.98939,0.99419,0.7307,0.43078,0.40819,0.16002,0.00214,0,0.0140857,0.00469525,0.0140857,0.00469525,0.0140857,0.00469525,0.0140857,0.00469525
645,3928.99,0.52231,0.67151,0.30334,0.00226,0.03529,0.97624,0.97643,0.99364,0.91918,0.97961,0.9798,0.99387,0.73293,0.42393,0.40856,0.1625,0.00209,0,0.014061,0.004687,0.014061,0.004687,0.014061,0.004687,0.014061,0.004687
646,3935.06,0.52703,0.69025,0.30119,0.00221,0.03418,0.99653,0.96564,0.99373,0.92016,0.98573,0.9798,0.99397,0.72918,0.42185,0.40639,0.16026,0.00209,0,0.0140363,0.00467875,0.0140363,0.00467875,0.0140363,0.00467875,0.0140363,0.00467875
647,3940.96,0.53646,0.66155,0.29715,0.00233,0.03626,0.97316,0.97649,0.99311,0.9191,0.97651,0.97985,0.99334,0.72602,0.41911,0.40824,0.17142,0.00205,0,0.0140115,0.0046705,0.0140115,0.0046705,0.0140115,0.0046705,0.0140115,0.0046705
648,3946.97,0.5307,0.68896,0.30232,0.00224,0.04402,0.97051,0.98653,0.99378,0.92304,0.9844,0.9798,0.99388,0.72079,0.41364,0.40806,0.16118,0.00206,0,0.0139867,0.00466225,0.0139867,0.00466225,0.0139867,0.00466225,0.0139867,0.00466225
649,3953.18,0.54069,0.69098,0.30287,0.00229,0.04314,0.96064,0.98622,0.99322,0.91972,0.98624,0.96535,0.99345,0.72551,0.41635,0.40877,0.17298,0.00206,0,0.013962,0.004654,0.013962,0.004654,0.013962,0.004654,0.013962,0.004654
650,3959.34,0.52974,0.68384,0.30497,0.0023,0.04041,0.97337,0.96633,0.99158,0.91937,0.97677,0.9697,0.99247,0.72006,0.4175,0.41279,0.19169,0.00207,0,0.0139372,0.00464575,0.0139372,0.00464575,0.0139372,0.00464575,0.0139372,0.00464575
651,3965.4,0.52599,0.66964,0.29762,0.00226,0.03526,0.98693,0.95623,0.99274,0.91935,0.96678,0.97996,0.99317,0.72148,0.41914,0.41473,0.18018,0.00208,0,0.0139125,0.0046375,0.0139125,0.0046375,0.0139125,0.0046375,0.0139125,0.0046375
652,3971.36,0.53996,0.68879,0.30567,0.00221,0.04556,0.98429,0.96296,0.99273,0.9152,0.98043,0.9697,0.99309,0.7271,0.42221,0.4175,0.18579,0.00208,0,0.0138878,0.00462925,0.0138878,0.00462925,0.0138878,0.00462925,0.0138878,0.00462925
653,3977.46,0.53626,0.70119,0.31264,0.00228,0.04244,0.98629,0.96892,0.9927,0.91411,0.98877,0.97306,0.99352,0.72142,0.42332,0.4098,0.18722,0.00211,0,0.013863,0.004621,0.013863,0.004621,0.013863,0.004621,0.013863,0.004621
654,3983.44,0.53325,0.68759,0.31103,0.00222,0.04418,0.96849,0.97643,0.99274,0.91513,0.97183,0.9798,0.99311,0.71875,0.42397,0.41386,0.18678,0.00212,0,0.0138382,0.00461275,0.0138382,0.00461275,0.0138382,0.00461275,0.0138382,0.00461275
655,3989.43,0.53644,0.67382,0.31462,0.00228,0.05497,0.97389,0.96633,0.99345,0.9183,0.97757,0.9697,0.99371,0.72403,0.4252,0.42566,0.18579,0.00212,0,0.0138135,0.0046045,0.0138135,0.0046045,0.0138135,0.0046045,0.0138135,0.0046045
656,3995.33,0.53444,0.67791,0.31256,0.00224,0.05539,0.99327,0.96296,0.99372,0.9202,0.99654,0.96896,0.99402,0.72099,0.42612,0.41278,0.187,0.00212,0,0.0137888,0.00459625,0.0137888,0.00459625,0.0137888,0.00459625,0.0137888,0.00459625
657,4001.58,0.52959,0.67502,0.30929,0.00228,0.04179,0.98518,0.97306,0.99382,0.91765,0.992,0.9798,0.99457,0.72276,0.42556,0.41053,0.18389,0.0021,0,0.013764,0.004588,0.013764,0.004588,0.013764,0.004588,0.013764,0.004588
658,4007.53,0.52081,0.66602,0.28948,0.00225,0.03382,0.98607,0.96633,0.99292,0.91809,0.99294,0.97306,0.9943,0.73018,0.42499,0.4114,0.1849,0.00208,0,0.0137392,0.00457975,0.0137392,0.00457975,0.0137392,0.00457975,0.0137392,0.00457975
659,4013.34,0.51416,0.67165,0.29096,0.00219,0.03576,0.96604,0.98316,0.99311,0.91981,0.97266,0.9899,0.99409,0.73222,0.4247,0.40863,0.17613,0.0021,0,0.0137145,0.0045715,0.0137145,0.0045715,0.0137145,0.0045715,0.0137145,0.0045715
660,4019.23,0.53155,0.66882,0.3043,0.0023,0.05219,0.98965,0.96571,0.99355,0.92293,0.98965,0.96571,0.99364,0.72525,0.41884,0.40978,0.17911,0.00209,0,0.0136897,0.00456325,0.0136897,0.00456325,0.0136897,0.00456325,0.0136897,0.00456325
661,4025.23,0.52627,0.66445,0.30448,0.00229,0.05935,0.96747,0.97306,0.9933,0.9224,0.95765,0.98972,0.99333,0.72598,0.41462,0.41164,0.17905,0.00207,0,0.013665,0.004555,0.013665,0.004555,0.013665,0.004555,0.013665,0.004555
662,4031.16,0.52762,0.68114,0.30585,0.00226,0.05681,0.96824,0.96633,0.99218,0.92315,0.96219,0.9697,0.99255,0.72401,0.41494,0.41597,0.18272,0.00207,0,0.0136403,0.00454675,0.0136403,0.00454675,0.0136403,0.00454675,0.0136403,0.00454675
663,4037.13,0.52857,0.66419,0.29622,0.00229,0.03968,0.98857,0.95623,0.99324,0.91837,0.9913,0.9596,0.99387,0.72917,0.41947,0.41318,0.16223,0.00209,0,0.0136155,0.0045385,0.0136155,0.0045385,0.0136155,0.0045385,0.0136155,0.0045385
664,4043.16,0.51721,0.66125,0.29395,0.00224,0.04366,0.98961,0.96238,0.99394,0.91711,0.98201,0.98316,0.9943,0.72171,0.42542,0.41019,0.16488,0.00212,0,0.0135908,0.00453025,0.0135908,0.00453025,0.0135908,0.00453025,0.0135908,0.00453025
665,4049.13,0.51945,0.67126,0.28768,0.0022,0.04359,0.99307,0.96541,0.99378,0.91569,0.9854,0.98653,0.99467,0.72023,0.42842,0.40984,0.16645,0.00209,0,0.013566,0.004522,0.013566,0.004522,0.013566,0.004522,0.013566,0.004522
666,4055.03,0.5254,0.6781,0.30394,0.00226,0.03971,0.97969,0.9747,0.99307,0.91769,0.98985,0.98475,0.9945,0.71627,0.42457,0.41393,0.1762,0.00207,0,0.0135412,0.00451375,0.0135412,0.00451375,0.0135412,0.00451375,0.0135412,0.00451375
667,4061.04,0.52654,0.66638,0.29996,0.00221,0.0357,0.96747,0.98653,0.9932,0.91952,0.97034,0.99127,0.99423,0.72105,0.42801,0.41604,0.17869,0.00208,0,0.0135165,0.0045055,0.0135165,0.0045055,0.0135165,0.0045055,0.0135165,0.0045055
668,4067.18,0.52132,0.66101,0.29442,0.00222,0.0397,0.96986,0.97498,0.99215,0.91679,0.97321,0.97834,0.99293,0.71698,0.41699,0.41753,0.19033,0.00205,0,0.0134918,0.00449725,0.0134918,0.00449725,0.0134918,0.00449725,0.0134918,0.00449725
669,4073.3,0.52375,0.67402,0.30387,0.00217,0.04106,0.97565,0.9596,0.99173,0.91598,0.97907,0.96296,0.99252,0.71963,0.41793,0.41381,0.1956,0.00207,0,0.013467,0.004489,0.013467,0.004489,0.013467,0.004489,0.013467,0.004489
670,4079.17,0.51824,0.65083,0.2945,0.0022,0.05727,0.96941,0.96018,0.99187,0.91407,0.9728,0.96346,0.99277,0.71859,0.42299,0.41607,0.18967,0.00213,0,0.0134422,0.00448075,0.0134422,0.00448075,0.0134422,0.00448075,0.0134422,0.00448075
671,4084.98,0.52945,0.6747,0.28979,0.00225,0.03561,0.9608,0.97306,0.99209,0.91615,0.96412,0.97643,0.99267,0.71871,0.42055,0.41454,0.18724,0.0021,0,0.0134175,0.0044725,0.0134175,0.0044725,0.0134175,0.0044725,0.0134175,0.0044725
672,4091.04,0.51513,0.664,0.2952,0.00217,0.05703,0.95774,0.9798,0.99219,0.92081,0.96103,0.98316,0.99287,0.72368,0.41339,0.40891,0.18271,0.00207,0,0.0133927,0.00446425,0.0133927,0.00446425,0.0133927,0.00446425,0.0133927,0.00446425
673,4097.04,0.52211,0.69886,0.30662,0.00211,0.04392,0.95727,0.98068,0.99285,0.9218,0.96056,0.98405,0.99325,0.72193,0.41035,0.41111,0.17416,0.00204,0,0.013368,0.004456,0.013368,0.004456,0.013368,0.004456,0.013368,0.004456
674,4103.17,0.53069,0.68277,0.30996,0.00221,0.04257,0.96656,0.97313,0.99282,0.92073,0.9699,0.97649,0.99337,0.72085,0.41422,0.4118,0.1721,0.00206,0,0.0133433,0.00444775,0.0133433,0.00444775,0.0133433,0.00444775,0.0133433,0.00444775
675,4109.24,0.53285,0.68231,0.30949,0.00227,0.04501,0.98092,0.96633,0.99292,0.92189,0.98434,0.9697,0.99337,0.72079,0.4165,0.41237,0.17934,0.00207,0,0.0133185,0.0044395,0.0133185,0.0044395,0.0133185,0.0044395,0.0133185,0.0044395
676,4115.48,0.52336,0.66553,0.29829,0.00223,0.04763,0.97625,0.96871,0.99315,0.9201,0.97964,0.97208,0.99383,0.73355,0.42157,0.40795,0.1812,0.00207,0,0.0132938,0.00443125,0.0132938,0.00443125,0.0132938,0.00443125,0.0132938,0.00443125
677,4121.58,0.52413,0.69907,0.32063,0.00214,0.08456,0.98958,0.95969,0.99322,0.91894,0.99307,0.96545,0.99381,0.72206,0.42015,0.40504,0.17174,0.00206,0,0.013269,0.004423,0.013269,0.004423,0.013269,0.004423,0.013269,0.004423
678,4127.53,0.52802,0.68001,0.30166,0.00222,0.05059,0.9638,0.98619,0.99302,0.91798,0.96709,0.98956,0.9936,0.72466,0.425,0.40439,0.18538,0.00209,0,0.0132442,0.00441475,0.0132442,0.00441475,0.0132442,0.00441475,0.0132442,0.00441475
679,4133.39,0.54267,0.70511,0.30999,0.00228,0.03779,0.9717,0.98316,0.99352,0.91755,0.97502,0.98653,0.99382,0.72888,0.42516,0.40216,0.17672,0.0021,0,0.0132195,0.0044065,0.0132195,0.0044065,0.0132195,0.0044065,0.0132195,0.0044065
680,4139.29,0.52099,0.68037,0.28588,0.00218,0.0439,0.97652,0.98005,0.99376,0.91988,0.97987,0.98342,0.99406,0.72624,0.42581,0.40343,0.17382,0.00207,0,0.0131947,0.00439825,0.0131947,0.00439825,0.0131947,0.00439825,0.0131947,0.00439825
681,4145.33,0.5327,0.71006,0.30498,0.00223,0.03886,0.97041,0.97643,0.99325,0.91706,0.97376,0.9798,0.99372,0.72653,0.43263,0.40562,0.17967,0.00211,0,0.01317,0.00439,0.01317,0.00439,0.01317,0.00439,0.01317,0.00439
682,4151.46,0.53633,0.68835,0.30182,0.00223,0.03295,0.96994,0.97791,0.99325,0.916,0.97328,0.98128,0.9937,0.72264,0.43292,0.40725,0.18408,0.00211,0,0.0131452,0.00438175,0.0131452,0.00438175,0.0131452,0.00438175,0.0131452,0.00438175
683,4157.33,0.52021,0.66822,0.28834,0.00223,0.04397,0.96698,0.9697,0.99261,0.91371,0.97034,0.97306,0.99321,0.71938,0.4321,0.40895,0.18836,0.0021,0,0.0131205,0.0043735,0.0131205,0.0043735,0.0131205,0.0043735,0.0131205,0.0043735
684,4163.54,0.51532,0.65802,0.29154,0.00216,0.04767,0.96896,0.9798,0.99317,0.91941,0.97229,0.98316,0.99376,0.717,0.42549,0.41065,0.17958,0.00207,0,0.0130957,0.00436525,0.0130957,0.00436525,0.0130957,0.00436525,0.0130957,0.00436525
685,4169.57,0.5138,0.67176,0.29182,0.00216,0.03524,0.98288,0.96296,0.99285,0.91827,0.98631,0.96633,0.99381,0.72249,0.42197,0.40779,0.18287,0.00209,0,0.013071,0.004357,0.013071,0.004357,0.013071,0.004357,0.013071,0.004357
686,4175.53,0.51826,0.67103,0.29578,0.00219,0.03185,0.97679,0.97306,0.99287,0.91827,0.98017,0.97643,0.99376,0.72083,0.41722,0.40602,0.1826,0.00209,0,0.0130463,0.00434875,0.0130463,0.00434875,0.0130463,0.00434875,0.0130463,0.00434875
687,4181.59,0.52433,0.67635,0.29613,0.00227,0.03867,0.97707,0.96296,0.99154,0.91403,0.98055,0.96633,0.99306,0.72582,0.42029,0.41523,0.19495,0.00212,0,0.0130215,0.0043405,0.0130215,0.0043405,0.0130215,0.0043405,0.0130215,0.0043405
688,4187.58,0.52553,0.68109,0.30251,0.00224,0.04751,0.95382,0.98653,0.99248,0.91346,0.95707,0.9899,0.99303,0.72415,0.41936,0.41708,0.19582,0.00213,0,0.0129967,0.00433225,0.0129967,0.00433225,0.0129967,0.00433225,0.0129967,0.00433225
689,4193.44,0.51093,0.64227,0.29403,0.0022,0.05378,0.95435,0.98548,0.99297,0.91421,0.95761,0.98885,0.99324,0.72495,0.42373,0.41718,0.18654,0.00214,0,0.012972,0.004324,0.012972,0.004324,0.012972,0.004324,0.012972,0.004324
690,4199.39,0.525,0.68652,0.30123,0.00217,0.03589,0.98182,0.9596,0.9931,0.91465,0.98527,0.96296,0.99345,0.72615,0.42691,0.4161,0.18708,0.00216,0,0.0129472,0.00431575,0.0129472,0.00431575,0.0129472,0.00431575,0.0129472,0.00431575
691,4205.38,0.52818,0.69407,0.30819,0.00219,0.05405,0.99307,0.96562,0.99407,0.91683,0.99654,0.96899,0.99434,0.72238,0.42828,0.4146,0.16955,0.00215,0,0.0129225,0.0043075,0.0129225,0.0043075,0.0129225,0.0043075,0.0129225,0.0043075
692,4211.49,0.51973,0.66504,0.28778,0.00221,0.0521,0.98969,0.96941,0.9939,0.91875,0.99313,0.97277,0.9943,0.72391,0.42689,0.41346,0.16807,0.00213,0,0.0128978,0.00429925,0.0128978,0.00429925,0.0128978,0.00429925,0.0128978,0.00429925
693,4217.38,0.53716,0.69687,0.30552,0.00225,0.05302,0.97901,0.9899,0.99408,0.91876,0.98234,0.99327,0.9946,0.72099,0.42912,0.41413,0.16434,0.00212,0,0.012873,0.004291,0.012873,0.004291,0.012873,0.004291,0.012873,0.004291
694,4223.39,0.52689,0.70146,0.3007,0.00218,0.04283,0.98767,0.98653,0.99382,0.9215,0.99104,0.9899,0.99483,0.72046,0.42344,0.40801,0.16562,0.00212,0,0.0128483,0.00428275,0.0128483,0.00428275,0.0128483,0.00428275,0.0128483,0.00428275
695,4229.29,0.5311,0.67717,0.30088,0.00224,0.04676,0.97394,0.98653,0.99339,0.92,0.97726,0.9899,0.99406,0.72844,0.42025,0.40688,0.17228,0.00208,0,0.0128235,0.0042745,0.0128235,0.0042745,0.0128235,0.0042745,0.0128235,0.0042745
696,4235.59,0.52311,0.67484,0.29795,0.00222,0.04415,0.98323,0.98709,0.99343,0.91955,0.98658,0.99045,0.99459,0.72948,0.4165,0.40681,0.17292,0.00207,0,0.0127987,0.00426625,0.0127987,0.00426625,0.0127987,0.00426625,0.0127987,0.00426625
697,4241.94,0.52017,0.68233,0.29766,0.00218,0.03759,0.97979,0.97938,0.99357,0.92333,0.98316,0.98274,0.9943,0.73308,0.41396,0.40396,0.17352,0.00206,0,0.012774,0.004258,0.012774,0.004258,0.012774,0.004258,0.012774,0.004258
698,4247.84,0.52242,0.67173,0.29474,0.00222,0.03547,0.97805,0.9596,0.99197,0.91851,0.98148,0.96296,0.99281,0.72797,0.41376,0.40545,0.19524,0.00203,0,0.0127493,0.00424975,0.0127493,0.00424975,0.0127493,0.00424975,0.0127493,0.00424975
699,4253.88,0.51784,0.67302,0.29582,0.00225,0.04024,0.98288,0.96663,0.99296,0.91874,0.9863,0.96988,0.99379,0.72318,0.41259,0.40308,0.17406,0.00202,0,0.0127245,0.0042415,0.0127245,0.0042415,0.0127245,0.0042415,0.0127245,0.0042415
700,4259.83,0.52584,0.69331,0.2956,0.00217,0.03619,0.97123,0.9798,0.9933,0.91677,0.97457,0.98316,0.99367,0.72013,0.41443,0.40186,0.17177,0.00203,0,0.0126997,0.00423325,0.0126997,0.00423325,0.0126997,0.00423325,0.0126997,0.00423325
701,4265.77,0.52144,0.65683,0.29745,0.00223,0.03695,0.96151,0.97643,0.99325,0.91588,0.96483,0.9798,0.99355,0.72217,0.42231,0.40307,0.18258,0.00207,0,0.012675,0.004225,0.012675,0.004225,0.012675,0.004225,0.012675,0.004225
702,4271.63,0.51707,0.68754,0.30395,0.00211,0.05769,0.97843,0.97306,0.99332,0.91775,0.98181,0.97643,0.99371,0.71833,0.42118,0.40338,0.18289,0.00206,0,0.0126503,0.00421675,0.0126503,0.00421675,0.0126503,0.00421675,0.0126503,0.00421675
703,4277.71,0.52343,0.6872,0.29892,0.00216,0.03774,0.97652,0.98019,0.99189,0.91823,0.97987,0.98344,0.99375,0.72327,0.42186,0.40436,0.19098,0.00206,0,0.0126255,0.0042085,0.0126255,0.0042085,0.0126255,0.0042085,0.0126255,0.0042085
704,4283.69,0.50577,0.64566,0.29408,0.00219,0.04174,0.98041,0.97643,0.99347,0.91899,0.98379,0.9798,0.99397,0.72701,0.4195,0.40111,0.16876,0.00203,0,0.0126008,0.00420025,0.0126008,0.00420025,0.0126008,0.00420025,0.0126008,0.00420025
705,4289.58,0.51545,0.66027,0.29464,0.00217,0.04147,0.98156,0.98653,0.99374,0.9172,0.98156,0.98653,0.99374,0.72562,0.43115,0.40143,0.17589,0.00208,0,0.012576,0.004192,0.012576,0.004192,0.012576,0.004192,0.012576,0.004192
706,4295.7,0.51208,0.65392,0.29141,0.00221,0.05988,0.98806,0.98653,0.99466,0.91942,0.98806,0.98653,0.99466,0.72075,0.42699,0.4014,0.16531,0.00205,0,0.0125512,0.00418375,0.0125512,0.00418375,0.0125512,0.00418375,0.0125512,0.00418375
707,4301.78,0.52287,0.65914,0.30811,0.00223,0.03754,0.9703,0.9901,0.99392,0.91908,0.9736,0.99347,0.99413,0.72047,0.42717,0.40371,0.17017,0.00205,0,0.0125265,0.0041755,0.0125265,0.0041755,0.0125265,0.0041755,0.0125265,0.0041755
708,4307.86,0.51377,0.67026,0.28831,0.00223,0.03733,0.97318,0.97737,0.99356,0.92153,0.97653,0.98074,0.99382,0.7166,0.42222,0.40488,0.1769,0.00206,0,0.0125018,0.00416725,0.0125018,0.00416725,0.0125018,0.00416725,0.0125018,0.00416725
709,4313.99,0.51429,0.6712,0.29752,0.00219,0.04207,0.96791,0.98653,0.99379,0.92106,0.97153,0.9899,0.99409,0.72641,0.41917,0.40721,0.17218,0.00206,0,0.012477,0.004159,0.012477,0.004159,0.012477,0.004159,0.012477,0.004159
710,4319.99,0.51741,0.65731,0.29864,0.00221,0.05618,0.98892,0.9697,0.99399,0.91821,0.98892,0.9697,0.99399,0.72628,0.41375,0.40279,0.17114,0.00204,0,0.0124522,0.00415075,0.0124522,0.00415075,0.0124522,0.00415075,0.0124522,0.00415075
711,4326.06,0.51475,0.66417,0.30039,0.00223,0.04898,0.99314,0.97523,0.99369,0.91746,0.99314,0.97523,0.99369,0.72719,0.41225,0.40401,0.17047,0.00204,0,0.0124275,0.0041425,0.0124275,0.0041425,0.0124275,0.0041425,0.0124275,0.0041425
712,4332.04,0.5028,0.65848,0.28934,0.00219,0.03597,0.9853,0.97306,0.99351,0.91675,0.9853,0.97306,0.99351,0.72332,0.41172,0.40449,0.17717,0.00201,0,0.0124027,0.00413425,0.0124027,0.00413425,0.0124027,0.00413425,0.0124027,0.00413425
713,4338.22,0.51678,0.67278,0.30168,0.00221,0.03862,0.98549,0.97306,0.99336,0.91911,0.98549,0.97306,0.99336,0.71981,0.41256,0.40527,0.17764,0.00202,0,0.012378,0.004126,0.012378,0.004126,0.012378,0.004126,0.012378,0.004126
714,4344.13,0.52456,0.68059,0.29445,0.00215,0.05081,0.98333,0.99287,0.99425,0.91878,0.98333,0.99287,0.99425,0.72081,0.41197,0.4053,0.17154,0.00202,0,0.0123533,0.00411775,0.0123533,0.00411775,0.0123533,0.00411775,0.0123533,0.00411775
715,4350.08,0.5107,0.66068,0.28272,0.00217,0.03335,0.98701,0.97643,0.99388,0.92243,0.98701,0.97643,0.99388,0.72151,0.40951,0.40365,0.17161,0.00201,0,0.0123285,0.0041095,0.0123285,0.0041095,0.0123285,0.0041095,0.0123285,0.0041095
716,4356.13,0.51949,0.68227,0.2992,0.00214,0.03248,0.98972,0.97203,0.99366,0.91905,0.99182,0.97643,0.99395,0.72361,0.4096,0.40283,0.16914,0.00204,0,0.0123038,0.00410125,0.0123038,0.00410125,0.0123038,0.00410125,0.0123038,0.00410125
717,4362.17,0.51551,0.65972,0.28561,0.00216,0.03826,0.9733,0.98203,0.99338,0.91839,0.97664,0.9854,0.99397,0.72315,0.41481,0.40404,0.17241,0.00206,0,0.012279,0.004093,0.012279,0.004093,0.012279,0.004093,0.012279,0.004093
718,4368.44,0.51103,0.66883,0.2873,0.00214,0.03413,0.98651,0.98499,0.9945,0.92047,0.98988,0.98836,0.99466,0.72413,0.41894,0.40658,0.16085,0.00207,0,0.0122542,0.00408475,0.0122542,0.00408475,0.0122542,0.00408475,0.0122542,0.00408475
719,4374.87,0.52052,0.68215,0.29192,0.00214,0.04577,0.98327,0.98958,0.99463,0.92145,0.98662,0.99295,0.99476,0.72664,0.41492,0.40775,0.15779,0.00205,0,0.0122295,0.0040765,0.0122295,0.0040765,0.0122295,0.0040765,0.0122295,0.0040765
720,4381.03,0.49191,0.64018,0.27872,0.0021,0.04443,0.98322,0.9863,0.99439,0.92269,0.98657,0.98967,0.99449,0.72129,0.41206,0.409,0.16193,0.00203,0,0.0122048,0.00406825,0.0122048,0.00406825,0.0122048,0.00406825,0.0122048,0.00406825
721,4386.84,0.51228,0.66959,0.2897,0.00219,0.03473,0.98262,0.98653,0.99392,0.92044,0.98598,0.9899,0.9946,0.72416,0.41765,0.41112,0.16183,0.00205,0,0.01218,0.00406,0.01218,0.00406,0.01218,0.00406,0.01218,0.00406
722,4392.96,0.51569,0.6565,0.29154,0.00226,0.04243,0.9855,0.98316,0.99427,0.9196,0.98887,0.98653,0.99453,0.72471,0.41568,0.41098,0.16057,0.00205,0,0.0121552,0.00405175,0.0121552,0.00405175,0.0121552,0.00405175,0.0121552,0.00405175
723,4399.14,0.50779,0.66522,0.28661,0.00218,0.03847,0.99309,0.96848,0.99386,0.92427,0.99655,0.97185,0.99428,0.72758,0.41532,0.40997,0.16267,0.00206,0,0.0121305,0.0040435,0.0121305,0.0040435,0.0121305,0.0040435,0.0121305,0.0040435
724,4405.08,0.51616,0.66882,0.2992,0.00218,0.03722,0.99115,0.96633,0.994,0.92405,0.99461,0.9697,0.99433,0.72831,0.4125,0.40778,0.16665,0.00204,0,0.0121057,0.00403525,0.0121057,0.00403525,0.0121057,0.00403525,0.0121057,0.00403525
725,4411.19,0.51792,0.67049,0.29884,0.00217,0.0425,0.97629,0.97054,0.99328,0.91997,0.97967,0.97367,0.99373,0.72329,0.413,0.43261,0.17412,0.00202,0,0.012081,0.004027,0.012081,0.004027,0.012081,0.004027,0.012081,0.004027
726,4417.27,0.5214,0.68638,0.30465,0.00222,0.0527,0.98246,0.9798,0.99387,0.92388,0.98584,0.98316,0.99439,0.72321,0.40923,0.43331,0.16716,0.00202,0,0.0120563,0.00401875,0.0120563,0.00401875,0.0120563,0.00401875,0.0120563,0.00401875
727,4423.44,0.5152,0.67919,0.29817,0.00219,0.04088,0.97898,0.98653,0.99412,0.92394,0.98233,0.9899,0.99439,0.72119,0.40902,0.40897,0.1657,0.00202,0,0.0120315,0.0040105,0.0120315,0.0040105,0.0120315,0.0040105,0.0120315,0.0040105
728,4429.43,0.51615,0.69402,0.29509,0.00208,0.042,0.97164,0.97643,0.99287,0.92351,0.97592,0.9798,0.99391,0.72233,0.4106,0.40844,0.16881,0.00202,0,0.0120068,0.00400225,0.0120068,0.00400225,0.0120068,0.00400225,0.0120068,0.00400225
729,4435.43,0.50124,0.65005,0.28569,0.00217,0.03965,0.96382,0.98658,0.99377,0.92575,0.96711,0.98995,0.99406,0.72866,0.40946,0.40722,0.16291,0.00202,0,0.011982,0.003994,0.011982,0.003994,0.011982,0.003994,0.011982,0.003994
730,4441.43,0.50905,0.66521,0.29609,0.00212,0.04857,0.96664,0.98653,0.99368,0.92724,0.96994,0.9899,0.994,0.73047,0.40983,0.40557,0.16443,0.00201,0,0.0119572,0.00398575,0.0119572,0.00398575,0.0119572,0.00398575,0.0119572,0.00398575
731,4447.34,0.51023,0.65224,0.29305,0.00217,0.04162,0.95769,0.99327,0.99377,0.92324,0.99651,0.96216,0.99411,0.72863,0.40728,0.40537,0.16301,0.00201,0,0.0119325,0.0039775,0.0119325,0.0039775,0.0119325,0.0039775,0.0119325,0.0039775
732,4453.39,0.50371,0.65492,0.28725,0.00209,0.05246,0.97959,0.96966,0.9931,0.92329,0.98299,0.97302,0.99337,0.72685,0.41236,0.40807,0.17803,0.00202,0,0.0119077,0.00396925,0.0119077,0.00396925,0.0119077,0.00396925,0.0119077,0.00396925
733,4459.53,0.51687,0.69365,0.28369,0.00211,0.0567,0.97602,0.96633,0.99305,0.92127,0.97956,0.9697,0.99332,0.71802,0.40881,0.41038,0.18378,0.00201,0,0.011883,0.003961,0.011883,0.003961,0.011883,0.003961,0.011883,0.003961
734,4465.63,0.49897,0.6516,0.2868,0.00219,0.06094,0.97084,0.9798,0.99356,0.92097,0.97658,0.98268,0.9939,0.72164,0.40467,0.40786,0.18281,0.00199,0,0.0118582,0.00395275,0.0118582,0.00395275,0.0118582,0.00395275,0.0118582,0.00395275
735,4471.58,0.5058,0.64218,0.29891,0.00219,0.03589,0.97664,0.98547,0.99381,0.92164,0.97997,0.98862,0.99407,0.72551,0.4083,0.40747,0.17204,0.00204,0,0.0118335,0.0039445,0.0118335,0.0039445,0.0118335,0.0039445,0.0118335,0.0039445
736,4477.43,0.51461,0.68677,0.29469,0.0021,0.03689,0.98376,0.97643,0.99369,0.91809,0.98715,0.9798,0.9942,0.72382,0.41161,0.40796,0.16449,0.00205,0,0.0118087,0.00393625,0.0118087,0.00393625,0.0118087,0.00393625,0.0118087,0.00393625
737,4483.33,0.51178,0.66566,0.2962,0.00218,0.05574,0.97977,0.97822,0.99367,0.92043,0.98314,0.98159,0.99433,0.72567,0.41381,0.40853,0.16548,0.00207,0,0.011784,0.003928,0.011784,0.003928,0.011784,0.003928,0.011784,0.003928
738,4489.33,0.52231,0.67386,0.29188,0.00217,0.03547,0.98429,0.98653,0.99413,0.92209,0.98773,0.9899,0.9945,0.72865,0.41337,0.40783,0.15865,0.00209,0,0.0117593,0.00391975,0.0117593,0.00391975,0.0117593,0.00391975,0.0117593,0.00391975
739,4495.34,0.52486,0.68997,0.29519,0.00218,0.03509,0.9799,0.98469,0.99403,0.92199,0.98325,0.98806,0.99449,0.72199,0.4127,0.40635,0.15914,0.00207,0,0.0117345,0.0039115,0.0117345,0.0039115,0.0117345,0.0039115,0.0117345,0.0039115
740,4501.29,0.51532,0.66807,0.2982,0.00218,0.03177,0.98027,0.98316,0.99417,0.92279,0.98362,0.98653,0.99443,0.72844,0.41079,0.40427,0.15745,0.00204,0,0.0117097,0.00390325,0.0117097,0.00390325,0.0117097,0.00390325,0.0117097,0.00390325
741,4507.18,0.50632,0.66168,0.29428,0.0021,0.03709,0.97942,0.98316,0.99401,0.92386,0.98277,0.98653,0.9944,0.73028,0.40751,0.40499,0.15622,0.00202,0,0.011685,0.003895,0.011685,0.003895,0.011685,0.003895,0.011685,0.003895
